date,制造业,传统高耗能与材料行业,消费与轻工制造,装备制造,先进制造与技术相关行业,其他制造,装备与先进制造合计
2022-01-01,323832545.0,189233623.74,74670707.23030001,30249759.879,21621055.6882,8057398.481000001,51870815.567200005
2022-01-02,358241767.1,196034586.88000003,90225366.5019,37614563.190000005,24426847.584799998,9940402.9038,62041410.7748
2022-01-03,383195607.4,199989137.045,98132696.15149999,45633321.756,27781740.3162,11658712.1127,73415062.0722
2022-01-04,395232353.8,202343809.419,102101936.80379999,49836828.456,28793342.3426,12156436.7973,78630170.7986
2022-01-05,394823827.4,199584645.399,102295624.26979999,50892582.63999999,29860869.847,12190105.250599999,80753452.48699999
2022-01-06,390987909.8,195801027.022,102680037.1898,50965825.28,29140389.2311,12400631.117999999,80106214.5111
2022-01-07,391364996.3,196791166.97899997,102380370.1296,50796508.552,29037606.119,12359344.501600001,79834114.671
2022-01-08,387119482.8,195199996.499,101400699.79640001,49705869.801,28520181.7007,12292735.0024,78226051.5017
2022-01-09,378043354.4,193871702.127,98540411.1596,46531278.523,27416624.322699998,11683338.248300001,73947902.8457
2022-01-10,382109202.2,191687703.94799998,100454928.034,49255193.048999995,28748969.6949,11962407.449399998,78004162.7439
2022-01-11,372177316.6,180386352.853,101231952.809,49647663.758,28854498.408499997,12056848.804399999,78502162.1665
2022-01-12,363051426.3,172005009.20200002,100571494.79620002,48873937.512,29377892.010399997,12223092.773400001,78251829.52239999
2022-01-13,360673720.5,170911351.466,100010816.4304,48414154.68000001,29231600.175300002,12105797.7762,77645754.85530001
2022-01-14,358592568.7,171779969.56100002,98270770.1936,47370647.819,29275249.611300003,11895931.5161,76645897.4303
2022-01-15,349420201.2,169611790.97,94532447.79429999,44610057.918,29402999.160000004,11262905.313800002,74013057.07800001
2022-01-16,333895503.7,166450548.59199998,89147728.3433,40681602.036,27074256.243199997,10541368.454400001,67755858.27919999
2022-01-17,337193517.4,165574777.71500003,90009610.8316,42731113.754,28171293.731499996,10706721.3285,70902407.4855
2022-01-18,329117956.8,161463532.946,86729860.16610003,42274363.875,28364699.838099997,10285500.021499999,70639063.7131
2022-01-19,321123707.8,158504201.646,84168521.41939999,40495208.559,28150681.236700002,9805094.953100001,68645889.7957
2022-01-20,314241503.7,157175561.237,80939673.03839998,39036594.551,27737152.8034,9352522.0471,66773747.354399994
2022-01-21,307179648.9,156684080.754,77168660.5129,37027037.696,27512098.5536,8787771.3556,64539136.2496
2022-01-22,296050971.6,154190231.715,72402324.5612,33851676.416,27689094.9975,7917643.8578,61540771.413499996
2022-01-23,278980263.2,147608325.352,66148352.385400005,30182098.846,27741007.608700003,7300479.0666000005,57923106.45470001
2022-01-24,270385348.7,144724064.093,62919971.657299995,29770644.516999997,26044204.5773,6926463.856800001,55814849.0943
2022-01-25,246743124.4,130698877.009,57409284.83280001,27393062.341,25183011.5959,6058888.5822,52576073.9369
2022-01-26,229755104.1,124205136.77600001,50864582.281100005,25002853.093099996,24472108.4986,5210423.4264,49474961.591699995
2022-01-27,215347153.0,119078197.836,45209740.951000005,22586130.5561,23998087.467600003,4474996.2295,46584218.0237
2022-01-28,197773353.4,113776772.16099998,39098901.42079999,19350869.6674,21772919.326300003,3773890.8555,41123788.9937
2022-01-29,184805195.0,110728063.585,33495175.988700002,17139301.1673,20283339.5997,3159314.6416000007,37422640.767000005
2022-01-30,175938027.5,110664185.492,27239463.0431,16457189.310800001,18802850.974600002,2774338.7253,35260040.2854
2022-01-31,167203207.2,109762005.21199998,24825107.911500003,12409331.964699998,17679042.4703,2527719.6804000004,30088374.435
2022-02-01,163366579.3,107735130.90699999,25043756.850199997,11093822.194699999,17191650.2622,2302219.1309,28285472.4569
2022-02-02,163418594.9,106497875.72500001,24879417.659899995,11758251.919499999,17746867.7142,2536181.8855,29505119.6337
2022-02-03,168164172.6,107199325.40400001,26844301.2589,13274253.1086,18001385.686899997,2844907.1056,31275638.795499995
2022-02-04,176061491.3,110639912.0,29094844.0806,14738038.9405,18672289.1098,2916407.1455,33410328.050300002
2022-02-05,178340224.9,111606009.54999998,30591517.696600005,15779561.2435,17594978.4023,2768157.9669999997,33374539.645800002
2022-02-06,190581814.7,118674945.491,34131887.6432,16814657.638899997,18003221.7711,2957102.1401,34817879.41
2022-02-07,210024459.9,125526694.035,39380404.1484,19359558.8155,22381722.932399996,3376079.9754,41741281.747899994
2022-02-08,229558733.0,133752291.07,45162648.0834,23091761.923299998,23457147.959799998,4094883.9628999997,46548909.883099996
2022-02-09,245259600.9,138480794.04500002,50290930.444199994,26459572.698,25375136.996799998,4653166.7232,51834709.6948
2022-02-10,259101827.5,142743399.19399998,57390859.49779999,29190185.128,24331207.061699998,5446176.661800001,53521392.18969999
2022-02-11,272195866.0,147262522.926,61826568.5919,31604318.578,25481991.804799996,6020464.139599999,57086310.3828
2022-02-12,279024339.7,147928574.92400002,65150637.291600004,32527378.248999998,27046263.8147,6371485.4108,59573642.0637
2022-02-13,282458240.2,151302118.042,67013243.83119999,31779317.661000002,25973596.6977,6389963.9777,57752914.35870001
2022-02-14,295450310.6,154813165.68,71091976.18100001,35248636.475999996,27171654.5598,7124877.728399999,62420291.035799995
2022-02-15,289681589.6,155260715.185,67709545.55420001,34754195.857,25247820.246500004,6709312.792599999,60002016.10350001
2022-02-16,311988353.7,163129540.771,76766254.83440001,38461026.974999994,25807571.213800002,7823959.916300001,64268598.18879999
2022-02-17,334303425.3,173580518.927,82605598.6063,41495266.198,28189949.539499998,8432092.026999999,69685215.7375
2022-02-18,346685401.9,180421965.29999998,86049565.38109998,42874982.889,28295274.505700003,9043613.8747,71170257.3947
2022-02-19,350407327.8,182044054.02,88087158.00760001,43113633.148,27950105.1007,9212377.492,71063738.2487
2022-02-20,343966503.3,180430717.76000002,87342680.7008,40146742.568,27032738.0482,9013624.2031,67179480.6162
2022-02-21,359918427.8,182745675.87,92939804.06869999,45208394.291999996,28889170.607800003,10135382.9198,74097564.8998
2022-02-22,373217370.9,188548619.21,96757175.64770001,48313649.29800001,28963725.2101,10634201.486100001,77277374.5081
2022-02-23,380380508.6,192351545.44,98748037.35350001,49517195.964,28868631.8146,10895098.061500002,78385827.7786
2022-02-24,380627186.7,190473612.58,99649983.1359,50220228.24299999,29087962.893200003,11195399.8151,79308191.1362
2022-02-25,386870799.1,193711862.74,102540629.34069997,50483877.559,28906955.0936,11227474.398799999,79390832.6526
2022-02-26,384903291.4,195718696.5,100031293.49880001,48988841.01100001,29265729.145800002,10898731.2436,78254570.1568
2022-02-27,376390054.5,198486770.31,95331518.82010001,45447406.793,26719607.148700003,10404751.468799999,72167013.9417
2022-02-28,389919814.5,200175066.96,99681048.6017,49572966.019999996,29323382.5561,11167350.349,78896348.57609999
2022-03-01,382240545.2,194508200.25,97513240.76030001,49000219.53,30180639.9158,11038244.785500001,79180859.4458
2022-03-02,396720571.7,199851536.05,104359955.13530001,51176807.342999995,29630727.088999998,11701546.0633,80807534.432
2022-03-03,404544442.0,204502070.27,104910010.70609999,53121410.305,30124354.3132,11886596.417000001,83245764.6182
2022-03-04,406812644.0,205860943.49,104701302.50940001,53557614.723000005,30706132.601899996,11986650.678,84263747.3249
2022-03-05,406498953.0,208263463.31000003,104698278.89829999,52557797.275000006,29264526.1476,11714887.380300002,81822323.4226
2022-03-06,391981024.8,206558060.75,100083275.94610001,47351744.45900001,27217670.2452,10770273.4022,74569414.7042
2022-03-07,409505778.5,211311271.43,105090162.6812,52316847.301,29053279.5314,11734217.515999999,81370126.8324
2022-03-08,415969288.4,213693971.85999998,105659747.8944,54158236.002,29199130.0052,13258202.6219,83357366.0072
2022-03-09,416992799.5,213349237.84,107172853.45279999,54269635.424,29937452.964400005,12263619.856,84207088.3884
2022-03-10,417672782.0,212281247.14000002,106779410.92519999,54759782.837,30591407.5798,13260933.579,85351190.41679999
2022-03-11,419903496.7,213312881.36,108135962.37089999,55262623.822,30858218.38,12333810.754,86120842.20199999
2022-03-12,415421438.7,213922974.8,106239797.15120001,53748648.430999994,29461678.5483,12048339.818,83210326.97929999
2022-03-13,403736894.0,211911347.57000002,101230593.71860003,50363017.657000005,28962443.014900003,11269492.084900001,79325460.6719
2022-03-14,422559956.5,216631506.64999998,108381720.8586,54083327.152,31458793.935399998,12004607.8768,85542121.0874
2022-03-15,418989462.5,214423263.79,106838695.0006,54418759.980000004,31218643.6056,12090100.123000002,85637403.5856
2022-03-16,415580116.4,213949718.58,104151266.68229999,53872163.398,31580821.4648,12026146.294,85452984.8628
2022-03-17,424669529.7,216447811.84,108043576.82870002,55606891.20300001,32114583.303900003,12456666.535,87721474.50690001
2022-03-18,426386799.9,218045510.07,109737786.7072,54735546.747999996,31644361.7776,12223594.591999998,86379908.5256
2022-03-19,417923433.4,215290115.42000002,107367208.39509998,52072578.046,30374461.436999995,12819070.1418,82447039.483
2022-03-20,392144123.1,210251863.29000002,97197090.79210001,46007700.348,28337277.428499997,10350191.260400001,74344977.77649999
2022-03-21,399211096.1,206633288.07,101272032.4663,49719400.066,30390153.371500004,11196222.0902,80109553.4375
2022-03-22,396638211.2,205882586.78,98415946.6684,51389073.712000005,29648593.0557,11302011.014899999,81037666.7677
2022-03-23,391787862.1,202319925.78000003,97972377.28010002,50999997.925,29428489.9575,11067071.1999,80428487.8825
2022-03-24,415032977.4,225437158.94000003,95991443.56199999,51761037.76100001,29740982.7112,12102354.4812,81502020.4722
2022-03-25,409214888.8,221488007.9,94997840.85670002,50764358.273,31061331.8384,10903349.9127,81825690.11140001
2022-03-26,376790224.0,194357710.23,92614192.02640001,49222447.90099999,30079368.0407,10516505.82,79301815.9417
2022-03-27,360456117.6,191780053.23000002,87158630.7487,44023529.353,27850060.561300002,9643843.675199999,71873589.9143
2022-03-28,376572008.7,196331928.05,91745701.76270002,48814332.16500001,29371880.752499998,10308165.970900001,78186212.9175
2022-03-29,381975097.3,197627390.22,93274738.75449999,50376794.04000001,30145545.4068,10550628.890199998,80522339.44680001
2022-03-30,386759606.1,200664146.10999998,93418794.2233,50097360.076,31994731.3959,10584574.3173,82092091.4719
2022-03-31,368773982.6,185904977.26,92874772.90509999,48928639.85,30777716.1569,10287876.3944,79706356.0069
2022-04-01,389990231.3,193491213.55,99996027.155,47405315.033,38631605.4969,10466070.0122,86036920.5299
2022-04-02,402920426.4,203258831.27000004,110810163.00860001,47620471.613,30194830.0527,11036130.4083,77815301.6657
2022-04-03,373727161.6,198786526.89,90447895.17189999,45364146.25,28682813.3489,10445779.9138,74046959.5989
2022-04-04,360348670.4,196767902.51,86828262.71429999,39939676.14300001,27099473.620100003,9713355.4409,67039149.76310001
2022-04-05,327709392.4,189753260.66,75023940.5357,30135784.4594,24824367.3437,7972039.4342,54960151.8031
2022-04-06,367648231.2,197012407.44000003,88602472.15319999,43303389.377,28222235.978800002,10507726.2476,71525625.3558
2022-04-07,396319869.4,210482818.30999997,94904853.61160001,49564187.039000005,29954990.4749,11413019.929100001,79519177.51390001
2022-04-08,399787429.3,211334535.2,95625737.50549999,50579965.811,30574099.1226,11673091.6901,81154064.9336
2022-04-09,397699302.0,208886565.70000002,96325529.77819999,50088388.309,30921421.542000003,11477396.6812,81009809.85100001
2022-04-10,383637236.0,204559095.15,91680938.0015,45673848.952,31019595.4124,10703758.4638,76693444.3644
2022-04-11,398592352.7,207136266.07,97671098.74339998,50147973.297,32074825.9888,11562188.6129,82222799.2858
2022-04-12,404567538.8,208357444.19,99587386.2485,51787323.554,32994276.076500002,11841108.685,84781599.6305
2022-04-13,408649519.3,207812425.27,102637867.8665,52058005.974,34350980.7715,11790239.4011,86408986.7455
2022-04-14,406753479.3,208841098.35,100412541.6209,51805571.482999995,33743818.8464,11950449.0052,85549390.3294
2022-04-15,401804478.3,205184682.23000002,101534452.08170001,51616711.802,31492660.7557,11975971.4364,83109372.55770001
2022-04-16,395834089.0,208381621.05999997,97770551.78150001,48430243.013000004,29808383.4677,11443289.7222,78238626.4807
2022-04-17,381768681.5,204071560.23,94811495.75999999,43944254.763,28250388.9959,10690981.7919,72194643.7589
2022-04-18,404010273.2,207279208.98000002,103348406.71949998,49696474.99899999,31930315.437700003,11755867.095999999,81626790.43669999
2022-04-19,411554446.9,210866821.51,104385069.7717,51928397.928,32411739.523399998,11962418.1301,84340137.4514
2022-04-20,409679874.5,209948210.38,103591573.03880002,51541375.987,32460990.924000002,12137724.1701,84002366.91100001
2022-04-21,418130389.5,212280740.88,106083064.92609999,53501133.888,33893291.8909,12372157.8695,87394425.7789
2022-04-22,420148297.3,210970687.79999998,108354039.85239999,53082243.829,34934358.8686,12806966.903199999,88016602.6976
2022-04-23,419332302.7,214419661.69000003,108969886.8115,51221198.486,32093745.1951,12627810.5445,83314943.6811
2022-04-24,415677970.7,214105462.73000002,108139242.61330001,49177578.298999995,32066539.2078,12189147.8515,81244117.5068
2022-04-25,424921884.6,213639568.78,110803914.5789,53171132.7,34503614.031,12803654.5618,87674746.731
2022-04-26,432910854.9,216553993.72,113477477.54900002,55763142.356000006,33922701.353999995,13193539.890500002,89685843.71000001
2022-04-27,433083904.6,216237441.26,114111983.39390002,54094916.87100001,35710777.3643,12928785.724100001,89805694.2353
2022-04-28,428072925.7,215637997.44,111252665.5639,53180546.247,35171601.531399995,12830114.9394,88352147.7784
2022-04-29,425936108.7,212758846.92,113616178.4862,52812973.969,33856321.3512,12891787.9979,86669295.3202
2022-04-30,391570291.5,205523611.49,101964588.50659999,44656317.716000006,28328292.136,11097481.6215,72984609.852
2022-05-01,322312267.9,194223485.887,72697296.79,26293694.456200004,22231190.2943,6866600.432899999,48524884.75050001
2022-05-02,342340625.1,198996314.984,83884598.55449998,28673060.118699998,23229978.644899998,7556672.8047,51903038.76359999
2022-05-03,372926999.9,203083293.45999998,93673479.88500002,40121704.978999995,25960511.3713,10088010.2212,66082216.3503
2022-05-04,398500294.4,208747061.35999998,102235213.62400001,46969451.178,29212386.7565,11336181.534300001,76181837.93450001
2022-05-05,414928293.4,211979445.55,106703674.507,51601743.735,32389201.560500003,12254228.0873,83990945.29550001
2022-05-06,422458853.0,213225468.37,109213242.53599998,53627279.013,33769571.8096,12623291.259100001,87396850.8226
2022-05-07,423047781.8,215560676.62,107829376.879,53633430.405,33413121.956899997,12611175.9442,87046552.3619
2022-05-08,407312978.8,212716904.49,103141181.96100001,48618978.397,31066054.8901,11769859.044,79685033.2871
2022-05-09,419530246.4,214395426.39,107021540.419,52739237.988000005,33029130.683300003,12344910.9419,85768368.67130001
2022-05-10,422683983.6,211697916.51999998,110698374.131,54376102.493,33479017.471600004,12432572.9448,87855119.9646
2022-05-11,417337911.6,208146977.03,108015023.52399999,53897360.74800001,33975920.799,13302629.5085,87873281.54700002
2022-05-12,415654630.9,208627604.11,108036686.826,53171014.214,33662231.8377,12157093.9274,86833246.0517
2022-05-13,411488311.5,205537851.99,107749185.886,52999792.878000006,33183089.8721,12018390.8457,86182882.7501
2022-05-14,401234454.6,204012031.86,104833898.11500002,50052244.787,30896540.0508,11439739.7483,80948784.8378
2022-05-15,378059753.5,200127263.26,96480489.72200002,44270606.285000004,27262475.765100002,9918918.4385,71533082.0501
2022-05-16,390245648.3,201760252.79,98967099.59499998,49161792.43699999,29432810.729900002,10923692.7793,78594603.1669
2022-05-17,401270369.8,202402039.60999998,103911559.86,52460174.39299999,30661220.7043,11835375.182299998,83121395.0973
2022-05-18,409448767.9,206788181.82999998,105980085.431,53308371.401,30141346.245100003,13230782.9727,83449717.6461
2022-05-19,418839473.2,211688922.75,108028715.52800001,54262788.294,32417871.5548,12441175.0788,86680659.8488
2022-05-20,415968159.8,209259260.07,108065852.80000001,54121186.594,32103168.905500002,12418691.4186,86224355.4995
2022-05-21,411909131.3,207148991.07999998,108098457.329,51583732.731000006,32959698.469399996,12118251.6426,84543431.2004
2022-05-22,393436063.3,205255663.48000002,100212920.71400002,46462099.638,30460472.768,11044906.7161,76922572.40599999
2022-05-23,411017982.2,206980720.20000002,105807121.29899998,51790069.491000004,33401610.181399997,13038461.063700002,85191679.6724
2022-05-24,415223949.3,208509730.87,105989798.92099999,53920748.044,34647345.7416,12156325.691,88568093.7856
2022-05-25,415337067.5,207563589.13,106829685.327,53808139.764,35022256.607599996,12113396.658,88830396.3716
2022-05-26,414942869.1,207485183.76,107288347.79199998,53613195.977,34480941.4573,12075200.1173,88094137.4343
2022-05-27,413068104.0,206966411.85000002,106409862.93200001,52996181.808,34463167.1213,12232480.2435,87459348.9293
2022-05-28,410250307.7,206484960.04999998,105307784.49500002,51512651.023,34119229.7579,12825682.3937,85631880.7809
2022-05-29,400484411.0,206827991.50000003,102747323.383,48006073.09,31418046.3016,11484976.755099999,79424119.39160001
2022-05-30,421624979.0,209421837.68,110420434.88,53754510.889,34991206.631299995,13036988.899,88745717.5203
2022-05-31,421990251.1,207673398.31000003,109894545.419,54937550.899000004,36594267.5588,12890488.923,91531818.4578
2022-06-01,410465774.0,200600926.42,110173768.82100001,53340454.237,33645699.627,12704924.847000001,86986153.864
2022-06-02,400664138.8,200219697.48,104893256.98200001,50334628.361,32897850.5107,12318705.465000002,83232478.8717
2022-06-03,316100935.4,181279799.502,72758819.17770001,29088659.334,25218912.391,7754745.032400001,54307571.724999994
2022-06-04,350265166.1,187375077.56,90643280.356,35827300.499,26944266.1634,9475241.5119,62771566.6624
2022-06-05,384324367.9,192882383.57,103069443.773,46637432.442999996,30198642.6474,11536465.5053,76836075.0904
2022-06-06,404460325.3,196103086.6,109535334.16700001,53108131.125,33342652.538599998,12371120.842,86450783.6636
2022-06-07,403405382.7,196535696.74,107299875.685,54703185.205000006,32980502.235,11886122.804,87683687.44
2022-06-08,402853081.6,199750142.30999997,106125480.605,52858385.855000004,32493332.4898,11625740.3726,85351718.3448
2022-06-09,396463786.7,193673177.32999998,105556188.21499999,53235512.986,32474308.952800002,11524599.2064,85709821.9388
2022-06-10,395863169.7,192135420.46,105598149.08000001,53549035.622,33066605.264,11513959.311999999,86615640.886
2022-06-11,390761618.1,190819168.92000002,104370031.367,51617224.66600001,32453464.6254,11501728.5331,84070689.29140002
2022-06-12,374624941.4,190401574.82,98118468.61200002,46162745.529,29752138.421699997,10190013.9914,75914883.9507
2022-06-13,392534533.8,191804809.97,104191397.406,52011818.054000005,32959170.5691,11567337.8081,84970988.62310001
2022-06-14,394979505.7,191598322.48999998,103864934.681,53964917.876,33671775.747,11879554.878999999,87636693.623
2022-06-15,390342434.0,190385470.15,101662851.71700001,53146776.00399999,33083732.541,12063603.629999999,86230508.54499999
2022-06-16,387939913.6,192506019.64000002,98493670.11400002,52365716.51,32852526.040999997,11721981.333,85218242.551
2022-06-17,393276564.6,191877750.66000003,102161959.011,53404568.286,33632472.675,12199813.955,87037040.961
2022-06-18,392805996.1,192555667.541,103471523.93999998,52123953.80499999,32566912.821399998,12087937.954999998,84690866.6264
2022-06-19,376907276.7,190696292.73,97997608.034,46656099.857999995,30299698.5465,11257577.5153,76955798.4045
2022-06-20,399840284.8,192454413.62,107564880.04100001,53171903.133,34026905.349,12622182.722000001,87198808.482
2022-06-21,407598283.7,193384813.4,111376988.34799999,54998526.955,34904552.909,12933402.055,89903079.864
2022-06-22,410507904.6,194496896.59,111493111.01699999,55850535.523,35211266.669,13456094.851,91061802.192
2022-06-23,415823182.3,197058596.38,113102669.53299999,56497165.157,35421573.528,13743177.739,91918738.685
2022-06-24,420873090.0,202802894.26,113051624.376,56367487.579,34812963.76800001,13838120.017,91180451.347
2022-06-25,410431717.7,196219737.26999998,112756151.21000001,54161243.460999995,33837200.401,13457385.324000001,87998443.86199999
2022-06-26,383906964.6,187156012.31,104689699.40100001,48431408.578,31409055.949100003,12220788.3405,79840464.5271
2022-06-27,412787292.9,197517307.67000002,112251008.33799998,54855181.229,34450789.785000004,13713005.87,89305971.014
2022-06-28,418554671.1,198318148.08,114224310.95500001,56740468.323,35210867.823,14060875.91,91951336.146
2022-06-29,417428004.5,197870867.42000002,113947734.48699999,56538296.725999996,35014203.872,14056902.029000001,91552500.59799999
2022-06-30,407939783.2,193806677.86999997,110649988.737,55517159.01099999,34252521.655999996,13713435.97,89769680.667
2022-07-01,395418414.6,191848960.01999998,104952962.57000001,51918180.456999995,33942868.688,12755442.917000001,85861049.145
2022-07-02,393325866.0,192943809.0,105848543.0,49698256.0,32489888.0,12345370.0,82188144.0
2022-07-03,376860328.0,190811971.0,99318934.0,45455656.0,30212595.0,11061172.0,75668251.0
2022-07-04,402552032.0,193583150.0,108881793.0,53304624.0,34067310.0,12715155.0,87371934.0
2022-07-05,412086075.0,198456974.0,110193081.0,55767000.0,34807193.0,12861827.0,90574193.0
2022-07-06,409052900.0,197091550.0,108789933.0,55685579.0,34692688.0,12793150.0,90378267.0
2022-07-07,415858552.0,199429753.0,111289901.0,56847764.0,35076902.0,13214232.0,91924666.0
2022-07-08,420505481.0,200604749.0,113444635.0,57469158.0,35446683.0,13540256.0,92915841.0
2022-07-09,415101679.0,199675802.0,111909781.0,55809181.0,34410717.0,13296198.0,90219898.0
2022-07-10,397482169.0,198634887.0,105162812.0,49752376.0,31585385.0,12346709.0,81337761.0
2022-07-11,422263266.0,202958766.0,113419957.0,56409661.0,35303551.0,14171331.0,91713212.0
2022-07-12,427158090.0,202928495.0,115240564.0,58321655.0,36147028.0,14520348.0,94468683.0
2022-07-13,426601874.0,202613776.0,115010265.0,58478629.0,35986122.0,14513082.0,94464751.0
2022-07-14,426445268.0,201718463.0,115367249.0,58723245.0,36200752.0,14435559.0,94923997.0
2022-07-15,417718616.0,196779762.0,113558508.0,57280264.0,35961408.0,14138674.0,93241672.0
2022-07-16,404249672.0,193886597.0,108638257.0,54051565.0,34279001.0,13394252.0,88330566.0
2022-07-17,389742910.0,193952854.0,103390618.0,48734281.0,31406927.0,12258230.0,80141208.0
2022-07-18,418707293.0,199426332.0,113514118.0,56721944.0,35155922.0,13888977.0,91877866.0
2022-07-19,423432201.0,198263162.0,115901946.0,58923420.0,36158800.0,14184873.0,95082220.0
2022-07-20,426728636.0,200618256.0,116297043.0,59027713.0,36393337.0,14392287.0,95421050.0
2022-07-21,430175457.0,201886998.0,117075535.0,60172961.0,36441457.0,14598506.0,96614418.0
2022-07-22,429062641.0,201070690.0,117497646.0,59217739.0,36589445.0,14687121.0,95807184.0
2022-07-23,418969750.0,197820607.0,115311561.0,56577276.0,35192710.0,14067596.0,91769986.0
2022-07-24,396877783.0,194113315.0,107029504.0,50256527.0,32665671.0,12812766.0,82922198.0
2022-07-25,420186647.0,197762626.0,114937244.0,57070259.0,36056905.0,14359613.0,93127164.0
2022-07-26,424440003.0,197714604.0,116796945.0,58972321.0,36437680.0,14518453.0,95410001.0
2022-07-27,424648235.0,198386512.0,116615059.0,58839635.0,36370851.0,14436178.0,95210486.0
2022-07-28,422074783.0,196205628.0,116199382.0,58776341.0,36416765.0,14476667.0,95193106.0
2022-07-29,419530197.0,195975882.0,115187192.0,58086049.0,36065567.0,14215507.0,94151616.0
2022-07-30,403539634.0,191342397.0,111128807.0,54084184.0,33545885.0,13438361.0,87630069.0
2022-07-31,376624014.0,186017847.0,101660617.0,47198540.0,30086017.0,11660993.0,77284557.0
2022-08-01,391869121.0,188773984.0,103958282.0,52402654.0,33967073.0,12767128.0,86369727.0
2022-08-02,409225461.0,193414597.0,111159023.0,55927141.0,35418583.0,13306117.0,91345724.0
2022-08-03,412805563.0,194186600.0,112516341.0,57395088.0,35329903.0,13377631.0,92724991.0
2022-08-04,413358997.0,195450557.0,112061707.0,57263852.0,35214765.0,13368116.0,92478617.0
2022-08-05,416037098.0,195744676.0,113447496.0,57717609.0,35472592.0,13654725.0,93190201.0
2022-08-06,412745182.0,196909088.0,112891349.0,55420284.0,34132913.0,13391548.0,89553197.0
2022-08-07,390538146.0,191632978.0,105896858.0,49623945.0,31289105.0,12095260.0,80913050.0
2022-08-08,414089687.0,194653564.0,114125236.0,56789541.0,34847109.0,13674237.0,91636650.0
2022-08-09,423683177.0,197567087.0,117246276.0,59018666.0,35699269.0,14151879.0,94717935.0
2022-08-10,426547865.0,200222479.0,117614729.0,58955879.0,35687964.0,14066814.0,94643843.0
2022-08-11,428236676.0,203440461.0,116371644.0,58453716.0,35867952.0,14102903.0,94321668.0
2022-08-12,425475570.0,203977910.0,114547721.0,57512885.0,35742997.0,13694057.0,93255882.0
2022-08-13,419148008.0,201319183.0,114954401.0,55324830.0,33976280.0,13573314.0,89301110.0
2022-08-14,405476699.0,201877356.0,109639559.0,50205962.0,31276445.0,12477377.0,81482407.0
2022-08-15,428261280.0,206293249.0,116116802.0,56863567.0,35034737.0,13952925.0,91898304.0
2022-08-16,427909886.0,204726744.0,114937989.0,58374949.0,35763032.0,14107172.0,94137981.0
2022-08-17,435255375.0,207726444.0,118019714.0,59364573.0,35870629.0,14274015.0,95235202.0
2022-08-18,433959650.0,204803020.0,119348837.0,59618611.0,35902286.0,14286896.0,95520897.0
2022-08-19,431777875.0,203044296.0,119693801.0,59067800.0,35693433.0,14278545.0,94761233.0
2022-08-20,420983096.0,200439022.0,116596373.0,56296707.0,34043325.0,13607669.0,90340032.0
2022-08-21,403835418.0,198101637.0,110394812.0,50947615.0,31577629.0,12813725.0,82525244.0
2022-08-22,430381297.0,201642124.0,118800557.0,58130107.0,37372698.0,14435811.0,95502805.0
2022-08-23,438398538.0,203899312.0,121134763.0,60082623.0,38431767.0,14850073.0,98514390.0
2022-08-24,434918363.0,201461560.0,120927399.0,59899711.0,38011403.0,14618290.0,97911114.0
2022-08-25,435914627.0,204817315.0,120172943.0,60206628.0,36089240.0,14628501.0,96295868.0
2022-08-26,433166811.0,202387419.0,120207325.0,60081630.0,35847440.0,14642997.0,95929070.0
2022-08-27,425955859.0,204179660.0,117020153.0,56550355.0,34051830.0,14153861.0,90602185.0
2022-08-28,404878265.0,204091280.0,108251712.0,49487455.0,30839882.0,12207936.0,80327337.0
2022-08-29,428740195.0,206269498.0,116531407.0,57356727.0,34631798.0,13950765.0,91988525.0
2022-08-30,434357355.0,205882629.0,118705522.0,59817334.0,35491345.0,14460525.0,95308679.0
2022-08-31,421588079.0,198353634.0,115583933.0,58534970.0,34910576.0,14204966.0,93445546.0
2022-09-01,401626154.0,190986981.0,107835606.0,55260349.0,34416638.0,13126580.0,89676987.0
2022-09-02,412680327.0,194650757.0,113946224.0,56143755.0,34301503.0,13638088.0,90445258.0
2022-09-03,415143183.0,196609946.0,115799035.0,55894212.0,33301135.0,13538855.0,89195347.0
2022-09-04,403294993.0,196613835.0,110731447.0,51582340.0,31565222.0,12802149.0,83147562.0
2022-09-05,427067332.0,202134362.0,117601981.0,58389394.0,34750205.0,14191390.0,93139599.0
2022-09-06,428842279.0,201625689.0,118704687.0,59128086.0,35291953.0,14091864.0,94420039.0
2022-09-07,424719707.0,202767516.0,115878448.0,57960510.0,34555221.0,13558012.0,92515731.0
2022-09-08,423028694.0,202970343.0,115060089.0,57471114.0,33992999.0,13534149.0,91464113.0
2022-09-09,413565767.0,202038921.0,110777566.0,54391606.0,33273572.0,13084102.0,87665178.0
2022-09-10,324172279.0,182193687.0,75141149.0,33088823.0,25903203.0,7845417.0,58992026.0
2022-09-11,354817583.0,186693031.0,92146606.0,38941349.0,27354051.0,9682546.0,66295400.0
2022-09-12,399494374.0,195334115.0,109366884.0,51380849.0,30892197.0,12520329.0,82273046.0
2022-09-13,418611191.0,199067902.0,114722784.0,57260536.0,33898182.0,13661787.0,91158718.0
2022-09-14,425116534.0,200574380.0,116878488.0,58782843.0,34939126.0,13941697.0,93721969.0
2022-09-15,424978041.0,201098752.0,116621814.0,58302728.0,35125155.0,13829592.0,93427883.0
2022-09-16,422123826.0,200772173.0,114289084.0,58054662.0,35305932.0,13701975.0,93360594.0
2022-09-17,418201600.0,198921870.0,115359497.0,56371555.0,34211210.0,13337468.0,90582765.0
2022-09-18,404287871.0,197340565.0,110528469.0,51617205.0,32245734.0,12555898.0,83862939.0
2022-09-19,425727073.0,201960076.0,117381455.0,57463030.0,35158427.0,13764085.0,92621457.0
2022-09-20,421775414.0,199187709.0,115730677.0,58227999.0,34907282.0,13721747.0,93135281.0
2022-09-21,417279886.0,197937844.0,113836115.0,57725430.0,34368678.0,13411819.0,92094108.0
2022-09-22,418871692.0,198017097.0,114600629.0,58327756.0,34504331.0,13421879.0,92832087.0
2022-09-23,418410172.0,198793633.0,113946511.0,58077935.0,34298382.0,13293711.0,92376317.0
2022-09-24,407676715.0,197237945.0,110461465.0,54957259.0,32118412.0,12901634.0,87075671.0
2022-09-25,395164147.0,195983762.0,105689743.0,51093593.0,30474642.0,11922407.0,81568235.0
2022-09-26,413985059.0,198332490.0,112422946.0,56921945.0,33188773.0,13118905.0,90110718.0
2022-09-27,417008855.0,195357583.0,115042200.0,58956038.0,34015491.0,13637543.0,92971529.0
2022-09-28,419486670.0,195848577.0,116156057.0,59492017.0,34149789.0,13840230.0,93641806.0
2022-09-29,417338437.0,194521449.0,115681974.0,59158031.0,34074667.0,13902316.0,93232698.0
2022-09-30,405156263.0,195364988.0,109644031.0,54761733.0,32374204.0,13011307.0,87135937.0
2022-10-01,306570544.0,173176155.0,70444796.0,31174325.0,23869993.0,7905275.0,55044318.0
2022-10-02,315862011.0,175236938.0,77739307.0,30938591.0,23419162.0,8528013.0,54357753.0
2022-10-03,346255554.0,179501176.0,93375130.0,38145133.0,24918313.0,10315802.0,63063446.0
2022-10-04,377376570.0,186446765.0,104729070.0,46535730.0,27792145.0,11872860.0,74327875.0
2022-10-05,389656454.0,189987410.0,107629840.0,50732428.0,29232394.0,12074382.0,79964822.0
2022-10-06,400320772.0,194975751.0,108849883.0,53423069.0,30634671.0,12437398.0,84057740.0
2022-10-07,406000428.0,197480156.0,109838460.0,54407802.0,31478149.0,12795861.0,85885951.0
2022-10-08,409038946.0,199621911.0,108897847.0,55332331.0,32190496.0,12996361.0,87522827.0
2022-10-09,401793428.0,197303362.0,106125665.0,53727439.0,31963446.0,12673516.0,85690885.0
2022-10-10,409772202.0,201953682.0,108085602.0,55040760.0,31808349.0,12883809.0,86849109.0
2022-10-11,408592242.0,202436522.0,106867716.0,55136126.0,31415606.0,12736272.0,86551732.0
2022-10-12,407196725.0,200403985.0,106766277.0,55494577.0,31559366.0,12972520.0,87053943.0
2022-10-13,406503905.0,197336904.0,107839053.0,56057970.0,32144387.0,13125591.0,88202357.0
2022-10-14,414080729.0,204316671.0,108178919.0,56211715.0,32404731.0,12968693.0,88616446.0
2022-10-15,407686337.0,203971479.0,105672188.0,53876454.0,31638744.0,12527472.0,85515198.0
2022-10-16,383162171.0,197726226.0,96557785.0,47757734.0,29645480.0,11474946.0,77403214.0
2022-10-17,404231196.0,201601663.0,104152999.0,53904909.0,31843619.0,12728006.0,85748528.0
2022-10-18,404927923.0,201266161.0,104454209.0,55190604.0,31432300.0,12584649.0,86622904.0
2022-10-19,404321648.0,199460496.0,105106460.0,55439076.0,31510492.0,12805124.0,86949568.0
2022-10-20,407668100.0,201483679.0,106015604.0,55549730.0,31776378.0,12842709.0,87326108.0
2022-10-21,407996603.0,200686305.0,106512822.0,55811741.0,32042944.0,12942791.0,87854685.0
2022-10-22,404474571.0,200359642.0,105465743.0,54324976.0,31648079.0,12676131.0,85973055.0
2022-10-23,386439789.0,196223540.0,99855917.0,49239251.0,29405236.0,11715845.0,78644487.0
2022-10-24,398118731.0,195617445.0,104586699.0,54052634.0,31103792.0,12758161.0,85156426.0
2022-10-25,401622399.0,196317484.0,105306174.0,55571171.0,31518153.0,12909417.0,87089324.0
2022-10-26,399673477.0,194908156.0,104728484.0,55566662.0,31633221.0,12836954.0,87199883.0
2022-10-27,401310450.0,194490124.0,105570154.0,56424319.0,31891225.0,12934628.0,88315544.0
2022-10-28,400274329.0,195140237.0,105330495.0,55731817.0,31217961.0,12853819.0,86949778.0
2022-10-29,393780335.0,195086904.0,103017341.0,52897937.0,30558279.0,12219874.0,83456216.0
2022-10-30,372506593.0,188961225.0,96468605.0,47573378.0,28225753.0,11277632.0,75799131.0
2022-10-31,380589824.0,189208104.0,97852011.0,51505012.0,29970364.0,12054333.0,81475376.0
2022-11-01,379502340.9,191884748.892,94920475.0412,51563723.59,29329586.161300004,11803807.2337,80893309.7513
2022-11-02,385090014.3,194680940.125,96211080.3222,52452550.472,29792179.077000003,11953264.294199998,82244729.54900001
2022-11-03,390003023.0,196511553.903,97889582.65560001,53178740.388000004,30236161.155,12186984.953900002,83414901.54300001
2022-11-04,389875406.5,196523606.66799998,97757950.40399998,53178762.858,30268095.427699998,12146991.1103,83446858.2857
2022-11-05,389000432.7,197327910.623,97052981.08919999,52644460.699,29943132.4692,12031947.8082,82587593.1682
2022-11-06,382087403.7,192796641.17900002,95752133.1962,52034959.54,29670329.502100002,11833340.3311,81705289.0421
2022-11-07,387262705.1,194819345.094,97292242.323,52967733.528,30105785.498,12077598.628399998,83073519.026
2022-11-08,390185886.7,196115319.67799997,98104711.43500002,53465224.347,30321966.509999998,12178664.7714,83787190.857
2022-11-09,402408663.2,204313447.31,99858914.17959999,54529785.02499999,31569440.9383,12137075.7477,86099225.96329999
2022-11-10,400766838.1,200737467.95999998,101071705.6609,55036738.984000005,31505480.9592,12415444.544200001,86542219.9432
2022-11-11,406439265.9,203581862.56,102530801.51720001,55797879.45,31944814.8159,12583907.5461,87742694.2659
2022-11-12,404725115.0,201756628.65,102541719.3004,55890599.353,31962014.602900002,12574153.0668,87852613.9559
2022-11-13,388356858.8,193890036.06699997,98706835.42460002,53319344.307,30194528.879199997,12246114.105,83513873.1862
2022-11-14,403688009.5,203582747.07999998,101028527.1125,55037179.066,31671631.8194,12367924.467600001,86708810.8854
2022-11-15,402516182.7,203338682.76,100558145.2244,54790573.361,31482326.4324,12346454.9427,86272899.7934
2022-11-16,397865529.6,201586832.04,99054544.3875,54025744.034,31029715.9089,12168693.2654,85055459.9429
2022-11-17,400292756.9,201497704.75,100422882.8435,54730854.077999994,31314913.2989,12326401.9343,86045767.37689999
2022-11-18,402879294.6,202672373.00000003,101159253.6905,55056589.084,31616015.3143,12375063.5024,86672604.39829999
2022-11-19,397825855.5,199974306.39,99928718.7203,54416434.919,31289422.2008,12216973.2819,85705857.1198
2022-11-20,385987613.4,194658071.314,96599479.99959998,52636664.680999994,30294511.6511,11798885.7144,82931176.33209999
2022-11-21,402926552.4,204040458.56000003,100115571.9722,54830720.985,31741936.733,12197864.138999999,86572657.718
2022-11-22,394840717.6,198495715.42000002,99135048.1908,54043004.833000004,30932165.042600002,12234784.180599999,84975169.87560001
2022-11-23,395769229.9,199737237.765,98940824.47109999,53966713.575,30917075.9757,12207378.0903,84883789.55070001
2022-11-24,389969546.4,197581892.06399998,97177586.088,52930658.25399999,30311944.7514,11967465.2851,83242603.0054
2022-11-25,380042485.2,191019298.86900002,95914633.0028,51852719.039000005,29302398.222200003,11953436.0441,81155117.26120001
2022-11-26,385710120.5,195252885.902,96218373.5486,52430750.903,29992802.478299998,11815307.6787,82423553.3813
2022-11-27,376278477.9,190984755.3,93571169.1942,50935902.918,29292006.8224,11494643.6575,80227909.7404
2022-11-28,388776896.5,197396702.055,96632190.18229999,52706531.568,30173164.8877,11868307.827599999,82879696.45570001
2022-11-29,398106790.8,201861405.891,99195151.1599,53976965.507999994,30870989.8366,12202278.4456,84847955.34459999
2022-11-30,382781585.1,194381789.33699998,95321282.78090002,51778077.014,29478503.2618,11821932.7187,81256580.27579999
2022-12-01,358845330.3,181802073.168,87225167.93599999,49639361.775000006,29036488.912800003,11142238.5272,78675850.6878
2022-12-02,363941543.8,180740331.29500002,91770954.8001,50934550.737,28923719.367,11571987.6119,79858270.104
2022-12-03,365692607.0,183388388.53599998,91981596.3005,50275213.19499999,28492446.7063,11554962.2771,78767659.9013
2022-12-04,356130910.6,184286358.80200002,87795389.95689999,46282859.493,26869292.446000002,10897009.8949,73152151.93900001
2022-12-05,379226935.0,192300890.33600003,94337709.5826,51403715.61,29240373.2175,11944246.2167,80644088.8275
2022-12-06,388075686.4,194668225.428,96136348.0356,54160133.938999996,31215755.072800003,11895223.9134,85375889.01179999
2022-12-07,388922119.5,195420071.3,96323447.1003,53848910.524000004,31377634.4982,11952056.0863,85226545.0222
2022-12-08,384087014.1,189891615.705,97360662.20689997,53849604.56199999,30359786.078700002,12625345.5208,84209390.6407
2022-12-09,381480034.9,187921816.838,97388290.29100001,53443553.88499999,30329623.787699997,12396750.1172,83773177.67269999
2022-12-10,379914165.1,190679738.10099998,95975056.4306,51447837.0,29650387.617599998,12161145.9966,81098224.6176
2022-12-11,368550108.0,189911800.542,92089367.63880001,47152513.749000005,27896394.021999996,11500032.0516,75048907.771
2022-12-12,385067078.9,192814410.526,97549781.5322,52303353.39,29971990.236100003,12427543.1601,82275343.6261
2022-12-13,389751395.6,192571289.643,99603120.4045,54246133.436000004,30534384.3957,12796467.711799998,84780517.8317
2022-12-14,390915269.9,193085245.51900002,99963902.50639999,54440746.274000004,30505152.4245,12920223.1831,84945898.6985
2022-12-15,389108342.0,193064637.329,99220308.01879998,53617060.64,30447722.0409,12758613.9353,84064782.68090001
2022-12-16,377720545.1,188003925.54799998,95671107.49440001,51778470.111,29875409.3904,12391632.5248,81653879.5014
2022-12-17,374656834.9,186809336.829,96308161.0553,50424987.817,28860140.564000003,12254208.6028,79285128.38100001
2022-12-18,362715320.1,183776173.18099996,93352370.34020002,46886136.888000004,26943140.5839,11757499.1342,73829277.4719
2022-12-19,374032667.1,183622338.82000002,97739938.1816,51276883.60599999,28697038.0203,12696468.488699999,79973921.62629999
2022-12-20,375232758.0,182696443.43699998,97393554.8956,52749202.337,29577713.2322,12815844.0722,82326915.5692
2022-12-21,371250378.2,181234511.478,95719097.07759999,52080081.525000006,29626572.7147,12590115.4573,81706654.2397
2022-12-22,363170200.7,179814882.53800002,91705389.74610001,50388469.570999995,29091187.8284,12170270.9781,79479657.3994
2022-12-23,370460166.6,186254872.99699998,92557772.23539999,50022460.85,29480851.7991,12144208.717999998,79503312.6491
2022-12-24,361019154.7,183372756.83500004,89628117.0953,47518878.209,28726022.2869,11773380.292700002,76244900.4959
2022-12-25,345030638.4,180516890.916,83625613.72380002,43014871.957,26987714.6444,10885547.1995,70002586.6014
2022-12-26,346051892.1,178215335.28000003,83803985.10800001,45141583.498,27777470.807,11113517.4196,72919054.305
2022-12-27,340997545.7,175664844.322,82219770.2693,44590884.536,27727527.974000003,10794518.635599999,72318412.51
2022-12-28,329847100.2,170112079.244,79781644.12709999,42589475.581,26907052.585899998,10456848.631000001,69496528.1669
2022-12-29,327478659.6,169655190.04900002,78181100.52980001,42157189.547,27215199.3637,10269980.1055,69372388.9107
2022-12-30,327835897.4,170637527.786,78253605.866,41670075.539,27225445.0667,10049243.1656,68895520.6057
2022-12-31,313795026.5,165621058.72,74393198.9074,38690977.486,25727256.540699996,9362534.8657,64418234.0267
2023-01-01,263978839.5,149858858.95,57353955.016,26980603.777000003,22743853.7673,7041567.9406,49724457.544300005
2023-01-02,286625495.9,152159512.649,66226561.4619,34393979.566,25499766.7473,8345675.447299999,59893746.3133
2023-01-03,300607859.8,153504571.57299998,70936492.30520001,39364291.681,27613605.1378,9188899.107900001,66977896.8188
2023-01-04,301156547.5,152424668.887,71022032.65290001,40426480.772,27969927.3745,9313437.7775,68396408.14649999
2023-01-05,298375021.1,152039990.479,69538869.77720001,39940509.824,27912187.0911,8943463.8942,67852696.91510001
2023-01-06,294766927.5,150171338.577,68316141.9119,39617948.948,27875992.9224,8785505.182500001,67493941.8704
2023-01-07,292136899.9,152360687.13500002,66134696.70339999,37759495.952999994,27431810.933000002,8450209.134,65191306.88599999
2023-01-08,279484857.5,146947240.177,63477798.5188,34941300.781,26101424.1114,8017093.9276,61042724.892400004
2023-01-09,281838847.7,147914938.467,62961834.6698,36152491.179,26860809.154400002,7948774.242199999,63013300.333399996
2023-01-10,271660840.7,141629544.861,60599606.3927,34922039.127000004,26795167.2658,7714483.0554,61717206.3928
2023-01-11,259633299.5,135609033.619,57462051.86500001,32717110.003,26419603.576899998,7425500.474699999,59136713.5799
2023-01-12,249560346.1,130861422.784,54825710.19070001,30832696.61,26110861.9634,6929654.5347,56943558.5734
2023-01-13,246412436.0,130784508.338,51907595.88209999,28564917.123999998,28544337.991100002,6611076.6409,57109255.1151
2023-01-14,232043758.3,127920888.87,47859899.1788,25555109.387000002,24841032.7951,5866828.091200001,50396142.1821
2023-01-15,215560863.8,122777625.41,42590231.0157,21760388.904799998,22836688.3354,5595930.111099999,44597077.2402
2023-01-16,201621354.0,115733599.78999999,39326167.2308,19722013.0974,21913169.2889,4926404.5637,41635182.3863
2023-01-17,191811769.9,113944179.65599999,35024041.950399995,17619229.5184,20769342.4668,4454976.2817,38388571.9852
2023-01-18,180450574.2,111017054.888,31294647.888299994,14649350.329799999,19537690.889900003,3951830.1617,34187041.2197
2023-01-19,170225501.2,109330405.381,27447820.820400003,11954551.558,17964386.6409,3528336.8141,29918938.1989
2023-01-20,161934491.7,107093174.042,24331678.4773,10183714.8759,17074002.884800002,3251921.381,27257717.760700002
2023-01-21,154640962.1,103624375.029,22719954.7402,8847168.0429,16307831.9252,3141632.3586999997,25154999.9681
2023-01-22,152591519.8,104130027.762,21278336.625100005,8213358.9273,16042624.838499999,2927171.5959000005,24255983.7658
2023-01-23,154297853.0,105116971.509,21658140.939699996,8367163.278399999,16168903.3892,2986673.856,24536066.6676
2023-01-24,158626624.8,108480479.303,22302459.252699997,8626102.550800001,16152907.5318,3064676.1483,24779010.0826
2023-01-25,166469522.2,113373939.434,23657015.933900002,9555745.7869,16557596.8319,3325224.2358,26113342.6188
2023-01-26,171818190.9,116314752.895,24893635.488900002,10733914.5506,16766896.6061,3108991.4030999998,27500811.1567
2023-01-27,179084289.9,118300101.668,27764048.991499998,12250962.647599999,17472319.2016,3296857.4299,29723281.8492
2023-01-28,191042842.6,121770690.82399999,31686142.243299995,14988636.910799999,18960043.5627,3637329.1027,33948680.4735
2023-01-29,206447842.2,126906299.297,36257651.6267,18575942.7907,20467495.014500003,4240453.4271,39043437.8052
2023-01-30,224030150.8,132558970.01600002,41545596.7075,22710534.323,22342741.382299997,4872308.4129,45053275.705299996
2023-01-31,238470721.1,135959045.55299997,47543888.0994,26031558.313,23560143.3979,5376085.7046,49591701.7109
2023-02-01,251964791.6,139336584.014,53053462.35670001,29058037.186000004,24804231.8759,5712476.1609000005,53862269.061900005
2023-02-02,271023492.3,145249986.451,62312658.511099994,31668167.582999997,25584530.634800002,6208149.095,57252698.2178
2023-02-03,280642929.0,149898316.24199998,64059655.35700001,33876038.104,26111980.061,6696939.252700001,59988018.16500001
2023-02-04,288368202.3,153947689.78599998,66969728.3603,34567722.158,25973197.904099997,6909864.058,60540920.06209999
2023-02-05,277507737.4,152318602.886,63561070.059599996,31005261.659999996,24293491.286,6329311.5018,55298752.945999995
2023-02-06,298532627.4,158263857.433,70912657.18659998,35345027.871,26742975.3641,7268109.5335,62088003.2351
2023-02-07,319234072.7,165350454.61600003,77549921.7755,40371387.706,27825548.406999998,8136760.1777,68196936.113
2023-02-08,330166190.4,168717939.753,82447703.32159999,42159145.425,28170882.333,8670519.5792,70330027.758
2023-02-09,339096573.5,170001673.886,86680692.3412,44714407.14300001,28535224.410600003,9164575.6899,73249631.55360001
2023-02-10,347967095.6,173324251.079,89422377.139,46689133.08,28903641.335699998,9627692.9865,75592774.41569999
2023-02-11,350477495.4,175239219.914,90991837.03629999,46055664.99600001,28343777.4291,9846996.044499999,74399442.4251
2023-02-12,344589414.6,173595420.19499996,90556776.77659999,44043224.776,26720799.646,9673193.1661,70764024.422
2023-02-13,361810944.6,178648836.249,94886316.8854,49080769.502000004,28631380.9855,10563640.9602,77712150.48750001
2023-02-14,370384074.2,181731498.277,97479414.25620002,51283076.805999994,28774593.4166,11115491.4165,80057670.2226
2023-02-15,375248989.2,181895985.248,99914325.0351,52947597.532,28972687.4345,11518393.938000001,81920284.9665
2023-02-16,379266595.1,182345816.053,101475652.39919999,54085369.379,29536790.324300002,11822966.952399999,83622159.7033
2023-02-17,379195496.0,181489700.122,101930035.8067,53793480.932,29988692.242,11993586.9379,83782173.174
2023-02-18,384165985.7,187910612.838,103030237.6947,52634185.029,28834393.862,11756556.315000001,81468578.891
2023-02-19,374528776.4,187006666.265,100262919.29759999,48976242.786,27140816.878399998,11142131.2179,76117059.6644
2023-02-20,385321619.4,188351018.988,102939000.3474,53382532.271,28737218.458399996,11911849.3794,82119750.7294
2023-02-21,396985659.4,193855992.68,105966789.588,55317536.135000005,29535092.6744,12310248.261,84852628.8094
2023-02-22,400984751.8,195810582.87,106939337.33199999,56069049.34900001,29590595.845399998,12575186.4118,85659645.19440001
2023-02-23,405478668.7,198184437.547,108051377.2063,56739096.230000004,29787470.237500004,12716287.4393,86526566.4675
2023-02-24,407011196.6,200212880.835,107467421.1751,56883203.285,29665936.676799998,12781754.6233,86549139.9618
2023-02-25,404094555.2,201457625.991,106759964.27649999,54597826.763,28876446.093200002,12402692.1141,83474272.8562
2023-02-26,394262097.5,200945530.813,104042748.81480001,50497475.375,27040585.8872,11735756.5782,77538061.2622
2023-02-27,405138283.4,202701922.787,106373101.19100001,54917338.447000004,28920693.5009,12225227.5151,83838031.9479
2023-02-28,408361630.2,203130109.145,107342475.11109999,56344011.899000004,29371171.0564,12173862.9971,85715182.9554
2023-03-01,392368516.0,198351953.437,100056811.1113,52416329.12799999,29457824.2839,12085598.011,81874153.41189998
2023-03-02,406534400.1,204074227.83099997,106393915.39899999,53451729.091000006,29952437.1475,12662090.6279,83404166.2385
2023-03-03,413606546.9,206186751.38,108504180.90720002,55786220.249,30098737.6054,13030656.7691,85884957.8544
2023-03-04,410353770.7,207546023.94,106581409.0459,54188343.257,29411704.9783,12626289.4735,83600048.2353
2023-03-05,395260149.6,204624069.29200003,101456788.1838,49889990.252,27635436.8628,11653864.982,77525427.11479999
2023-03-06,412265310.1,207648928.4,107322574.6564,55058715.118,29653540.3519,12581551.5967,84712255.4699
2023-03-07,417919500.1,208950572.72999996,108844470.6899,56991887.463,30246943.9736,12885625.210600002,87238831.4366
2023-03-08,417696401.0,208958514.04,107959753.37710002,57648546.60599999,30274096.9482,12855490.067400001,87922643.5542
2023-03-09,419501420.9,209472625.13,109351519.80860001,57068029.596,30505618.805200003,13103627.513600001,87573648.4012
2023-03-10,417064754.0,207436594.47000003,108941776.61549997,57188136.518,30458086.6124,13040159.7308,87646223.1304
2023-03-11,414143559.2,209390903.19,107200002.9901,55159985.404,29663737.5686,12728930.061099999,84823722.9726
2023-03-12,398574940.3,206461685.05,102049557.64479998,50529093.478,27850340.0051,11684264.057500001,78379433.4831
2023-03-13,416373151.3,211566612.64,107271773.81350002,55032479.835999995,29715187.2009,12787097.765099999,84747667.0369
2023-03-14,420034365.5,211894872.92,108462979.4186,56437103.59200001,30252989.0752,12986420.4752,86690092.6672
2023-03-15,416959291.4,211562581.88,106815887.0311,55799575.882,30009571.1696,12771675.4418,85809147.0516
2023-03-16,414657160.3,211248713.28,104894761.2993,55480591.785000004,30286246.060099997,12746847.8511,85766837.8451
2023-03-17,420039292.7,212586052.02,107395724.132,56361692.36,30705078.1151,12990746.101100001,87066770.4751
2023-03-18,418431638.5,213365657.12,107027041.5013,55410498.114999995,29919848.3548,12708593.4481,85330346.4698
2023-03-19,402258448.7,210301656.18,101516412.5564,50669690.05199999,27953170.1999,11817519.7435,78622860.25189999
2023-03-20,416213605.7,210849656.29999998,107240771.62410001,55043355.163,30281469.7653,12798352.8789,85324824.9283
2023-03-21,417926203.0,207986886.27999997,109185883.99780001,57295480.721999995,30310622.345799997,13147329.6897,87606103.06779999
2023-03-22,422936622.9,210483192.90000004,110738702.22500001,57450957.478,31031694.2955,13232076.0186,88482651.7735
2023-03-23,424153346.0,210417576.84,110932585.7198,57771083.41199999,32094899.2326,12937200.7888,89865982.64459999
2023-03-24,420011401.3,208919962.03,109996961.0339,56846727.21699999,31464716.605699997,12783034.386400001,88311443.8227
2023-03-25,409549411.1,206295047.95999998,106663179.93489999,54512931.473000005,29741686.4041,12336565.2847,84254617.8771
2023-03-26,390950533.5,200543460.32999998,101577907.39419998,49839199.47,27554564.3866,11435401.9058,77393763.8566
2023-03-27,411224735.7,205740937.17,107887926.6354,55137060.719,29971287.219,12487523.9285,85108347.938
2023-03-28,416550973.5,207677729.38,108726402.2871,56831429.391,30794886.8645,12520525.596199999,87626316.2555
2023-03-29,419826891.9,210437059.7,108506736.0589,57054871.456,31290717.184499998,12537507.5025,88345588.6405
2023-03-30,415406836.3,207001954.6,107675944.6038,57011710.705,31229633.929999996,12487592.4932,88241344.63499999
2023-03-31,407822065.8,203375995.48999998,105642826.23969999,55748660.014,30812413.466000002,12242170.5963,86561073.48
2023-04-01,396081386.5,203271647.51000002,99275565.3425,52316826.713,29849215.3781,11368131.546600001,82166042.0911
2023-04-02,395215030.4,203702340.23999998,100958553.5518,50083367.42699999,29394582.3251,11076186.838,79477949.75209999
2023-04-03,409597860.1,206496085.47000003,106535321.36369999,53784893.551,30695592.483699996,12085967.298999999,84480486.03469999
2023-04-04,404309263.8,205535485.95,103985267.42589998,52278277.642000005,30958229.3988,11552003.364099998,83236507.0408
2023-04-05,343657511.4,193622809.79,81341932.1974,34866727.632999994,25807932.288499996,8018109.5239,60674659.92149999
2023-04-06,388988134.6,201046071.22,99124899.9903,48133963.571,29909007.0422,10774192.731900001,78042970.61320001
2023-04-07,408661346.3,203692438.98,106493233.2713,55058597.54800001,31356566.9454,12060509.6033,86415164.49340001
2023-04-08,408098763.7,204219635.73999998,106713499.45099999,54438821.287999995,30691549.4699,12035257.6937,85130370.7579
2023-04-09,398691628.3,204081062.63,103490291.93730001,50651423.649000004,29150235.4269,11318614.6436,79801659.0759
2023-04-10,415902530.5,209355153.0,108000519.8197,55036684.489,31187156.1655,12323017.0266,86223840.65450001
2023-04-11,424759814.5,213024776.26000002,109760084.19249998,57073846.624,32328420.3176,12572687.126,89402266.9416
2023-04-12,424172831.3,210832301.23000002,111347158.4326,56767772.765,32585244.748200003,12640354.144000001,89353017.5132
2023-04-13,424291536.6,210981404.84,111413765.39120002,56859049.128,32374660.0641,12662657.180000002,89233709.1921
2023-04-14,426431466.7,211191882.48,112437571.8481,57366017.783999994,32778088.1065,12657906.471,90144105.8905
2023-04-15,419934326.2,210314247.37,110060235.50170001,55214817.192,32205493.4364,12139532.693,87420310.6284
2023-04-16,399610124.5,209153425.86,101527606.79839998,48561593.513,29450339.566600002,10917158.737,78011933.0796
2023-04-17,426481299.0,213150547.70999998,112112269.1742,56020879.673999995,32732741.7242,12464860.715599999,88753621.39819999
2023-04-18,432861728.1,214424260.34,114733159.91849999,57593659.974999994,33543995.122,12566652.729,91137655.097
2023-04-19,420323515.0,205136061.86,112052075.2942,57483779.433000006,33393897.541,12257700.922,90877676.974
2023-04-20,426133327.4,210687711.53,111732419.47849998,57715617.723000005,33354197.097,12643381.5558,91069814.82000001
2023-04-21,421731620.7,206608423.79000002,112481371.27669999,57286489.711,32897443.609699998,12457892.311,90183933.3207
2023-04-22,416005244.2,208028641.78,109639174.252,54605027.793,31640225.1532,12092175.2442,86245252.9462
2023-04-23,414830712.4,210782136.35999998,107782689.61549999,53288514.429,31392707.461400002,11584664.5424,84681221.89039999
2023-04-24,427735395.8,215278513.59,111211411.9062,56841335.192,32281383.4936,12122751.629,89122718.6856
2023-04-25,428730350.2,214215485.29000002,112049632.2474,58047285.50400001,32082826.791,12335120.3261,90130112.29500002
2023-04-26,422075702.7,209698212.21,111237473.6619,57250326.504,31722274.2311,12167416.1235,88972600.7351
2023-04-27,425117912.1,212076286.64999998,112165341.3843,56914903.483,31644125.3418,12317255.2048,88559028.8248
2023-04-28,428557358.0,216829355.43,111809373.61500002,55539412.366000004,32216922.7043,12162293.8999,87756335.07030001
2023-04-29,412196117.7,210623594.98000002,108550723.77849999,51112882.916,30379626.563199997,11529289.4364,81492509.4792
2023-04-30,373076350.7,200033205.75,95064185.7736,41890799.495000005,26431198.4633,9656961.2739,68321997.95830001
2023-05-01,311663104.7,190812743.409,66198220.17190001,25136483.937,23015658.1051,6499999.103399999,48152142.0421
2023-05-02,341301575.9,194653269.00199997,81991471.5195,31210224.542000003,25283238.4373,8163372.3991,56493462.97930001
2023-05-03,393005881.1,208755316.93,100058141.4,44663965.837,29015131.7662,10513325.1543,73679097.60319999
2023-05-04,424122434.9,213675701.73,110798181.57100001,54659450.76800001,32860425.421399996,12128675.474,87519876.1894
2023-05-05,434585429.1,213423675.19,115501965.78600001,58348195.398,34477687.18,12833905.540800001,92825882.57800001
2023-05-06,430514385.2,211073038.94,114553214.4,57944966.084,34371827.104,12571338.6189,92316793.188
2023-05-07,411027157.4,205650315.3,109253813.881,52991418.87099999,31811231.2718,11320378.0496,84802650.14279999
2023-05-08,415647485.4,204372428.26,110952538.493,55946928.148,32432715.8994,11942874.563,88379644.0474
2023-05-09,419210062.0,205769754.31,111699706.421,56895860.875,32566367.855,12278372.5042,89462228.73
2023-05-10,419490869.5,205769636.85999998,111499919.35999998,57302941.376,32555140.1472,12363231.743600002,89858081.5232
2023-05-11,426471630.0,210845299.51999998,112405331.04699999,57933651.605000004,32852655.9011,12434691.8794,90786307.5061
2023-05-12,428881847.3,213309855.03,112519908.32699998,57693262.26799999,33007529.8429,12351291.850399999,90700792.11089998
2023-05-13,425820111.0,213479121.08,111771834.90199998,56246868.394999996,32333359.2668,11988927.4021,88580227.6618
2023-05-14,405118084.0,208013858.29000002,104638461.856,51134000.827999994,30288395.7882,11043367.199000001,81422396.6162
2023-05-15,419428488.5,208214008.64000002,110171928.99199997,56100126.587000005,32802581.493499998,12139842.7947,88902708.0805
2023-05-16,420846869.0,207902681.35,109760273.65900001,57059119.789000005,33807359.408,12317434.7781,90866479.197
2023-05-17,430203723.9,209915994.14999998,113879671.801,59152500.051000014,34553531.232,12702026.7056,93706031.28300002
2023-05-18,441937817.8,215778627.43,116900204.74300002,60599806.980000004,35478032.116,13181146.557000002,96077839.096
2023-05-19,442219069.8,216486146.57999998,117132796.19600001,59863423.045,35566144.364,13170559.652999999,95429567.40900001
2023-05-20,429168855.7,213634648.89000002,112838023.87,56708572.508999996,33586187.0321,12401423.4108,90294759.5411
2023-05-21,418162163.6,212978909.36,108752763.67899999,52535588.423999995,32244212.556900002,11650689.5855,84779800.98089999
2023-05-22,438119045.0,214122045.29000002,116641669.237,58705462.926,35492815.566,13157051.993,94198278.492
2023-05-23,431481015.7,214678486.96,112716741.51399998,57846936.241,33797135.503,12441715.518900001,91644071.74399999
2023-05-24,427636163.9,211756489.22,112084617.05600001,57908020.414000005,33382456.273999996,12504580.9342,91290476.688
2023-05-25,435509343.3,214715269.33999997,114056467.449,59369380.541999996,34381591.609,12986634.388999999,93750972.151
2023-05-26,437113367.4,212971761.86,115828967.609,60098141.80799999,34957035.35,13257460.810999999,95055177.15799999
2023-05-27,432833675.3,211917921.88,114928462.07800001,58600833.789000005,34190640.807000004,13195816.706,92791474.59600002
2023-05-28,417281793.9,210935350.60000002,109959437.70000002,52635192.063999996,31655654.188500002,12096159.3908,84290846.2525
2023-05-29,441703174.2,214456197.83,118664190.74200001,59460153.395,35431777.169,13690855.087,94891930.56400001
2023-05-30,446004844.4,213292216.85,120364268.38499999,62052212.64299999,36137951.164000005,14158195.397,98190163.807
2023-05-31,436838052.0,207672068.89999998,118452189.165,60738899.874,35979542.2,13995351.819000002,96718442.074
2023-06-01,425321275.8,205122793.5,112125144.65700002,58845930.55,35959047.12900001,13268359.962000001,94804977.679
2023-06-02,443653122.9,211685467.65,120178828.646,60952907.912,36942700.778000005,13893217.921,97895608.69
2023-06-03,435358570.5,209844322.88,118196423.22700001,58773852.17,35180170.214999996,13363802.0073,93954022.38499999
2023-06-04,416443608.9,207506896.81,111559132.843,52964732.338,32213263.1983,12199583.7656,85177995.5363
2023-06-05,448100103.4,215233214.01,121397909.766,61071841.458000004,36333384.875999995,14063753.314,97405226.33399999
2023-06-06,455146813.4,215637184.9,123734986.733,63757686.844000004,37479412.543,14537542.366999999,101237099.387
2023-06-07,456654819.5,218496286.61999997,122107521.03400001,64024088.722,37666531.454,14360391.641999999,101690620.176
2023-06-08,453640811.0,216856423.57000002,121722170.88899998,63232381.337,37642275.17,14187560.048,100874656.507
2023-06-09,447419804.2,215293027.11,119626307.137,61822152.42300001,36893204.908,13785112.648,98715357.331
2023-06-10,427480911.6,208121877.23999998,113939120.78099999,58177416.067,34537108.778,12705388.7367,92714524.845
2023-06-11,412924028.8,205570026.5,109005221.50900002,53813196.207,32569806.1717,11965778.4591,86383002.3787
2023-06-12,443031768.2,214062369.03,118272271.60000001,60968564.24999999,36129452.099,13599111.174,97098016.34899999
2023-06-13,447776626.4,214307879.82,119705955.468,63079193.713,36734497.366000004,13949100.002,99813691.079
2023-06-14,444809077.2,215259639.64000002,117605086.016,62331574.154,36355192.265,13257585.149,98686766.419
2023-06-15,437064405.9,214027023.7,113986572.82299998,60633616.332,35625529.691999994,12791663.3792,96259146.02399999
2023-06-16,432368583.6,213465920.55000004,111249157.191,59786818.84200001,35431415.59,12435271.4078,95218234.43200001
2023-06-17,436361017.7,215159858.5,113602965.407,60117678.382,34914557.866,12565957.517,95032236.248
2023-06-18,434257164.0,218838557.71,112493115.19600001,56961742.577999994,33894574.0512,12069174.433,90856316.6292
2023-06-19,453622503.0,219320185.98,120876781.93299998,62801617.901999995,36908865.931,13715051.292000001,99710483.833
2023-06-20,463307354.6,222154367.64000002,123731235.469,65119429.926,37950415.51499999,14351906.054,103069845.44099998
2023-06-21,454461746.5,220876362.52,119860231.752,62267070.65100001,37537525.973000005,13920555.59,99804596.62400001
2023-06-22,353595251.1,191798607.91000003,86006074.1444,36652061.339999996,30442802.3239,8695705.4152,67094863.663899995
2023-06-23,395899391.5,205483244.74,102997783.483,45140767.259,31447427.8484,10830168.1521,76588195.1074
2023-06-24,431600705.3,212612719.31000003,114307727.66999999,57454844.024000004,34552572.679,12672841.604,92007416.70300001
2023-06-25,443616708.8,215003774.88,117519176.73099999,61409066.34300001,36235567.489999995,13449123.381000001,97644633.833
2023-06-26,457328349.4,219995496.96999997,122295583.04099998,63780490.353,37223059.595,14033719.452,101003549.948
2023-06-27,460965593.5,220832382.15,123089923.34799999,64358933.234,38449389.166,14234965.589,102808322.4
2023-06-28,462299948.7,221804367.06,124029098.44500001,64204974.84200001,37828424.264,14433084.146000002,102033399.106
2023-06-29,462482220.4,222680684.44,123588020.77799998,64104099.552,37826694.772,14282720.856999999,101930794.324
2023-06-30,454847554.3,221104592.88,120442071.28899999,62032515.274000004,37351899.311000004,13916475.544,99384414.58500001
2023-07-01,429139502.3,212951307.29,110877541.34689999,56875363.327,35668371.218,12766919.1209,92543734.545
2023-07-02,423423196.0,212905336.51999998,110105933.69209999,54113718.67,33986422.7301,12311784.349299999,88100141.4001
2023-07-03,449960176.9,217003570.0,119395564.51990001,62221753.04100001,37501663.294,13837626.061999999,99723416.33500001
2023-07-04,451970039.9,214927232.65,121374992.75940001,63320196.774000004,38199783.152,14147834.525999999,101519979.926
2023-07-05,454870420.0,215960136.89000002,122656180.0201,63972856.96000001,38245938.762,14035307.360000001,102218795.722
2023-07-06,460915536.7,216965772.54000002,124723557.02419998,65915742.689,38794206.202,14516258.268000001,104709948.891
2023-07-07,463423299.2,218100229.78,125494714.94039999,66262186.774,38769440.076000005,14796727.646999998,105031626.85
2023-07-08,453618305.1,215704284.07999998,122453264.08160001,63681875.996999994,37414103.007,14364777.9,101095979.004
2023-07-09,435789341.0,213798590.69,116038566.9587,58010868.875999995,34887174.261999995,13054140.2577,92898043.13799998
2023-07-10,457159736.0,216201484.13,123209252.366,64759344.21100001,38238534.002000004,14751121.286,102997878.21300001
2023-07-11,461176745.1,216947124.85000002,124242069.1143,65887758.957,39134564.31,14965227.839,105022323.267
2023-07-12,464833738.2,217434301.16,124265714.00039999,69321214.432,38859036.003,14953472.583,108180250.435
2023-07-13,463627065.3,219370769.73,124189902.7746,66236307.878000006,38847835.41599999,14982249.531000001,105084143.294
2023-07-14,464219710.9,220424695.95,124944793.10289998,65454331.239999995,38400093.177,14995797.414,103854424.417
2023-07-15,451102459.3,216226228.92,121167314.51619999,62761783.131,36725357.772999994,14221774.932999998,99487140.90399998
2023-07-16,425954059.5,211549207.58999997,111645635.34730001,56358404.586,33608312.260800004,12792499.6902,89966716.8468
2023-07-17,451836450.5,215969251.97,120837447.3768,63963500.332,36868737.319,14197513.519000001,100832237.651
2023-07-18,459236360.8,218543380.91,122654588.3836,65733746.076000005,38196722.557000004,14107922.848000001,103930468.63300002
2023-07-19,458085632.5,216285393.53000003,123258185.5474,66019300.72,38223776.344,14298976.325,104243077.064
2023-07-20,458446962.3,216263156.32,123455149.9894,65836435.362,38464522.256000005,14427698.419,104300957.618
2023-07-21,460826099.2,217157671.92000002,124299277.65210003,66037251.765999995,38809412.708000004,14522485.209999999,104846664.474
2023-07-22,453114842.0,216010301.54000002,122218737.0991,63713784.07,37182717.535,13989301.7123,100896501.60499999
2023-07-23,434086817.3,213528742.51999998,115853381.4205,57447929.043,34301748.165,12955016.176800001,91749677.208
2023-07-24,458027081.0,217439522.60999998,124070478.21530001,64156021.877000004,37819866.482,14541191.826,101975888.359
2023-07-25,461734800.0,215853377.67,125927862.08790001,66503283.08,38615178.388000004,14835098.814000001,105118461.468
2023-07-26,458833609.1,214807270.09,125280114.6616,66128735.832,37830646.213999994,14786842.341,103959382.046
2023-07-27,424520164.1,202763209.56,114379407.8612,60011398.575,34528431.64,12837716.4428,94539830.215
2023-07-28,317780352.6,169894548.453,74317354.023,39461470.377000004,26777974.9193,7329004.781699999,66239445.29630001
2023-07-29,362565008.9,176165970.41,94330518.64829999,49770251.341000006,32534064.3209,9764204.1621,82304315.66190001
2023-07-30,406768596.8,196162088.22,107632584.81670001,56383710.743,34986156.787,11604056.243500002,91369867.53
2023-07-31,421797000.6,197124026.47999996,114464024.68620001,60607307.243,36765035.722,12836606.4044,97372342.965
2023-08-01,424651833.1,199470268.95000002,114472547.2507,60651304.961,36912287.712000005,13145424.214200001,97563592.67300001
2023-08-02,443193333.1,208110188.33,120324437.6051,62999751.592999995,37699958.558,14058996.990000002,100699710.151
2023-08-03,453240409.2,209366606.18,125000923.2148,65383578.316,38680962.81600001,14808338.701000001,104064541.132
2023-08-04,459994219.8,211809697.71,127208610.90640002,66366216.492,39365078.91,15244615.733,105731295.402
2023-08-05,461437940.0,218148994.01999998,125630990.6735,64548821.324,38341164.893999994,14767969.092999998,102889986.218
2023-08-06,447680686.6,220629802.45,119213911.20099999,59281527.628,35060013.318,13495432.0543,94341540.94600001
2023-08-07,468900116.2,222718447.31000003,127119889.23189999,65309852.622,38891523.148,14860403.89,104201375.77000001
2023-08-08,469947269.4,222224655.48,126537186.34579998,66979689.867,39280049.68,14925688.071999999,106259739.54699999
2023-08-09,473404855.1,224370689.45000002,127665564.16779998,67074048.611,39369144.522,14925408.387999998,106443193.133
2023-08-10,466494750.7,223047765.91,124595009.55860002,65750347.64,38748600.11799999,14353027.425999999,104498947.75799999
2023-08-11,462109847.1,221044161.20999998,123559426.16229999,64956157.389,38339516.184,14210586.191,103295673.573
2023-08-12,454332793.5,219319685.41,121363562.7675,63027010.288,37096247.138,13526287.9429,100123257.426
2023-08-13,441033063.8,220797048.86,115143697.8115,57991531.69899999,34466444.2884,12634341.107399998,92457975.9874
2023-08-14,466208880.2,223718821.73,124688811.43990001,65305599.206,38088619.66,14407028.193,103394218.866
2023-08-15,466272828.1,221749075.64,125077032.92549999,66377888.554,38770712.524,14298118.498,105148601.078
2023-08-16,459970067.4,219878482.21,122061262.01560003,65164593.680999994,38623540.146000005,14242189.333,103788133.82699999
2023-08-17,462036950.6,221273258.6,122989746.8878,64958682.331,38462351.545,14352911.213,103421033.876
2023-08-18,463136541.0,222071817.67,123271035.5026,65117333.680999994,38289678.063,14386676.118,103407011.74399999
2023-08-19,455938597.1,222442900.44,120756050.59359999,62637926.419,36617181.316,13484538.324,99255107.735
2023-08-20,429796035.4,216691250.85999998,111588823.6548,56041181.608,33609727.6353,11865051.615799999,89650909.2433
2023-08-21,458548682.8,222195387.96999997,121358183.37,63550374.559,37620629.68,13824107.2598,101171004.239
2023-08-22,467245792.1,226208726.94,122957927.67450002,65420893.743,38636708.492,14021535.263000002,104057602.235
2023-08-23,464895394.8,224185051.34000003,122730447.7344,65396588.04799999,38618314.986,13964992.715,104014903.034
2023-08-24,471200135.5,227542987.22,124464933.24849997,66089862.091000006,38741673.844000004,14360679.16,104831535.935
2023-08-25,469063427.0,223685359.49,126256149.6822,65838286.036,38698459.22400001,14585044.496,104536745.26
2023-08-26,465773593.9,225212117.43,124069908.47620001,65358127.545,37175945.684,13957399.848,102534073.229
2023-08-27,445260816.9,222510639.94,117539595.29940002,57817332.678,34703410.004,12689768.7052,92520742.68200001
2023-08-28,467113064.6,226222632.8,124220606.6989,64386580.625,38042566.808,14240569.104999999,102429147.433
2023-08-29,471089380.9,226593050.27,124975846.00290002,66172839.102,38944021.732999995,14403525.520000001,105116860.835
2023-08-30,464275761.1,226411906.66,121099819.5478,64083096.406,38605303.201,14075586.529000001,102688399.607
2023-08-31,453583178.8,222039515.04000002,118623287.26250002,61404361.729,37735479.003,13780432.36,99139840.732
2023-09-01,433618386.2,216096457.75,110307820.74409999,57827942.18799999,36918197.493,12467882.108400002,94746139.681
2023-09-02,441768790.1,217181778.0,116585353.91819999,58867068.4,36226981.274000004,12907525.420500001,95094049.674
2023-09-03,435618285.3,218110202.91,114261911.5148,56492336.87900001,34227245.9645,12526534.563400002,90719582.84350002
2023-09-04,450775526.8,219590626.44,118704067.4997,62256844.212,36980721.076000005,13243266.7047,99237565.288
2023-09-05,446185346.0,216715460.35,116913267.85160002,62439237.67,37523615.646,12593764.3593,99962853.316
2023-09-06,436231081.8,211553245.79000002,114121366.92339998,61653680.004999995,36795260.659,12107528.2771,98448940.664
2023-09-07,445596475.4,214715634.29000002,116857574.0284,64086881.199,37094086.817,12842298.9548,101180968.016
2023-09-08,454148640.1,221521245.67,118679097.14740002,63669441.092999995,37132176.33499999,13146679.719700001,100801617.42799999
2023-09-09,452745753.8,222569105.45,118699785.935,62037098.18799999,36326779.526999995,13112984.5845,98363877.71499999
2023-09-10,433296428.7,215891676.62,113952901.1726,56848922.161,34225018.1328,12377910.4389,91073940.2938
2023-09-11,453029146.3,218035798.16000003,121873827.286,62445816.427,37009695.822000004,13664008.4166,99455512.24900001
2023-09-12,463797623.6,222137031.53,124443471.73039998,65380446.608,37829174.63999999,14007498.939,103209621.248
2023-09-13,466833156.8,224173545.33,125150719.51850002,65367379.99599999,37872933.235999994,14268578.6,103240313.232
2023-09-14,470804425.6,225177905.16,126237891.35610001,66512646.54699999,38346065.474,14529916.89,104858712.021
2023-09-15,467231990.5,223649571.7,125029537.37820001,65949140.363000005,38245057.283,14358683.639999999,104194197.646
2023-09-16,455793586.9,223345977.73000002,119589346.1377,62378841.485999994,36790154.637,13689266.737,99168996.123
2023-09-17,445849044.3,222216042.95000002,117943780.26720001,57688759.48199999,35157702.4373,12842758.978400001,92846461.91929999
2023-09-18,468276939.4,222276516.78,127470495.8052,65145654.083000004,38711393.388,14672879.171,103857047.471
2023-09-19,473604610.5,223340739.94,128961948.18419999,66862298.991,39417454.044,15022169.226,106279753.035
2023-09-20,472146229.9,221327403.33,129764551.25930002,66472369.698,39553846.975999996,15028058.557999998,106026216.674
2023-09-21,475298423.3,223926629.16,129988025.99020001,66532357.308000006,39739142.998,15112267.754,106271500.30600001
2023-09-22,480967045.2,229341783.87,130734160.84930001,66095128.85599999,39543979.934,15251991.528,105639108.78999999
2023-09-23,477241457.7,231446912.02,128756261.52610002,63505562.26800001,38485466.028000005,15047255.674999999,101991028.296
2023-09-24,466201493.5,231704106.60000002,124204826.94080001,59976932.041999996,36411313.18,13904314.6586,96388245.222
2023-09-25,478472282.3,229907318.18,129764187.0098,64843689.911,38831625.134,15125461.912,103675315.045
2023-09-26,478403999.7,227474742.84,130501810.59839998,66104744.295,39134831.085999995,15187870.922999999,105239575.381
2023-09-27,473551204.3,225590023.26000002,129525950.07110001,64973486.252,38673740.666999996,14788004.1101,103647226.919
2023-09-28,452368705.0,218903828.61,122944263.3794,59860161.227,36843539.737,13816912.0524,96703700.964
2023-09-29,371922364.7,205224672.33,90158524.0209,38637344.138000004,29136945.1272,8764879.1208,67774289.2652
2023-09-30,352272198.4,198626533.54,85217738.25700001,32848761.574,27443813.2795,8135351.7544,60292574.8535
2023-10-01,330580541.3,196792809.311,73671550.7324,27537265.3027,25143309.101400003,7435606.8377,52680574.4041
2023-10-02,366819795.1,204348675.75199997,92512779.6704,34212405.89699999,26329452.3198,9416481.4597,60541858.21679999
2023-10-03,404836529.4,214850431.38,107022881.10479999,43270565.92,28504344.8102,11188306.235600002,71774910.7302
2023-10-04,436823365.4,221336753.44,116813524.42519999,52956021.089999996,32864276.7147,12852789.721299998,85820297.80469999
2023-10-05,445509040.7,224406949.09,116938551.0569,56936806.742,34154300.436000004,13072433.3289,91091107.178
2023-10-06,441297570.7,221697684.77999997,115208366.069,57553398.594,34091732.472500004,12746388.796600001,91645131.06650001
2023-10-07,447169542.0,224405775.82,115319059.1778,59290610.028,35368317.486,12785779.508499999,94658927.514
2023-10-08,439583301.6,222931919.83999997,111586704.62619999,57961606.655999996,34800830.010000005,12302240.4793,92762436.66600001
2023-10-09,454531727.4,227335931.84,114466666.40179999,64345047.497999996,35612480.462,12771601.1505,99957527.96
2023-10-10,443487391.5,217851798.69,115072418.3942,61837507.604,35754212.872,12971453.910999998,97591720.47600001
2023-10-11,445536581.2,219883991.45,115031289.22999999,62237273.896,35423518.649,12960507.957500001,97660792.54499999
2023-10-12,449281436.6,220509412.04000002,117927795.6955,62177581.472,35464816.925,13201830.4941,97642398.397
2023-10-13,454476959.7,220087305.25,122017839.55390002,62854848.645,36050459.764,13466506.507100001,98905308.40900001
2023-10-14,441796398.6,217618978.09000003,116653749.51529999,59792471.423999995,34664380.636,13066818.9817,94456852.06
2023-10-15,422577369.4,215862902.7,109248132.34470001,53578456.66500001,32099689.376,11788188.3275,85678146.04100001
2023-10-16,428514166.9,211841526.74,111514727.2807,58468344.492,33967732.714,12721835.652199998,92436077.206
2023-10-17,441217600.2,215157187.85000002,116409735.67720002,61756604.85200001,34770144.304,13123927.5461,96526749.15600002
2023-10-18,449012016.8,219650077.94000003,118216868.89220001,62805161.055999994,35250854.680999994,13089054.2766,98056015.73699999
2023-10-19,449638755.9,217337407.064,119657665.6129,63558490.946,35798792.04099999,13286400.2305,99357282.98699999
2023-10-20,450332899.0,217340345.657,119266824.2409,65125205.825,35345974.135,13254549.1258,100471179.96000001
2023-10-21,443158882.0,220520481.84,114844280.0637,61822401.021,33262426.41,12709292.6754,95084827.431
2023-10-22,425818793.7,216255297.71999997,108685005.56199999,57530530.906,31468013.172399998,11879946.3879,88998544.0784
2023-10-23,444647014.8,220849876.08,113941931.16190001,62663502.073,34261143.479,12930562.0553,96924645.552
2023-10-24,461065573.5,229420159.53000003,117591611.86330001,65247015.082,35429584.258,13377202.8239,100676599.34
2023-10-25,464990353.1,231563054.78,118764300.42199998,65502586.60699999,35677227.37,13483183.9752,101179813.977
2023-10-26,471634678.7,237784519.74,120190537.16970001,64479095.227,35644882.961,13535643.6072,100123978.188
2023-10-27,467406268.2,237379803.43,118505988.5453,63427722.06300001,35043128.841000006,13049625.2784,98470850.90400001
2023-10-28,456206079.1,234744446.48000002,114775770.1103,60736233.592,33380310.647,12569318.232700001,94116544.239
2023-10-29,441056794.8,234011620.07999998,108694945.01290001,55752225.133,31188466.0008,11409538.622,86940691.1338
2023-10-30,455912985.9,234774252.45,114235108.4563,60587573.151,33651787.527,12664264.309999999,94239360.678
2023-10-31,455953523.5,231894374.67,113612303.87920001,63334341.296000004,34387494.801,12725008.8539,97721836.097
2023-11-01,440148311.0,226912980.51,106997560.97880003,60183149.485,33974219.656,12080400.3762,94157369.141
2023-11-02,454236251.9,230938346.44,114243326.0528,61631333.711,34857345.276999995,12565900.3895,96488678.988
2023-11-03,465980940.4,235499041.0,118116489.46370001,64154239.533999994,35367165.868,12844004.551600002,99521405.402
2023-11-04,463252778.0,236588332.55,116764643.7233,62987346.426,34400116.143,12512339.1965,97387462.569
2023-11-05,446295041.7,233400693.44,111330837.80700001,57902272.864,32171853.247700002,11489384.33,90074126.1117
2023-11-06,464091772.5,234352657.5,118423441.01059999,62993047.08,35393562.98,12929063.9178,98386610.06
2023-11-07,462469002.9,233105459.57,117567613.38710001,63789413.133,35156480.666,12850036.1754,98945893.799
2023-11-08,463310784.3,236234474.20999998,116066172.2283,63260821.141,34977238.168000005,12772078.546400001,98238059.30900002
2023-11-09,468396120.9,239147611.74,116591005.29789999,64186667.403,35566499.916,12904336.575800002,99753167.319
2023-11-10,469452499.2,238787962.69,116892374.36860001,64935302.967999995,35912747.159,12924112.010300001,100848050.127
2023-11-11,455845548.4,235246364.48,113351535.3533,61246382.807,33602983.9445,12398281.8328,94849366.7515
2023-11-12,434736249.9,230192004.01,106209027.29980001,56220447.875,31050102.0843,11064668.6502,87270549.9593
2023-11-13,449246779.3,230916660.20999998,111758759.06279999,61116884.62200001,33303747.365300003,12150728.0524,94420631.98730001
2023-11-14,454624148.4,232446010.89,113292524.9327,62355767.037,34005889.623,12523955.894199999,96361656.66
2023-11-15,453522434.0,232253754.3,112311261.0852,62344700.311,34257115.927,12355602.4369,96601816.238
2023-11-16,449861341.6,233371413.79999998,108570400.8079,61623992.686000004,34143124.032000005,12152410.2752,95767116.71800001
2023-11-17,453813025.5,235371997.08,110960102.27479999,61577467.62200001,33553526.235999998,12349932.254599998,95130993.85800001
2023-11-18,447102682.7,232387603.76,110280176.27409999,59782138.299,32551662.170599997,12101102.173600001,92333800.46959999
2023-11-19,434287929.6,230902279.82999998,105341163.3425,56357177.839,30437439.691699997,11249868.861299999,86794617.5307
2023-11-20,449804998.0,233581925.61999997,111298272.37769999,59727835.524000004,32927312.1622,12269652.2711,92655147.68620001
2023-11-21,452591919.0,231597301.55,112728725.9504,61797724.497999996,34049191.285,12418975.7274,95846915.78299999
2023-11-22,457029704.8,234500742.41,113793219.5164,61893089.529,34472442.228,12370211.1424,96365531.757
2023-11-23,457501397.1,234435599.45000002,113957332.98099999,62290685.72400001,34437736.091,12380042.8148,96728421.815
2023-11-24,452394333.1,231570739.45999998,113255498.89039999,61294942.60599999,33983009.152,12290142.9401,95277951.75799999
2023-11-25,442536584.0,228034597.31,110731258.40139998,59310018.254,32548105.3559,11912604.6872,91858123.6099
2023-11-26,426332236.2,225376543.35,105088003.73290001,54367840.741,30688499.5632,10811348.7839,85056340.3042
2023-11-27,445179615.3,229609680.82000002,110705785.31670001,59712195.854,33254861.643900003,11897091.6706,92967057.49790001
2023-11-28,447548964.0,227705202.71999997,112306376.0972,61264620.934,34013965.1376,12258799.1453,95278586.07159999
2023-11-29,445250073.1,226738079.59,111329444.8789,61001755.259,34071561.8683,12109231.545400001,95073317.1273
2023-11-30,441499739.1,226739706.48,108596540.9127,60277075.164000005,33722178.0369,12164238.494399998,93999253.2009
2023-12-01,424731204.7,221982628.39000002,101280307.88179998,56901069.321,33012242.549599998,11554956.563900001,89913311.8706
2023-12-02,428984246.4,225016433.81,104667174.21859999,55723575.767000005,32087963.7619,11489098.7708,87811539.5289
2023-12-03,421752870.7,227658687.35000002,101948523.5732,52615606.623,29026221.713,10503831.419599999,81641828.336
2023-12-04,440121024.8,228841203.79,109218796.09640001,58510617.962,31920243.6851,11630163.2719,90430861.6471
2023-12-05,446268657.2,228311863.97000003,111262304.81019999,60815351.544,33867678.455,12011458.3992,94683029.999
2023-12-06,447274242.1,228570533.63,111403006.88130002,61224620.807000004,33866000.813,12210079.956,95090621.62
2023-12-07,447410104.0,228587316.91000003,111411762.4861,61183432.78699999,33890083.033,12337508.8026,95073515.82
2023-12-08,450167320.3,230716843.13,111655763.75,61585921.065,33892422.499000005,12316369.8344,95478343.56400001
2023-12-09,443616804.2,230085999.28,109730768.1659,59092663.519,32901368.075999998,11806005.145800002,91994031.595
2023-12-10,427507043.9,227770861.76999998,104288151.52630001,53807274.327,30768743.149299998,10872013.1099,84576017.4763
2023-12-11,444472563.3,227714027.68,111125215.0819,59918109.25999999,33879223.637,11835987.6886,93797332.89699998
2023-12-12,449717755.5,229037873.65999997,112832266.58770001,61434430.60499999,34322541.822,12090642.799700001,95756972.42699999
2023-12-13,451416054.5,230496229.81,112454881.44030002,62213208.815,34143254.976,12108479.4692,96356463.79100001
2023-12-14,451541043.4,230405446.49,112508771.3658,61811757.735,34675060.856,12140006.928000001,96486818.59099999
2023-12-15,448018825.8,228629467.66,111870444.425,60705519.014,34808169.282000005,12005225.471900001,95513688.296
2023-12-16,434981513.1,227572864.07,106053800.0847,57119736.114999995,33016245.5752,11218867.2368,90135981.6902
2023-12-17,422273630.6,224670549.28,103293243.8308,52965826.32700001,30534972.042999998,10809039.0948,83500798.37
2023-12-18,440785260.7,227090349.56,110263187.82849999,58348510.942,33226722.116899997,11856490.228199998,91575233.0589
2023-12-19,448046431.9,228278298.78,112651519.20390002,60714605.747999996,34187970.374000005,12214037.773100002,94902576.12200001
2023-12-20,445801127.6,225648476.02,112859276.85990001,60634083.177,34325543.065,12333748.457700001,94959626.242
2023-12-21,451217269.4,229964637.46,113670750.22590001,60842053.588,34276430.262,12463397.8567,95118483.85
2023-12-22,446844929.4,229511075.55,110856597.0162,60370788.568,33843644.604,12262823.718700001,94214433.172
2023-12-23,448792981.4,231232524.78000003,112472381.2349,59363759.095,33305077.343,12419238.9957,92668836.438
2023-12-24,435149599.9,228866702.16999996,108165072.5482,55028579.002000004,31399949.792600002,11689296.352500001,86428528.79460001
2023-12-25,450601117.2,231975654.79,112532958.799,59994727.685,33268710.416,12829065.5242,93263438.10100001
2023-12-26,455629570.6,233149027.52999997,113527986.8761,62032356.039000005,33949051.537999995,12971148.6469,95981407.57699999
2023-12-27,453761192.2,231202500.66000003,113310389.09240001,62221900.01800001,34021501.252,13004901.1793,96243401.27000001
2023-12-28,449375980.9,228511149.8,112733688.40910001,61416712.085999995,33877640.558,12836789.9925,95294352.644
2023-12-29,445937730.9,229057124.75,111576886.26549998,59431272.623,33284620.2136,12587827.09,92715892.8366
2023-12-30,435604244.4,227784598.65,108864955.1125,55569575.583000004,31544799.6693,11840315.3731,87114375.25230001
2023-12-31,406927480.9,219200502.79000002,100735665.90609999,47532553.95,28939539.9407,10519218.3184,76472093.8907
2024-01-01,352126640.2,208314508.982,78012860.30549999,33109642.235,25179965.673299998,7509662.979,58289607.9083
2024-01-02,416949133.5,221210604.86,103034258.9333,50416193.679000005,31207536.333899997,11080539.7214,81623730.0129
2024-01-03,447122420.3,228538655.79,112505774.25569999,60043637.486,33539679.325,12494673.460099999,93583316.811
2024-01-04,453793224.7,231131769.28,114349149.94010003,61698920.472,33856424.56,12756960.442899998,95555345.032
2024-01-05,453407642.2,229910591.83,114946894.2271,61782025.948,33931336.855,12836793.3863,95713362.803
2024-01-06,448893265.5,227901775.95,114434158.08409998,60503981.346,33547062.748999998,12506287.434,94051044.095
2024-01-07,439110184.5,227508394.04,110945144.6367,56698684.099,32086195.3688,11871766.3045,88784879.46779999
2024-01-08,451943026.0,230458379.03,114231273.0487,60856584.90200001,33707279.962,12689509.067599999,94563864.86400001
2024-01-09,451782945.5,227868703.92,114598621.344,62207620.275000006,34353835.148,12754164.833700001,96561455.42300001
2024-01-10,447030446.0,223230519.86,114656474.6834,61879855.464,34416874.122,12846721.8766,96296729.586
2024-01-11,449033864.0,225310189.29999998,114439519.7514,61968594.472,34305023.819,13010536.6785,96273618.29100001
2024-01-12,447716854.6,224339257.28,114729081.9879,61461282.793,34318443.74,12868788.799200002,95779726.53299999
2024-01-13,444293242.9,224751373.31,113072278.39889999,60362901.14,33552610.7517,12554079.2839,93915511.8917
2024-01-14,432162137.2,224320211.07,108375907.3328,56029205.832,31628016.6487,11808796.352600003,87657222.4807
2024-01-15,443742384.0,226293193.46999997,111229072.2531,59974525.447000004,33735247.3299,12510345.495,93709772.7769
2024-01-16,440665275.5,222449911.24,110708054.8522,60934975.347,34206888.513000004,12365445.5278,95141863.86000001
2024-01-17,439264760.5,218350780.38,112595185.46949999,61274429.210999995,34482907.059,12561458.3761,95757336.27
2024-01-18,442288974.6,221370045.75,112688905.08120002,61064867.832,34580839.506,12584316.4471,95645707.338
2024-01-19,440666274.4,220243016.31,112411847.5057,61004571.854,34578786.927,12428051.776600001,95583358.781
2024-01-20,431544562.3,216056471.27,110809191.30690001,58693172.53700001,34102425.4539,11883301.743999999,92795597.99090001
2024-01-21,419629972.9,215117768.39000002,106757327.33710001,54532560.343,31948550.5031,11273766.3083,86481110.8461
2024-01-22,430662646.8,218358271.3,109601173.2078,56980715.918,33656870.3733,12065616.052099999,90637586.2913
2024-01-23,426791601.6,213222401.89000002,109500372.58859998,57683256.83500001,34139081.258,12246489.0224,91822338.09300001
2024-01-24,421189480.5,210479212.57,107598037.55330001,56784837.703999996,34085297.063999996,12242095.6581,90870134.76799999
2024-01-25,409709026.1,204249792.07999998,104661824.3423,55185698.213999994,33853883.439,11757828.0537,89039581.653
2024-01-26,394967246.7,197890847.459,99409948.88419999,52834655.981,33650855.706,11180938.6853,86485511.687
2024-01-27,383098445.3,192886202.72,96770453.32100001,50158203.247999996,32903040.4882,10380545.5177,83061243.7362
2024-01-28,361880899.0,184529901.48299998,90289636.7515,46160136.813999996,31392182.6571,9509041.256000001,77552319.4711
2024-01-29,360663386.8,184338190.884,88584480.24829999,45502005.532000005,32651508.3872,9587201.759499999,78153513.9192
2024-01-30,346814414.2,178216099.892,83280505.8831,43874904.64,32550091.5448,8892812.2687,76424996.1848
2024-01-31,325572964.9,169943188.981,75073280.14340001,40419242.122999996,32181015.1693,7956238.497,72600257.2923
2024-02-01,303927336.9,162385204.606,66594202.718899995,36460512.461,31511595.7228,6975821.4203,67972108.18380001
2024-02-02,288690582.1,158419832.71499997,60623166.49600001,33019669.253,30372515.278000005,6255398.3601,63392184.531
2024-02-03,262656556.7,146187193.37700003,53797506.29890001,28615757.0153,28674452.9903,5381647.0097,57290210.0056
2024-02-04,242403320.7,136665786.066,47895998.50369999,25761812.6998,27404919.0,4674804.3829,53166731.6998
2024-02-05,225758254.3,131862909.87099999,41865864.49600001,21835270.3045,26330040.985600002,3864168.6553999996,48165311.2901
2024-02-06,213050619.0,129007280.893,36698362.8616,19453321.4932,24549492.6024,3342161.1066,44002814.0956
2024-02-07,203227142.8,129141082.68299998,32403714.4878,16361186.051800001,22506921.0211,2814238.5402,38868107.0729
2024-02-08,189217014.1,125070070.68800001,27226906.1899,13727737.8815,20668629.8492,2523669.4554,34396367.7307
2024-02-09,179502650.1,121911197.505,24134837.468799997,11818604.5272,19311600.016499996,2326410.5481000002,31130204.543699995
2024-02-10,174916566.0,120316379.448,22626398.362,11193570.3105,18742089.0737,2038128.8372,29935659.3842
2024-02-11,173937777.1,119474702.123,22875912.4498,10527490.8216,18982468.8777,2077202.8747,29509959.6993
2024-02-12,177755807.3,120781545.814,23963278.602299996,11709569.3398,19175568.499900002,2125845.0593000003,30885137.839700002
2024-02-13,180335693.9,121414390.819,25313360.3975,11773930.4078,19632680.9826,2201331.3245,31406611.3904
2024-02-14,186255894.6,123205640.766,26794201.8464,13762457.4941,20218310.451,2275284.0842,33980767.9451
2024-02-15,202130970.2,132261464.599,30499932.199400004,15996430.8271,20936715.411999997,2436427.1436,36933146.239099994
2024-02-16,214647572.4,138911397.27899998,34413827.321600005,16908024.2841,21775358.2286,2638965.308,38683382.5127
2024-02-17,232312201.6,143985181.95,40143209.03090001,21210944.3706,23757161.1508,3215705.1144999997,44968105.521400005
2024-02-18,253810701.0,149261804.014,47926897.5687,26116544.188,26452691.9161,4052763.3062000005,52569236.104100004
2024-02-19,283243386.6,158127600.745,57208018.9749,33070749.605,29565381.761299998,5271635.4609,62636131.3663
2024-02-20,298572345.4,161246153.879,63218811.6508,36855515.332,31159152.2204,6092712.328000001,68014667.55240001
2024-02-21,314870928.9,166380403.65,69852829.0959,39392710.916,32469114.6856,6775870.5561999995,71861825.6016
2024-02-22,329731335.4,173912967.56199998,74046510.53739999,42286732.438,32306883.3054,7178241.5901,74593615.74340001
2024-02-23,336781430.8,178135443.275,76415487.5031,42862292.769,31794430.824199997,7573776.4421999995,74656723.5932
2024-02-24,325659836.8,177600170.843,71367078.33569999,39525942.925000004,30383593.586799998,6783051.0623,69909536.5118
2024-02-25,340629134.4,181411919.34,79849327.17190002,41687715.49,30092472.9783,7587699.3845999995,71780188.4683
2024-02-26,365637174.9,188355373.67000002,88555224.14919999,47703224.785,31944972.696700003,9078379.6194,79648197.4817
2024-02-27,378670946.3,193135582.83,92962370.07539998,50265512.77,32646674.8632,9660805.790000001,82912187.6332
2024-02-28,388447529.1,196672114.07000002,96343210.17950001,52447818.077999994,32889084.7364,10095302.0529,85336902.81439999
2024-02-29,394620503.5,199612896.25,97589524.94129999,53927593.28,33121770.3433,10368718.7103,87049363.6233
2024-03-01,401135137.3,202182279.23000002,100451468.5332,54924168.104,32961417.038799997,10615804.3688,87885585.1428
2024-03-02,410821495.9,207254877.57,105001030.52809998,55310580.293,32313546.0083,10941461.4662,87624126.30129999
2024-03-03,398612726.9,203243254.32,102288322.4913,52234857.39300001,30538145.2725,10308147.4137,82773002.66550002
2024-03-04,415659158.2,205884748.05,108073847.17780001,57384144.284,32934370.894,11382047.777300002,90318515.178
2024-03-05,426705387.6,208951843.58,111124786.4972,60210051.591000006,34461868.171000004,11956837.763500001,94671919.76200001
2024-03-06,432608607.9,212494883.16999996,112331772.78789999,61287859.558,34455486.099,12038606.2696,95743345.657
2024-03-07,436149816.0,215301371.96999997,112988278.64259999,61587012.761999995,33840803.523,12432349.100999998,95427816.285
2024-03-08,435921338.9,215478765.59000003,112458399.24450001,61637369.235,33746178.433,12600626.4146,95383547.668
2024-03-09,436908487.4,217433344.71,113043026.04890001,60864602.816,33149824.827,12417689.0341,94014427.643
2024-03-10,423733151.3,215225622.52,108178602.7811,57136332.199,31479373.629499998,11713220.2025,88615705.8285
2024-03-11,438018132.0,217532571.24,112905011.8828,61280099.333000004,33684486.881,12615962.6789,94964586.214
2024-03-12,443221642.0,219043818.68,114391601.13769998,62599203.960999995,34235655.201,12951362.992700001,96834859.162
2024-03-13,447272426.2,220684146.46,115616973.01290001,63493698.716,34384519.908,13093088.126200002,97878218.624
2024-03-14,450761477.3,222937394.46,116126827.0149,64010032.031,34571073.92,13116149.8398,98581105.951
2024-03-15,446637971.4,220902872.72000003,114558240.5689,63743504.306,34645244.843,12788109.0038,98388749.149
2024-03-16,437749700.2,220204358.42999998,110425227.95330001,61058441.320999995,33864208.387,12197464.1363,94922649.708
2024-03-17,426482154.3,217663340.87,107948175.19210002,57380006.11000001,32023041.592600003,11467590.5528,89403047.7026
2024-03-18,447214997.9,223646604.51,114962786.6443,62179213.86400001,33802604.385000005,12623788.5328,95981818.24900001
2024-03-19,454346388.7,225520874.85,116655494.2276,64443127.96700001,34706734.919999994,13020156.7471,99149862.887
2024-03-20,452926926.6,223847102.33,116615490.25590001,64482035.138,34873860.621,13108438.279600002,99355895.759
2024-03-21,453100094.2,224358993.91,116834327.24,63958597.951000005,34895552.697,13052622.4219,98854150.648
2024-03-22,455819786.0,225621118.35,117687003.0645,64159838.382999994,35217275.405,13134550.7805,99377113.78799999
2024-03-23,454446301.2,225678833.38,116907237.4709,63456632.889000006,35389264.656,13014332.8168,98845897.54500002
2024-03-24,439235170.5,220306282.78,113046727.75789998,59456465.952,34292325.5048,12133368.5146,93748791.4568
2024-03-25,454753824.9,219693014.60999998,120016073.40620002,65079557.18000001,36752896.09900001,13212283.579200001,101832453.27900001
2024-03-26,461119352.7,224107345.16,120797874.20770001,66068264.328999996,36639655.695,13506213.338399999,102707920.02399999
2024-03-27,456667305.4,222158617.53,119773773.86470002,65304618.09799999,36059593.851,13370702.1194,101364211.949
2024-03-28,461309329.0,225026313.29000002,120766273.48240001,65577722.206,36484171.674,13454848.3352,102061893.88
2024-03-29,461683147.6,224488708.82,121096732.13919999,66120036.254999995,36493580.194,13484090.2161,102613616.449
2024-03-30,462276551.8,228636745.39000002,119929597.82160002,64397094.50000001,36181729.367000006,13131384.7079,100578823.86700001
2024-03-31,443042597.7,223384895.12,113298096.2878,59805344.629,34668297.301199995,11885964.323800001,94473641.9302
2024-04-01,445767924.9,220637694.82,113627180.37589999,62673183.927,36235194.87499999,12594670.9102,98908378.80199999
2024-04-02,459604307.4,224557716.22,119874903.0431,64617019.54099999,37190183.13200001,13364485.417,101807202.67300001
2024-04-03,459446209.4,225750593.66,119660094.87230001,63715025.199,37119513.789,13200981.8887,100834538.988
2024-04-04,380526607.5,210480612.15000004,90171831.0286,42233679.50999999,29230856.253300004,8409628.5739,71464535.7633
2024-04-05,411353596.7,215707496.73000002,104581749.7665,49728843.907000005,31262032.081699997,10073474.1797,80990875.9887
2024-04-06,441778526.6,222324880.4,114088911.2618,59050648.504,34182721.4752,12131364.947700001,93233369.9792
2024-04-07,453794731.6,226794814.88,116305002.48580001,62285640.006,35825776.617,12583497.6321,98111416.623
2024-04-08,459662299.0,225939571.69,119231938.1662,64586122.01100001,36728511.004,13176156.133000001,101314633.01500002
2024-04-09,459012628.8,223341820.56,120309853.07659999,65467776.908999994,36547362.137,13345816.0879,102015139.046
2024-04-10,461098025.3,224872846.04,120688170.45080002,65346648.878000006,36634818.979,13555540.9165,101981467.85700001
2024-04-11,467286267.1,229226689.11,121174690.70350002,65940747.15400001,37261704.853,13682435.326900002,103202452.007
2024-04-12,475504271.8,234039404.17,123123668.1496,66720060.33499999,37831433.331,13789705.795700002,104551493.666
2024-04-13,470746533.6,232395524.44,122042185.90249999,65773702.265,37170720.847,13364400.1864,102944423.112
2024-04-14,458493755.6,230904976.34000003,117684314.1235,61877487.149000004,35469742.5869,12557235.3623,97347229.73590001
2024-04-15,475797984.0,232244255.85000002,123563930.4847,67873168.609,38419412.319000006,13697216.7215,106292580.928
2024-04-16,474294372.6,233652332.74,121017375.1403,67234698.766,38732928.985,13657037.006399998,105967627.751
2024-04-17,479642079.3,232988197.34,124982678.67050001,68324640.76300001,39152695.932000004,14193866.6227,107477336.69500002
2024-04-18,481288571.8,235247860.76999998,125279523.33829999,68141855.827,38562805.389000006,14056526.500800002,106704661.21600002
2024-04-19,475070993.9,233121758.63,123466855.5219,67189993.195,37542482.669999994,13749903.8636,104732475.86499998
2024-04-20,471079514.4,231976900.42,122176436.92469999,66011869.06,37398010.494,13516297.4797,103409879.554
2024-04-21,455000540.6,228478253.71,117032474.20030001,61568972.121,35522958.9117,12397881.6753,97091931.0327
2024-04-22,474402346.4,233028940.13,123070749.43329999,66458256.22099999,38374064.179,13470336.4718,104832320.39999999
2024-04-23,477483018.6,233441544.81,122382699.84930001,68755920.271,39078981.546,13823872.1817,107834901.817
2024-04-24,475062059.6,234673515.9,121111694.5974,67615315.564,38161213.254,13500320.278500002,105776528.81799999
2024-04-25,476965799.3,237986111.56,120311694.9714,67559371.889,37752490.241,13356130.6325,105311862.13
2024-04-26,473862268.5,233554084.01000002,121275700.49579999,67492239.18599999,38145229.205,13395015.5603,105637468.39099999
2024-04-27,474867832.9,234786190.42,122247555.23760001,66543329.35000001,37835828.049,13454929.8565,104379157.39900002
2024-04-28,470789999.5,233539277.79,120247256.2411,66008490.426,37764265.397999994,13230709.615500001,103772755.824
2024-04-29,480234785.3,235083427.80999997,123883253.33279999,68250558.74900001,38860821.888000004,14156723.555399999,107111380.63700002
2024-04-30,451703105.4,224758512.32000002,114293483.7173,62377691.538,37272494.247,13000923.5384,99650185.785
2024-05-01,347684190.8,202302801.454,74194083.1191,36147581.205,28010404.1987,7029320.8499,64157985.403699994
2024-05-02,376391547.8,211772400.87700003,88589108.6197,38893491.949,28929282.434499998,8207263.9406,67822774.3835
2024-05-03,422075272.4,221801112.09,105479713.0591,51717281.636,32394017.705799997,10683147.965200001,84111299.3418
2024-05-04,452071922.0,230623005.56,114325692.33350001,59757965.272,35095848.0454,12269410.7906,94853813.31740001
2024-05-05,461643777.4,234505891.61,115999557.54450001,62226664.908,36223142.027,12688521.3461,98449806.935
2024-05-06,477880001.9,237264047.26999998,121592981.08229999,66582834.04799999,38741376.649000004,13698762.8432,105324210.697
2024-05-07,479391936.9,236810318.89999998,122610837.0911,67298438.59200001,38788905.517,13883436.8005,106087344.109
2024-05-08,483290814.9,240068303.12000003,122876649.04570001,67910798.62799999,38543342.807000004,13891721.3418,106454141.435
2024-05-09,481868855.6,241169920.54999995,121808472.25760001,67210234.732,37893653.274,13786574.818300001,105103888.00599998
2024-05-10,482431482.3,241394678.46999997,122135791.40099998,67230102.362,37899084.502000004,13771825.6048,105129186.86400001
2024-05-11,483455207.2,241133261.37,123019190.155,67112996.38,38316495.638,13873263.6514,105429492.01799999
2024-05-12,472586633.3,241958114.87,118776248.701,62686523.593,36455111.2036,12710634.9083,99141634.7966
2024-05-13,476941115.6,242077919.92,119330621.29700002,65487470.89300001,36851071.974999994,13194031.5154,102338542.868
2024-05-14,478908330.1,240786519.9,120199987.92000002,67300635.09200001,37147007.96,13474179.1782,104447643.05200002
2024-05-15,479859855.7,242938428.64,119651798.69099998,66528697.626,37254974.879,13485955.826699998,103783672.505
2024-05-16,474174264.4,242775441.14000002,115767376.23900001,65333483.69499999,37164073.433,13133889.856199998,102497557.12799999
2024-05-17,479049300.3,240683842.47000003,120484334.18300001,66624362.582,37600230.683,13656530.431900002,104224593.265
2024-05-18,482356917.8,242905537.74,121859877.91799998,66762906.462,37241295.506000005,13587300.1017,104004201.968
2024-05-19,464953667.9,241136291.61999997,116277858.334,60478068.482999995,34829966.8741,12231482.5974,95308035.3571
2024-05-20,476844920.7,238874492.83,121456627.39,65650084.56999999,37684910.889000006,13178805.064,103334995.45899999
2024-05-21,476199476.7,235158152.12,121859946.902,67564164.782,38497571.900000006,13119641.0096,106061736.68200001
2024-05-22,472237699.4,231757750.57,121112226.39999999,67583862.842,38585328.97,13198530.6393,106169191.81199999
2024-05-23,474398249.7,233208589.32,121759974.545,67528904.948,38652302.015,13248478.8474,106181206.963
2024-05-24,479228869.6,235362715.7,123505905.215,67825420.813,39049017.462000005,13485810.4476,106874438.275
2024-05-25,478923880.7,238511198.35000002,122673824.75099999,66015324.410000004,38391615.40100001,13331917.8137,104406939.81100002
2024-05-26,463417750.7,235566844.73999998,117811343.38699996,61495654.75400001,36160069.358,12383838.5074,97655724.11200002
2024-05-27,477279200.6,235334275.43,123172074.29299998,66083541.314,39195400.127000004,13493909.429499999,105278941.44100001
2024-05-28,479358561.7,235634824.07,123136278.842,67493433.255,39347897.579,13746127.9728,106841330.83399999
2024-05-29,470127733.8,231647629.7,121282028.94800001,65396531.78300001,38168992.663,13632550.6621,103565524.44600001
2024-05-30,471408486.8,232596211.18,120136955.891,66719669.475999996,38434741.754,13520908.463799998,105154411.22999999
2024-05-31,469403203.1,228453160.03,120503140.061,67239603.316,39499529.280999996,13707770.3847,106739132.597
2024-06-01,444604768.6,224813055.16,110046807.87299998,60191417.15800001,37394049.414,12159438.9892,97585466.572
2024-06-02,427074478.5,217032328.12,108618810.285,55608636.361999996,34585861.0646,11228842.6665,90194497.4266
2024-06-03,460224251.1,230301124.62,117054316.76,63211243.173,36810162.841,12847403.6686,100021406.014
2024-06-04,471343179.0,235616563.45,119398522.314,65768527.415,37243901.344,13315664.4423,103012428.759
2024-06-05,472930932.0,236598322.68,119681174.20200002,65748395.452,37731298.735,13171740.963700002,103479694.187
2024-06-06,474748447.5,237206135.15,120429200.01399998,65727964.208000004,38147630.515,13237517.640099999,103875594.723
2024-06-07,477235904.6,237198327.37,121867695.29900001,66384885.114,38347835.578,13437161.243900001,104732720.692
2024-06-08,469183024.8,233125947.67999998,121376002.75099999,64044455.337,37468553.427,13168065.5996,101513008.764
2024-06-09,442867301.7,229009530.34,111973353.255,55245407.99299999,35098462.983100004,11540547.1588,90343870.9761
2024-06-10,376793145.1,214581441.19,85214292.81730002,38017895.459,31087517.1048,7891998.556999999,69105412.5638
2024-06-11,452984461.5,228286267.09,113875922.297,59955739.508,38661436.76,12205095.8656,98617176.268
2024-06-12,489407112.7,238150176.53999996,126484021.502,69031940.363,41489948.607999995,14251025.702,110521888.971
2024-06-13,490549685.2,235422336.77999997,128957656.30499999,70120143.439,41813734.147,14235814.580999998,111933877.586
2024-06-14,491378544.0,236421964.32999998,129157048.22600001,69964419.517,41631228.398,14203883.519000001,111595647.915
2024-06-15,484260397.6,236328326.64,126071824.57900001,67560171.05,40711245.378,13588829.9184,108271416.428
2024-06-16,457972936.6,232453302.19,115016038.637,60678808.319,37742115.254,12082672.2063,98420923.573
2024-06-17,480021438.2,233379483.02,124121870.91499999,67897884.109,40800421.779,13821778.351999998,108698305.888
2024-06-18,490702428.0,235948699.54,126948488.67000003,69981464.71700001,43439662.502,14384112.601,113421127.21900001
2024-06-19,493466288.8,238609170.73000002,127998853.78699999,70464849.695,41749883.46700001,14643531.091,112214733.162
2024-06-20,497647139.2,238522307.39,130108104.93499997,71517908.136,42349468.526,15149350.191000002,113867376.662
2024-06-21,502297827.5,241204548.91,131749595.54599997,71497068.384,42511238.891,15335375.763,114008307.275
2024-06-22,496782340.6,240448674.26000002,130125771.73300001,69866964.204,41268887.570999995,15072042.8217,111135851.77499999
2024-06-23,476360976.9,235247759.41000003,123419122.52899998,63745713.82,40261396.141,13686984.9786,104007109.961
2024-06-24,498731014.8,240067339.21000004,130522794.482,70693219.822,42267235.608,15180425.647699999,112960455.43
2024-06-25,505023167.2,242379626.14999998,131520406.11100002,72625589.99700001,43010136.47399999,15487408.488,115635726.471
2024-06-26,498331913.2,237520356.78,130656376.517,72147359.062,42645838.02599999,15361982.8294,114793197.088
2024-06-27,503805538.1,240982440.95,131588763.88499999,73217052.083,42519612.285000004,15497668.941000002,115736664.368
2024-06-28,501053970.3,240177528.53,131213686.073,71816708.385,42416592.135,15429455.129099999,114233300.52000001
2024-06-29,489895743.6,239062871.06,127228745.14109999,68289313.409,40628267.493999995,14686546.4813,108917580.903
2024-06-30,458207164.5,228886785.93,117494072.20430002,61755165.84,37071805.706599995,12999334.851499999,98826971.5466
2024-07-01,458903355.3,222278145.58,117394027.34109999,64876628.644,40673634.392000005,13680919.311099999,105550263.03600001
2024-07-02,480038625.0,226284611.71,127436966.82199998,68616721.505,42787832.669,14912492.3238,111404554.174
2024-07-03,486614793.0,224647783.41,131729607.59019998,71756872.233,43034144.239,15446385.5035,114791016.472
2024-07-04,492801764.0,227280429.35,133893315.59560001,72671696.71000001,43287122.461,15669199.901200002,115958819.171
2024-07-05,492795139.2,226328789.39,134066687.51390001,73075608.81799999,43386069.691999994,15937983.794,116461678.50999999
2024-07-06,486377107.9,226839675.82999998,131910642.58140002,70387586.146,41870987.661000006,15368215.617600001,112258573.80700001
2024-07-07,463889675.3,223221388.17999998,124428277.3647,63667539.551,38621988.224,13950481.969500002,102289527.775
2024-07-08,486342736.0,226816566.74,131658825.2372,70212949.16,42335932.734000005,15318462.189000001,112548881.894
2024-07-09,490178583.3,226687591.17000002,132313042.1362,72448694.011,43128330.852,15600925.1066,115577024.863
2024-07-10,490799491.8,225585710.15999997,133535700.981,72845769.71000001,43181737.591000006,15650573.3755,116027507.30100001
2024-07-11,493375886.6,227235885.4,134034550.03,73007078.413,43377911.79399999,15720461.0015,116384990.20699999
2024-07-12,494981935.1,228584580.99,134392457.1605,72858352.59899999,43427399.863,15719144.4925,116285752.46199998
2024-07-13,490144154.2,229633464.23,132549349.943,70868790.714,41876364.33,15216184.947700001,112745155.044
2024-07-14,467386686.2,225949380.04000002,125115532.7877,64048438.933,38438103.421000004,13835231.0215,102486542.354
2024-07-15,487223603.7,227685636.59,131651796.35940002,70000352.491,42479687.135000005,15406131.1081,112480039.626
2024-07-16,486983710.9,227116118.74,129751653.2175,71336931.177,43314850.942999996,15464156.8417,114651782.12
2024-07-17,495846472.3,229939471.51,133534961.17130001,73124116.196,43405154.230000004,15842769.1351,116529270.426
2024-07-18,497298723.1,226498705.87,136311120.2947,74505890.461,43864923.343,16118083.0867,118370813.80399999
2024-07-19,501927890.8,230760414.26999998,136641320.9772,74546025.137,43837305.388000004,16142825.075000001,118383330.525
2024-07-20,489048781.2,225882388.98000002,133783804.53999998,71601593.722,42136370.44800001,15644623.4804,113737964.17000002
2024-07-21,469849943.5,226207603.69,126387083.06550002,64296554.09900001,38872806.479,14085896.1761,103169360.57800001
2024-07-22,495434347.6,229426875.01999998,135525790.44030002,72011861.83999999,42834993.982999995,15634826.2674,114846855.82299998
2024-07-23,497647692.4,227209890.87,137090931.82529998,73577172.304,43719710.64300001,16049986.7612,117296882.94700001
2024-07-24,494239877.3,227083142.77,135250801.6867,72825284.169,43435416.661000006,15645231.9694,116260700.83000001
2024-07-25,456660008.1,215749088.13000003,121552312.4179,64843596.991,41206059.063999996,13308951.4987,106049656.05499999
2024-07-26,445804606.1,210453620.04,117999068.44060001,63265102.417,41345430.272999994,12741384.886999998,104610532.69
2024-07-27,463411823.6,219744642.76999998,122078354.01,67338503.741,41155311.515,13095011.5195,108493815.256
2024-07-28,455638254.8,220117859.98999998,119973534.8118,64134883.537,38792479.873,12619496.6098,102927363.41
2024-07-29,478982680.9,224187264.0,128413891.45189999,70334282.57300001,41721298.05,14325944.8774,112055580.62300001
2024-07-30,486852482.2,225843281.13000003,131479643.90389998,71900894.417,42798466.417,14830196.3485,114699360.83399999
2024-07-31,482603351.9,224682221.85,128815530.71990003,71521937.21599999,42723981.083000004,14859681.008100001,114245918.299
2024-08-01,475868416.9,226278738.76,122692861.1829,69682694.143,42721807.437,14492315.4013,112404501.58000001
2024-08-02,492621956.4,231007069.04999998,131417097.33359998,71685614.01900001,43180479.368,15331696.5961,114866093.38700001
2024-08-03,491675191.1,230051681.31,132848094.39340001,71575288.256,42039206.812,15160920.3627,113614495.06799999
2024-08-04,467862704.9,225595230.1,125707932.2789,64104822.677,38723259.410000004,13731460.401700001,102828082.08700001
2024-08-05,491276652.4,227776938.92000002,134081638.21389998,71275682.34200001,42823164.964,15319228.008299999,114098847.30600001
2024-08-06,498456298.9,228998025.23999998,136059092.5855,73701614.225,43772457.572,15925109.266,117474071.79699999
2024-08-07,498750319.8,229014858.61,136531221.70700002,73680789.05,43530755.42299999,15992695.014,117211544.47299999
2024-08-08,500606048.0,231192046.07,136451909.6976,73678428.152,43363030.79,15920633.250000002,117041458.942
2024-08-09,499715717.0,230783843.85999998,135968127.0197,73596016.994,43593147.58800001,15774581.520000001,117189164.58200002
2024-08-10,486223813.3,226456708.13,132428586.01799999,70068651.55299999,42159346.869,15110520.785,112227998.42199999
2024-08-11,469619559.8,227266139.96,125767971.01069999,63757121.279,39144359.587000005,13683967.9821,102901480.866
2024-08-12,495350083.1,231871393.24,134070078.0089,70985952.64500001,42946605.019,15476054.147000002,113932557.664
2024-08-13,497563083.3,231330718.26,134720692.63990003,72357621.968,43596310.594,15557739.807,115953932.56199999
2024-08-14,496756936.1,232308522.75,133837669.02989998,72201001.92500001,43183083.26499999,15226659.09,115384085.19
2024-08-15,491950515.2,232877852.91,129996622.1762,71222455.477,43018201.069000006,14835383.581,114240656.546
2024-08-16,477823149.1,227567936.04999998,123984891.77399999,69556383.874,42484735.919,14229201.416,112041119.793
2024-08-17,474297367.3,226387669.68,124827677.69530001,68237310.332,41004731.90800001,13839977.669200001,109242042.24000001
2024-08-18,451182650.9,223201841.75,117224901.187,60982839.967,37659991.859000005,12113076.175299998,98642831.826
2024-08-19,480146463.2,226830472.58999997,129226897.2207,68242637.306,41643253.762,14203202.310999999,109885891.06799999
2024-08-20,486643973.6,230120394.64000002,129512711.7645,70603831.792,42085283.662,14321751.77,112689115.454
2024-08-21,485041121.2,229333078.68,128499314.39930001,70839901.79699999,42084406.998,14284419.333,112924308.79499999
2024-08-22,485484929.2,226744953.32999998,130290841.3587,71477275.664,42410095.033,14561763.826,113887370.697
2024-08-23,494263738.4,232670955.26000002,132500048.0502,71615475.012,42632467.831,14844792.194,114247942.843
2024-08-24,486602493.1,230043610.63,130876872.0613,69804488.407,41457304.752,14420217.286,111261793.15900001
2024-08-25,469900610.0,228825072.38,125000254.52730002,63957217.119,38860754.545,13257311.398699999,102817971.664
2024-08-26,493551995.1,233382812.2,132511211.4074,70267592.401,42187618.640999995,15202760.408,112455211.042
2024-08-27,504037808.7,235562529.85000002,135299920.68960002,74155315.78400001,43233147.768,15786894.612000002,117388463.55200002
2024-08-28,520698141.7,254343836.75,134258340.0636,73415415.28999999,43149255.311000004,15531294.243,116564670.601
2024-08-29,497989929.2,232867496.26,133438047.75079998,73155125.74800001,43134390.941,15394868.504,116289516.68900001
2024-08-30,496376326.4,230910492.76000002,133586518.66659999,73216822.27700001,43256696.073,15405796.596,116473518.35000001
2024-08-31,479798796.4,225929788.35,128789731.92840001,69170295.793,41264869.95,14644110.370900001,110435165.743
2024-09-01,436572519.1,213596951.86999997,113578787.9209,59498362.106000006,37411889.787499994,12486527.441699998,96910251.8935
2024-09-02,473800933.4,217923192.54,130398527.78299999,68560258.3,41998959.55,14919995.212,110559217.85
2024-09-03,491339939.1,225009070.69,134535406.1331,72837395.16600001,43289069.021,15668998.086000001,116126464.187
2024-09-04,487919033.4,222567766.51,134051207.6537,72658606.668,43082640.48,15558812.053999998,115741247.148
2024-09-05,490535326.3,224040917.36,134536772.9086,73216141.96700001,43189034.899000004,15552459.17,116405176.86600001
2024-09-06,489924341.6,221453094.60999998,135314817.9868,73935587.463,43642335.364999995,15578506.167000001,117577922.828
2024-09-07,480501500.6,220692844.66,132073227.75860001,71013405.512,42103248.544999994,14618774.151,113116654.05699998
2024-09-08,461772972.7,218950033.8,124666845.90709999,65427433.822,39397283.989999995,13331375.1401,104824717.81199999
2024-09-09,480160467.7,219536043.29999998,131922642.45220001,71374035.045,42438343.239999995,14889403.633000001,113812378.285
2024-09-10,490356791.6,223866853.24,133993487.27319998,73763715.32499999,43256346.214999996,15476389.54,117020061.53999999
2024-09-11,493502196.2,225362571.91,134362928.5438,74531929.025,43561841.005,15682925.734000001,118093770.03
2024-09-12,499584508.6,226841490.26999998,135544784.0362,75129505.187,46200887.697000004,15867841.457,121330392.884
2024-09-13,498598404.6,228680122.22000003,135537523.4551,74967285.36899999,43401208.606,16012264.954,118368493.975
2024-09-14,488677606.6,227616600.81,131187307.087,72721866.148,41981883.714999996,15169948.839000002,114703749.863
2024-09-15,474732634.4,225888499.41000003,126715062.82159999,68115351.566,39915491.041,14098229.622,108030842.607
2024-09-16,446701738.9,218303409.04000002,116967009.9179,61369028.437,37763017.503,12299273.994799998,99132045.94
2024-09-17,374127616.6,204244724.23999998,84288795.8686,44217739.656,33002181.4015,8374175.480300001,77219921.0575
2024-09-18,449256412.4,216055040.98,118066646.57470003,61622487.094,40245217.686,13267020.0939,101867704.78
2024-09-19,488604456.3,225360235.37,132332081.40710002,72753249.396,42945755.564,15213134.561,115699004.96000001
2024-09-20,493829576.5,225710433.51999998,134996775.58990002,74432730.724,43268779.067,15420857.659999998,117701509.79100001
2024-09-21,493450429.0,227598834.84,134903648.3797,72959825.599,42622913.321,15365206.87,115582738.92000002
2024-09-22,465102390.9,221386905.20999998,125396520.14289999,65978006.021,39205762.076000005,13135197.472399998,105183768.097
2024-09-23,466095677.6,218576204.69,124712051.6955,68777274.431,40495762.887,13534383.852400001,109273037.31799999
2024-09-24,469935387.2,219743566.7,125261753.4218,69952091.805,41261633.652,13716341.6646,111213725.45700002
2024-09-25,477201855.7,221458944.32999998,128198627.9675,71050627.869,42225625.74300001,14268029.801,113276253.61200002
2024-09-26,483179466.1,223553191.29999998,130300508.4917,72282514.59200001,42508517.71,14534733.993999999,114791032.30200002
2024-09-27,486948829.4,226779908.52,130849782.7619,72623817.276,42185189.897,14510130.915000001,114809007.173
2024-09-28,489250204.0,231522400.95000002,130589385.5913,71834026.28,40934423.771,14369967.4073,112768450.051
2024-09-29,484363421.6,229522673.95,128871288.28660002,70770885.275,40735104.110999994,14463470.014,111505989.386
2024-09-30,465948255.6,225333405.61,121935773.20939997,65659857.114999995,39293625.101,13725594.529,104953482.21599999
2024-10-01,352796923.6,196900668.44700003,78250098.47929999,39935623.537,30098344.0122,7612189.0792000005,70033967.5492
2024-10-02,351365423.4,196254352.084,82252985.01079999,37094166.403,28381932.6098,7381987.2688,65476099.01279999
2024-10-03,379260620.1,200738550.77999997,95237343.05139999,44771496.183,29497617.3072,9015612.8068,74269113.4902
2024-10-04,416506297.5,210943174.96,107603085.99629998,54249727.716000006,33029557.7467,10680751.049700001,87279285.46270001
2024-10-05,439516754.1,217565758.87,113628334.1528,60607839.755,36062032.894999996,11652788.450000001,96669872.65
2024-10-06,455402272.7,221282936.68,118923990.5222,64499542.332,38016372.669,12679430.5375,102515915.001
2024-10-07,469924075.0,225177368.03,124264446.76849999,67674370.053,39267725.919,13540164.211,106942095.972
2024-10-08,474712617.0,228126857.06000003,124210186.9393,69137125.761,39689045.619,13549401.6499,108826171.38000001
2024-10-09,473031575.2,228261058.65,122849802.6982,68841033.381,39605636.61000001,13474043.9071,108446669.991
2024-10-10,469536914.0,224635268.01,122719621.6787,69226174.52600001,39468151.05499999,13487698.7232,108694325.581
2024-10-11,469641109.4,226200622.42999998,121885987.28289999,68765198.82699999,39179118.779,13610182.0765,107944317.60599999
2024-10-12,468899118.1,224351995.67000002,123200380.50099999,68620560.37,39179400.688,13546780.8974,107799961.058
2024-10-13,459486216.6,224334901.85,120601380.1883,64525817.763000004,37257204.79099999,12766911.9649,101783022.55399999
2024-10-14,483521921.6,231359029.54,127671049.69590002,69873458.16,40462930.665,14155453.528800001,110336388.82499999
2024-10-15,486074901.0,230065000.52,128399095.21260001,71660439.793,41464352.690000005,14486012.741799999,113124792.48300001
2024-10-16,473214963.4,224287196.82,123838397.6006,69861047.424,41078030.17299999,14150291.4097,110939077.59699999
2024-10-17,489756712.5,234540607.31000003,127440119.77409999,71941493.508,41377769.02,14456722.8747,113319262.528
2024-10-18,492715521.4,231817590.25,130417353.68550001,73446192.71,42117687.484000005,14916697.290999997,115563880.194
2024-10-19,490116077.8,234036322.99,128800392.41700001,71612124.229,41038202.712,14629035.471,112650326.941
2024-10-20,459423326.3,227989672.37,117889468.79469998,63764548.135,36927863.5704,12851773.4258,100692411.70539999
2024-10-21,477258303.9,230328419.768,123914856.3912,69004200.631,39956129.91,14054697.2218,108960330.541
2024-10-22,483844156.9,229547522.281,126817681.40509999,71781593.43,41194031.14700001,14503328.660999998,112975624.57700002
2024-10-23,480756220.3,230566502.608,124830652.9662,70896280.338,40296415.01499999,14166369.4038,111192695.35299999
2024-10-24,468843075.9,224319189.60900003,121874679.10079998,69356602.143,39383263.536000006,13909341.4985,108739865.67900002
2024-10-25,471049284.8,225135460.83699998,122450156.84059998,69715271.242,39808397.715,13939998.2173,109523668.957
2024-10-26,471562885.3,226486479.78300002,122605769.31879999,68915877.566,39619492.199,13935266.4097,108535369.765
2024-10-27,458351445.2,225965072.729,117639354.83729999,64055945.553,37861719.15,12829352.9548,101917664.70300001
2024-10-28,470651379.4,228364082.42000002,120614001.36610001,68479313.014,39460752.440000005,13733230.194,107940065.454
2024-10-29,473079335.9,228336934.56599998,121196652.52119999,69921965.028,39680427.841,13943355.929600002,109602392.86899999
2024-10-30,470045060.6,227761447.922,119722504.00670001,69337580.294,39310712.867,13912815.4791,108648293.161
2024-10-31,461357851.2,223237334.772,116781895.43740001,68295920.742,39458272.375,13584427.8223,107754193.117
2024-11-01,443601181.8,219437675.751,108341940.84229998,64514278.958000004,38848394.379,12458891.9175,103362673.33700001
2024-11-02,449269387.2,219223114.39400002,115015951.13559999,64025007.585,38079748.851,12925565.1881,102104756.436
2024-11-03,441609841.3,222297720.857,111437642.03459999,60529368.072,35359037.93490001,11986072.3934,95888406.00690001
2024-11-04,467660159.1,229257009.225,119168670.11659999,67305665.309,38481030.003,13447784.4433,105786695.312
2024-11-05,474665245.0,231474941.67700002,120387575.9757,69874345.47299999,39093945.003,13834436.889299998,108968290.47599998
2024-11-06,471591185.4,231669915.454,118992814.0427,68622208.99700001,38704232.362,13602014.568000002,107326441.35900001
2024-11-07,469750548.4,230936918.345,118222292.8122,68503387.13999999,38491045.794,13596904.2661,106994432.93399999
2024-11-08,473310948.5,233190684.55800003,118583172.77359998,69162483.185,38782653.768,13591954.168699998,107945136.95300001
2024-11-09,473848285.9,236245168.29,117862475.17130002,67985110.386,38409821.27599999,13345710.749400001,106394931.662
2024-11-10,455720318.0,230768895.23299998,112587556.0246,63366557.891,36688770.5661,12308538.285799999,100055328.4571
2024-11-11,470567987.8,231089227.609,118405257.37959999,68307483.769,39130960.044,13635058.986200001,107438443.813
2024-11-12,476612556.6,233232014.30200002,119782579.27450001,70060464.451,39582446.959,13955051.5869,109642911.41
2024-11-13,475846076.3,232985237.22500002,119580616.6759,69932860.394,39510077.125999995,13837284.884799998,109442937.51999998
2024-11-14,483669826.2,237904682.29200003,120371104.55589998,70917348.83,40380755.28,14095935.1947,111298104.11
2024-11-15,484874970.6,238402562.816,120129425.70449999,71145106.08399999,40977096.243999995,14220779.748,112122202.32799998
2024-11-16,468395820.2,235581926.182,113433073.99980001,67090636.041999996,38993238.666999996,13296945.3551,106083874.70899999
2024-11-17,454529548.6,235544216.407,109156905.11770001,61627497.89199999,35841988.895100005,12358940.259799998,97469486.78709999
2024-11-18,471581559.9,238791579.207,114647941.51579998,67080255.247999996,37638969.506,13422814.383,104719224.754
2024-11-19,473941973.6,237807890.946,115437674.4386,68749328.925,38315672.716,13631406.6223,107065001.641
2024-11-20,475933668.8,240127188.50399998,115165815.31210001,68751761.583,38338665.115,13550238.2909,107090426.69800001
2024-11-21,476554188.8,239694273.78,115996098.27700001,68966050.817,38399199.042,13498566.953200001,107365249.859
2024-11-22,471929719.9,235624990.855,115950480.4903,68603684.787,38142822.661,13607741.063700002,106746507.448
2024-11-23,469312915.2,237795709.701,114149478.39670001,67058311.836,37219795.55199999,13089619.7483,104278107.388
2024-11-24,454527112.1,235666844.03,109227612.55350001,62249206.35599999,35318342.0211,12065107.167000001,97567548.37709999
2024-11-25,469298600.0,236395153.553,114441162.1064,67507774.97299999,37890071.17,13064438.210700002,105397846.14299999
2024-11-26,472287419.1,236081333.63,116151726.5784,68545670.348,38060935.567999996,13447752.9453,106606605.91600001
2024-11-27,473913918.9,237963559.45999998,116371372.42749998,68546496.451,37379335.739999995,13653154.830600003,105925832.191
2024-11-28,473177401.5,237360021.57000002,116139067.6358,68410390.54800001,37632095.80199999,13635825.989799999,106042486.35
2024-11-29,469858269.6,235634180.64,115158762.25640002,67865599.841,37580184.963999994,13619541.883000001,105445784.805
2024-11-30,458266328.8,233597052.03000003,110680507.8658,64858662.008999996,36204920.169599995,12925186.743600002,101063582.17859998
2024-12-01,422814081.9,225408587.87,97473679.5012,55938782.655,33109445.541999996,10883586.2842,89048228.197
2024-12-02,448402033.9,225089020.51,110856840.98740001,63074470.952,36657390.371,12724311.082600001,99731861.323
2024-12-03,468980227.0,231436579.35999998,116895576.60479999,68566163.851,38391616.296000004,13690290.8802,106957780.147
2024-12-04,469619476.0,230598955.68,117819857.7744,68933339.639,38472906.507,13794416.3909,107406246.146
2024-12-05,472312371.0,232718214.59,117812536.80459997,69493324.81,38413834.559,13874460.277099999,107907159.369
2024-12-06,476839877.6,236977630.33999997,118327140.68249999,69218705.994,38440512.65099999,13875887.9313,107659218.645
2024-12-07,475888308.1,240103604.64,116546068.94330001,68040744.24499999,37636116.848,13561773.4495,105676861.093
2024-12-08,460627302.4,239382046.09000003,110580649.44350001,62944686.430999994,35170022.309700005,12549898.090599999,98114708.7407
2024-12-09,473914136.9,239667504.76,115941519.14879999,67269272.375,37339735.268999994,13696105.383700002,104609007.644
2024-12-10,479863202.3,240640626.29,117703237.7535,69388060.382,38208680.142000005,13922597.7814,107596740.524
2024-12-11,476620348.3,236472293.98999998,118010291.66409999,69431563.43,38757621.839999996,13948577.4218,108189185.27000001
2024-12-12,480403569.9,241507927.67999995,118309934.5273,69344443.57500002,37217752.594,14023511.5659,106562196.16900001
2024-12-13,481942960.0,241979727.38,118200735.00430001,69507308.711,38147263.118,14107925.7594,107654571.829
2024-12-14,474857979.7,240039895.56,116246578.2763,67588755.331,37149451.958,13833298.578200001,104738207.289
2024-12-15,453728446.4,237273545.51999998,107919826.48890002,61500824.197,34507569.8933,12526680.2472,96008394.0903
2024-12-16,463621603.0,236501752.92,111180382.8452,65691743.224999994,36797345.888000004,13450378.1111,102489089.113
2024-12-17,477007492.3,239473222.20000002,116431113.99159999,69009655.95500001,37959360.494,14134139.679,106969016.44900002
2024-12-18,484285579.0,243930946.29000002,118611192.78209998,69428433.074,37996293.061000004,14318713.8404,107424726.135
2024-12-19,488216390.4,246660159.39,119435122.0023,69657940.944,38010172.956999995,14452995.1385,107668113.901
2024-12-20,487164917.0,246449232.98000002,118535668.52739999,69783955.433,37964693.343,14431366.7259,107748648.776
2024-12-21,472227488.4,242765199.58,113119106.86850001,65517927.464,37088795.41,13736459.101100001,102606722.874
2024-12-22,467000409.1,243495653.92999998,111996716.8216,62816143.93,35513671.044,13178223.325,98329814.974
2024-12-23,478924048.6,241810308.21,117552515.5998,68044145.25999999,37444167.702,14072911.850900002,105488312.96199998
2024-12-24,483000717.5,242664566.42,118894285.31169999,69388673.413,37986826.145,14066366.2184,107375499.558
2024-12-25,481415135.6,241448510.13,118341480.67619999,69342466.475,38157077.537,14125600.7898,107499544.012
2024-12-26,478696269.0,238786505.39000002,118315560.02020001,69208787.17699999,38224539.509,14160876.9387,107433326.68599999
2024-12-27,480362928.1,241011669.85,118230764.9584,69094080.009,37826960.72,14199452.6029,106921040.729
2024-12-28,474845141.7,240087833.78,116127238.96519999,67770768.20799999,37013546.589,13845754.1674,104784314.79699999
2024-12-29,463368464.9,236488820.66000003,113456597.28609999,64477880.44,35601102.777,13344063.6736,100078983.21700001
2024-12-30,469413869.9,238100918.73000002,115294411.6216,65637173.158999994,36555200.551,13826165.8342,102192373.71
2024-12-31,457418322.7,235916715.67000002,110705779.7037,62519189.14400001,35127157.4027,13149480.7901,97646346.5467
2025-01-01,391422749.3,221250514.01000002,85611566.54230002,46432422.364,29104424.186499998,9023822.2224,75536846.5505
2025-01-02,444538834.1,228795543.1,108726747.574,59786433.265999995,34949448.822799996,12280661.2847,94735882.08879998
2025-01-03,458667728.4,225515043.09,115790261.7012,66704416.796000004,37160835.495,13497171.3498,103865252.29100001
2025-01-04,466083425.9,232752826.70999998,115834471.6302,67006332.260000005,37043099.055,13446696.242999999,104049431.315
2025-01-05,459963376.9,233959863.45,112552555.1798,64461650.535,35998927.521,12990380.2494,100460578.056
2025-01-06,463141174.0,230783310.35,115004372.9658,66552488.063999996,37238931.039,13562071.536199998,103791419.10299999
2025-01-07,468385216.3,233708369.53,115532036.81069998,67781464.649,37587143.159,13776202.1176,105368607.808
2025-01-08,464460441.6,230531573.10999998,115108387.8478,67352131.13,37692588.076,13775761.4007,105044719.206
2025-01-09,464408873.5,231112142.27,114758636.75129998,67042581.018999994,37754814.912999995,13740698.5316,104797395.93199998
2025-01-10,462461665.4,231074650.52,113805113.15799999,66559475.128000006,37340398.116000004,13682028.4737,103899873.24400002
2025-01-11,452991702.4,226627065.08999997,111551439.70930001,64574619.349999994,37057172.576000005,13181405.662700001,101631791.926
2025-01-12,434788910.9,219996539.61,106752569.0376,59912649.25,35775906.684,12351246.332200002,95688555.934
2025-01-13,440535343.5,220438813.91,108326990.90280001,62010540.835999995,36977552.929,12781444.902999999,98988093.76499999
2025-01-14,433896566.8,216145652.3,106617989.6315,61709054.475999996,36940755.248,12483115.136700002,98649809.724
2025-01-15,419311254.3,209006189.37,101836183.45750001,59767306.897,36962024.28,11739550.3271,96729331.177
2025-01-16,408519319.5,204316952.72999996,98670575.94729999,57451401.952,36799316.750999995,11281072.1032,94250718.703
2025-01-17,402761539.4,205344791.28,94915861.24750002,55146635.276999995,36473540.458000004,10880711.1533,91620175.735
2025-01-18,384510328.4,198114527.18,89205076.50629999,51615804.04000001,35526738.902600005,10048181.7412,87142542.94260001
2025-01-19,364600358.4,193651435.121,81588521.3397,46377675.389,34155983.8738,8826742.7001,80533659.26280001
2025-01-20,350479783.0,188851050.598,74341726.3849,44522054.960999995,34179434.791099995,8585516.3056,78701489.75209999
2025-01-21,327705016.5,179114900.68,66475530.985800005,41075269.531,33225048.7911,7814266.536099999,74300318.3221
2025-01-22,312675175.3,177009415.866,59121964.8401,37644493.598000005,32125025.1737,6774275.808,69769518.77170001
2025-01-23,287423462.4,166554533.192,51005283.974199995,33596713.0466,30566417.5512,5700514.601600001,64163130.5978
2025-01-24,263694665.9,157584487.811,43819014.7358,29095038.8824,28518459.756,4677664.6566,57613498.6384
2025-01-25,237027003.6,143017305.687,37756062.0455,26612065.8156,25846379.497399997,3795190.5126,52458445.31299999
2025-01-26,223305285.6,141602479.782,32571037.588499997,22508409.9021,23402607.68,3220750.6475,45911017.582100004
2025-01-27,205965836.1,133266637.16299999,28165672.4984,20038583.8723,21780454.1772,2714488.3926000004,41819038.0495
2025-01-28,192957334.6,127214278.685,25837349.354900002,16829120.893999998,20647582.159199998,2429003.4776999997,37476703.05319999
2025-01-29,187390302.8,124165309.788,24482806.6077,16318598.6136,20231127.678600002,2192460.1384,36549726.2922
2025-01-30,193549477.2,127024951.34799999,25073747.4151,18618477.814799998,20584944.5333,2247356.0664,39203422.3481
2025-01-31,196598624.7,128564239.05500002,25439164.5943,19489866.4115,20885381.4771,2219973.1160999998,40375247.8886
2025-02-01,198856101.4,128565544.28999999,26212329.6098,20285445.835699998,21490525.676900003,2302255.9727999996,41775971.512600005
2025-02-02,202984616.5,129828738.45500001,27456422.665900007,21220720.3582,22051622.5042,2427112.4981,43272342.862399995
2025-02-03,222053155.2,140877466.62300003,32113927.8555,23133505.383500002,23210306.9608,2717948.3844000003,46343812.3443
2025-02-04,238020053.6,149036085.415,36062870.702,25340408.0083,24607282.318699997,2973407.1181,49947690.32699999
2025-02-05,262206068.8,157316574.579,43262397.2563,29972981.2996,27746097.801099997,3908017.9132999997,57719079.1007
2025-02-06,287574410.7,165619103.486,52053203.9211,34689001.0347,30335593.810099997,4877508.4785,65024594.844799995
2025-02-07,305350763.5,167631440.84000003,60651999.9456,38984297.603,32200323.1306,5882701.9562,71184620.7336
2025-02-08,319522712.1,171735465.7,66246252.0793,41692995.199,33264568.0189,6583431.0578,74957563.21790001
2025-02-09,325433783.3,175131277.23999998,69102954.4954,41871471.664000005,32529687.4728,6798392.477700001,74401159.1368
2025-02-10,343386591.7,178830006.45,76230578.09719999,46235824.676,34234786.8466,7855395.6208,80470611.5226
2025-02-11,355743432.8,184800357.07000002,79855409.0905,47963560.792,34887539.4443,8236566.4304,82851100.2363
2025-02-12,350210384.4,186744353.21,75368450.6541,45635881.827,34794037.0455,7667661.6973,80429918.8725
2025-02-13,372500990.7,191403821.69,86131424.5089,50353155.4,35618932.388000004,8993656.6847,85972087.788
2025-02-14,386722330.2,196059161.17000002,91459273.64230001,53506714.481,35974253.649000004,9722927.2728,89480968.13
2025-02-15,395093804.3,201404812.68,94124551.18720001,54074752.452,35548787.5904,9940900.4147,89623540.0424
2025-02-16,393440931.5,202758584.82999998,94431803.84200002,52468137.603,34053367.5635,9729037.6768,86521505.1665
2025-02-17,409342601.5,202332967.11,101340703.009,58497864.772,36142756.718,11028309.8707,94640621.49000001
2025-02-18,424060029.7,207802780.31000003,105478775.10250002,61936379.254999995,37134411.487,11707683.5136,99070790.742
2025-02-19,433438740.9,212280287.45999998,108189732.21119998,63570085.801,37304275.524000004,12094359.855099998,100874361.325
2025-02-20,441485658.8,217243500.53,109634111.18180001,64835967.217,37426532.043,12345547.8411,102262499.25999999
2025-02-21,447665472.7,220751895.35999998,111150472.90770002,65682511.543,37414376.258,12666216.6401,103096887.801
2025-02-22,442858259.3,218083874.6,110957222.3262,64646718.187,36646026.76100001,12524417.4547,101292744.94800001
2025-02-23,429744954.4,216448924.75000003,106384852.07069999,60557042.73399999,34851149.0201,11502985.8367,95408191.7541
2025-02-24,448671212.3,219965310.58999997,113103189.05219999,65700426.436000004,36953746.822000004,12948539.4388,102654173.25800002
2025-02-25,449790664.7,216570769.23999995,114229899.1698,67944292.991,37582495.577,13463207.683400001,105526788.56799999
2025-02-26,453277276.6,218885299.44,114772638.54340002,68341799.396,37720869.72800001,13556669.5212,106062669.12400001
2025-02-27,455688883.7,221191209.93,114883409.39550002,68232004.008,37831094.975,13551165.3923,106063098.98300001
2025-02-28,453055651.5,221059301.39000002,112552715.8316,68357935.839,37770894.435,13314803.968500001,106128830.274
2025-03-01,439386389.3,223181113.79999998,104479392.6564,62766028.154999994,36644709.934999995,12315144.7425,99410738.08999999
2025-03-02,443181990.4,229519661.83,106324996.52720003,60218924.401999995,35322115.2999,11796292.3313,95541039.7019
2025-03-03,471923534.7,236466145.99999997,116053613.74010001,67565605.269,38452426.422,13385743.2978,106018031.69099998
2025-03-04,475219883.3,234864387.76000002,117323853.42060001,70306798.421,38839788.259,13885055.434999999,109146586.68
2025-03-05,476469218.5,236488502.14,117624597.90049998,70333168.586,38067321.369,13955628.464499999,108400489.955
2025-03-06,482751884.7,242060584.31,118057511.6092,70355736.555,38178291.05899999,14099761.1406,108534027.614
2025-03-07,484868125.3,243177686.97,118771652.96079999,70603190.59300001,38166388.030999996,14149206.704999998,108769578.62400001
2025-03-08,480836875.0,246451238.49999997,115806028.92290004,68124505.61,36870563.11,13584538.8358,104995068.72
2025-03-09,465762552.4,244786808.03000003,110091519.04450001,63153197.709,35126938.091,12604089.525400002,98280135.8
2025-03-10,483701867.8,248170250.7,115904111.68090001,68583450.866,37177766.797,13866287.804299999,105761217.66299999
2025-03-11,486776306.8,245239484.54999995,117537990.13299999,70590867.403,38921746.280999996,14486218.4718,109512613.68399999
2025-03-12,494234608.2,249852306.51000005,119278234.3727,71042651.852,39584777.138000004,14476638.26,110627428.99000001
2025-03-13,494536287.1,249413817.20999998,119026121.44820002,71745214.561,39827287.967999995,14523845.9305,111572502.529
2025-03-14,490069520.6,247368848.28,118168513.80639999,70797767.41999999,39321348.350999996,14413042.7112,110119115.77099998
2025-03-15,478026458.1,245135713.15,113395692.5089,67394590.535,38423642.933000006,13676818.957,105818233.468
2025-03-16,452939276.0,240154478.0,104541637.87030002,60756447.916,35238866.0312,12247846.195,95995313.9472
2025-03-17,477453399.3,241876677.5,115417069.21270002,68204456.192,37818934.548,14136261.884200001,106023390.74000001
2025-03-18,487740951.7,245072645.84000003,118294609.4473,71059713.147,38732032.417,14581950.8422,109791745.56400001
2025-03-19,490463680.4,247714321.76999998,118411716.90010002,71152004.044,38832699.737,14352937.9776,109984703.781
2025-03-20,491404614.3,248552425.92,118366437.97369999,71534988.009,38782156.332,14168606.142800001,110317144.341
2025-03-21,492621970.8,250880915.35,117828181.55099998,70952464.581,38773915.291,14186494.047300002,109726379.87200001
2025-03-22,487846169.6,251152955.23000002,116057150.1187,69061366.701,37635959.575,13938737.9492,106697326.27600001
2025-03-23,468905597.4,246214309.68,110096435.21560001,64358132.430999994,35588379.869,12648340.238999998,99946512.3
2025-03-24,491181391.1,251527314.42999998,117460685.7447,69847293.111,38431583.308,13914514.446700001,108278876.419
2025-03-25,496824585.0,250856633.08,119766993.1226,71980284.039,39964184.796,14256489.9267,111944468.83500001
2025-03-26,499330779.6,251253832.91,120727204.41149999,72759129.88,40415526.718,14175085.6706,113174656.59799999
2025-03-27,502554925.9,252925549.26,121555223.1245,73000193.282,40852087.116000004,14221873.1263,113852280.398
2025-03-28,500377732.9,254224585.95000002,120686763.9572,71816123.659,39597364.839999996,14052894.4872,111413488.49899998
2025-03-29,491748022.7,251985188.76999998,118428198.9909,69707927.77499999,37923434.414,13703272.767099999,107631362.18899998
2025-03-30,475062060.4,247166784.96000004,113961730.918,65118135.037999995,35924052.104,12891357.400700001,101042187.14199999
2025-03-31,481222727.2,245579723.32999998,115553986.8247,68843424.654,37554246.04399999,13691346.3119,106397670.69799998
2025-04-01,477093180.6,243734579.32999998,112205234.06359999,69559616.526,38084742.123,13509008.5312,107644358.64899999
2025-04-02,487078665.3,247769946.75,116706050.21239999,70076778.281,38604972.150000006,13920917.886400001,108681750.43100001
2025-04-03,478053402.5,244061702.94000003,114636134.5752,67976423.229,38062450.686000004,13316691.0416,106038873.915
2025-04-04,405241165.1,234087156.80999997,85218516.67670001,46016699.072,30880481.2813,9038311.241199998,76897180.3533
2025-04-05,438609338.3,240668818.89999998,100326696.96609999,53498478.304,32960206.290599998,11155137.8311,86458684.59459999
2025-04-06,472063027.5,247673207.51999998,110936076.9683,63899548.620000005,36290615.187,13263579.237300001,100190163.80700001
2025-04-07,491144073.3,250103357.48000002,117960472.4121,69764478.414,38759746.568,14556018.483800001,108524224.98200001
2025-04-08,499618544.5,252632522.40999997,120407542.3473,72044913.732,39693458.263000004,14840107.746299999,111738371.995
2025-04-09,501294229.4,252037817.51999998,121298195.75580001,72884534.70199999,40022928.303,15050753.070200002,112907463.005
2025-04-10,501229781.1,251343767.14,121663111.0507,72632389.498,40669221.478999995,14921291.9517,113301610.977
2025-04-11,501620981.7,251047087.92,122007916.7098,73177705.45300001,40625402.769,14762868.8593,113803108.222
2025-04-12,496556425.9,250726191.55,120864383.32699999,71189535.555,40052433.238000005,13723882.2383,111241968.79300001
2025-04-13,473796893.9,247625458.06,112407173.3205,64714507.313,36492685.762,12557069.406100001,101207193.075
2025-04-14,491439016.2,249686746.73000002,119439807.44279999,69674277.197,38833207.418000005,13804977.453500003,108507484.61500001
2025-04-15,494883506.2,251303906.81999996,118791830.0008,71205392.21599999,39739320.752,13843056.3849,110944712.968
2025-04-16,489007512.7,250469718.91,114610528.859,70309898.192,39833908.249000005,13783458.4778,110143806.44100001
2025-04-17,498854875.1,250991266.6,120706100.23439999,72147214.007,40710563.745,14299730.5163,112857777.752
2025-04-18,505586613.8,252962880.01,123536593.38049999,73300461.789,41314564.168,14472114.4799,114615025.957
2025-04-19,499712522.8,251517535.9,122155868.8457,71383753.779,40549192.782,14106171.4342,111932946.56099999
2025-04-20,480708263.0,251093619.55,114074859.1188,65318152.809,37738246.908,12483384.6371,103056399.71700001
2025-04-21,501343792.4,253235389.95000002,122087479.36129999,70914508.384,40980092.722,14126321.9942,111894601.106
2025-04-22,510950250.1,252768418.45000002,125921922.76799999,74830189.836,42581416.274,14848302.7932,117411606.10999998
2025-04-23,509599589.1,253717149.95,124768319.2696,74273870.566,42286933.135,14553316.149500001,116560803.701
2025-04-24,498576131.6,247967951.18,122173746.62499999,73000406.306,41153284.712,14280742.8204,114153691.01799999
2025-04-25,494126823.6,247581464.39000002,120454036.46629998,71626106.21399999,40403898.506,14061318.0494,112030004.71999998
2025-04-26,484494399.7,244959733.39,117990434.0568,69021841.119,38858712.312,13663678.822800001,107880553.431
2025-04-27,479838484.8,242145395.67000002,115933817.6447,68837604.907,39388754.084,13532912.4666,108226358.991
2025-04-28,492841657.0,245147703.43,120619958.8379,72071374.03600001,40823888.92,14178731.751300002,112895262.95600002
2025-04-29,490602307.7,243957950.25,120434653.15460001,71652023.672,40328171.160000004,14229509.427000001,111980194.83200002
2025-04-30,473850768.0,240666250.72,113524981.80809999,67389240.046,38933838.942,13336456.436,106323078.988
2025-05-01,373347791.6,219800029.46400002,72799545.21199998,42358289.629,30908462.363499995,7481464.950999999,73266751.99249999
2025-05-02,379670644.2,219338307.966,80202090.6951,41373302.070999995,30579462.298,8177481.157399999,71952764.36899999
2025-05-03,428942261.6,231339628.91000003,98208929.61740002,54569750.878,33987116.351399995,10836835.8669,88556867.2294
2025-05-04,456106876.0,235914424.03,108255852.30289999,62634638.686000004,36965790.186,12336170.76,99600428.87200001
2025-05-05,478190248.9,241952107.12000003,115204484.27770002,67906272.046,39292862.96,13834522.54,107199135.00600001
2025-05-06,502589594.7,250044004.52000004,122036335.7832,72792143.866,41975041.05,15742069.4494,114767184.916
2025-05-07,498942966.5,248625359.11,120875057.07000001,72518851.725,41183675.418,15740023.151800001,113702527.14299999
2025-05-08,500625917.7,247432684.59,120956226.94399998,73391156.267,41579908.953,17265940.9527,114971065.22
2025-05-09,507572014.4,249812899.72000003,124398998.493,74619972.656,42771302.603999995,15968840.888300002,117391275.25999999
2025-05-10,498151184.7,248219283.57,122120575.305,72325411.881,41226520.408999994,14259393.488100002,113551932.28999999
2025-05-11,474236954.1,244179943.21999997,113934069.218,65238611.899000004,37980362.595000006,12903967.1385,103218974.49400002
2025-05-12,492475733.3,247057219.89000002,119571567.198,70108940.45199999,40161683.138,15576322.660200002,110270623.58999999
2025-05-13,500369710.5,247411081.88,122323007.669,72732371.137,41223493.926,16679755.8551,113955865.063
2025-05-14,507081057.3,249587155.81000003,124176444.45199999,73809877.78299999,42138228.373,17369350.8928,115948106.15599999
2025-05-15,510031588.7,251358129.99999997,124524570.11199999,73878335.39,42850160.018,17420393.225700002,116728495.40799999
2025-05-16,506970379.5,251376628.59999996,121679574.481,73247859.346,43350029.267,17316287.7589,116597888.613
2025-05-17,508593616.9,252161357.05999997,123437139.68200001,73296067.836,42426625.31,17272426.9767,115722693.146
2025-05-18,490637926.7,250068045.87,117958897.694,67192499.834,39645377.414000005,15773105.863300001,106837877.24800001
2025-05-19,513448362.4,254241065.89,125814900.28300002,73398332.348,42950049.994,17044013.9122,116348382.34200001
2025-05-20,515540620.4,251386615.85999998,126800246.49399999,75665079.057,43918536.975999996,17770142.0781,119583616.03299999
2025-05-21,520007432.4,251629594.78999996,128230562.06800002,77161686.363,44521385.527,18464203.6745,121683071.89000002
2025-05-22,524637133.8,253167826.51,130300284.41600002,77674058.41600001,44874020.160000004,18620944.332000002,122548078.576
2025-05-23,524073566.8,252257807.72000003,130771525.74200001,77564732.919,44862628.837000005,18616871.639000002,122427361.75600001
2025-05-24,508116460.3,249787886.39000002,124638862.01,73619031.72299999,42461318.139,17609362.0227,116080349.86199999
2025-05-25,485454777.8,248196227.61999995,115399578.957,66599097.892000005,39139398.281,16120475.0993,105738496.17300001
2025-05-26,494175811.6,248261199.16,118042469.85700001,70557476.897,40517877.695999995,16796788.0184,111075354.593
2025-05-27,501372956.1,248167259.75,120734291.059,73557359.71700001,41755028.93,17159016.6437,115312388.64700001
2025-05-28,500625393.9,247635217.51999998,120470614.49,73506292.067,42054489.186000004,16958780.6167,115560781.253
2025-05-29,493318600.2,244319528.58,118039094.67899999,72661733.91100001,41472891.19899999,16825351.887599997,114134625.11000001
2025-05-30,476458997.6,237500167.58999997,113179105.07,69161012.214,40348327.607,16270385.143199999,109509339.82100001
2025-05-31,383879225.9,217270946.78,77869228.15739998,44831402.83,32870740.3265,11036907.8071,77702143.1565
2025-06-01,409534391.2,222383636.54,90018413.536,49276142.516,35420231.860999994,12435966.7102,84696374.377
2025-06-02,472510241.5,233977088.68,115672822.87199998,65630793.86000001,40984367.23200001,16245168.824299999,106615161.09200001
2025-06-03,492509800.9,239395682.04,120921755.61,72026459.356,43033329.268,17132574.6168,115059788.62400001
2025-06-04,493410753.6,238905494.25,121242210.14099999,73443362.00299999,42699979.953999996,17119707.251399998,116143341.95699999
2025-06-05,494165996.0,237292433.23,123078126.861,73723521.716,42697446.792,17374467.38,116420968.50800002
2025-06-06,499500714.0,235392497.92000002,126489428.59799999,75904654.44999999,43816195.572,17897937.4494,119720850.02199998
2025-06-07,502023979.5,237487874.12,127456064.11099999,75698215.255,43415507.004,17966318.982800003,119113722.259
2025-06-08,479895019.7,228611884.86,122876404.90300001,69884142.822,41562584.956999995,16960002.1969,111446727.77899998
2025-06-09,502686682.9,233986387.84,130339860.515,75448038.004,44544371.51,18368025.057,119992409.514
2025-06-10,509519987.3,234791001.91,132143027.60799998,78231987.433,45483982.984,18869987.393,123715970.417
2025-06-11,510157607.1,235230009.64000002,132077351.81499998,78198259.531,45664170.55200001,18987815.586,123862430.083
2025-06-12,516145006.9,239979888.29000002,132930727.00699997,78485159.508,45710004.799,19039227.314,124195164.30700001
2025-06-13,515486302.9,240106334.67000002,132225525.867,78438498.887,45726651.927999996,18989291.588000003,124165150.815
2025-06-14,502332964.5,237172479.32,128062846.20400003,75165668.011,43915848.063,18016122.8849,119081516.074
2025-06-15,471269767.1,230816185.11,117136254.91499999,66731165.971,40483454.74600001,16102706.3983,107214620.71700001
2025-06-16,490272497.1,234114939.26,121883729.92900002,72558871.52199998,44038812.335,17676144.093000002,116597683.857
2025-06-17,497534649.7,235377740.73000002,124669128.89999999,75690172.45199999,44112488.399000004,17685119.217600003,119802660.851
2025-06-18,507986201.5,238925235.07999998,127824440.102,77940380.861,45035194.983,18260950.466100004,122975575.84400001
2025-06-19,509724842.1,238234082.29000002,129007613.47700001,78977031.80199999,45131272.710999995,18374841.797000002,124108304.51299998
2025-06-20,510828245.8,238690545.99999997,129598265.56099999,78887667.57900001,45283415.963,18368350.697000004,124171083.54200001
2025-06-21,499813383.0,234169311.05,127961811.73700002,76746331.44,43511152.927,17424775.898000002,120257484.367
2025-06-22,479364895.7,230311488.44000003,121860328.78199999,71038376.82,41129620.493,15025081.1389,112167997.313
2025-06-23,503221940.2,233120181.17000005,131558914.21000001,77723574.86899999,44764236.398,16055033.586000001,122487811.26699999
2025-06-24,508061807.6,232896069.01,132969197.82100001,79750182.222,46014953.426,16431405.118,125765135.648
2025-06-25,511544347.3,236245789.03,133015518.811,79893856.077,45925511.567,16463671.799,125819367.64400001
2025-06-26,509193960.2,234243263.84000003,132805497.014,79629921.015,46031020.907,16484257.455,125660941.92199999
2025-06-27,512906004.2,237213387.71,133576708.06199999,79760415.928,45794481.577,16561010.969999999,125554897.505
2025-06-28,499339047.7,234317375.72,129654343.19799998,75904025.817,43700523.171000004,15762779.794,119604548.988
2025-06-29,476129902.6,232166766.37,120992471.302,68631144.624,40312551.20200001,14026969.1232,108943695.826
2025-06-30,490157706.0,230467332.84,125280567.868,75558332.589,43521063.41599999,15330409.305,119079396.005
2025-07-01,481349166.2,225856017.39,120552506.49500002,74826909.88100001,44930842.368999995,15182890.0428,119757752.25
2025-07-02,493712200.5,226454107.93,128542201.162,76887792.604,45863774.04000001,15964324.788,122751566.64400001
2025-07-03,503574578.1,229501719.86,132225466.45,79468066.352,45998289.19,16381036.23,125466355.542
2025-07-04,504530764.6,229484280.59,133365809.79000002,79327589.55,45960758.212000005,16392326.482,125288347.762
2025-07-05,497232425.8,231139464.79000002,129337614.091,76283401.78,44268680.822,16203264.2921,120552082.602
2025-07-06,478927630.3,229944660.20000002,121611764.839,69736940.713,41220071.19100001,16414193.3138,110957011.90400001
2025-07-07,506199897.3,234019544.51,130292165.24300002,77828188.405,45205477.156,18854522.02,123033665.561
2025-07-08,515576237.6,236752398.3,132495773.45199999,80687777.035,46203100.936000004,19437187.869,126890877.971
2025-07-09,498378406.7,226427015.82,128927705.53900002,78684809.299,45586844.032,18752031.997,124271653.331
2025-07-10,491555024.9,226960658.97,124475128.413,77464184.038,44825591.535,17829461.904600002,122289775.573
2025-07-11,489373459.4,230242662.35999998,121806288.95899999,75829371.837,44250515.892,17244620.3152,120079887.729
2025-07-12,485469703.0,229781476.02,121304635.71870002,74157831.19,43111564.645,17114195.3891,117269395.83500001
2025-07-13,471097521.1,230093638.42999998,116589705.6598,67871865.83500001,40409409.921,16132901.2474,108281275.75600001
2025-07-14,498566711.7,234310884.74,125332094.02549998,76313147.333,44537146.78,18073438.838,120850294.113
2025-07-15,502079829.1,231011000.65,127046161.0478,78999102.07000001,46179638.167,18843927.204,125178740.23700002
2025-07-16,508466249.1,238011582.76000002,126038337.46140002,78999049.37,46497721.025000006,18919558.445,125496770.39500001
2025-07-17,513054441.7,238291134.10000002,129584395.83080001,79580828.134,46448030.12099999,19150053.553,126028858.255
2025-07-18,512971989.0,236912876.97,130587790.5517,80237094.039,46155362.736,19078864.718,126392456.775
2025-07-19,506044428.5,239550095.0,127207401.1795,76410783.896,44297144.621,18579003.772000004,120707928.51699999
2025-07-20,479525320.2,232525308.64,118547626.83649999,70050775.229,41607506.485,16794102.9792,111658281.714
2025-07-21,490274330.8,230686100.04999998,123508033.86170001,74123639.537,44501333.285000004,17455224.1041,118624972.822
2025-07-22,493960550.0,231321633.5,123693640.32010001,76066412.222,45112447.853999995,17766416.0891,121178860.076
2025-07-23,502045196.7,232348114.23,127547226.02399999,77917260.87900001,45672694.249,18559901.279999997,123589955.128
2025-07-24,510036482.1,236529505.54,129604260.16300002,78898353.411,45941531.978999995,19062830.994,124839885.38999999
2025-07-25,508973569.6,234656670.08,130237079.50429998,78750744.052,45923727.614,19405348.323999997,124674471.66600001
2025-07-26,502475118.9,236884781.07,127203580.14739998,75730073.116,43991727.409,18664957.1012,119721800.525
2025-07-27,480715629.4,235474577.19000003,118909481.62370001,68842297.049,40989066.752,16500206.7845,109831363.801
2025-07-28,505287971.6,238034510.92999998,127320154.75879999,76567187.10000001,44819980.733,18546138.078,121387167.833
2025-07-29,511183429.0,238517380.59,128757688.6993,79240468.989,45657598.688,19010292.056,124898067.67699999
2025-07-30,514312847.5,239186036.42000002,130259951.70120001,79568129.671,46031073.018999994,19267656.687,125599202.69
2025-07-31,505924999.4,236825615.41999996,126371399.53709997,78387255.5,45261311.58,19079417.349,123648567.08
2025-08-01,493023785.1,237256096.60999995,118394791.7543,74089525.61000001,44995384.206,18287986.947,119084909.81600001
2025-08-02,498251049.1,240048778.75000003,122616267.7931,73367232.14,44012794.50399999,18205975.88,117380026.644
2025-08-03,484557121.2,240146837.09,118802597.7672,68230654.35499999,40826830.761,16550201.2412,109057485.116
2025-08-04,507246564.2,242196304.17000002,126518623.12739998,75984474.373,44354567.044,18192595.446,120339041.417
2025-08-05,513439949.1,244765259.52999997,127016109.00049998,78059507.185,45318089.303,18280984.106,123377596.488
2025-08-06,519989546.9,246460245.72,129111279.9899,79759933.75999999,45965851.078,18692236.351,125725784.838
2025-08-07,523093413.8,247004902.46000004,131426056.8783,80185840.69999999,46488061.083000004,17988552.68,126673901.78299999
2025-08-08,528338276.7,248146026.43000004,133389746.19259998,80971768.844,46817352.203,19013383.053,127789121.04699999
2025-08-09,521761949.0,250227707.28,130489944.57999998,77424394.97500001,44707440.653,18912461.502,122131835.628
2025-08-10,494617192.2,242531738.02,122978109.52849999,70481422.237,41310862.135,17315060.2252,111792284.37200001
2025-08-11,524468413.9,250006245.86,131934530.84,77878447.13800001,45379501.779999994,19269688.273,123257948.91800001
2025-08-12,527097158.1,245605498.32000002,134184731.98659998,81001803.955,46524004.60299999,19781119.267,127525808.558
2025-08-13,529465202.8,249400749.65999997,133854708.53649999,80284162.955,46177771.366000004,19747810.301,126461934.32100001
2025-08-14,518992751.1,244847024.28,130205301.05549999,79024795.75600001,45791766.719,19123863.305,124816562.47500001
2025-08-15,523945392.5,248823699.40999997,130105863.78700002,79657295.593,45950679.89300001,19407853.766,125607975.486
2025-08-16,510716972.5,248745823.61,123714708.46489999,75563048.509,44115674.38,18577717.499199998,119678722.889
2025-08-17,492795431.7,245120919.08,118955493.8487,70069645.634,41453401.931,17195971.175,111523047.565
2025-08-18,515686620.8,241805582.6,130757907.81979999,78509952.833,45467442.285000004,19145735.299,123977395.118
2025-08-19,526337238.0,245658933.49,133826007.83610001,80713453.93,46540562.25400001,19598280.466000002,127254016.18400002
2025-08-20,522556073.9,244844314.86,132599789.5725,79706465.79699999,46156145.025,19249358.601,125862610.822
2025-08-21,521153495.6,249992063.95000002,131062881.64710002,78832367.35900001,45848681.162,15417501.463,124681048.52100001
2025-08-22,526509875.1,252585481.14999998,132351249.43190002,79530974.246,46064116.824,15978053.453,125595091.07000001
2025-08-23,523281680.7,253418705.96,131820256.2853,77635831.83,44660506.626,15746380.036999999,122296338.456
2025-08-24,500708493.7,248280711.89,125440895.45950001,70992162.00999999,41882883.81200001,14111840.579699999,112875045.822
2025-08-25,527431534.8,253327870.21,133168400.74199998,79193244.04499999,45701950.081,16040069.765,124895194.12599999
2025-08-26,532058141.5,253859660.13,134273434.3951,81143593.646,46450636.611,16330816.759,127594230.257
2025-08-27,526533682.6,250580567.93999997,133407751.9633,80292706.375,46062065.926,16190590.409,126354772.301
2025-08-28,530941884.7,251897631.54000002,134577848.5748,81439258.29999998,46544072.60699999,16483073.711,127983330.90699998
2025-08-29,527771270.5,250807873.04000002,133927152.0977,80347057.664,46402732.761,16286454.939000001,126749790.42500001
2025-08-30,520454315.9,252538140.20999998,131077018.56719998,76710563.093,44598854.054,15529739.9781,121309417.14699998
2025-08-31,486635635.5,243837535.48000002,119571014.6754,68672713.935,40904683.77600001,13649687.674299998,109577397.71100001
2025-09-01,498321787.7,245639566.76999998,120988059.60479999,72779048.699,44481064.32800001,14434048.332600001,117260113.02700001
2025-09-02,514743382.7,247720581.0,129303344.13739999,76722429.27000001,45849829.484000005,15147198.770600002,122572258.75400001
2025-09-03,519041154.8,246776859.27999997,131741961.6751,78905870.044,46140805.199,15475658.63,125046675.243
2025-09-04,528047738.3,251095579.71000004,133874809.5142,80342467.051,46790006.86100001,15944875.170000002,127132473.912
2025-09-05,528655464.6,252110842.55,133445418.13810001,80182986.61,46894582.458,16021634.824,127077569.06799999
2025-09-06,519153939.7,254158759.19,128480376.09269999,76173285.202,45334060.052,15007459.223800002,121507345.25400001
2025-09-07,505545939.7,252784120.99,125105450.97850001,71298599.12799999,42712429.277,13645339.3807,114011028.405
2025-09-08,530890666.2,256138938.08999997,133277800.3748,79534200.237,46446889.762,15492837.716,125981089.99900001
2025-09-09,537820483.6,258121514.01,135102670.71389997,81705020.425,47147913.098,15743365.385,128852933.523
2025-09-10,539238660.8,258679061.51,135604652.4059,81478933.66,47411456.105000004,16064557.121,128890389.765
2025-09-11,535193023.3,254981632.09999996,135144285.54639998,81647434.27399999,47240374.916999996,16179296.48,128887809.19099998
2025-09-12,538986041.7,255990672.99999997,136697424.76399997,82276000.87699999,47482983.139,16538959.876,129758984.01599999
2025-09-13,532548791.1,255730535.38000005,134987076.90670002,79625164.407,46100439.4,16105574.975,125725603.80700001
2025-09-14,506871550.2,249201337.92000002,127390573.9512,72810613.818,42903291.871,14565732.6474,115713905.68900001
2025-09-15,529627329.8,253209258.92,134143346.08749999,79575793.689,46550036.719,16148894.324000001,126125830.40799999
2025-09-16,529646082.8,252662214.53,132434049.896,80784655.12099999,47375678.767,16389484.464,128160333.88799998
2025-09-17,534735676.4,251959726.59,135995089.118,82808272.988,47508112.975,16464474.703,130316385.963
2025-09-18,540574623.3,255268763.34000003,137726766.207,83392051.211,47536591.319,16650451.280000001,130928642.53
2025-09-19,538379566.0,257439365.65,135633804.68230003,82341593.398,46829024.97,16135777.324000001,129170618.368
2025-09-20,525460134.4,255813322.3,130577747.03620002,78793820.387,45094624.242000006,15180620.4363,123888444.62900001
2025-09-21,507773579.8,252554419.82,125387473.05129997,73011712.76900001,42721334.216,14098639.8843,115733046.98500001
2025-09-22,527182623.5,253604592.4,132667899.13970001,79305702.388,45757869.889,15846559.665,125063572.277
2025-09-23,533811919.1,254836952.46000004,134175904.1045,81784791.49399999,46953688.552999996,16060582.51,128738480.04699999
2025-09-24,527639644.2,252522006.59,132066196.57319999,80877527.847,46590557.026,15583356.16,127468084.873
2025-09-25,533780799.9,254199577.19,134247838.16570002,82049783.96700001,47101865.918,16181734.673999999,129151649.885
2025-09-26,535710861.1,253794339.31,135801888.2054,82435043.15399998,47086355.405,16593235.022,129521398.55899999
2025-09-27,528840396.6,251805699.45999998,134958504.6154,80254418.476,45725367.912,16096406.127,125979786.388
2025-09-28,525398443.9,249463570.88,133658117.653,80039429.847,46120507.911000006,16116817.625,126159937.75800002
2025-09-29,534604959.4,254766473.62,135724614.2391,81006280.79299998,46764224.489,16343366.226,127770505.28199998
2025-09-30,508419141.1,246625567.17000002,126731261.05749999,75552652.664,44342403.661000006,15167256.522999998,119895056.32500002
2025-10-01,404276559.4,223590465.21,87550526.81700002,49741428.923999995,34248196.6097,9145941.8301,83989625.53369999
2025-10-02,407108978.7,221346925.36,95067954.6117,47623240.256,33598699.9363,9472158.5557,81221940.19229999
2025-10-03,437882666.4,228347671.29,108576586.27260001,55030892.04,34833206.3551,11094310.465100002,89864098.3951
2025-10-04,467262133.7,233451961.52000004,118918638.93339998,63810142.046000004,38285681.358100004,12795709.874100002,102095823.4041
2025-10-05,473144397.1,235905613.31,118647217.69390002,65963932.493,39662862.857,12964770.725900002,105626795.35
2025-10-06,421846983.5,225409994.07999998,95605621.17040001,53966676.747,36859224.5818,10005466.9262,90825901.3288
2025-10-07,482288399.4,239572404.58999997,120374862.60440002,66571697.816,42223592.775,13545841.602699999,108795290.59099999
2025-10-08,513737499.1,245960046.52,132300149.6686,75539202.96100001,44616523.441,15321576.475499999,120155726.40200001
2025-10-09,524784126.2,247893253.28999996,134875984.90030003,79673411.339,46341813.003,15999663.673,126015224.34200001
2025-10-10,528571479.7,249765187.76999998,135291984.2513,80598463.39199999,46723956.292,16191888.006,127322419.68399999
2025-10-11,531593140.4,252890867.89000002,135292985.55049998,80660473.418,46644206.703,16104606.825,127304680.12099999
2025-10-12,517166662.9,251808875.35000002,130560101.4697,75536898.058,44207752.456,15053035.6003,119744650.514
2025-10-13,533379793.7,253595973.28,135780794.26540002,80709395.62900001,47017741.258,16275889.254999999,127727136.88700001
2025-10-14,537122281.0,254714401.22,136701885.3561,81932418.15200001,47253005.587000005,16520570.704,129185423.73900002
2025-10-15,533906370.1,255047334.06,134461200.43989998,81124530.128,47016181.34900001,16257124.124,128140711.47700001
2025-10-16,530162391.9,255332658.32999998,131172700.21800001,80655493.975,46735634.705,16265904.648,127391128.67999999
2025-10-17,535612972.0,257444779.0,134012564.81300001,80979120.069,46779772.096999995,16396736.05,127758892.16600001
2025-10-18,529514202.7,255692356.2,132849151.56440002,79307579.184,45519312.596,16145803.140000002,124826891.78
2025-10-19,503249274.9,252564798.83,123447531.05999999,71618250.21,41560729.78299999,14057965.0619,113178979.99299999
2025-10-20,511183838.0,252473891.02,124864826.9192,75539190.027,43511006.461,14794923.602,119050196.488
2025-10-21,501111421.8,245484509.03,121694547.8788,76010599.191,43351538.372,14570227.3154,119362137.563
2025-10-22,497081282.4,244377947.88,119974551.0783,75459111.089,42847519.316999994,14422152.995399999,118306630.40599999
2025-10-23,497074431.3,243218638.54000002,120672379.461,75755971.896,42946083.583000004,14481357.836499998,118702055.479
2025-10-24,500381169.2,246376243.64000002,121321688.87149999,75268708.009,43077122.308,14337406.3651,118345830.317
2025-10-25,498209992.9,247351239.69,120420750.37930001,74062199.345,42280861.133,14094942.3204,116343060.478
2025-10-26,485965876.1,245722280.07999998,116743087.00119999,70012370.36000001,40294810.974,13193327.717899999,110307181.33400002
2025-10-27,500368412.9,248592843.94,120518703.3219,74507531.87599999,42409066.808,14340266.990899999,116916598.68399999
2025-10-28,505350909.5,251756221.34999996,120444610.9413,75891462.03999999,42766182.891,14492432.250599999,118657644.931
2025-10-29,504315764.4,251320337.3,120061466.04390001,75716978.65,42925501.544,14291480.876000002,118642480.194
2025-10-30,503649592.1,249162323.56,120507611.0571,76273150.47500001,43312897.449,14393609.5515,119586047.92400001
2025-10-31,498047815.7,247730633.89,118158938.33739999,75181110.897,42886162.315000005,14090970.2282,118067273.21200001
2025-11-01,468813480.2,240046158.25,107661183.21010001,68014868.995,40196291.684,12894978.038299998,108211160.679
2025-11-02,457055497.8,236768875.54000002,107562471.98050001,63449908.242,37471216.07300001,11803026.0175,100921124.315
2025-11-03,485933526.7,243445655.07,116571128.56250001,71365373.69500001,41044880.82,13506488.6023,112410254.51500002
2025-11-04,493457268.3,244776155.60999998,118191917.2509,74320691.989,42165697.801,14002805.691399999,116486389.78999999
2025-11-05,498777775.1,247414003.24999997,119109377.59329998,75354802.62799999,42699417.861,14200173.7466,118054220.489
2025-11-06,504734423.9,251525739.55,120181111.99920002,76075891.694,42804074.163,14147606.4567,118879965.85700001
2025-11-07,510174000.3,253902778.51999998,121913202.7241,76699474.971,43426256.256,14232287.839,120125731.227
2025-11-08,508664985.7,256566645.96,120715966.71109998,74842898.633,42585691.975999996,13953782.3612,117428590.609
2025-11-09,493332979.5,255412126.01999998,114697430.242,70228599.066,40137619.172,12857205.020399999,110366218.238
2025-11-10,504034537.1,254775525.69,119162726.34499997,74320715.92999999,41862118.898,13913450.2644,116182834.828
2025-11-11,509080524.4,258397934.16999996,119127669.5456,75304080.147,42265886.616000004,13984953.947,117569966.76300001
2025-11-12,507739322.2,257776252.17,118554951.91129999,75450323.77700001,42203356.879,13754437.440900002,117653680.65600002
2025-11-13,507911253.5,256879707.67000002,118978343.1669,75874164.341,42267438.252000004,13911599.999,118141602.59300001
2025-11-14,508862686.3,259476344.82,118568050.94749999,75310241.52100001,41700706.133999996,13807342.8443,117010947.655
2025-11-15,493030882.5,252470306.23,114803298.618,72217699.53299999,40443918.704,13095659.4006,112661618.23699999
2025-11-16,466767130.6,249349335.13000003,103467740.52500002,64747089.437,37848422.46,11354543.0144,102595511.897
2025-11-17,494445286.2,253463549.09,114600066.5459,72074209.02600001,40986875.879,13320585.6131,113061084.905
2025-11-18,499662536.7,252762692.72000003,117222831.78480001,74592597.101,41346184.969,13738230.165,115938782.07
2025-11-19,497442982.0,251510301.67000002,116852490.50869998,74374929.676,40912718.074,13792542.111,115287647.75
2025-11-20,500587431.1,254741775.70999998,116763818.75899999,74314678.34899999,40914985.50399999,13852172.7974,115229663.85299999
2025-11-21,496710716.9,250413967.96,117125321.1789,74450601.592,40844304.633,13876521.569500001,115294906.225
2025-11-22,492054335.4,250358845.94,115293031.4836,72767816.989,40087297.952,13547342.9793,112855114.94099998
2025-11-23,476897931.0,247874943.71999997,110516734.32759999,67743814.14899999,38335575.436,12426863.3058,106079389.58499998
2025-11-24,497623712.5,252793608.02999997,116806539.4532,73255978.04499999,41007425.74,13760161.2586,114263403.785
2025-11-25,497949117.1,250292298.21999997,117851636.406,74724254.83700001,40947636.898,14133290.704,115671891.73500001
2025-11-26,498440702.5,250871708.26,118145095.75410001,74819326.23200001,40363029.738000005,14241542.562199999,115182355.97000001
2025-11-27,498429585.5,250513685.43,118009708.81329998,74697951.722,40852629.41,14355610.1252,115550581.132
2025-11-28,495925776.9,248655471.58,117825324.88479999,74317544.949,40707818.611999996,14419616.8239,115025363.56099999
2025-11-29,486865611.0,247385803.40000004,114620990.6199,71486064.67500001,39555260.496,13817491.8083,111041325.171
2025-11-30,458522606.9,240344260.49999997,104985321.223,65052564.106,36247216.815,11893244.264600001,101299780.921
2025-12-01,462686924.4,238951392.81,104819491.84339999,67368417.641,39291445.473000005,12256176.6469,106659863.11400001
2025-12-02,484732154.2,242963048.36,114903766.46040002,71792822.619,41356106.772,13716410.0154,113148929.391
2025-12-03,488329520.5,240799044.97,117346260.9853,74644909.419,41304419.799,14234885.2893,115949329.218
2025-12-04,493634137.8,245420703.24999997,117953600.1233,74893622.75799999,41042139.827,14324071.8689,115935762.58499998
2025-12-05,495091842.3,246347947.56,118491159.79599999,75002357.072,40884537.425,14365840.457799999,115886894.497
2025-12-06,489921656.5,246652221.06,116180725.9585,72889361.50299999,40196289.076,14003058.8569,113085650.579
2025-12-07,471809490.1,242553347.79999998,110328903.70019999,67907157.752,38057477.774,12962603.0638,105964635.526
2025-12-08,486696310.1,242266297.66,116699241.8942,72978346.911,40579205.376,14173218.209199999,113557552.287
2025-12-09,492591739.2,243544906.3,118150246.29589999,75202576.124,41054944.397999994,14639066.1019,116257520.52199998
2025-12-10,492774966.6,243191299.29,118136932.02230002,75663058.237,41209634.234,14574042.7841,116872692.471
2025-12-11,493667983.4,243584595.35999998,118548561.16959998,75650209.414,41353098.261,14531519.1778,117003307.67500001
2025-12-12,495877637.4,246000787.09,118753580.81210001,75388835.233,41123613.257,14610821.012000002,116512448.49
2025-12-13,490787377.2,246819399.93999997,116198070.22699998,73530118.831,40239083.87900001,14000704.283600003,113769202.71000001
2025-12-14,468320177.3,242567335.78,109929119.35159999,66240671.055999994,37133047.598,12450003.5199,103373718.65399998
2025-12-15,484006143.6,244513759.75,113949049.29699999,72089225.958,39645029.228999995,13809079.3443,111734255.187
2025-12-16,484033089.9,243378758.12,112260384.71019998,73715334.017,40710908.672,13967704.381699998,114426242.68900001
2025-12-17,490648543.3,244885927.94,114999445.2236,75113868.048,41158701.155,14490600.9238,116272569.203
2025-12-18,493441795.1,244674990.42999998,117247259.1174,75498261.62099999,41295590.418,14725693.489300001,116793852.03899999
2025-12-19,495623277.9,245246308.26,117992273.95550002,76053552.838,41505865.569,14825277.340899998,117559418.407
2025-12-20,490219390.2,245485417.39000002,115282899.62370001,74218318.90799999,40816335.56999999,14416418.7437,115034654.47799999
2025-12-21,467357514.7,242288296.86,106681338.0598,67426694.584,38135788.026,12825397.1657,105562482.61000001
2025-12-22,487650952.7,246019392.60999998,114333259.3333,72903075.587,40132892.196,14262332.930499999,113035967.78299999
2025-12-23,496098809.4,247038908.9,117192310.76269999,75980041.962,41270936.131000005,14616611.7088,117250978.093
2025-12-24,496524178.8,246590956.55,117888929.79100001,75796289.265,41509818.121,14738185.074000001,117306107.386
2025-12-25,494470648.6,246110269.46,117768022.2204,75093933.829,41001573.647,14496849.413300002,116095507.476
2025-12-26,493207435.2,245622382.0,117289738.5912,74869535.798,40717749.279,14708029.558600001,115587285.07699999
2025-12-27,487729625.4,244216264.34999996,115461260.19820002,73602386.663,40009679.111999996,14440035.0517,113612065.775
2025-12-28,476053498.8,242624943.88,111730150.83250001,69630733.59200001,38520796.04,13546874.4442,108151529.632
2025-12-29,483208148.7,241428365.02,114963166.4036,72493236.192,40009031.493,14314349.6026,112502267.685
2025-12-30,484299565.2,242501523.51000005,115337122.666,72223689.16499999,39919862.398,14317367.458400002,112143551.563
2025-12-31,463970544.1,236709405.34,109373923.72000001,66937325.994,37733772.143999994,13216116.865600001,104671098.138
2026-01-01,389342100.2,223949145.39999998,79496066.05109999,46332732.572,31379921.2192,8184234.9388,77712653.7912
2026-01-02,434562787.4,230895729.9,100492998.89389999,57210037.697,34868565.041,11095455.8572,92078602.738
2026-01-03,469493582.2,237934921.35,111930558.3867,68425796.059,38085384.069,13116922.335,106511180.12799999
2026-01-04,482902872.0,242819473.21000004,114547168.9712,71774690.477,39809743.629,13951795.6832,111584434.106
2026-01-05,491538526.9,244393906.63000003,117751129.1134,74122197.893,40818006.352000006,14453286.8801,114940204.245
2026-01-06,495759862.5,244561411.51999998,119851311.5135,75286220.02,41206671.896,14854247.548,116492891.916
2026-01-07,496152022.4,244580848.09,119719488.3695,75665670.286,41261183.435,14924832.245000001,116926853.721
2026-01-08,499389373.3,247922669.15,119858369.81959999,75419893.201,41306508.291999996,14881932.872,116726401.493
2026-01-09,495458377.0,243372289.04999998,120420841.4456,75476094.875,41289242.81,14899908.8543,116765337.685
2026-01-10,492884518.8,246488776.51,118382003.26229998,73324799.565,40128235.131000005,14560704.3131,113453034.69600001
