date,传统高耗能与材料行业,消费与轻工制造,装备制造,先进制造与技术相关行业,其他制造,装备与先进制造合计,结构转型差值T,结构转型比值R
2022-01-01,0.5843564109345465,0.23058432014700686,0.09341173500334872,0.06676616054201717,0.024881373430209124,0.1601778955453659,-0.4241785153891806,0.27410993111070253
2022-01-02,0.5472130970850161,0.25185607817950045,0.10499770446783284,0.06818537040652063,0.02774774975086929,0.17318307487435347,-0.3740300222106626,0.3164819625058196
2022-01-03,0.5218983025456256,0.25609034721805635,0.11908623396187709,0.0725001533934598,0.030424962832441907,0.1915863873553369,-0.33031191519028874,0.36709524905685614
2022-01-04,0.5119616536286711,0.25833395424775063,0.12609501215383548,0.07285168348634316,0.030757696530713523,0.19894669564017864,-0.31301495798849244,0.38859686898440227
2022-01-05,0.505503040972243,0.2590918206315934,0.1288994713797762,0.07563087071932884,0.0308747963132683,0.204530342099105,-0.30097269887313793,0.4046075404526314
2022-01-06,0.5007853749804108,0.26261691120404046,0.13035140985835159,0.07453015425977245,0.031716149802031544,0.20488156411812403,-0.29590381086228673,0.40912050222340934
2022-01-07,0.5028328257240209,0.26159817842043426,0.12979318291680345,0.07419571600302569,0.03158009688767866,0.20398889891982913,-0.29884392680419175,0.40567935998631116
2022-01-08,0.5042370771089488,0.26193644159415064,0.128399297915677,0.07367281412554108,0.031754369254390825,0.20207211204121808,-0.3021649650677307,0.40074822184794834
2022-01-09,0.5128292823311167,0.2606590223388411,0.12308450335504695,0.07252243427533188,0.030904757648346593,0.19560693763037884,-0.31722234470073785,0.3814270057693039
2022-01-10,0.5016568636514245,0.2628958618521331,0.12890344635882206,0.07523757483299888,0.0313062532399802,0.20414102119182098,-0.2975158424596035,0.4069335754841143
2022-01-11,0.48467852501304204,0.27199925490837934,0.1333978766130961,0.07752890120251889,0.032395442351362255,0.210926777815615,-0.273751747197427,0.4351890313480244
2022-01-12,0.47377588061000275,0.2770172143962185,0.1346198746830264,0.08091936811762912,0.03366766217659672,0.2155392428006555,-0.25823663780934725,0.45493924790586915
2022-01-13,0.4738669377659856,0.2772888922756988,0.13423255404603288,0.08104721390506743,0.033564402084570504,0.2152797679511003,-0.2585871698148853,0.4543042588411476
2022-01-14,0.4790394016913157,0.27404575211878895,0.1321015881358949,0.08163930925125165,0.033173948805537534,0.21374089738714655,-0.2652985043041691,0.4461864653147619
2022-01-15,0.4854092304552196,0.27054087734381393,0.12766880038646145,0.0841479658560737,0.032233125832794585,0.21181676624253518,-0.27359246421268446,0.43636740497063103
2022-01-16,0.4985109016069688,0.26699289854288627,0.12183932273778623,0.08108601626311747,0.03157086075609829,0.20292533900090368,-0.29558556260606517,0.40706299169539956
2022-01-17,0.4910378437631258,0.26693754828277133,0.12672578667433185,0.08354636811739607,0.03175245304552821,0.21027215479172792,-0.28076568897139786,0.4282198560915035
2022-01-18,0.490594723289799,0.2635221153211171,0.12844745478500127,0.08618399346510526,0.031251713280871944,0.21463144825010655,-0.2759632750396924,0.43749237009897823
2022-01-19,0.4935923377688404,0.26210622067125994,0.1261046991404974,0.08766304247530864,0.030533699988313356,0.21376774161580603,-0.27982459615303434,0.43308561591958494
2022-01-20,0.5001744180394845,0.2575715559064771,0.12422482100985441,0.08826699362373246,0.029762211346941184,0.21249181463358685,-0.28768260340589763,0.42483543134109764
2022-01-21,0.5100731162206886,0.2512167091447574,0.12053870700286488,0.08956354580168283,0.028607921739180035,0.2101022528045477,-0.29997086341614093,0.4119061485954588
2022-01-22,0.5208232585141768,0.24456033422185192,0.11434408147032746,0.09352813418532283,0.026744191430986677,0.20787221565565026,-0.3129510428585265,0.39912237454347865
2022-01-23,0.5290995271811759,0.23710764204842147,0.1081872190519892,0.09943716910472829,0.026168442824094376,0.2076243881567175,-0.32147513902445846,0.39241083669617816
2022-01-24,0.5352511324627109,0.23270481170601978,0.11010450329552193,0.0963225437418089,0.025617008799116197,0.20642704703733086,-0.3288240854253801,0.38566391459566296
2022-01-25,0.5296961255833073,0.2326682251933096,0.11101854370860839,0.10206165483693615,0.024555450519374227,0.21308019854554455,-0.3166159270377627,0.40226875042912247
2022-01-26,0.5405979434604431,0.22138608184722372,0.10882392881342738,0.10651388396554887,0.022678161805416014,0.21533781277897623,-0.32526013068146686,0.39833265254501116
2022-01-27,0.5529592389642597,0.2099388838959947,0.10488242004341705,0.1114390746907158,0.020780382592288094,0.21632149473413284,-0.3366377442301268,0.39120694527018235
2022-01-28,0.5752886837636034,0.19769549713667336,0.09784366465315746,0.11009025711499111,0.019081897488319576,0.20793392176814854,-0.3673547619954549,0.3614427462883876
2022-01-29,0.5991609899548549,0.18124585723198963,0.09274252905769235,0.10975524578570424,0.01709537787398239,0.20249777484339662,-0.3966632151114583,0.33796889022874177
2022-01-30,0.6289952607999996,0.15482419253052043,0.09353969431537477,0.10687201193386121,0.01576884068056293,0.200411706249236,-0.4285835545507636,0.3186219654411045
2022-01-31,0.6564587309662562,0.14847267781057255,0.07421706899351868,0.10573387177408163,0.015117650688221969,0.1799509407676003,-0.47650779019865586,0.2741237678455834
2022-02-01,0.6594686096056367,0.15329792028154438,0.06790753801808959,0.10523358165338044,0.014092350716802945,0.17314111967147003,-0.48632748993416663,0.2625464156284993
2022-02-02,0.6516876233709435,0.15224349270120907,0.0719517379689574,0.10859760313726698,0.01551954284671187,0.18054934110622436,-0.4711382822647192,0.2770489029273076
2022-02-03,0.6374682772589577,0.15963151272865123,0.07893627342474731,0.10704649753023551,0.016917438843331842,0.1859827709549828,-0.4514855063039749,0.2917521978578886
2022-02-04,0.6284163060477268,0.16525387730031116,0.08370961095284099,0.10605549783730588,0.01656470772777102,0.18976510879014688,-0.43865119725757995,0.30197355950807336
2022-02-05,0.6258039071812339,0.1715345918945289,0.0884801017400758,0.09865961766150043,0.01552178129500609,0.18713971940157625,-0.43866418777965765,0.29903891179666325
2022-02-06,0.6226981607757773,0.1790930981370281,0.08822802776523252,0.09446453114867942,0.015516182090903347,0.18269255891391195,-0.4400056018618654,0.2933886277844593
2022-02-07,0.5976765472686736,0.1875038943899696,0.09217763885557788,0.10656722051829924,0.01607469899938069,0.19874485937387712,-0.3989316878947965,0.33252912512984273
2022-02-08,0.582649543853337,0.19673678928782032,0.10059195579939012,0.1021836444784699,0.017838066578368856,0.20277560027786,-0.379873943575477,0.3480232713078415
2022-02-09,0.5646294519636887,0.20505183185348644,0.10788394256903482,0.1034623594904496,0.018972414152697088,0.2113463020594844,-0.35328314990420434,0.37430973769514964
2022-02-10,0.5509162191995731,0.2214992462675702,0.112659124829986,0.09390596467985159,0.02101944519013476,0.20656508950983757,-0.3443511296897356,0.3749482812649013
2022-02-11,0.54101675051156,0.22713999848880878,0.11610873832301333,0.0936163806573021,0.022118132167370973,0.20972511898031543,-0.3312916315312445,0.3876499549820024
2022-02-12,0.5301636949774673,0.23349445916312658,0.11657541519127909,0.09693155745401806,0.022834873178628295,0.21350697264529717,-0.3166567223321701,0.40271896146033065
2022-02-13,0.5356619015075206,0.23725009326599916,0.11250979131817165,0.09195552829086841,0.022622685651427492,0.20446531960904007,-0.3311965818984805,0.38170592127909514
2022-02-14,0.5239905328432577,0.24062244523157392,0.11930478734111709,0.09196691824293515,0.024115316426409603,0.21127170558405226,-0.3127188272592054,0.40319756244002664
2022-02-15,0.5359702540965344,0.23373782796378303,0.11997378192031295,0.08715714478563467,0.02316099135559286,0.20713092670594763,-0.3288393273905868,0.38645974309731185
2022-02-16,0.5228706098685375,0.24605487327971376,0.12327712403003073,0.08271966215320942,0.02507773070216371,0.20599678618324013,-0.3168738236852974,0.3939727770031533
2022-02-17,0.5192304529073576,0.2470976734150142,0.12412456187298299,0.08432444122940908,0.025222870568655218,0.20844900310239206,-0.3107814498049655,0.4014575838824771
2022-02-18,0.5204198512865044,0.24820648608077428,0.12367115158014964,0.08161657326968057,0.02608593792855632,0.20528772484983024,-0.3151321264366741,0.39446559223739935
2022-02-19,0.5195212530598226,0.25138503398501133,0.12303861742471243,0.0797646135889399,0.026290481851047636,0.2028032310136523,-0.3167180220461703,0.39036561029833294
2022-02-20,0.5245589789382262,0.25392786757674957,0.11671701221727657,0.07859119358672736,0.026204947623165838,0.19530820580400393,-0.3292507731342223,0.37232840089656355
2022-02-21,0.5077419263776858,0.25822463338927704,0.12560733432943716,0.08026588353473577,0.02816022225300463,0.20587321786417295,-0.30186870851351283,0.4054682254288242
2022-02-22,0.5051978656709412,0.25925153326699035,0.12945177010784203,0.07760551214498682,0.028493318680360497,0.20705728225282885,-0.29814058341811234,0.4098538341563281
2022-02-23,0.5056819187396185,0.25960330542946225,0.13017805814038494,0.07589408805633001,0.028642629722536738,0.206072146196715,-0.29960977254290355,0.40751337661100734
2022-02-24,0.5004204093548529,0.2618046913565357,0.1319407283499752,0.07642113834639548,0.029413032506067176,0.2083618666963707,-0.2920585426584822,0.4163736386471386
2022-02-25,0.5007146137435111,0.2650513545587989,0.13049286138019095,0.07471991983072367,0.02902125056974867,0.2052127812109146,-0.29550183253259654,0.40983980810281273
2022-02-26,0.5084879783389662,0.2598868228301152,0.12727571342093233,0.07603397996247949,0.028315505445428366,0.20330969338341182,-0.3051782849555544,0.39983185845916364
2022-02-27,0.5273432917181397,0.2532785276346881,0.12074550389853618,0.07098914232522582,0.027643534531277044,0.191734646223762,-0.33560864549437763,0.3635860154759349
2022-02-28,0.5133749543266671,0.25564499390604833,0.12713630899616668,0.07520362255429827,0.02864012018296649,0.20233993155046495,-0.3110350227762022,0.39413674127490345
2022-03-01,0.5088633393096155,0.25510962137540405,0.12819210349431032,0.07895719147221435,0.028877744457287892,0.20714929496652468,-0.3017140443430908,0.40708237156083604
2022-03-02,0.5037589434639343,0.263056575786085,0.12899963095863828,0.07468916210225354,0.029495687640187986,0.20368879306089183,-0.3000701504030425,0.4043378201095392
2022-03-03,0.5055120007556549,0.2593287654316605,0.13131167997853743,0.07446488243484507,0.02938267142723469,0.20577656241338252,-0.29973543834227245,0.4070656326769322
2022-03-04,0.5060337885908974,0.25736983364115895,0.13165179478295666,0.07547978917267871,0.02946479381796206,0.20713158395563536,-0.29890220463526207,0.4093236234924437
2022-03-05,0.5123345626673731,0.2575610050791447,0.1292938072462883,0.07199163966259957,0.028818985372146833,0.20128544690888786,-0.31104911575848526,0.39287891463135577
2022-03-06,0.5269593365020458,0.255326838836562,0.12080111399055662,0.06943619339504313,0.027476517282170237,0.19023730738559974,-0.3367220291164461,0.3610094635544258
2022-03-07,0.5160153593046307,0.2566268126084575,0.12775606608686718,0.07094717842034065,0.028654583481048483,0.19870324450720783,-0.3173121147974229,0.38507234508479615
2022-03-08,0.5137253586243363,0.25400853101634896,0.13019767928136303,0.07019539860145117,0.031873032436834106,0.2003930778828142,-0.3133322807415221,0.3900782286072672
2022-03-09,0.5116377023675681,0.25701367884842813,0.13014525787752843,0.07179369284145158,0.02940966815423392,0.20193895071898,-0.3096987516485881,0.3946913016466954
2022-03-10,0.5082477391117145,0.2556532662097191,0.13110689802382192,0.07324252117486554,0.03174957562592623,0.20434941919868743,-0.30389831991302707,0.4020665582415326
2022-03-11,0.5080045368433819,0.2575257487035354,0.13160791528602672,0.07348883403570856,0.029372965100149882,0.20509674932173527,-0.3029077875216466,0.40373015287650227
2022-03-12,0.5149541041248145,0.2557398036164473,0.12938342469564992,0.0709199762065626,0.029002691473274705,0.2003034009022125,-0.31465070322260197,0.38897330713119826
2022-03-13,0.5248748645943663,0.25073406771341544,0.12474217344377748,0.07173593358772905,0.027912960773161348,0.19647810703150653,-0.32839675756285974,0.3743332369008539
2022-03-14,0.512664542197339,0.2564883851189056,0.12798971203983453,0.0744481190218979,0.02840924155765337,0.20243783106173244,-0.3102267111356066,0.3948738685809256
2022-03-15,0.5117629033212261,0.2549913650885671,0.12988097518084957,0.0745093764872428,0.028855379920205038,0.20439035166809238,-0.3073725516531337,0.3993848525198778
2022-03-16,0.5148218361199728,0.25061657806085547,0.12963123420021258,0.07599213778169105,0.02893821388322803,0.2056233719819036,-0.3091984641380692,0.3994068579755923
2022-03-17,0.5096852886829568,0.25441801041159096,0.13094156117648112,0.07562252777256415,0.029332611981367687,0.20656408894904527,-0.30312119973391155,0.40527771457326833
2022-03-18,0.5113795974010874,0.2573667541606276,0.1283706408379365,0.07421515343585101,0.028667854152302052,0.20258579427378753,-0.30879380312729987,0.3961554103905608
2022-03-19,0.5151424835609614,0.25690640872089465,0.12459836870683595,0.07267948865630658,0.030673250450473543,0.19727785736314254,-0.31786462619781886,0.3829578488643461
2022-03-20,0.5361596691234464,0.24786063354394308,0.11732344726805366,0.07226240496602764,0.02639384514698086,0.18958585223408128,-0.34657381688936506,0.3535996143537434
2022-03-21,0.5176040698483981,0.2536804048175353,0.12454413354669276,0.07612552273318438,0.02804586896401149,0.20066965627987712,-0.31693441356852103,0.3876894869444353
2022-03-22,0.5190689675538754,0.2481252282039336,0.12956158095944945,0.07474971452195779,0.028494508838940627,0.20431129548140722,-0.3147576720724682,0.393611077241294
2022-03-23,0.5164017197867142,0.2500648610065759,0.1301724807186159,0.07511332740060402,0.02824761119596716,0.2052858081192199,-0.3111159116674943,0.3975312247294755
2022-03-24,0.5431789067757102,0.2312863044362026,0.12471548185221393,0.07165932427228854,0.029159982797068214,0.19637480612450245,-0.3468041006512078,0.36152877748912604
2022-03-25,0.5412510980465577,0.23214658962012824,0.12405305784905253,0.075904696257474,0.026644558179868452,0.19995775410652655,-0.34129334394003114,0.3694362096043756
2022-03-26,0.5158247158503773,0.2457977572857623,0.1306362128466475,0.07983054263292139,0.027910771432328882,0.21046675547956892,-0.3053579603708083,0.40801991260267173
2022-03-27,0.5320482684741651,0.24180094744686886,0.12213284004199683,0.07726338714052665,0.026754556808221024,0.19939622718252345,-0.3326520412916416,0.37477093526563304
2022-03-28,0.5213662288064801,0.243633885798958,0.12962814823522492,0.07799804572277547,0.027373691439482716,0.2076261939580004,-0.3137400348484797,0.39823483472126986
2022-03-29,0.5173829174125064,0.24419062764513885,0.1318850218144836,0.07892018516359967,0.02762124799437808,0.2108052069780833,-0.3065777104344231,0.4074452400406748
2022-03-30,0.5188342912370134,0.24154227264143444,0.12953100397730494,0.08272511113176459,0.02736732107065821,0.21225611510906955,-0.30657817612794386,0.40910194004911465
2022-03-31,0.5041163043805249,0.25184741138812644,0.1326792077495111,0.08345956496145723,0.027897511429267517,0.21613877271096835,-0.28797753166955653,0.4287478322617773
2022-04-01,0.4961437441779327,0.2564064920848698,0.12155513453498136,0.09905787990669601,0.026836749159875686,0.22061301444167736,-0.27553072973625536,0.44465543913531363
2022-04-02,0.5044639535554707,0.2750174866999496,0.11818827860994242,0.0749399337295549,0.02739034728744147,0.19312821233949734,-0.31133574121597335,0.3828384783061829
2022-04-03,0.5319028085594728,0.2420158459574483,0.12138305938425001,0.07674800307824348,0.02795028295262123,0.19813106246249348,-0.33377174609697935,0.3724948604785195
2022-04-04,0.5460486430866542,0.24095624556604442,0.11083619678314764,0.07520347886955879,0.026955435773130025,0.18603967565270643,-0.36000896743394784,0.34070165361290566
2022-04-05,0.5790290576364939,0.2289343615886549,0.09195886708860775,0.0757511622169179,0.024326551570024516,0.16771002930552564,-0.4113190283309683,0.28964009162181215
2022-04-06,0.535872039413745,0.2409979557469988,0.11778484350559279,0.07676423707162393,0.028580924252791566,0.19454908057721673,-0.3413229588365282,0.3630513747088902
2022-04-07,0.5310932773283761,0.23946529290918267,0.1250610702764831,0.07558286320655515,0.02879749619008126,0.20064393348303827,-0.3304493438453378,0.37779415038420777
2022-04-08,0.5286172593521313,0.23919145650210666,0.1265171491248787,0.07647588913971888,0.02919824595420314,0.20299303826459755,-0.32562422108753375,0.384007587102593
2022-04-09,0.525237446104444,0.24220693698426451,0.12594537646183748,0.07775075637925058,0.02885948409635378,0.2036961328410881,-0.3215413132633559,0.38781723266658125
2022-04-10,0.5332096990449593,0.23897820492456054,0.1190547857872691,0.0808565814304845,0.027900728759812043,0.1999113672177536,-0.3332983318272057,0.3749207255153426
2022-04-11,0.5196694433972265,0.24504007184731916,0.12581268295115489,0.08047024929487565,0.029007552539780577,0.2062829322460305,-0.31338651115119603,0.3969502822746331
2022-04-12,0.5150127585817075,0.2461576293142281,0.12800662086634024,0.08155443260318244,0.029268558520839982,0.2095610534695227,-0.3054517051121848,0.40690458629924514
2022-04-13,0.5085346132939891,0.25116355952728026,0.1273903516714598,0.08405976062407178,0.028851714841843446,0.21145011229553157,-0.2970845009984575,0.41580279250979935
2022-04-14,0.5134340798003839,0.24686338711522363,0.12736356077925748,0.08295889417951931,0.029380078139137383,0.2103224549587768,-0.30311162484160714,0.4096386726813056
2022-04-15,0.510658027252754,0.25269616832366704,0.12846226109869616,0.07837807305917227,0.029805470280145456,0.20684033415786846,-0.30381769309488554,0.40504667139108985
2022-04-16,0.5264367745244901,0.246998817177416,0.12234985403947865,0.0753052460514587,0.028909308319324666,0.19765510009093734,-0.3287816744335528,0.37545838295486006
2022-04-17,0.5345424339895728,0.2483480189822747,0.11510701870656197,0.07399870750241204,0.02800382092604943,0.189105726208974,-0.34543670778059876,0.35377121475198514
2022-04-18,0.5130543026498466,0.2558063830924881,0.12300794879638717,0.07903342453347299,0.029097941007506043,0.20204137332986014,-0.3110129293199865,0.39380114792205717
2022-04-19,0.5123667672608982,0.2536361119603298,0.1261762527878058,0.07875443885381087,0.02906642904773823,0.20493069164161667,-0.30743607561928155,0.39996874258096743
2022-04-20,0.5124689384271914,0.2528598046590156,0.12580890396411212,0.07923501481154648,0.029627338137890393,0.2050439187756586,-0.3074250196515328,0.40010994501433583
2022-04-21,0.5076902952063473,0.2537080958237789,0.12795322997684194,0.08105914504666732,0.029589233837546743,0.20901237502350925,-0.2986779201828381,0.41169267365758405
2022-04-22,0.5021338635804582,0.25789474942232493,0.12634168499580398,0.08314768640762978,0.030482015482393814,0.20948937140343377,-0.29264449217702443,0.4171982544847162
2022-04-23,0.5113359030758973,0.25986523363419384,0.12214942220333745,0.07653535153016963,0.03011408962102838,0.19868477373350707,-0.3126511293423902,0.38856018624613653
2022-04-24,0.5150753174854258,0.2601514880165383,0.11830691488458038,0.07714274382594796,0.02932353579135677,0.19544965871052833,-0.31962565877489746,0.3794584055487354
2022-04-25,0.5027737485940728,0.2607630216156205,0.12513154682548916,0.08119989880841266,0.03013178427807434,0.20633144563390182,-0.29644230296017093,0.4103862745636085
2022-04-26,0.5002276826022826,0.2621266624862356,0.12880975777075626,0.0783595536356693,0.030476343434603037,0.20716931140642555,-0.293058371195857,0.4141500332982176
2022-04-27,0.4992968774947172,0.2634870106735895,0.12490632022208845,0.08245694883831524,0.02985284280199962,0.20736326906040367,-0.2919336084343135,0.41531056653282933
2022-04-28,0.503741265784051,0.25989185226319955,0.12423244511443299,0.08216263963409073,0.029971797254918057,0.20639508474852375,-0.29734618103552724,0.4097243937863199
2022-04-29,0.49950882908087196,0.2667446505837884,0.12399271367292744,0.07948685415409582,0.03026695256536723,0.20347956782702326,-0.2960292612538487,0.40735930173934787
2022-04-30,0.5248702875355905,0.26039919452520566,0.11404419253803376,0.07234535599593617,0.028340969328874636,0.1863895485339699,-0.33848073900162057,0.3551154503508282
2022-05-01,0.6025941462062481,0.22554927016477988,0.08157832349204232,0.0689740742390774,0.02130418577499017,0.15055239773111972,-0.45204174847512835,0.24984045842289115
2022-05-02,0.5812816253574107,0.24503255647791355,0.08375593784793844,0.06785633063009791,0.022073549706502535,0.15161226847803635,-0.42966935687937435,0.26082412012389866
2022-05-03,0.544565809164948,0.2511844943115368,0.10758594842893808,0.06961285017781305,0.027050897961008697,0.17719879860675114,-0.36736701055819687,0.3253946458343989
2022-05-04,0.5238316364967784,0.2565499073919882,0.11786553695956317,0.07330580972464144,0.02844710955952559,0.19117134668420463,-0.3326602898125738,0.36494807370302906
2022-05-05,0.5108821184812461,0.25716172216806465,0.12436303948367962,0.07805975653069314,0.029533363432236847,0.20242279601437277,-0.30845932246687335,0.39622211992100387
2022-05-06,0.5047248196027271,0.2585180586474773,0.12694083372185835,0.07993576550661137,0.029880522492210623,0.20687659922846974,-0.29784822037425734,0.4098799805234542
2022-05-07,0.5095421507774468,0.2548869927179464,0.12677865884746733,0.07898191030510208,0.029810287364092733,0.20576056915256943,-0.30378158162487734,0.40381461835615573
2022-05-08,0.5222443564570254,0.2532234113061364,0.11936515880303689,0.07627072179635637,0.028896351593498498,0.19563588059939327,-0.3266084758576321,0.3746060214544259
2022-05-09,0.5110368757192902,0.25509850919535515,0.12571021622530626,0.07872884247732753,0.029425556435637247,0.2044390587026338,-0.30659781701665645,0.4000475668509899
2022-05-10,0.5008420586864176,0.2618939406886956,0.12864481409936251,0.07920578675931643,0.029413399672520737,0.20785060085867893,-0.2929914578277387,0.41500228915242987
2022-05-11,0.4987492658694753,0.2588191020314675,0.1291456137818082,0.08141105769361405,0.03187496064639817,0.21055667147542226,-0.2881925943940531,0.42216938627138906
2022-05-12,0.501925369286196,0.2599193628423496,0.12792113995908327,0.08098606231046325,0.029248065638236107,0.2089072022695465,-0.2930181670166495,0.41621168216031806
2022-05-13,0.4994986400482484,0.26185236098984555,0.12880023902695958,0.08064163414785112,0.029207125718563695,0.2094418731748107,-0.29005676687343773,0.419304191007567
2022-05-14,0.5084608999079712,0.2612784044668133,0.12474562992577058,0.07700370617872655,0.028511359423767688,0.20174933610449713,-0.30671156380347403,0.396784366587505
2022-05-15,0.5293535252225677,0.2551990494328035,0.11709949518601695,0.07211155250647436,0.026236377574371982,0.18921104769249128,-0.3401424775300764,0.35743796664608424
2022-05-16,0.5170083347986433,0.25360205815522474,0.12597652952995142,0.07542124007818181,0.027991837517948308,0.20139776960813324,-0.31561056519051,0.38954453159168245
2022-05-17,0.5044031526944803,0.2589564734415633,0.13073523076011578,0.07641037816866986,0.029494764809569543,0.20714560892878564,-0.2972575437656947,0.41067469111212085
2022-05-18,0.5050404300654876,0.2588360101180805,0.13019546175315283,0.07361445095973876,0.03231364705420573,0.2038099127128916,-0.301230517352596,0.40355167741019066
2022-05-19,0.5054177943942654,0.2579239122393205,0.12955509632228235,0.07739927497072403,0.02970392208677814,0.2069543712930064,-0.29846342310125895,0.4094718737416788
2022-05-20,0.5030655715827219,0.25979356894036965,0.13010896463811505,0.07717698614464963,0.0298549086655358,0.2072859507827647,-0.29577962079995723,0.41204559105607474
2022-05-21,0.5028997303998344,0.26243277731629155,0.12523085508738271,0.08001691626834784,0.0294197208116129,0.20524777135573055,-0.2976519590441038,0.40812861679712314
2022-05-22,0.5217001760295928,0.254712086821554,0.11809313881471016,0.0774216590937509,0.028072939281313717,0.19551479790846105,-0.3261853781211318,0.37476467690011034
2022-05-23,0.5035806927281442,0.25742698831000194,0.1260043884547103,0.0812655689724711,0.031722361620070263,0.2072699574271814,-0.2963107353009628,0.41159234343218787
2022-05-24,0.502162101250454,0.2552593584731361,0.12985943641955527,0.08344255142317726,0.029276552355647082,0.21330198784273258,-0.28886011340772144,0.4247671963128653
2022-05-25,0.49974732662164806,0.25721201810864136,0.12955294380027854,0.08432249213489715,0.029165219302271884,0.21387543593517572,-0.28587189068647234,0.4279671436783851
2022-05-26,0.5000331351880557,0.2585617341122298,0.12920621119067688,0.08309804559863443,0.029100873919078996,0.21230425678931134,-0.2877288783987444,0.42458037647738406
2022-05-27,0.5010467035479458,0.2576085200032777,0.12829889622269164,0.0834321672081948,0.029613712908465088,0.21173106343088643,-0.28931564011705935,0.4225775001244483
2022-05-28,0.5033145769167695,0.25669154298845154,0.1255639546300333,0.08316685964035903,0.03126306587216242,0.20873081427039233,-0.2945837626463772,0.4147124360058204
2022-05-29,0.5164445501974858,0.2565576101362907,0.1198700168381835,0.07845011051279098,0.028677712389409332,0.1983201273509745,-0.3181244228465113,0.38401049497983447
2022-05-30,0.4967016854093932,0.2618925357361239,0.12749365802873838,0.0829913035852176,0.030920817191431155,0.210484961613956,-0.28621672379543717,0.42376534607582284
2022-05-31,0.49212842658961614,0.26041963086241543,0.13018677743335194,0.08671827717206711,0.030546887965772724,0.21690505460541906,-0.2752233719841971,0.4407488835963855
2022-06-01,0.48871535491288,0.26841158459413966,0.12995104005188018,0.08196956179591236,0.030952458528247476,0.21192060184779254,-0.27679475306508744,0.43362787708106737
2022-06-02,0.4997195358677805,0.26179846615711144,0.1256279848547304,0.0821082980104732,0.030745715106659806,0.2077362828652036,-0.2919832530025769,0.41570574683349587
2022-06-03,0.5734870707440495,0.2301759059511471,0.09202332570509691,0.07978120140355649,0.024532496313517716,0.1718045271086534,-0.40168254363539607,0.2995787278791691
2022-06-04,0.534952075441338,0.25878474118697126,0.10228622188702423,0.07692533763322461,0.027051623823748542,0.17921155952024884,-0.35574051592108924,0.33500488688149954
2022-06-05,0.5018739369141105,0.26818347308078666,0.12134914238676354,0.07857592484288582,0.03001752287614964,0.19992506722964937,-0.30194886968446116,0.39835714215194257
2022-06-06,0.4848512309694273,0.2708184890217711,0.13130615737305792,0.08243738743440109,0.030586735133598036,0.213743544807459,-0.2711076861619683,0.44084356428278676
2022-06-07,0.4871915575954461,0.26598523541465874,0.13560350840851584,0.0817552359223887,0.029464462582144916,0.21735874433090455,-0.26983281326454156,0.4461463687993436
2022-06-08,0.49583868520170693,0.26343469977567124,0.13121008196105605,0.08065802143239705,0.028858511709594924,0.21186810339345308,-0.28397058180825385,0.42729240318807565
2022-06-09,0.48850155758752933,0.2662442113404755,0.13427585260462327,0.08190989957267641,0.029068478869976953,0.2161857521772997,-0.2723158054102296,0.44254874691686874
2022-06-10,0.48535816202756993,0.266754164475635,0.13527157796109568,0.0835303907889666,0.02908570484272561,0.2188019687500623,-0.2665561932775076,0.4508051700130545
2022-06-11,0.4883262840598827,0.26709386626680054,0.13209389631709073,0.08305182270254295,0.029434130683112757,0.2151457190196337,-0.273180565040249,0.4405777981699849
2022-06-12,0.5082458581333528,0.26191120176175225,0.12322389789768547,0.07941846666832739,0.02720057546974634,0.20264236456601287,-0.3056034935673399,0.3987093280214078
2022-06-13,0.488631683213193,0.26543243570790254,0.13250252799541073,0.08396502149768306,0.02946833160415299,0.21646754949309382,-0.2721641337200992,0.4430076004683628
2022-06-14,0.4850842125351315,0.26296284536820713,0.13662713405942672,0.08524942499820441,0.03007638297067219,0.22187655905763112,-0.2632076534775004,0.4573980214653183
2022-06-15,0.48773961928515314,0.2604452984401896,0.13615423631856532,0.08475566492214885,0.030905181141540967,0.22090990124071416,-0.266829718044439,0.45292589017986035
2022-06-16,0.4962263816929406,0.2538889829613037,0.1349840907682256,0.08468457327872127,0.0302159713967622,0.21966866404694688,-0.2765577176459937,0.4426783261654061
2022-06-17,0.48789520640559425,0.25977128618103273,0.1357939249197764,0.08551862913369233,0.031020953326848705,0.22131255405346875,-0.2665826523521255,0.45360674002910467
2022-06-18,0.4902055199075409,0.2634163555732951,0.13269643111998308,0.08290839026069541,0.030773303042763805,0.2156048213806785,-0.2746006985268624,0.4398253643111655
2022-06-19,0.5059501487995549,0.2600045530880036,0.12378667842790417,0.08039032520621006,0.029868294435345933,0.20417700363411423,-0.3017731451654407,0.40355162285959556
2022-06-20,0.48132822263335884,0.269019616407096,0.1329828562912228,0.08510124327772588,0.03156806155316144,0.21808409956894867,-0.26324412306441014,0.4530881201517855
2022-06-21,0.47444952820835445,0.2732518580229733,0.13493316619429133,0.08563469058836963,0.03173075690504926,0.22056785678266091,-0.2538816714256935,0.4648921406152154
2022-06-22,0.4737957403756166,0.27159796380934287,0.1360522779151376,0.08577488100578709,0.03277913701591606,0.2218271589209247,-0.2519685814546919,0.4681915433538178
2022-06-23,0.47389997664399097,0.2719970274562539,0.1358682429500516,0.08518422020647404,0.03305053283220953,0.22105246315652566,-0.2528475134874653,0.46645383847019567
2022-06-24,0.48186234539252676,0.2686121471344248,0.13392989221287588,0.0827160600075429,0.03287955525262972,0.21664595222041877,-0.265216393172108,0.44960133177440587
2022-06-25,0.4780813197615112,0.2747257250045615,0.13196164215697503,0.08244294712557494,0.03278836586853775,0.21440458928254996,-0.26367673047896123,0.44846887008575187
2022-06-26,0.48750356093435665,0.2726954941025313,0.12615402439614923,0.08181423846224227,0.031832682048977864,0.20796826285839148,-0.27953529807596517,0.4265984487575771
2022-06-27,0.47849657939409895,0.2719342631634579,0.13288970414670437,0.08345893969499177,0.033220513581366594,0.21634864384169614,-0.2621479355524028,0.45214250876286255
2022-06-28,0.47381659260617437,0.2729017708840952,0.13556286010112095,0.08412489515518394,0.033593881231923015,0.2196877552563049,-0.25412883734986946,0.46365568172262045
2022-06-29,0.47402394014510835,0.2729757784782261,0.13544442662327413,0.0838808213501162,0.03367503348472635,0.2193252479733903,-0.25469869217171803,0.46268812479439414
2022-06-30,0.47508648543597104,0.2712409852969692,0.1360915539433468,0.08396465132013631,0.033616324111435676,0.2200562052634831,-0.25503028017248797,0.4631918861289958
2022-07-01,0.4851796298209122,0.26542254658566933,0.13129934909460333,0.08584038434916126,0.03225809028116011,0.21713973344376458,-0.2680398963771476,0.4475450330095566
2022-07-02,0.49054442048822694,0.2691115742690566,0.12635389710169734,0.08260297836603504,0.031387129774984084,0.2089568754677324,-0.28158754502049455,0.4259693245715907
2022-07-03,0.5063201319508484,0.2635430864455438,0.12061671824474982,0.08016921059411698,0.029350852764741,0.20078592883886678,-0.30553420311198154,0.39655924417865795
2022-07-04,0.48088975986090665,0.27047880607891206,0.13241673066501872,0.0846283394242064,0.03158636397095618,0.21704507008922513,-0.2638446897716815,0.4513405944680619
2022-07-05,0.48159107050632566,0.26740306864288,0.13532852329455686,0.08446583156201044,0.031211505994227055,0.2197943548565673,-0.26179671564975837,0.4563920892999205
2022-07-06,0.4818241112579815,0.26595565756898437,0.13613295248609655,0.08481222844282488,0.03127505024411268,0.22094518092892143,-0.26087893032906007,0.4585598266389401
2022-07-07,0.47956150484552257,0.2676147946573911,0.13669975939318907,0.08434815595664365,0.03177578514725363,0.2210479153498327,-0.25851358949568987,0.4609375713362088
2022-07-08,0.477056205124708,0.26978158460674145,0.1366668464423654,0.0842954125489746,0.03219995127721058,0.22096225899134,-0.256093946133368,0.4631786708100315
2022-07-09,0.481028654186677,0.2695960692560822,0.13444701340270898,0.08289707977789221,0.032031183376639634,0.2173440931806012,-0.26368456100607585,0.45183190499968545
2022-07-10,0.4997328244930655,0.26457240148551164,0.12516882486872008,0.07946365261984871,0.03106229653285403,0.2046324774885688,-0.2951003470044967,0.40948376304108147
2022-07-11,0.48064509120715226,0.268600103614033,0.133588842653436,0.08360554621391102,0.033560416311467646,0.21719438886734704,-0.2634507023398052,0.451881009170109
2022-07-12,0.4750664911906503,0.2697843414366798,0.13653412253060687,0.08462213135188426,0.03399291349017878,0.22115625388249113,-0.2539102373081592,0.4655269482977243
2022-07-13,0.47494816208894575,0.2695962488903647,0.1370801034033901,0.08435528344631697,0.03402020217098249,0.2214353868497071,-0.25351277523923865,0.46623064267851166
2022-07-14,0.4730231008214634,0.2705323699359234,0.13770406053608736,0.0848895619589804,0.03385090674754539,0.22259362249506776,-0.25042947832639567,0.47057664225807627
2022-07-15,0.4710820980025463,0.27185407508867165,0.13712643345538614,0.08609002956190968,0.033847363891486223,0.22321646301729584,-0.24786563498525047,0.4738377110142048
2022-07-16,0.4796209135823368,0.26874049510669734,0.1337083707021536,0.08479660807244885,0.03313361253636342,0.21850497877460245,-0.2611159348077344,0.45557850499588687
2022-07-17,0.4976430591129932,0.26527902200966275,0.12504212328070316,0.08058370324170874,0.031452092354932126,0.2056258265224119,-0.2920172325905813,0.4131994262894425
2022-07-18,0.47629056224726424,0.2711061400117528,0.1354692047363025,0.08396300372059677,0.033171089284083716,0.21943220845689926,-0.256858353790365,0.4607108052310765
2022-07-19,0.46822882513840747,0.2737201982425517,0.1391566816620071,0.08539454466288926,0.033499750294144495,0.22455122632489635,-0.24367759881351111,0.4795758276063407
2022-07-20,0.4701307554152518,0.2725316118696098,0.1383261117728223,0.08528449682012904,0.0337270241221871,0.22361060859295134,-0.24652014682230045,0.47563492925588985
2022-07-21,0.46931314819292447,0.27215763497172274,0.13988004201736687,0.08471300816215556,0.033936166655830394,0.22459305017952244,-0.24472009801340203,0.4785569103365438
2022-07-22,0.4686278197779517,0.27384730053903716,0.13801653497956257,0.0852776296596748,0.03423071504377376,0.22329416463923737,-0.24533365513871433,0.47648508094342346
2022-07-23,0.47215964159703655,0.2752264596668375,0.13503904756847004,0.0839982122814356,0.033576638886220304,0.21903725984990563,-0.2531223817471309,0.46390508750182935
2022-07-24,0.4891009860332746,0.2696787489361681,0.12662973124902788,0.08230662536229699,0.03228390841923243,0.20893635661132484,-0.28016462942194975,0.4271844927278688
2022-07-25,0.47065423761550423,0.2735385448838406,0.13582121042508996,0.08581163932132284,0.03417436775424232,0.2216328497464128,-0.24902138786909142,0.4709037591359654
2022-07-26,0.4658246220962354,0.2751789279390802,0.13894147720096026,0.08584883550667584,0.03420613725704832,0.22479031270763608,-0.2410343093885993,0.4825642571147653
2022-07-27,0.4671784683150749,0.27461566866043846,0.13856088439882483,0.08564936340780976,0.03399561521785202,0.2242102478066346,-0.24296822050844033,0.4799241896041804
2022-07-28,0.464859868209658,0.2753051986998238,0.13925575127287337,0.08628036183815321,0.03429881997949164,0.2255361131110266,-0.23932375509863144,0.4851701093915614
2022-07-29,0.4671317664411175,0.27456233859609397,0.1384549894509739,0.08596655796865083,0.033884347543163856,0.22442154741962472,-0.24271021902149276,0.4804245044806075
2022-07-30,0.47416010938841263,0.27538511124287735,0.13402446610733657,0.08312909606296565,0.033301217198407826,0.2171535621703022,-0.25700654721811045,0.4579751815275942
2022-07-31,0.4939086199638879,0.269926009019701,0.12532004929457313,0.07988342718900553,0.030961894532832417,0.20520347648357867,-0.28870514348030923,0.41546850609447167
2022-08-01,0.4817271223572627,0.2652882721014397,0.13372488719262982,0.08667963659223867,0.03258008175642908,0.22040452378486847,-0.26132259857239426,0.4575298204227125
2022-08-02,0.47263578499579234,0.2716327149546543,0.13666583907886415,0.08655029164961953,0.03251536932106969,0.22321613072848367,-0.24941965426730867,0.4722793698967819
2022-08-03,0.47040693586777077,0.27256498236677107,0.1390366146785672,0.08558485196576675,0.03240661512112423,0.22462146664433397,-0.2457854692234368,0.4775045806456264
2022-08-04,0.4728348927167539,0.2711002005842394,0.1385329759739087,0.08519172258394075,0.03234020814115726,0.22372469855784946,-0.24911019415890442,0.4731560678028664
2022-08-05,0.4704981285106455,0.27268600936159787,0.1387318805882066,0.08526305026769512,0.032820931271854994,0.2239949308559017,-0.2465031976547438,0.47608038647242695
2022-08-06,0.4770718026213084,0.2735134264995491,0.1342723947290074,0.08269730208504288,0.0324450740650923,0.21696969681405026,-0.2601021058072581,0.4547946359895791
2022-08-07,0.4906895266512583,0.27115624705198454,0.12706555174766462,0.08011792271887315,0.030970751830219422,0.20718347446653776,-0.2835060521847206,0.4222292574297937
2022-08-08,0.47007585581333255,0.2756051154686207,0.13714309431714972,0.08415353024718049,0.033022404153716586,0.2212966245643302,-0.24877923124900236,0.47076790230257487
2022-08-09,0.46630854781378306,0.27673101592136146,0.13929905458578073,0.0842593497640809,0.03340203191499388,0.22355840434986166,-0.2427501434639214,0.47942163058768994
2022-08-10,0.46940213614713555,0.275736297496179,0.13821632655458257,0.08366696197154802,0.03297827783055484,0.2218832885261306,-0.24751884762100496,0.47269339323283477
2022-08-11,0.47506547757717044,0.2717460939753792,0.13649862161736,0.0837573099413839,0.03293249688870647,0.22025593155874393,-0.25480954601842654,0.46363278738343006
2022-08-12,0.47941156762537507,0.2692227922745365,0.13517317809809856,0.08400716638090408,0.03218529562108584,0.21918034447900264,-0.2602312231463724,0.4571861825626118
2022-08-13,0.48030571339372796,0.27425730006093696,0.1319935415272211,0.08106033990742478,0.0323831051106892,0.21305388143464588,-0.2672518319590821,0.44357973576715737
2022-08-14,0.4978765894510747,0.2703966942376632,0.12381959832419372,0.07713499956257659,0.030772118424491762,0.2009545978867703,-0.29692199156430443,0.40362331176954785
2022-08-15,0.4816995106351898,0.27113541994737417,0.13277774493178557,0.08180692169976235,0.03258040278588809,0.21458466663154793,-0.2671148440036418,0.4454741221318396
2022-08-16,0.4784342467843802,0.26860325680814023,0.1364187902870746,0.08357608265213111,0.03296762346827388,0.21999487293920572,-0.25843937384517446,0.45982258673541937
2022-08-17,0.4772518754076271,0.27115050331084367,0.13639021229778037,0.08241283407470844,0.03279457490904047,0.2188030463724888,-0.2584488290351383,0.4584645082549047
2022-08-18,0.4719402368399919,0.27502288980092965,0.13738284423448124,0.08273185306514097,0.03292217605945622,0.22011469729962221,-0.2518255395403697,0.4664037522493565
2022-08-19,0.4702517376556175,0.2772115199279259,0.13680135880051753,0.08266619265750938,0.03306919095842972,0.21946755145802688,-0.25078418619759063,0.46670226579524304
2022-08-20,0.4761213072555293,0.27696212533911335,0.13372676369884456,0.08086625169386849,0.03232355201264423,0.21459301539271305,-0.26152829186281623,0.4507108002153393
2022-08-21,0.4905504276497115,0.27336584925297464,0.12615935286785568,0.0781943029078247,0.031730067321633484,0.20435365577568038,-0.28619677187403114,0.4165803233619922
2022-08-22,0.4685197182255808,0.276035594083913,0.13506652683376247,0.08683625022859671,0.03354191062814702,0.2219027770623592,-0.2466169411632216,0.4736252679028515
2022-08-23,0.46510034666219624,0.27631196844912836,0.13705023578340492,0.08766399444516396,0.03387345466010656,0.22471423022856887,-0.24038611643362737,0.4831521452117504
2022-08-24,0.4632169555002211,0.2780462019719319,0.13772633233239684,0.08739893790136426,0.033611572294085915,0.22512527023376108,-0.23809168526646,0.4860039503317655
2022-08-25,0.46985648637112604,0.2756799968540629,0.13811564070319668,0.0827896972587708,0.03355817881284355,0.22090533796196749,-0.24895114840915855,0.47015491829877765
2022-08-26,0.4672274372377989,0.2775081607071692,0.13870321657676585,0.08275666346007289,0.033804522018193124,0.22145988003683875,-0.24576755720096016,0.4739873183520365
2022-08-27,0.47934464495768325,0.27472366097915324,0.13276106855945372,0.07994215663553063,0.03322846886817913,0.21270322519498436,-0.2666414197626989,0.44373756426080835
2022-08-28,0.5040806030918948,0.2673685434805941,0.12222798623186157,0.07617075221363143,0.030152114982018113,0.198398738445493,-0.30568186464640185,0.3935853457335365
2022-08-29,0.4811060413871389,0.2717995848278233,0.13377968212194333,0.08077572013046269,0.032538971532631786,0.21455540225240602,-0.26655063913473287,0.4459628102648507
2022-08-30,0.4739936520701946,0.2732900010407329,0.13771456454328948,0.08171001271522155,0.033291769630561456,0.21942457725851103,-0.25456907481168356,0.4629272487092634
2022-08-31,0.4704915624523624,0.2741631909378538,0.1388439875692026,0.0828073129648431,0.033693946075738064,0.2216513005340457,-0.2488402619183167,0.4711057927983311
2022-09-01,0.47553422280362745,0.26849746941530106,0.13759151003896025,0.08569321907258062,0.03268357866953057,0.22328472911154087,-0.2522494936920866,0.4695450262130695
2022-09-02,0.4716744275527338,0.27611256593775063,0.13604659909072914,0.08311882286552516,0.03304758455326125,0.2191654219562543,-0.2525090055964795,0.4646540264932029
2022-09-03,0.473595506444821,0.2789375804347485,0.13463839535093605,0.080216022721009,0.03261249504848548,0.21485441807194508,-0.2587410883728759,0.45366650474539066
2022-09-04,0.4875186610610859,0.2745668776502762,0.12790225739301456,0.07826832107484161,0.03174388282078176,0.20617057846785616,-0.28134808259322974,0.4228978189657915
2022-09-05,0.4733079466729148,0.2753710531996393,0.13672175234419476,0.08136938228747499,0.0332298654957762,0.21809113463166974,-0.2552168120412451,0.4607806316473792
2022-09-06,0.47016280547282513,0.2768026680503673,0.13787839701318255,0.08229588062607979,0.032860248837545236,0.22017427763926234,-0.2499885278335628,0.46829369545266625
2022-09-07,0.47741489895122763,0.2728351100505916,0.1364676727844889,0.08136006036564722,0.03192225784804471,0.21782773315013612,-0.25958716580109154,0.45626505085755453
2022-09-08,0.4798027790521463,0.27199121627432676,0.13585630198409188,0.0803562488363969,0.03199345385303816,0.2162125508204888,-0.2635902282316575,0.4506279668650902
2022-09-09,0.48852912189900866,0.26785961227782185,0.13151863703457836,0.08045533420564764,0.031637294582943565,0.211973971240226,-0.27655515065878267,0.43390242615678987
2022-09-10,0.5620273502781525,0.23179387587301997,0.10207172279527331,0.07990566954060868,0.02420138151294547,0.181977392335882,-0.38004995794227053,0.3237874317785775
2022-09-11,0.5261662328611263,0.25970135194793886,0.10975033613258112,0.07709327922455297,0.027288799833800795,0.1868436153571341,-0.3393226175039922,0.3551037746020632
2022-09-12,0.48895335632436215,0.27376326456101735,0.12861469984055396,0.07732824042222933,0.031340438851837245,0.2059429402627833,-0.28301041606157884,0.42119138277509793
2022-09-13,0.47554366982988755,0.27405570244298605,0.13678692120775146,0.08097772522283093,0.03263598129654398,0.2177646464305824,-0.25777902339930514,0.4579277577356494
2022-09-14,0.4718103483596806,0.2749328211261715,0.1382746571790595,0.08218717270591974,0.03279500062916866,0.22046182988497925,-0.25134851847470135,0.46726789832280674
2022-09-15,0.4731979834223952,0.27441844695218026,0.13718997777581643,0.08265169399658463,0.03254189785302342,0.21984167177240105,-0.25335631164999417,0.4645870850556049
2022-09-16,0.4756238824576559,0.270747768689086,0.137529934166758,0.08363880412663557,0.03245961055986449,0.22116873829339356,-0.25445514416426235,0.4650076382846143
2022-09-17,0.475660231811643,0.2758466179947662,0.1347951681676971,0.08180554545941479,0.03189243656647894,0.2166007136271119,-0.2590595181845311,0.4553685575145659
2022-09-18,0.48811893493584424,0.27339051435456,0.12767438427555497,0.07975934059124914,0.031056825842791607,0.20743372486680414,-0.2806852100690401,0.4249655361025241
2022-09-19,0.47438861375865565,0.27571996813084987,0.13497621749791797,0.08258442845141775,0.032330772161158754,0.21756064594933572,-0.25682796780931993,0.4586127062063494
2022-09-20,0.47226012325128086,0.27438933887218,0.13805451211056127,0.08276272357591712,0.0325333021900608,0.2208172356864784,-0.2514428875648025,0.46757544161522535
2022-09-21,0.4743527081964358,0.2728051814124585,0.13833743714165028,0.08236361050002779,0.03214106274942761,0.22070104764167808,-0.25365166055475774,0.46526781407197704
2022-09-22,0.47273926785197984,0.2735936354467229,0.13924969653953126,0.08237446372957569,0.03204293643219031,0.22162416026910695,-0.2511151075828729,0.46880844334365734
2022-09-23,0.47511663507071716,0.2723320765729376,0.1388062214701606,0.08197310747980573,0.03177195940637887,0.22077932894996635,-0.2543373061207508,0.46468448514143307
2022-09-24,0.48380968974399235,0.2709535789896659,0.134805979782289,0.07878402375764826,0.031646727726404485,0.2135900035399373,-0.27021968620405507,0.441475249602707
2022-09-25,0.4959553225864896,0.2674578243050982,0.12929713737415555,0.0771189447002134,0.03017077103404323,0.20641608207436896,-0.28953924051212065,0.41619894509423694
2022-09-26,0.4790812752495978,0.2715628101931089,0.13749758297436526,0.08016901160676912,0.03168931997615885,0.21766659458113438,-0.2614146806684634,0.4543416865285158
2022-09-27,0.4684734644303896,0.2758747173366379,0.14137838391944937,0.08157018871937384,0.03270324559414931,0.22294857263882323,-0.2455248917915664,0.4759043778710141
2022-09-28,0.46687675915899784,0.2769004721890209,0.14182099517012067,0.08140852008479793,0.032993253397062654,0.22322951525491858,-0.24364724390407927,0.4781337063276186
2022-09-29,0.46610000842074367,0.27718983861532026,0.14175073694446216,0.0816475646119315,0.03331185140754241,0.22339830155639367,-0.24270170686435,0.4792926357442464
2022-09-30,0.4821966382881757,0.2706215873059329,0.13516200538161247,0.07990547587808114,0.032114293146197764,0.21506748125969363,-0.26712915702848206,0.4460161357059536
2022-10-01,0.5648819118121146,0.22978331538596872,0.10168728082369193,0.07786133882451537,0.025786153153709378,0.17954861964820729,-0.38533329216390727,0.31785160029681914
2022-10-02,0.5547895343451099,0.2461179385070147,0.09794970563902348,0.07414364875933117,0.026999172749520677,0.17209335439835466,-0.38269617994675525,0.3101957476568097
2022-10-03,0.518406633269484,0.2696711400620595,0.11016468200824873,0.07196509258014674,0.029792452080061076,0.1821297745883955,-0.3362768586810885,0.3513260882480235
2022-10-04,0.49406025657607733,0.27751873943843414,0.12331377647531218,0.07364565584980541,0.03146157166037097,0.1969594323251176,-0.29710082425095974,0.3986546776502129
2022-10-05,0.4875767051968296,0.27621726496540977,0.13019783832452575,0.07502094139572496,0.030987250117509923,0.2052187797202507,-0.2823579254765789,0.42089537406715527
2022-10-06,0.48704879845705334,0.27190665739423586,0.13345065441670362,0.07652530955850574,0.031068580173501465,0.20997596397520937,-0.27707283448184394,0.43111894463224815
2022-10-07,0.48640381236248353,0.270537793620257,0.13400922326121292,0.07753230496594452,0.03151686579010207,0.21154152822715744,-0.2748622841353261,0.4349092726055979
2022-10-08,0.4880266609136041,0.2662285536986495,0.13527399173378468,0.07869787538519621,0.031772918268765535,0.2139718671189809,-0.27405479379462316,0.43844298735322695
2022-10-09,0.49105671783163163,0.2641299175256794,0.13371905873980597,0.07955193831592487,0.031542367586958144,0.21327099705573083,-0.2777857207759008,0.4343103134755504
2022-10-10,0.492843782507238,0.263769971394985,0.1343203851587766,0.07762446755722098,0.03144139338177947,0.21194485271599756,-0.2808989297912404,0.4300446921289605
2022-10-11,0.49544876576486735,0.26155101593926006,0.13494168594615655,0.07688742656058556,0.031171105789130474,0.2118291125067421,-0.2836196532581252,0.4275499852739023
2022-10-12,0.4921551984486123,0.26219827038147225,0.13628443843697416,0.07750397796053002,0.031858114772411295,0.21378841639750418,-0.2783667820511081,0.4343922751835499
2022-10-13,0.48544897496126144,0.26528417482237965,0.13790266049227742,0.07907522315191536,0.032288966572166136,0.2169778836441928,-0.26847109131706864,0.4469633160962128
2022-10-14,0.49342231282634746,0.26125079344129537,0.13575061832930652,0.07825703716822813,0.03131923823482256,0.21400765549753464,-0.2794146573288128,0.433721074086999
2022-10-15,0.5003147284771527,0.25919972883467024,0.13215172820471538,0.07760560295647093,0.03072821152699066,0.2097573311611863,-0.2905573973159664,0.4192507620146246
2022-10-16,0.5160379624219219,0.25200239561227455,0.1246410465713746,0.07737058155461803,0.029948013839810925,0.20201162812599263,-0.3140263342959293,0.3914666029179154
2022-10-17,0.49872861123761464,0.25765700428524074,0.133351679764963,0.07877575831628789,0.0314869463958937,0.2121274380812509,-0.28660117315636374,0.4253364120314821
2022-10-18,0.4970419414617648,0.25795753532166266,0.13629735285012687,0.07762443194118772,0.03107873842525797,0.21392178479131457,-0.2831201566704502,0.4303898060638221
2022-10-19,0.493321337075674,0.25995753756919787,0.13711626937175522,0.0779342193421214,0.03167063664125152,0.21505048871387664,-0.2782708483617974,0.4359237530423067
2022-10-20,0.4942345967221865,0.26005371526494225,0.1362621456032493,0.07794668751369067,0.03150285489593127,0.21420883311693997,-0.28002576360524656,0.4334152941489618
2022-10-21,0.4918822939317463,0.2610630118408118,0.13679462179247606,0.07853728135084498,0.03172279108412086,0.215331903143321,-0.2765503907884253,0.4377712021754549
2022-10-22,0.49535782065271045,0.2607475242244586,0.1343099910228967,0.07824491641527695,0.03133974768465729,0.21255490743817365,-0.28280291321453677,0.4290936744636427
2022-10-23,0.5077726093055082,0.2583996778861713,0.12741765315475834,0.07609267170984818,0.030317387943714046,0.20351032486460652,-0.30426228444090164,0.40079027725215843
2022-10-24,0.49135453764922205,0.26270228164672815,0.13577013536697927,0.07812692440235876,0.03204612093471181,0.213897059769338,-0.27745747787988406,0.43532122607981105
2022-10-25,0.48881109342708745,0.2622019445683357,0.1383667124601783,0.07847707966108733,0.032143169883311215,0.21684379212126562,-0.2719673013058218,0.44361471136213215
2022-10-26,0.4876684774356443,0.2620351112265576,0.13903014635119257,0.07914766132955077,0.03211860365705478,0.21817780768074335,-0.26949066975490094,0.4473896053893199
2022-10-27,0.48463757671897156,0.2630635559079012,0.14060017375575443,0.07946771632784544,0.03223097728952735,0.22006789008359987,-0.2645696866353717,0.4540875504814836
2022-10-28,0.4875162428915095,0.26314576621275154,0.13923405265392375,0.07799141423331198,0.03211252400850318,0.21722546688723574,-0.27029077600427376,0.4455758552758138
2022-10-29,0.49542063597462277,0.261611187364143,0.13433361775163302,0.07760234903553526,0.031032209874065957,0.21193596678716828,-0.2834846691874545,0.4277899453466133
2022-10-30,0.5072694780465268,0.2589715371829674,0.1277115060350086,0.0757724924347849,0.030274986300712268,0.20348399846979354,-0.30378547957673324,0.401135899706408
2022-10-31,0.497144411301969,0.2571062199498009,0.13532945116262488,0.07874715010772332,0.03167276747788191,0.2140766012703482,-0.28306781003162085,0.4306125069568902
2022-11-01,0.5056220429021338,0.2501182860060719,0.13587195132371319,0.07728433530013044,0.031103384515908265,0.21315628662384362,-0.29246575627829013,0.4215723772650104
2022-11-02,0.5055465810477652,0.2498404963761222,0.13620854481866007,0.07736419530679065,0.031040182425732657,0.21357274012545074,-0.29197384092231443,0.4224590732723636
2022-11-03,0.5038718735854517,0.25099698433773426,0.1363546876609723,0.07752801740462407,0.031248437153524326,0.2138827050655964,-0.28998916851985534,0.42447835705464126
2022-11-04,0.5040677185366397,0.2507415158129498,0.13639937777916752,0.07763530328682068,0.03115608450234473,0.21403468106598816,-0.2900330374706515,0.4246149340555924
2022-11-05,0.5072691288628481,0.24949324712974796,0.1353326533176373,0.07697454797509792,0.030930422685362734,0.21230720129273523,-0.2949619275701129,0.41852970979855814
2022-11-06,0.5045877966978894,0.25060269527068946,0.13618601146259143,0.07765325214802417,0.03097024454747813,0.2138392636106156,-0.2907485330872739,0.42379000247333964
2022-11-07,0.5030676657688822,0.2512306014540619,0.13677468248413574,0.07773995559480999,0.031187094624258456,0.21451463807894572,-0.28855302768993646,0.4264130904757798
2022-11-08,0.502620228877694,0.2514307020807988,0.13702500825742964,0.0777115922014716,0.03121246868870924,0.21473660045890122,-0.2878836284187928,0.42723429762942255
2022-11-09,0.507726264353446,0.24815299299351662,0.13550847685875564,0.07845119607330561,0.03016106972246715,0.21395967293206125,-0.2937665914213848,0.42140753385000473
2022-11-10,0.5008834286581157,0.25219578081877225,0.13732857550021926,0.07861299380099582,0.0309792212426071,0.2159415693012151,-0.28494185935690064,0.4311214085874834
2022-11-11,0.5008912269074148,0.25226598441506537,0.1372846674310461,0.07859677323538834,0.030961347984513228,0.21588144066643442,-0.2850097862409804,0.43099465326897834
2022-11-12,0.49850286323348136,0.25336139394364,0.13809520902353686,0.07897215521922825,0.031068378513648704,0.21706736424276513,-0.28143549899071624,0.43543855061289455
2022-11-13,0.49925740121111506,0.2541652945942512,0.13729471515387587,0.07774944151237427,0.03153314748409434,0.21504415666625015,-0.2842132445448649,0.43072802955867845
2022-11-14,0.5043071438563498,0.25026387887426216,0.13633592717843654,0.07845571598380606,0.03063733421985624,0.21479164316224258,-0.2895155006941072,0.4259143376787565
2022-11-15,0.5051689633843882,0.24982385689408954,0.13612017532680432,0.07821381545761141,0.030673188988036185,0.21433399078441576,-0.2908349725999725,0.42428178752012297
2022-11-16,0.506670764473284,0.24896488139368583,0.1357889538415544,0.07799046059631298,0.03058493978514292,0.21377941443786738,-0.29289135003541655,0.4219296423390533
2022-11-17,0.5033758449952108,0.2508735946690821,0.13672706571523777,0.07823002729655437,0.030793467335656407,0.2149570930117921,-0.2884187519834187,0.4270310050611134
2022-11-18,0.5030597891639578,0.2510907238132858,0.13665777770650414,0.07847515555667874,0.030716553737730853,0.21513293326318286,-0.28792685590077494,0.42764883597775794
2022-11-19,0.5026679478604175,0.25118708937282735,0.13678456079886442,0.0786510523844019,0.03070934961365275,0.21543561318326632,-0.28723233467715115,0.42858434499406195
2022-11-20,0.5043117047185536,0.2502657511434018,0.13636879229710536,0.07848570938390637,0.030568042353661708,0.2148545016810117,-0.28945720303754185,0.4260351280185292
2022-11-21,0.5063961591626297,0.24847102127141923,0.13608118069758662,0.07877846854204985,0.030273170299510894,0.21485964923963646,-0.29153650992299324,0.4242916249501688
2022-11-22,0.502723520072946,0.2510760511058295,0.13687292729456838,0.0783408692766493,0.030986632419695508,0.21521379657121767,-0.2875097235017283,0.42809573846871096
2022-11-23,0.5046810683475017,0.24999625285699856,0.13635904334613358,0.07811894821513005,0.030844687176374144,0.21447799156126365,-0.290203076786238,0.4249772876631531
2022-11-24,0.5066597991765646,0.24919275616543377,0.1357302352007454,0.07772900481902861,0.030688204747210488,0.21345924001977404,-0.29320055915679055,0.42130684211909647
2022-11-25,0.5026261702516622,0.2523787122177255,0.13643926944565724,0.07710295391521664,0.03145289410948205,0.2135422233608739,-0.2890839468907883,0.42485297423720386
2022-11-26,0.5062166521554884,0.2494577363535889,0.1359330443158543,0.07775995724307161,0.030632609959478623,0.21369300155892593,-0.2925236505965625,0.42213743986692964
2022-11-27,0.5075622617745261,0.2486753154642757,0.13536756925953325,0.07784661771217397,0.03054823576849597,0.21321418697170724,-0.2943480748028189,0.42007494061176515
2022-11-28,0.5077377381014203,0.2485543535437425,0.13557012271689864,0.07761048858442132,0.030527297106503856,0.21318061130132,-0.2945571268001003,0.41986363294259854
2022-11-29,0.5070534101801109,0.2491671919500952,0.13558413660699603,0.07754449446733727,0.03065076689869918,0.2131286310743333,-0.2939247791057775,0.4203277737519361
2022-11-30,0.5078138471217695,0.24902264500523907,0.13526794137830114,0.07701128896809095,0.03088427755899378,0.2122792303463921,-0.2955346167753774,0.4180256831308685
2022-12-01,0.5066307342386503,0.243071765384486,0.13833080044123958,0.08091644633782769,0.03105025365074397,0.21924724677906726,-0.2873834874595831,0.43275551987296135
2022-12-02,0.49661912571960687,0.25215850282410107,0.13995255997757297,0.07947353046041565,0.0317962810485281,0.21942609043798864,-0.2771930352816182,0.441839790443104
2022-12-03,0.5014823516407593,0.25152708734005114,0.13747943554954065,0.07791365250733659,0.03159747300305691,0.21539308805687724,-0.28608926358388204,0.42951279811173837
2022-12-04,0.5174680245854514,0.2465256099477145,0.12996024247101678,0.07544779643174282,0.030598326543857152,0.2054080389027596,-0.3120599856826918,0.39694827340745154
2022-12-05,0.5070865821701194,0.2487632097720063,0.13554869358106117,0.07710521199529248,0.03149630238342643,0.21265390557635364,-0.2944326765937657,0.4193640949170524
2022-12-06,0.5016243795993709,0.24772576949463848,0.1395607502274072,0.08043728624788178,0.030651814401841386,0.21999803647528896,-0.28162634312408197,0.43857126053361556
2022-12-07,0.5024658189954146,0.24766770073179137,0.13845679590872434,0.08067845186727673,0.030731232519419612,0.21913524777600107,-0.2833305712194136,0.43611971101660324
2022-12-08,0.4943973858370548,0.2534859514452404,0.14020157564603272,0.07904403159747442,0.032871055404942416,0.21924560724350714,-0.27515177859354767,0.443460288270551
2022-12-09,0.4926124558189821,0.2552906610604906,0.1400952841451048,0.07950514053940073,0.03249645848556569,0.21960042468450552,-0.2730120311344766,0.4457873975586217
2022-12-10,0.5019021547954384,0.2526230007910805,0.13541963350184122,0.07804496473511457,0.032010246297078646,0.2134645982369558,-0.28843755655848263,0.42531118106866483
2022-12-11,0.515294383096477,0.2498693275075638,0.12794057775449086,0.07569226929110003,0.03120344235959361,0.20363284704559087,-0.31166153605088615,0.39517769594524244
2022-12-12,0.5007294081768879,0.25333191767747354,0.13582920030300208,0.07783576389266864,0.032273709805577463,0.21366496419567071,-0.2870644439812172,0.4267074405987182
2022-12-13,0.4940874922244922,0.25555551956694517,0.13918137060802868,0.0783432329952124,0.032832384582229826,0.21752460360324105,-0.27656288862125117,0.44025523217334794
2022-12-14,0.4939311927323616,0.25571756900663345,0.13926482403188417,0.07803520295409162,0.03305121129293599,0.2173000269859758,-0.2766311657463858,0.4399398745884037
2022-12-15,0.4961719307703765,0.2549940397289143,0.13779468300373782,0.07824998529818207,0.03278936110626999,0.2160446683019199,-0.28012726246845665,0.4354229953445376
2022-12-16,0.49773285564391706,0.25328542155172273,0.13708142377400165,0.07909394862937785,0.03280635031785037,0.21617537240337947,-0.2815574832405376,0.4343200774313228
2022-12-17,0.4986145171457007,0.25705699745476607,0.13458979823618855,0.07703086631718087,0.0327078207610193,0.21162066455336945,-0.28699385259233123,0.4244173750992724
2022-12-18,0.506667799778441,0.2573709054099588,0.129264286038631,0.07428178268420485,0.03241522616402989,0.20354606872283584,-0.30312173105560514,0.40173476351140486
2022-12-19,0.49092594035618664,0.26131390859362724,0.13709199253521562,0.07672334676753692,0.033944811791814744,0.21381533930275254,-0.2771106010534341,0.4355348164075845
2022-12-20,0.4868883101005802,0.25955504368731047,0.14057728493150376,0.07882497623568356,0.03415438497563158,0.2194022611671873,-0.2674860489333929,0.4506213367946002
2022-12-21,0.48817327097877145,0.25782895506178904,0.14028290496971138,0.07980213477045826,0.03391273436095317,0.22008503974016963,-0.2680882312386018,0.45083385925433056
2022-12-22,0.4951256523564215,0.25251353103679913,0.13874615668873075,0.08010345499803559,0.03351120481427759,0.21884961168676634,-0.27627604066965517,0.44200822689191854
2022-12-23,0.5027662615022966,0.24984541006088287,0.13502790680330057,0.0795790059419036,0.03278141569026655,0.21460691274520416,-0.2881593487570925,0.42685225556692186
2022-12-24,0.5079308243003873,0.2482641597501364,0.13162425757848575,0.07956924698571956,0.032611511437622906,0.21119350456420535,-0.2967373197361819,0.4157918646797989
2022-12-25,0.5231909019822282,0.2423715589768912,0.12466971674304506,0.07821831350847364,0.031549508907322596,0.2028880302515187,-0.3203028717307095,0.38778967578149975
2022-12-26,0.5149959857133231,0.24217172921505897,0.1304474401918752,0.0802696689170913,0.03211517599906225,0.2107171091089665,-0.3042788766043566,0.40916262447580315
2022-12-27,0.515149878751752,0.24111543119912843,0.13076599846038128,0.08131298398960883,0.03165570770734142,0.21207898244999013,-0.30307089630176187,0.41168403836932643
2022-12-28,0.5157301038598004,0.241874626391213,0.1291188418972798,0.08157431903929165,0.0317021087184322,0.21069316093657142,-0.305036942923229,0.4085337647729163
2022-12-29,0.5180648725514694,0.2387364740813786,0.12873263130639734,0.08310526065100578,0.031360761394480796,0.2118378919574031,-0.3062269805940663,0.40890224985550855
2022-12-30,0.5204967764033519,0.23869749007541113,0.12710650624131437,0.08304595464566109,0.030653272705333703,0.21015246088697548,-0.3103443155163764,0.4037536261783121
2022-12-31,0.527800139369003,0.23707577439057975,0.12330016162955343,0.08198745795195067,0.02983646672201161,0.2052876195815041,-0.32251251978749895,0.38894953651761077
2023-01-01,0.5676926954972843,0.21726724431637637,0.10220744900653297,0.0861578670865397,0.026674743907266856,0.1883653160930727,-0.3793273794042116,0.33180859571932575
2023-01-02,0.5308652399229918,0.23105607285196156,0.11999623221934042,0.08896545182497145,0.02911700308130195,0.20896168404431187,-0.32190355587867997,0.393624724938902
2023-01-03,0.5106472321619582,0.23597683823834606,0.13094897687369117,0.09185922535815212,0.030567727384152716,0.2228082022318433,-0.2878390299301149,0.43632509528843755
2023-01-04,0.5061310144253132,0.23583094321699916,0.13423742936221567,0.09287504325138406,0.030925569624216786,0.2271124726135997,-0.2790185418117135,0.44872269460008246
2023-01-05,0.5095600493583006,0.23305861704118372,0.1338600988673713,0.09354733177126534,0.029973902846252704,0.22740743063863667,-0.2821526187196639,0.44628190715699845
2023-01-06,0.5094578956012628,0.23176325272074494,0.13440432169243274,0.09456960846599727,0.02980492166136922,0.22897393015842998,-0.28048396544283277,0.4494462292869064
2023-01-07,0.5215386593995962,0.22638255121498946,0.12925274405912185,0.09390053410709177,0.02892551107680184,0.2231532781662136,-0.2983853812333826,0.4278748548057996
2023-01-08,0.5257788972592191,0.22712428532483195,0.1250203717423224,0.09339119244197336,0.028685253288185747,0.21841156418429575,-0.30736733307492337,0.4154057253397423
2023-01-09,0.5248209736666476,0.22339657993783374,0.12827362684040663,0.09530555980342238,0.028203259795686424,0.223579186643829,-0.30124178702281856,0.42601038804108576
2023-01-10,0.5213469283834106,0.22307081961666037,0.12855014008281396,0.09863463278975268,0.02839747913435652,0.22718477287256664,-0.2941621555108439,0.43576505490695
2023-01-11,0.5223098650294663,0.22132003859158292,0.12601276518076218,0.1017573771460698,0.028599954200790024,0.227770142326832,-0.2945397227026343,0.4360824054395034
2023-01-12,0.5243678526217591,0.2196891895987798,0.12354805998564049,0.10462744731463569,0.027767450410263714,0.22817550730027616,-0.296192345321483,0.43514396651021514
2023-01-13,0.5307544962462852,0.2106533124898777,0.11592319603544685,0.11583968104231558,0.026829314089082745,0.2317628770777624,-0.2989916191685228,0.4366668181181414
2023-01-14,0.5512791630646503,0.2062537666577692,0.11013056146918992,0.10705322555146703,0.025283283352164187,0.21718378702065694,-0.33409537604399336,0.3939633520942403
2023-01-15,0.5695728957734859,0.19757868040098286,0.10094777187843129,0.10594079060932024,0.02595986123108122,0.20688856248775153,-0.36268433328573435,0.36323456404433485
2023-01-16,0.5740145946544928,0.19504961379636407,0.09781708487782499,0.10868476405976323,0.024433942466728996,0.20650184893758822,-0.36751274571690457,0.3597501716169508
2023-01-17,0.5940416467425547,0.18259589580274235,0.09185687368186887,0.1082798124308429,0.023225771202792077,0.2001366861127118,-0.39390496062984287,0.33690682666807514
2023-01-18,0.615221399988208,0.17342503911134685,0.08118206547552233,0.1082717025230724,0.021899792667437246,0.18945376799859473,-0.4257676319896133,0.3079440474636058
2023-01-19,0.6422680774048443,0.16124388312507437,0.07022773599564529,0.10553287559302543,0.02072742796600443,0.1757606115886707,-0.4665074658161735,0.2736561535159136
2023-01-20,0.6613364016382681,0.15025630563238432,0.06288786761233278,0.10543771561917345,0.020081709257003214,0.16832558323150623,-0.49301081840676186,0.25452339053850453
2023-01-21,0.6700965489466519,0.1469206763309448,0.05721102560897738,0.10545609458025999,0.020315654507299524,0.16266712018923737,-0.5074294287574146,0.24275176531641518
2023-01-22,0.6824103193839477,0.1394463902908188,0.05382578886470989,0.10513444560698318,0.01918305551800396,0.15896023447169308,-0.5234500849122546,0.23293937673040452
2023-01-23,0.6812601048246602,0.14036579588505355,0.05422734740450341,0.10479020332966008,0.019356548376599902,0.1590175507341635,-0.5222425540904967,0.2334167957407263
2023-01-24,0.6838730852388406,0.1405971997501645,0.054379916118596,0.10182973729766959,0.01932006151025411,0.15620965341626558,-0.527663431822575,0.22841906895884026
2023-01-25,0.6810492271239306,0.14211019303267997,0.057402374083945086,0.0994632327472374,0.019974973147366914,0.15686560683118247,-0.5241836202927481,0.23032932214551594
2023-01-26,0.6769641345059698,0.14488358513440733,0.06247251524634694,0.09758510736420517,0.018094658003409345,0.16005762261055212,-0.5169065118954177,0.23643442015928637
2023-01-27,0.660583358451254,0.15503341475125115,0.06840891880823767,0.09756477919619011,0.018409529008607917,0.1659736980044278,-0.49460966044682625,0.2512532232019214
2023-01-28,0.6373999107569811,0.16585882942311284,0.07845694037427393,0.09924498245871474,0.01903933721461492,0.17770192283298866,-0.4596979879239924,0.2787918853360812
2023-01-29,0.6147136145606079,0.17562620776425825,0.08997886629739742,0.09914123972616656,0.020540071438441027,0.18912010602356397,-0.4255935085370439,0.30765563271076307
2023-01-30,0.5917014720681071,0.18544645244911384,0.1013726689996943,0.0997309572060512,0.02174844946316931,0.20110362620574548,-0.39059784586236157,0.3398734593355849
2023-01-31,0.5701288817589774,0.19936991795090436,0.10916039584618005,0.0987967968949124,0.02254400741441797,0.20795719274109245,-0.3621716890178849,0.36475470616309974
2023-02-01,0.5530002153443727,0.21055903096542006,0.11532578421563883,0.09844324565504096,0.022671723793730236,0.21376902987067978,-0.3392311854736929,0.3865622904641335
2023-02-02,0.5359313512579957,0.229916078426608,0.11684657781601464,0.09439967885322685,0.022906313553542824,0.2112462566692415,-0.3246850945887543,0.3941666337925213
2023-02-03,0.5341246856855602,0.22826035769103595,0.12070868211327712,0.09304342765393529,0.023862846915697636,0.21375210976721243,-0.3203725759183477,0.40019140754158766
2023-02-04,0.5338580625676702,0.2322368687884281,0.11987355707838387,0.09006956279138963,0.02396194865761037,0.2099431198697735,-0.3239149426978967,0.3932564376006998
2023-02-05,0.5488805620812215,0.22904251483259724,0.11172755740251299,0.08754167185970506,0.022807693800180148,0.19926922926221804,-0.3496113328190035,0.3630466134683976
2023-02-06,0.5301392307144516,0.23753737674905812,0.11839586238472238,0.08958141559604953,0.02434611451619174,0.20797727798077192,-0.32216195273367965,0.3923068996431138
2023-02-07,0.5179599195584239,0.24292495196268565,0.12646327932525858,0.08716346651740098,0.02548838258047259,0.21362674584265956,-0.30433317371576435,0.4124387578575244
2023-02-08,0.5110091361825884,0.24971576654082506,0.12769068018116492,0.08532334064511773,0.0262610764860435,0.21301402082628265,-0.29799511535630574,0.41684973074565684
2023-02-09,0.501337044285999,0.2556224365422554,0.1318633411168928,0.08415073061951775,0.02702644734892905,0.21601407173641055,-0.2853229725495885,0.4308759430375954
2023-02-10,0.4981052900422576,0.25698515253233617,0.1341768623251399,0.08306429458757134,0.02766840057074638,0.2172411569127112,-0.2808641331295464,0.43613501252773523
2023-02-11,0.5000013473447118,0.259622481416249,0.13140833748379957,0.08087188992477604,0.028095943887243378,0.21228022740857558,-0.28772111993613625,0.4245593107616668
2023-02-12,0.5037746745543819,0.26279616534860323,0.1278136324272336,0.07754387834872278,0.028071649204107613,0.20535751077595638,-0.2984171637784255,0.4076376228273228
2023-02-13,0.4937629414348015,0.2622538602039845,0.13565308135236548,0.07913354035531849,0.029196576604056657,0.21478662170768398,-0.2789763197271175,0.4349994778537775
2023-02-14,0.4906568908761143,0.2631846805690762,0.13845918433930332,0.07768852772288015,0.0300107164178389,0.21614771206218347,-0.27450917881393083,0.44052721174715653
2023-02-15,0.4847341111718576,0.26626141018556543,0.14109990714400036,0.07720923511684173,0.03069533634869016,0.2183091422608421,-0.2664249689110155,0.45036884599079263
2023-02-16,0.4807853325572252,0.2675575801038956,0.14260514919522368,0.0778787024902948,0.031173235674190274,0.22048385168551848,-0.26030148087170674,0.45859105250319904
2023-02-17,0.4786177632289177,0.2688060298234661,0.14186213048268906,0.07908504335716054,0.03162903321483544,0.2209471738398496,-0.25767058938906806,0.46163596676660107
2023-02-18,0.4891391217148041,0.26819198349110895,0.13700896744695845,0.07505712357500889,0.030602803872857298,0.21206609102196736,-0.27707303069283673,0.43354964182483424
2023-02-19,0.4993118768136397,0.2677041808678496,0.1307676362194742,0.07246657290069848,0.02974973331822201,0.2032342091201727,-0.296077667693467,0.4070285898607348
2023-02-20,0.4888150820119802,0.267150855712925,0.13854019495226902,0.07457982374087364,0.030914043696661574,0.21312001869314265,-0.27569506331883753,0.43599313224120073
2023-02-21,0.48831988785940517,0.26692850756411984,0.13934391539131755,0.07439838688137762,0.03100930214861056,0.21374230227269517,-0.27457758558670997,0.4377095989468176
2023-02-22,0.48832426168580306,0.26669178030325286,0.13982838274350562,0.07379481566959674,0.0313607596182913,0.21362319841310237,-0.2747010632727007,0.4374617752466936
2023-02-23,0.4887666179392287,0.26647857346657017,0.1399311495519863,0.07346248406359139,0.03136117488022127,0.21339363361557767,-0.27537298432365104,0.4365961704080826
2023-02-24,0.49191000765456583,0.26404045410258375,0.1397583254715799,0.07288727416989195,0.03140393858958523,0.21264559964147184,-0.279264408013094,0.43228557324005096
2023-02-25,0.49854080783467086,0.264195503014538,0.13511151303678837,0.07145962676707703,0.030692549440468186,0.20657113980386538,-0.2919696680308055,0.41435151658110553
2023-02-26,0.5096749905384957,0.2638923433790133,0.12808097885950095,0.0685853041889222,0.02976638295341083,0.19666628304842312,-0.3130087074900726,0.38586606504006776
2023-02-27,0.5003277426311966,0.26255998395978797,0.1355520835654506,0.07138474611234433,0.030175443832420604,0.2069368296777949,-0.2933909129534017,0.41360254898024496
2023-02-28,0.4974270208626472,0.26286131500290005,0.13797577375573913,0.07192441425511775,0.02981147614465567,0.20990018801085686,-0.2875268328517903,0.42197182542847
2023-03-01,0.5055246416279741,0.25500723689894633,0.13358953889154548,0.07507693171768144,0.03080165079045231,0.2086664706092269,-0.2968581710187471,0.41277210530676534
2023-03-02,0.5019851402016692,0.2617095020072816,0.13148144186039817,0.07367749725517016,0.031146418666625403,0.20515893911556832,-0.29682620108610086,0.40869524351487196
2023-03-03,0.4985093996344573,0.2623367103844072,0.1348775077839562,0.07277142451199435,0.031504957711055034,0.20764893229595055,-0.29086046733850673,0.41653965290968153
2023-03-04,0.5057734051912296,0.2597305463139491,0.13205274844815748,0.0716740214866996,0.030769278547048577,0.2037267699348571,-0.3020466352563725,0.40280245628539796
2023-03-05,0.5176946613491845,0.2566835748214775,0.1262206430435455,0.06991708344685603,0.029484037269614998,0.1961377264904015,-0.321556934858783,0.37886758572947077
2023-03-06,0.503677906709231,0.2603240486820673,0.13355165658892046,0.07192829380843896,0.030518094267131497,0.2054799503973594,-0.29819795631187157,0.4079590302855615
2023-03-07,0.49997804045995015,0.26044362769350465,0.13637049108587407,0.07237504822426925,0.030832792457678386,0.2087455393101433,-0.2912325011498068,0.41750941524973734
2023-03-08,0.5002640998096606,0.25846464829152316,0.13801542572065395,0.07247871151324571,0.030777114757567666,0.21049413723389968,-0.28976996257576093,0.42076602601303603
2023-03-09,0.4993371051773713,0.26067020124508,0.13603775041706898,0.07271874965227323,0.0312361933971223,0.2087565000693422,-0.2905806051080291,0.41806726939546995
2023-03-10,0.4973726321404758,0.26121070066616076,0.13712052138071587,0.07302963465572543,0.03126651102912427,0.2101501560364413,-0.2872224761040345,0.42252054587733606
2023-03-11,0.5055998060056273,0.25884744699924334,0.13319049440380626,0.0716267026484762,0.030735549976168744,0.20481719705228243,-0.30078260895334485,0.4050974597288569
2023-03-12,0.5179996637385182,0.25603606079195335,0.12677438636751143,0.06987478937872402,0.029315099561215443,0.19664917574623544,-0.32135048799228283,0.3796318598490485
2023-03-13,0.5081178072588178,0.25763374386310967,0.13217105777396457,0.07136672263358783,0.030710668363644795,0.2035377804075524,-0.3045800268512654,0.40057202778543294
2023-03-14,0.5044703251072441,0.25822406052297164,0.13436306223377337,0.07202503309267917,0.03091751899809731,0.20638809532645253,-0.2980822297807916,0.4091184060877654
2023-03-15,0.5073938541329744,0.2561782150781447,0.13382499690712013,0.07197242461929222,0.030630509273260918,0.20579742152641234,-0.3015964326065621,0.40559699304611263
2023-03-16,0.5094539139928606,0.252967442364699,0.1337987067312678,0.07303924533267006,0.03074069151941761,0.20683795206393787,-0.3026159619289227,0.40599933847369846
2023-03-17,0.506109918082909,0.25568018515997276,0.13418195235428745,0.07310048999875388,0.03092745447121357,0.20728244235304133,-0.2988274757298676,0.40956012705343803
2023-03-18,0.5099176006022785,0.25578142677014615,0.13242425528250296,0.07150474677788975,0.03037197066086579,0.20392900206039272,-0.3059885985418858,0.39992540327991466
2023-03-19,0.5228023348164421,0.2523661414309034,0.1259630225685798,0.06949057326263189,0.029377928000496465,0.19545359583121166,-0.3273487389852304,0.37385754197107046
2023-03-20,0.5065900139073709,0.2576580153926958,0.13224785160597166,0.07275463692344164,0.030749482245721795,0.2050024885294133,-0.30158752537795763,0.404671396793261
2023-03-21,0.4976641444996929,0.26125637304871263,0.13709473182278545,0.07252625494219131,0.03145849577108234,0.20962098676497676,-0.2880431577347161,0.4212097437232714
2023-03-22,0.49767076555526174,0.2618328520847515,0.13583821870063928,0.07337197257291478,0.03128619112686446,0.20921019127355406,-0.2884605742817077,0.42037870365990626
2023-03-23,0.4960884520288566,0.2615388674071665,0.136203295239359,0.07566815052921921,0.0305012347793668,0.21187144576857822,-0.28421700626027835,0.42708401072850216
2023-03-24,0.4974149782204972,0.26189041700640137,0.13534567642937934,0.07491395830758844,0.03043496997184967,0.21025963473696777,-0.28715534348352945,0.42270467103578574
2023-03-25,0.5037122319524683,0.2604403206158095,0.1331046511007912,0.07262050829036096,0.030122287934844012,0.20572515939115216,-0.2979870725613161,0.40841803383199354
2023-03-26,0.5129637720010938,0.25982291540778774,0.12748211141653296,0.07048094842054999,0.029250252719760006,0.19796305983708296,-0.3150007121640108,0.38592015780143796
2023-03-27,0.5003126497723468,0.26235758034289863,0.1340801171046871,0.07288298737181242,0.03036666533992255,0.20696310447649952,-0.2933495452958473,0.41366754282681484
2023-03-28,0.49856498386025255,0.2610158400868555,0.1364333131032762,0.07392825566040839,0.030057607334339837,0.2103615687636846,-0.288203415096568,0.4219341020199862
2023-03-29,0.5012472134589337,0.25845589730527696,0.13590094526291113,0.07453242702697864,0.029863516950425252,0.21043337228988976,-0.29081384116904396,0.41981953542995637
2023-03-30,0.49831138178599105,0.25920600046658404,0.13724307286995893,0.07517843039888362,0.030061114555615224,0.21242150326884254,-0.28588987851714853,0.42628266387876895
2023-03-31,0.4986880616453392,0.25904146709783055,0.13669848860345798,0.07555357115254945,0.03001841151553502,0.21225205975600744,-0.2864360018893317,0.425620896268735
2023-04-01,0.5132067661806168,0.2506443592811954,0.13208605225128398,0.07536131814187133,0.02870150412029019,0.2074473703931553,-0.3057593957874615,0.4042179177352209
2023-04-02,0.5154215416195871,0.25545221154574793,0.12672434896089416,0.07437617515545786,0.02802572267251504,0.20110052411635201,-0.31432101750323505,0.39016709213286355
2023-04-03,0.504143467496597,0.2600973582666917,0.13131146129002932,0.07494080285528326,0.029506910255950328,0.20625226414531259,-0.2978912033512844,0.4091142253007668
2023-04-04,0.5083620494327145,0.25719239388325876,0.12930269554214455,0.07657066550449888,0.02857219558989486,0.20587336104664344,-0.302488688386071,0.4049738985755905
2023-04-05,0.5634179477154883,0.23669476004184326,0.10145777838802099,0.07509782685489119,0.023331687095200216,0.1765556052429122,-0.38686234247257606,0.31336524858464093
2023-04-06,0.5168437115099602,0.25482756714991067,0.12374146995639491,0.07688925286360135,0.0276979984054763,0.20063072281999628,-0.31621298868996395,0.3881845098469963
2023-04-07,0.49843823210641636,0.26059042342879885,0.13472915421656068,0.07672995557152844,0.029512234794152343,0.2114591097880891,-0.28697912231832723,0.42424335889013964
2023-04-08,0.5004171879582687,0.2614893965457999,0.13339619261385183,0.07520618095393657,0.02949104178749072,0.2086023735677884,-0.2918148143904803,0.416856931751082
2023-04-09,0.51187696992834,0.2595747805856299,0.12704411142259242,0.07311474171453025,0.02838939631579919,0.20015885313712267,-0.3117181167912173,0.3910292216607124
2023-04-10,0.5033755210585332,0.25967747705180166,0.1323307276414852,0.07498669490663269,0.029629579343470717,0.20731742254811794,-0.2960580985104153,0.41185439870448287
2023-04-11,0.5015181968443957,0.25840505727149005,0.1343673404961429,0.07610988425459914,0.029599521180693047,0.21047722475074204,-0.29104097209365365,0.4196801353870836
2023-04-12,0.49704338814874965,0.26250422048801314,0.13383170390950969,0.07682067860954961,0.029800008890857033,0.21065238251905927,-0.2863910056296904,0.42381085342195024
2023-04-13,0.49725574667519773,0.2625877628481548,0.1340093879402637,0.07630286553328341,0.02984423701087796,0.21031225347354712,-0.2869434932016506,0.4229458480465202
2023-04-14,0.4952539832820925,0.263670907586192,0.13452576149676526,0.07686601638513653,0.02968333122542526,0.21139177788190178,-0.28386220540019075,0.42683508869729736
2023-04-15,0.5008265203588875,0.2620891616497247,0.1314844101734687,0.07669173827209746,0.02890816952939057,0.20817614844556614,-0.2926503719133214,0.41566518541468034
2023-04-16,0.5233937106115538,0.254066652904336,0.12152243032821355,0.07369768121728358,0.02731952487605203,0.19522011154549715,-0.3281735990660567,0.3729890283117737
2023-04-17,0.4997887321432117,0.26287733937473307,0.13135600507069362,0.07675070818099342,0.029227215225678626,0.208106713251687,-0.2916820188915247,0.41638936588121234
2023-04-18,0.49536433096359017,0.26505729767819586,0.1330532505791195,0.07749355728268646,0.029031563460599694,0.21054680786180596,-0.2848175231017842,0.4250342519661178
2023-04-19,0.48804326795753983,0.2665853117787141,0.13676079824608434,0.07944808308190894,0.02916253905518467,0.2162088813279933,-0.2718343866295465,0.4430117072054432
2023-04-20,0.49441735246450946,0.2622006125646674,0.13544028127333935,0.07827174020982242,0.0296700134508184,0.2137120214831618,-0.28070533098134764,0.43225024449056443
2023-04-21,0.48990498613091077,0.2667131553711832,0.1358363634576761,0.0780056367485465,0.029539858287889582,0.21384200020622263,-0.27606298592468814,0.4364968846205629
2023-04-22,0.5000625465192152,0.26355238492928595,0.13126043133905282,0.07605727474432641,0.029067362521965057,0.20731770608337924,-0.292744840435836,0.4145835506507242
2023-04-23,0.5081160339853371,0.25982331200099446,0.12845845988764837,0.07567594809887081,0.027926246047157433,0.20413440798651916,-0.30398162599881795,0.4017476212774068
2023-04-24,0.5032983374858686,0.26000048861563024,0.13288901444709478,0.07547045161699475,0.02834170785966084,0.2083594660640895,-0.2949388714217791,0.41398798792960395
2023-04-25,0.49965085324626507,0.2613522280266129,0.13539345996130508,0.07483218012448516,0.028771278544534446,0.21022564008579026,-0.2894252131604748,0.4207450837318504
2023-04-26,0.4968260690406238,0.2635486310875483,0.13563994832626503,0.07515778337434253,0.028827568243482312,0.21079773170060756,-0.28602833734001626,0.4242887900541534
2023-04-27,0.4988646222935756,0.2638452490280284,0.13388027618467407,0.07443611393715253,0.02897373847165166,0.20831639012182662,-0.29054823217174897,0.4175810045700836
2023-04-28,0.5059517737413343,0.26089710403478833,0.12959621700393253,0.07517528774829717,0.02837961750711558,0.20477150475222972,-0.30118026898910455,0.4047253421764231
2023-04-29,0.5109790847988863,0.2633472735847167,0.12400136905995901,0.07370187456571477,0.027970397927889072,0.1977032436256738,-0.3132758411732125,0.38691063784633534
2023-04-30,0.5361723019287591,0.25481161053288925,0.11228478947111135,0.07084662003825053,0.025884678178557087,0.18313140950936188,-0.3530408924193972,0.3415532821270101
2023-05-01,0.612240398467031,0.21240313394048024,0.0806527418803577,0.07384787534364827,0.020855850453189686,0.154500617224006,-0.45773978124302506,0.2523528627167614
2023-05-02,0.5703263118217556,0.24023174022355873,0.09144471267001848,0.07407887986051342,0.023918355423860792,0.16552359253053192,-0.4048027192912237,0.2902261198537568
2023-05-03,0.5311760636907171,0.25459705875124117,0.11364706734664688,0.07382874700243257,0.026751063177156104,0.18747581434907942,-0.3437002493416377,0.3529447713559608
2023-05-04,0.503806646730161,0.26124102960298273,0.12887658437801733,0.07747863050241108,0.02859710893827088,0.2063552148804284,-0.29745143184973255,0.4095920850185852
2023-05-05,0.49109717192310715,0.2657750537683639,0.1342617388687779,0.07933465981913197,0.029531375608653605,0.21359639868790992,-0.27750077323519723,0.4349371385126882
2023-05-06,0.4902810363513029,0.266084521999847,0.13459472685699236,0.07983897469078115,0.029200739977735823,0.2144337015477735,-0.2758473348035294,0.43736894892692635
2023-05-07,0.5003326704757539,0.26580680111771127,0.12892437377180468,0.07739447552085278,0.027541679049161535,0.20631884929265745,-0.2940138211830965,0.4123633363707271
2023-05-08,0.4916965347771114,0.2669390346154131,0.13460186844185826,0.07802938075804368,0.028733181319518214,0.21263124919990195,-0.27906528557720944,0.43244406694118515
2023-05-09,0.4908511816922944,0.2664528277019267,0.13572160125059213,0.07768508155465029,0.02928930771752325,0.21340668280524241,-0.277444498887052,0.43476860352966035
2023-05-10,0.4905223255639894,0.2657982031716187,0.1366011647507384,0.07760631402062018,0.029471992461566558,0.2142074787713586,-0.2763148467926308,0.4366926184757617
2023-05-11,0.49439466704971674,0.2635704772366687,0.13584409261877514,0.07703362566250889,0.029157137320951456,0.21287771828128402,-0.2815169487684327,0.4305825537148783
2023-05-12,0.49736275007412745,0.26235642528440484,0.1345201775995055,0.07696182538546904,0.028798821699162175,0.21148200298497452,-0.2858807470891529,0.42520675895702886
2023-05-13,0.5013363990222622,0.26248604050079727,0.13209068088143916,0.07593196852743295,0.028154911175860362,0.20802264940887208,-0.2933137496133902,0.41493625799876277
2023-05-14,0.5134647563400305,0.2582912636800484,0.12621999078174945,0.07476436373598172,0.02725962536641539,0.20098435451773117,-0.31248040182229936,0.39142775046596145
2023-05-15,0.4964231432743988,0.262671544763226,0.13375373424831158,0.07820780512742877,0.02894377260380109,0.21196153937574033,-0.2844616038986585,0.4269775538216159
2023-05-16,0.49401028417773496,0.2608081032414667,0.13558166637803834,0.0803317355985842,0.02926821056639488,0.2159134019766225,-0.27809688220111245,0.4370625650759554
2023-05-17,0.4879455534392225,0.2647110321794218,0.13749880990046914,0.0803189961229436,0.029525608449992316,0.21781780602341277,-0.27012774741580975,0.44639776812833215
2023-05-18,0.4882556295004632,0.2645173145057784,0.13712292666346237,0.08027833484043599,0.029825794548691827,0.21740126150389838,-0.2708543679965648,0.4452611467610168
2023-05-19,0.48954502725969956,0.26487504541352097,0.13537051460054425,0.08042652791994091,0.029782884892224516,0.21579704252048518,-0.27374798473921436,0.44081142796698586
2023-05-20,0.49778693409974767,0.26292220968819946,0.13213580565277724,0.07825867740872978,0.028896373178273944,0.21039448306150701,-0.2873924510382406,0.4226597137227143
2023-05-21,0.5093213300946293,0.2600731800857747,0.12563448584567252,0.07710934982569044,0.027861654161146585,0.20274383567136295,-0.3065774944232664,0.3980666500531092
2023-05-22,0.48873028400306134,0.26623282089232164,0.13399431865829983,0.08101180711283619,0.03003076936087086,0.215006125771136,-0.2737241582319253,0.43992797829116975
2023-05-23,0.4975386613747605,0.26123221512106953,0.1340660055394414,0.07832820975488401,0.028834908295363972,0.2123942152943254,-0.2851444460804351,0.42688987164827363
2023-05-24,0.495179096381376,0.26210275584225445,0.13541422663107938,0.07806275308794107,0.029241168053139952,0.21347697971902044,-0.28170211666235556,0.4311106451767608
2023-05-25,0.4930210399460791,0.2618921251717724,0.13632171491922157,0.07894570377865874,0.029819416250856812,0.2152674186978803,-0.2777536212481988,0.43662927391785095
2023-05-26,0.4872231730792867,0.26498610257097344,0.1374886843783126,0.07997246928852444,0.030329570769836858,0.21746115366683705,-0.26976201941244965,0.44632760854223413
2023-05-27,0.4896059016968082,0.2655256941326072,0.13538880436782874,0.07899256171161413,0.030487037998727543,0.2143813660794429,-0.27522453561736526,0.43786515917489904
2023-05-28,0.5054985711898802,0.2635136239045967,0.12613824239025828,0.0758615752023108,0.02898798741672108,0.20199981759256908,-0.3034987535973111,0.39960512077628013
2023-05-29,0.4855210701585219,0.26865143307362727,0.13461563526839604,0.0802162611422773,0.03099560040924877,0.21483189641067338,-0.2706891737478485,0.4424769790949156
2023-05-30,0.4782284756053201,0.26987210990258026,0.1391290104179864,0.08102591623778337,0.03174448792377288,0.22015492665576974,-0.25807354894955037,0.4603551187057766
2023-05-31,0.47539830367158575,0.2711581297066127,0.13904214524333608,0.08236357166064828,0.0320378496216717,0.22140571690398436,-0.2539925867676014,0.465726770991879
2023-06-01,0.4822772928868375,0.2636245846063081,0.13835642348084953,0.0845456109886897,0.03119608803261283,0.22290203446953924,-0.25937525841729825,0.4621864594438648
2023-06-02,0.4771418406035073,0.27088466741862305,0.13738865966630165,0.08326933559380566,0.03131549673354052,0.2206579952601073,-0.25648384534339996,0.4624578615470205
2023-06-03,0.4820034268281391,0.2714921245061374,0.13500102249623683,0.08080734502273913,0.03069608114513965,0.21580836751897592,-0.2661950593091632,0.4477320191250913
2023-06-04,0.49828330264957515,0.26788532819046945,0.12718344382304675,0.07735324185521436,0.029294683613524896,0.20453668567826114,-0.293746616971314,0.41048272055406293
2023-06-05,0.48032395524325605,0.27091694209593437,0.13629062121300997,0.08108318788662881,0.03138529361473028,0.21737380909963877,-0.2629501461436173,0.4525566687373559
2023-06-06,0.4737750074292842,0.27185730645609746,0.14008158459404038,0.08234576501376424,0.03194033647825161,0.22242734960780458,-0.2513476578214796,0.4694788583608522
2023-06-07,0.478471434636857,0.2673956691570623,0.14020237165590674,0.08248359558592155,0.03144692890293693,0.22268596724182826,-0.2557854673950287,0.46541120560486354
2023-06-08,0.47803552571022984,0.26832279622434585,0.13938865243982645,0.08297814979878432,0.03127487585767499,0.22236680223861074,-0.25566872347161906,0.4651679431319139
2023-06-09,0.4811879695288643,0.26736927157459073,0.13817482338212514,0.08245769311433622,0.030810242458194703,0.22063251649646135,-0.2605554530324029,0.45851627735515654
2023-06-10,0.48685653930377737,0.26653616030372473,0.13609359971010224,0.08079216601446022,0.029721534674251406,0.21688576572456245,-0.26997077357921495,0.4454818785729304
2023-06-11,0.4978398256391322,0.26398372074829474,0.1303222686347092,0.07887602537045672,0.028978159720745224,0.20919829400516593,-0.2886415316339663,0.4202120506060255
2023-06-12,0.483176116014698,0.26696115287743377,0.13761668716830405,0.08155047717185351,0.030695566661623434,0.21916716434015757,-0.2640089516745404,0.4535968502497143
2023-06-13,0.47860443619618104,0.2673340867083722,0.1408720107169042,0.08203754997516326,0.031151916334148346,0.22290956069206744,-0.25569487550411363,0.46574904834500175
2023-06-14,0.4839371556781711,0.26439452799907925,0.1401310749914705,0.08173212762169774,0.0298051137635372,0.22186320261316825,-0.2620739530650028,0.4584545741321673
2023-06-15,0.48969218451746727,0.26080040214732114,0.13872924794034344,0.08151093800155186,0.029267227453261713,0.2202401859418953,-0.269451998575572,0.4497522993120985
2023-06-16,0.49371283818226064,0.2573016667046296,0.1382774352942141,0.08194724809788424,0.028760811676604894,0.22022468339209836,-0.2734881547901623,0.44605824754915424
2023-06-17,0.493077634739415,0.2603416913953173,0.13777050640057667,0.08001300860931601,0.028797158791207946,0.21778351500989268,-0.27529411972952234,0.44168199826177146
2023-06-18,0.5039377029367788,0.25904722943384767,0.13117053050620484,0.07805184775535448,0.027792689294585823,0.20922237826155932,-0.29471532467521944,0.4151750842262485
2023-06-19,0.4834861245408718,0.2664699858000651,0.1384446703738593,0.08136471556614995,0.03023450380282391,0.21980938594000926,-0.26367673860086255,0.45463432099265455
2023-06-20,0.4794967432187618,0.2670608058355221,0.14055341293302231,0.08191196435412681,0.030977073667200532,0.2224653772871491,-0.2570313659316127,0.46395597140824224
2023-06-21,0.4860175014092193,0.2637410798050524,0.1370127873919967,0.08259776815560868,0.030630863207317272,0.2196105555476054,-0.2664069458616139,0.45185729919362855
2023-06-22,0.5424241624097988,0.2432331143499342,0.10365541173411985,0.08609505424406984,0.02459225735681833,0.1897504659781897,-0.3526736964316092,0.349819346422909
2023-06-23,0.519028948141235,0.2601615099552382,0.11402080485137599,0.07943287745214936,0.027355859555798282,0.19345368230352533,-0.3255752658377097,0.3727223365793537
2023-06-24,0.492614392653079,0.26484601685380976,0.13312036639065242,0.08005680309299532,0.029362420979343103,0.21317716948364776,-0.2794372231694312,0.43274653088298337
2023-06-25,0.4846611288866764,0.26491152023758036,0.1384282086874362,0.08168215211735053,0.030316990127311455,0.22011036080478671,-0.2645507680818897,0.454153113765088
2023-06-26,0.4810449587449082,0.26741308121713386,0.13946323344415001,0.08139241672604694,0.030686309891813587,0.22085565017019695,-0.26018930857471123,0.4591164425596107
2023-06-27,0.47906478328083724,0.26702627068846513,0.13961765073470717,0.08341054019685745,0.03088075507093134,0.22302819093156462,-0.2560365923492726,0.4655491255361618
2023-06-28,0.47978453747122385,0.26828706945301034,0.13888163955576058,0.0818265811414744,0.031220172501827497,0.22070822069723497,-0.2590763167739889,0.4600152849037417
2023-06-29,0.4814902597712922,0.267227615087795,0.13860878694224502,0.08179059238057576,0.030882745815929747,0.22039937932282078,-0.2610908804484714,0.4577442115392126
2023-06-30,0.48610702814545176,0.26479656788384315,0.1363808922078665,0.08211960019985975,0.030595911558581726,0.21850049240772626,-0.2676065357377255,0.4494905026189975
2023-07-01,0.49622862996455497,0.2583717899485945,0.1325335072212484,0.08311602876648068,0.02975004410564606,0.2156495359877291,-0.2805790939768259,0.4345769731245307
2023-07-02,0.5028192563167937,0.26003755753640856,0.1278005531610035,0.08026584998451525,0.029076782910353354,0.20806640314551872,-0.294752853171275,0.41379959206341455
2023-07-03,0.48227283466516035,0.2653469587963886,0.13828279975725116,0.08334440517018118,0.03075300164857767,0.22162720492743235,-0.260645629737728,0.4595473536910015
2023-07-04,0.4755342471318529,0.2685465452228972,0.1400982171030846,0.0845183967513684,0.03130259370539308,0.22461661385445297,-0.2509176332773999,0.47234581990510727
2023-07-05,0.4747728746353742,0.2696508162040961,0.14063973858753007,0.0840809537845965,0.03085561677103559,0.22472069237212655,-0.25005218226324766,0.47332251772958206
2023-07-06,0.4707278346340891,0.27059959383703713,0.14301045948881333,0.08416771211435711,0.03149439997603796,0.22717817160317044,-0.24354966303091868,0.4826104489439484
2023-07-07,0.47062853800510857,0.2707993213915646,0.14298415053448396,0.08365880641505737,0.03192918369133219,0.22664295694954129,-0.24398558105556728,0.48157503986101485
2023-07-08,0.4755193554908417,0.2699478012788863,0.14038647753194472,0.08247926193973162,0.03166710368276097,0.22286573947167634,-0.25265361601916536,0.4686785866826164
2023-07-09,0.4906007801829187,0.2662721550105559,0.1331167686269775,0.08005513439577219,0.029955161885659796,0.21317190302274966,-0.27742887716016906,0.4345119527597761
2023-07-10,0.4729232850243837,0.26951028855699577,0.1416558351739883,0.08364370479468473,0.032266886439010455,0.22529953996867305,-0.24762374505571064,0.4763976465169329
2023-07-11,0.4704207815226198,0.26940228542391,0.1428687800437837,0.08485806087536828,0.03245009206991777,0.22772684091915196,-0.24269394060346783,0.48409179582174117
2023-07-12,0.46776789912449607,0.2673336803855947,0.14913120269719699,0.0835977099112381,0.03216950783500594,0.23272891260843512,-0.23503898651606095,0.4975307477148929
2023-07-13,0.47316212997196644,0.26786594672647124,0.14286549003592006,0.083791129387286,0.032315303942200634,0.22665661942320606,-0.24650551054876038,0.4790252749868947
2023-07-14,0.4748283857285044,0.26915012475593697,0.14099860411592877,0.08271965251659029,0.03230323284835771,0.22371825663251904,-0.25111012909598535,0.4711560289077491
2023-07-15,0.4793284196577644,0.2686026467340077,0.1391297738176618,0.08141245301563797,0.03152670671551801,0.22054222683329977,-0.25878619282446463,0.46010671971164296
2023-07-16,0.49664794329774425,0.26210722226324973,0.13231099300275598,0.07890126062010216,0.030032580755812704,0.21121225362285811,-0.28543568967488614,0.4252756031171859
2023-07-17,0.47798102993020924,0.26743625319090986,0.14156339149092179,0.08159752777404575,0.031421797651095,0.22316091926496753,-0.2548201106652417,0.466882376686689
2023-07-18,0.4758843148423451,0.2670837913834457,0.14313706772148954,0.08317443002653462,0.030720395970875836,0.22631149774802417,-0.24957281709432094,0.47555990119783315
2023-07-19,0.47215057226227247,0.2690723672661792,0.14411999861183158,0.08344242567791077,0.031214636108457296,0.22756242428974235,-0.24458814797253012,0.4819700274838064
2023-07-20,0.47172993629409415,0.26928992913385913,0.14360752884412775,0.0839017932696639,0.03147081255946627,0.22750932211379166,-0.2442206141803025,0.4822872254008357
2023-07-21,0.47123561859232477,0.26973141900574893,0.14330189171282076,0.08421704581266912,0.031514024998174406,0.2275189375254899,-0.24371668106683486,0.4828135407190453
2023-07-22,0.47672307661906166,0.26973015617771356,0.14061288257249363,0.08206025071012792,0.030873633824380443,0.2226731332826215,-0.25404994333644015,0.46709115669798895
2023-07-23,0.49190331060532755,0.26688988654643486,0.13234202641840973,0.07902047884880561,0.029844297639305437,0.21136250526721537,-0.2805408053381122,0.42968303060842666
2023-07-24,0.4747307127239491,0.270880223816504,0.14007036819074023,0.08257124534957355,0.0317474499417208,0.22264161354031378,-0.2520890991836353,0.4689850636855204
2023-07-25,0.467483450825019,0.27272768283417237,0.1440291766615815,0.08363064336497922,0.03212904640066116,0.22765982002656068,-0.23982363079845834,0.48699011617370536
2023-07-26,0.46815940643786635,0.27304040544749186,0.1441235657555932,0.08244959711692575,0.032227025326249145,0.22657316287251897,-0.24158624356534739,0.48396584530143266
2023-07-27,0.477629160418955,0.2694322143771168,0.14136289309655434,0.08133519808935738,0.03024053396854889,0.2226980911859117,-0.2549310692330433,0.4662573176867402
2023-07-28,0.5346288625554253,0.2338639044703483,0.12417844606860066,0.08426567187118163,0.02306311488969,0.2084441179397823,-0.326184744615643,0.3898856431795669
2023-07-29,0.48588795412021907,0.26017546186956375,0.13727262730620338,0.08973305068684471,0.026930905968350332,0.2270056779930481,-0.25888227612717096,0.46719758345127044
2023-07-30,0.482244917044196,0.26460396811217163,0.13861372580519715,0.0860099748658867,0.02852741419762422,0.22462370067108386,-0.2576212163731121,0.4657875961614292
2023-07-31,0.4673433575857437,0.2713723059276776,0.14368833148833918,0.0871628666626417,0.03043313818291765,0.23085119815098087,-0.23649215943476282,0.49396486417082863
2023-08-01,0.4697266169648851,0.269568004487439,0.14282595819318505,0.08692365094137634,0.030955769384620607,0.2297496091345614,-0.2399770078303237,0.4891134562888451
2023-08-02,0.4695697628715074,0.2714942410425442,0.1421495922610935,0.08506436298195298,0.03172204078897504,0.22721395524304647,-0.24235580762846096,0.4838768873310547
2023-08-03,0.46193278871481525,0.27579386276575624,0.14425805155239013,0.08534314688373555,0.03267215014463896,0.22960119843612567,-0.23233159027868958,0.49704460052493743
2023-08-04,0.46046165058789723,0.27654393344705247,0.14427619660276436,0.08557733383501093,0.03314088542162155,0.2298535304377753,-0.23060812015012194,0.4991806161149541
2023-08-05,0.47275911907026974,0.2722597770644954,0.13988624629348856,0.08309062079724089,0.032004236784257484,0.22297686709072945,-0.2497822519795403,0.4716500604562357
2023-08-06,0.49282850266697203,0.26629228101483166,0.13241922066869882,0.0783147774014337,0.03014521836265429,0.21073399807013252,-0.2820945045968395,0.4276010760938793
2023-08-07,0.4749805760658074,0.2711022770949358,0.13928308048049914,0.08294202070833269,0.031692045654477065,0.22222510118883185,-0.2527554748769756,0.4678614503133768
2023-08-08,0.4728714686729064,0.26925826488438787,0.14252596882308857,0.08358395130192026,0.03176034641302674,0.2261099201250088,-0.2467615485478976,0.47816359223274063
2023-08-09,0.4739509682523322,0.2696752320819195,0.1416843276709352,0.08316168306656642,0.031527789010206114,0.22484601073750163,-0.24910495751483056,0.47440774636796035
2023-08-10,0.47813563941567416,0.2670876989969097,0.14094552519902556,0.083063314345672,0.030767821941109785,0.22400883954469755,-0.25412679987097664,0.46850479461948713
2023-08-11,0.47833683397394966,0.26738107170341663,0.14056432209059497,0.0829662393575945,0.030751532952996877,0.22353056144818947,-0.25480627252576016,0.46730785833725486
2023-08-12,0.48272915481281453,0.26712481358117063,0.1387243254057557,0.08164994398098625,0.029771762321400646,0.22037426938674196,-0.26235488542607255,0.45651742222239583
2023-08-13,0.5006360451925826,0.26107724627130324,0.13149021345324358,0.07814934325202853,0.02864715175443043,0.20963955670527212,-0.2909964884873105,0.4187464301029879
2023-08-14,0.4798682119354448,0.26745267354497726,0.1400779821653856,0.08169861467173314,0.030902517744448577,0.22177659683711876,-0.25809161509832607,0.46216146708828815
2023-08-15,0.4755779498101961,0.2682485990770089,0.14235847459625967,0.08315027208852274,0.030664704517016222,0.2255087466847824,-0.2500692031254137,0.47417830615314127
2023-08-16,0.4780278061415438,0.26536783731505925,0.14167137885590161,0.08396968168890027,0.03096329596728885,0.22564106054480187,-0.2523867455967419,0.47202496935500377
2023-08-17,0.4789081442786234,0.2661902835435257,0.14059196401206617,0.08324518524990888,0.03106442286566333,0.22383714926197507,-0.2550709950166483,0.46739056734802387
2023-08-18,0.4794953496662229,0.2661656435841455,0.14060072552340455,0.08267470750704596,0.031063573793889004,0.2232754330304505,-0.2562199166357724,0.46564671208150965
2023-08-19,0.48787907374995076,0.26485156413970984,0.13738237301559658,0.08031165062335978,0.02957533845515269,0.21769402363895635,-0.2701850501109944,0.4462048801677637
2023-08-20,0.5041722887423359,0.259632045118674,0.13039017811284354,0.07819925003268191,0.027606237932738267,0.20858942814552545,-0.29558286059681044,0.41372648359126285
2023-08-21,0.4845622641705688,0.26465714093639964,0.1385902455786097,0.08204282574814104,0.030147523650895545,0.22063307132675072,-0.2639291928438181,0.4553245013918099
2023-08-22,0.484132186452279,0.2631547030565543,0.14001387460114056,0.08269032946952888,0.03000890644724974,0.22270420407066946,-0.2614279823816096,0.46000701936932975
2023-08-23,0.48222687049082386,0.26399583456230874,0.140669468399733,0.08306882670372281,0.030038999893745557,0.2237382951034558,-0.258488575387368,0.46396895070515
2023-08-24,0.4829009375783594,0.2641445192209627,0.14025858040314593,0.08221914835166681,0.030476814580627388,0.22247772875481273,-0.26042320882354664,0.4607109066105544
2023-08-25,0.47687657279236145,0.26916647603438076,0.14036115852622208,0.082501548823588,0.03109397078617259,0.2228627073498101,-0.25401386544255133,0.4673383430115523
2023-08-26,0.4835227251597958,0.26637385652832307,0.14032166786817069,0.07981548583018545,0.029966060830396938,0.22013715369835613,-0.26338557146143965,0.4552777816711814
2023-08-27,0.4997310149344965,0.26397920238689665,0.12985048421852277,0.07793951025291757,0.028499630381916052,0.20778999447144036,-0.29194102046305614,0.4158036789024931
2023-08-28,0.48429951963283197,0.2659326319748154,0.13783939158314004,0.08144188140097676,0.030486342995339973,0.21928127298411682,-0.26501824664871515,0.4527802818189109
2023-08-29,0.4809980005006732,0.2652911550757905,0.1404676942103409,0.08266801017377803,0.030574931433356795,0.22313570438411892,-0.2578622961165543,0.46390152173575744
2023-08-30,0.48766686876688636,0.26083597226975713,0.1380280897158385,0.08315166639226042,0.030317297839652393,0.2211797561080989,-0.26648711265878744,0.45354681704618083
2023-08-31,0.4895232570736594,0.2615248818889842,0.13537618809289054,0.08319417643051272,0.030381268539229168,0.21857036452340325,-0.2709528925502561,0.4464963847274668
2023-09-01,0.4983563073599207,0.25438916857465116,0.13336137033942033,0.08513983416739168,0.028753121420108274,0.218501204506812,-0.27985510285310866,0.4384437425189585
2023-09-02,0.4916186540720501,0.2639058179999755,0.13325311728489167,0.0820043925370997,0.02921783002728241,0.21525750982199135,-0.27636114425005875,0.4378546420869618
2023-09-03,0.5006911102452751,0.2622982445195351,0.12968311658472984,0.07857164659864659,0.02875575931063884,0.20825476318337643,-0.2924363470618987,0.415934613021905
2023-09-04,0.48713963688057077,0.2633329904628265,0.13811052399839377,0.08203799646915526,0.029378850264370652,0.22014852046754904,-0.26699111641302176,0.4519207713773486
2023-09-05,0.48570725662066006,0.2620284796435247,0.1399401352593951,0.08409871812778001,0.028225410072745868,0.2240388533871751,-0.26166840323348495,0.4612631381007977
2023-09-06,0.48495683736490697,0.261607601302746,0.14133261607724348,0.08434809483811523,0.02775485008344951,0.2256807109153587,-0.2592761264495482,0.46536246842426665
2023-09-07,0.48186115946553565,0.2622497718894659,0.14382268428283893,0.08324591612557446,0.028820467987929692,0.2270686004084134,-0.2547925590571223,0.47123242026867307
2023-09-08,0.48777256191105783,0.2613221458095037,0.14019515962654974,0.08176216563551478,0.02894796672033457,0.22195732526206452,-0.2658152366489933,0.4550426624910013
2023-09-09,0.49159843815635135,0.262177579665243,0.1370241414023395,0.0802365990671385,0.028963241453817474,0.21726074046947802,-0.2743376976868733,0.4419475808024819
2023-09-10,0.49825399500229023,0.26299063095093544,0.13120099404364188,0.07898753801291139,0.02856684158703291,0.21018853205655327,-0.288065462945737,0.42185016912024387
2023-09-11,0.4812842615993955,0.26901983742408936,0.13784061563590394,0.08169385154193114,0.03016143338281279,0.21953446717783512,-0.26174979442156043,0.4561430420522832
2023-09-12,0.47895250045865045,0.2683141641918494,0.14096761880864453,0.08156396823763284,0.030201747974199836,0.22253158704627737,-0.25642091341237305,0.46462141200469476
2023-09-13,0.48020056430147723,0.26808447021280646,0.14002300188802697,0.08112734214426304,0.030564621197446188,0.22115034403229003,-0.2590502202691872,0.460537451375106
2023-09-14,0.47828332300196624,0.26813233795587327,0.1412744717984231,0.08144797157573702,0.030861895300756493,0.22272244337416014,-0.2555608796278061,0.4656705192567304
2023-09-15,0.47866921839120086,0.26759626892071725,0.14114859792118623,0.08185453492187625,0.0307313795543715,0.22300313284306247,-0.2556660855481384,0.4658814986945938
2023-09-16,0.49001562143304483,0.2623761052696374,0.1368576550413066,0.0807167009242534,0.030033916953735886,0.21757435596556,-0.2724412654674848,0.4440151424749815
2023-09-17,0.49841094377332956,0.2645374746790727,0.12939078869749188,0.07885561915356111,0.02880517328138187,0.20824640785105297,-0.2901645359222766,0.41782069686206685
2023-09-18,0.47466893643065444,0.27221177273543956,0.13911779248935616,0.08266773383630771,0.03133376413922979,0.22178552632566387,-0.2528834101049906,0.46724255434411616
2023-09-19,0.47157636346532145,0.27229876003118003,0.14117746641108764,0.08322861131437402,0.031718798535640524,0.22440607772546167,-0.24717028573985977,0.4758637097000387
2023-09-20,0.468768761273127,0.27483974887776613,0.1407876744289132,0.08377456912952043,0.03182924612398774,0.22456224355843363,-0.24420651771469337,0.47904694619271565
2023-09-21,0.471128491454434,0.27348718114335896,0.1399801767615079,0.08360882563441065,0.031795324817354594,0.22358900239591856,-0.24753948905851542,0.47458178915410243
2023-09-22,0.47683471489118984,0.2718152151046793,0.1374213254642337,0.0822176494806551,0.031711094720965304,0.2196389749448888,-0.25719573994630107,0.4606186757921113
2023-09-23,0.4849681608455116,0.26979270021222224,0.13306799156564558,0.080641497940006,0.03152964905337058,0.21370948950565158,-0.27125867133986004,0.4406670514886224
2023-09-24,0.4970042134796379,0.2664187667189445,0.12865023574189816,0.07810209466864353,0.02982468922227938,0.2067523304105417,-0.2902518830690962,0.41599713805849303
2023-09-25,0.4805028978373488,0.27120523342758324,0.1355223537700002,0.0811575227458061,0.03161199189907599,0.21667987651580628,-0.2638230213215425,0.4509439537015089
2023-09-26,0.47548670785078306,0.2727857849855681,0.13817765808072946,0.0818028927654051,0.031746956406142265,0.21998055084613458,-0.2555061570046485,0.46264290297504745
2023-09-27,0.4763793676619735,0.2735204744385865,0.13720477460941807,0.0816674951216041,0.031227888295542443,0.2188722697310222,-0.2575070979309513,0.4594495156354637
2023-09-28,0.48390577462691636,0.2717788874882492,0.13232604414357088,0.08144581915099543,0.03054347460308953,0.21377186329456632,-0.27013391133235004,0.4417634062320935
2023-09-29,0.551794384549954,0.24241221442443683,0.10388550892648163,0.07834147094300833,0.02356642125533356,0.18222697986948996,-0.369567404680464,0.3302443536429156
2023-09-30,0.5638439094602136,0.2419087814594909,0.09324823736643761,0.07790513530204263,0.023093936425725048,0.17115337266848024,-0.3926905367917333,0.30354743537503315
2023-10-01,0.595294594585383,0.2228550732075409,0.08329971629428147,0.07605804323062859,0.022492572637396187,0.15935775952491008,-0.435936835060473,0.26769562662651286
2023-10-02,0.5570819200100469,0.2522022554567421,0.09326761083783178,0.07177762125029877,0.025670592442081648,0.16504523208813052,-0.39203668792191637,0.2962674360086107
2023-10-03,0.5307091030012174,0.26436073163510326,0.10688404523210994,0.07040951776867989,0.027636602487878168,0.1772935630007898,-0.35341554000042763,0.3340691953429393
2023-10-04,0.5066962323256713,0.26741592524070595,0.1212298271671161,0.07523470427138465,0.02942331097497652,0.19646453143850073,-0.31023170088717056,0.3877363179448829
2023-10-05,0.503709080151109,0.262483003427185,0.12780168647652765,0.0766635406148785,0.029342689226598224,0.20446522709140616,-0.2992438530597029,0.40591927989479176
2023-10-06,0.5023768529437771,0.2610673017897037,0.13041857108505492,0.07725338804476678,0.02888388616411661,0.20767195912982173,-0.29470489381395537,0.41337883684912347
2023-10-07,0.5018360034458698,0.2578866589661422,0.13259089553107353,0.07909375340684541,0.028592688695465752,0.21168464893791894,-0.2901513545079508,0.42182037056803595
2023-10-08,0.507143740511912,0.2538465501761452,0.13185579717207346,0.07916777066674638,0.02798614149928392,0.21102356783881984,-0.2961201726730922,0.4161020850337464
2023-10-09,0.5001541545634247,0.25183427140844294,0.1415633796700283,0.07834982315912145,0.028098371094039495,0.21991320282914975,-0.280240951734275,0.43969084495780686
2023-10-10,0.4912243343675758,0.2594716796908081,0.1394346463714516,0.0806205848402344,0.029248754664990287,0.220055231211686,-0.2711691031558898,0.44797298467510765
2023-10-11,0.4935262349452171,0.25818595842383324,0.13969060347047435,0.07950754246394526,0.02908966065725155,0.2191981459344196,-0.27432808901079747,0.44414689719331996
2023-10-12,0.49080463619582365,0.2624808996960459,0.13839339088331254,0.07893675107831062,0.02938432220571296,0.21733014196162315,-0.2734744942342005,0.4428037673933294
2023-10-13,0.4842650448006859,0.2684797038653927,0.13830150748783934,0.07932296455203557,0.02963077933805321,0.21762447203987492,-0.266640572760811,0.44939124633586747
2023-10-14,0.49257752842623564,0.2640441386234967,0.13533942697015003,0.07846234316496757,0.02957656292153396,0.2138017701351176,-0.278775758291118,0.4340469424543284
2023-10-15,0.5108245692534239,0.25852811876749787,0.12678969709398738,0.07596168583655347,0.027895929079774336,0.20275138293054085,-0.30807318632288305,0.3969100061629071
2023-10-16,0.49436294784026663,0.26023580057441503,0.1364443675572678,0.07926863412645788,0.02968824985235278,0.21571300168372567,-0.27864994615654093,0.4363454070053498
2023-10-17,0.48764416413232653,0.26383747072744274,0.13996858879610943,0.07880498032770905,0.029744796082819547,0.2187735691238185,-0.268870595008508,0.4486336251210675
2023-10-18,0.48918529955031714,0.26328219394817765,0.1398741207498124,0.07850759748530631,0.02915078836838827,0.2183817182351187,-0.27080358131519844,0.4464192166769234
2023-10-19,0.48336004005921596,0.26611955496005324,0.14135456544171976,0.07961678474388821,0.02954905478266848,0.22097135018560796,-0.26238868987360797,0.4571568434960759
2023-10-20,0.482621514305576,0.2648414639608642,0.14461569645392486,0.07848854528169837,0.029432779961741148,0.22310424173562324,-0.2595172725699527,0.46227578987364176
2023-10-21,0.4976104300217997,0.2591492232885,0.13950391954685,0.07505756459147309,0.02867886257416815,0.2145614841383231,-0.2830489458834766,0.431183655312296
2023-10-22,0.507857569744461,0.25523769070317576,0.13510566409272134,0.0739000101403932,0.027899065432677263,0.20900567423311453,-0.2988518955113464,0.4115438790019022
2023-10-23,0.4966858400687502,0.2562525494816389,0.14092864674057404,0.07705245360617229,0.0290805102135142,0.21798110034674634,-0.2787047397220039,0.43887117924798064
2023-10-24,0.497586835183651,0.25504314054647154,0.14151352612753684,0.07684283168021001,0.029013666586191127,0.21835635780774684,-0.2792304773759041,0.4388306570192018
2023-10-25,0.49799539546619465,0.25541239647279035,0.14086870011454436,0.07672681192662789,0.02899669613640421,0.21759551204117225,-0.2803998834250224,0.43694281919508887
2023-10-26,0.504170983345462,0.2548382097368024,0.1367140673470583,0.07557731560208955,0.028699423978977227,0.21229138294914784,-0.2918796003963141,0.42107021221347063
2023-10-27,0.5078661104485377,0.2535395791795246,0.13570147937310015,0.07497359625910127,0.027919234649236995,0.21067507563220142,-0.29719103481633624,0.41482404771237286
2023-10-28,0.5145579097567093,0.2515875508207361,0.13313332806046774,0.07316936835399569,0.027551842924795435,0.20630269641446342,-0.3082552133422459,0.4009319310862531
2023-10-29,0.530570264054347,0.24644205983083975,0.12640599984018203,0.07071303824928625,0.025868638135761464,0.1971190380894683,-0.33345122596487875,0.3715229658427995
2023-10-30,0.5149540805172315,0.25056340132710403,0.13289284364514523,0.07381186447358881,0.02777781002442817,0.20670470811873404,-0.3082493723984974,0.40140415609701585
2023-10-31,0.5085921321320812,0.24917518567920446,0.1389052568556365,0.07541885966147162,0.027908565671825543,0.21432411651710814,-0.29426801561497307,0.4214066694634754
2023-11-01,0.5155375468656518,0.24309433503381098,0.13673379627032126,0.07718811774788341,0.02744620409596437,0.21392191401820465,-0.30161563284744713,0.41494924146417667
2023-11-02,0.508410206085535,0.2515064034958413,0.13568123075427307,0.0767383605584035,0.027663799040562664,0.21241959131267657,-0.29599061477285843,0.4178114222926104
2023-11-03,0.5053834193257918,0.25347922891933805,0.13767567291256533,0.07589830999877523,0.027563368880655623,0.21357398291134055,-0.29180943641445123,0.42259792218007375
2023-11-04,0.5107110929186915,0.2520538446146134,0.13596755252701367,0.07425776547205076,0.027009744551386154,0.21022531799906444,-0.30048577491962714,0.4116325666584525
2023-11-05,0.522973978269945,0.2494556905291292,0.12973989727388002,0.07208651282602857,0.02574392107569767,0.2018264100999086,-0.32114756817003637,0.3859205591214545
2023-11-06,0.5049705066684844,0.2551724637837659,0.13573403109618798,0.07626414661337268,0.02785885181319391,0.21199817770956067,-0.2929723289589238,0.41982289046583565
2023-11-07,0.5040455859922888,0.2542172829959844,0.13793229974981314,0.07601910710889723,0.0277857242211292,0.21395140685871036,-0.2900941791335784,0.4244683671567427
2023-11-08,0.5098833919156843,0.25051472178369494,0.13654079137522895,0.07549411615973042,0.027566978752063556,0.21203490753495938,-0.297848484380725,0.4158498019288733
2023-11-09,0.5105670202402396,0.24891539467465304,0.13703501062235207,0.07593252447876966,0.02755005005379839,0.21296753510112174,-0.2975994851391178,0.41711964670360624
2023-11-10,0.5086520214439622,0.2489972352214501,0.13832134897280784,0.07649921391450545,0.02753018043854095,0.21482056288731333,-0.29383145855664883,0.42233305645277963
2023-11-11,0.5160659466911666,0.24866215267684297,0.1343577512645948,0.07371572249075406,0.027198426915251196,0.20807347375534885,-0.3079924729358177,0.40319163682363235
2023-11-12,0.5294980670761865,0.24430681205956645,0.12932081897456696,0.07142285027172748,0.025451451662347333,0.20074366924629444,-0.3287543978298921,0.3791206837727899
2023-11-13,0.5140084934382967,0.24876919370894193,0.1360430111869252,0.07413241207247538,0.027046889621185094,0.21017542325940056,-0.30383307017889616,0.4088948450121879
2023-11-14,0.5112927056516209,0.24920041166185444,0.13715894163663392,0.07480000730863069,0.0275479336904489,0.2119589489452646,-0.2993337567063563,0.41455500264790973
2023-11-15,0.5121108392622535,0.24764212895629326,0.137467731774874,0.07553565900777469,0.027243641131322733,0.2130033907826487,-0.2991074484796048,0.415932205398154
2023-11-16,0.5187629881020209,0.24134192198367815,0.1369844149462253,0.07589699508422931,0.02701367988629143,0.2128814100304546,-0.30588157807156635,0.41036352807149173
2023-11-17,0.5186541237344895,0.24450620859228728,0.1356890705244863,0.07393689548472425,0.02721370159217697,0.20962596600921057,-0.3090281577252789,0.40417294766660866
2023-11-18,0.5197633849044225,0.24665514330652438,0.1337100863228616,0.07280578585219927,0.027065599563220875,0.20651587217506087,-0.3132475127293617,0.3973267032133022
2023-11-19,0.5316801690589744,0.2425606519608414,0.12976915543314238,0.07008585230479313,0.02590417116050558,0.19985500773793552,-0.3318251613210389,0.37589328955349366
2023-11-20,0.5192959763866385,0.24743671785012045,0.1327860646048224,0.07320352665845656,0.027277714399918693,0.20598959126327895,-0.3133063851233595,0.3966708787088901
2023-11-21,0.511713293648091,0.24907366043890852,0.1365418203545079,0.0752315493397044,0.027439676242650722,0.21177336969421232,-0.2999399239538787,0.4138516085529926
2023-11-22,0.5130973762692722,0.24898429647192594,0.1354246537565538,0.07542713715530903,0.02706653640339047,0.21085179091186285,-0.30224558535740936,0.4109391329282658
2023-11-23,0.5124259749500992,0.2490863059727255,0.13615408853141622,0.07527351022159315,0.02706012023848309,0.21142759875300934,-0.3009983761970899,0.4126012518658885
2023-11-24,0.511878072992599,0.2503468558377483,0.1354900760714237,0.07511811414421098,0.027166880840179115,0.21060819021563465,-0.30126988277696437,0.4114421017965341
2023-11-25,0.5152898213495497,0.25021944491124826,0.13402285912253528,0.07354895964013679,0.026918914995737394,0.20757181876267206,-0.30771800258687765,0.4028253812952082
2023-11-26,0.5286406333211732,0.24649321540771638,0.12752458323488136,0.07198259234800974,0.02535897562019731,0.19950717558289108,-0.32913345773828206,0.3773965961138697
2023-11-27,0.5157686311968023,0.24867667231819904,0.1341305706770981,0.07469987506388863,0.026724250755692677,0.20883044574098675,-0.3069381854558155,0.4048917152181423
2023-11-28,0.5087827724700084,0.2509365122722081,0.13688920288507248,0.07600054490931633,0.02739096753958747,0.2128897477943888,-0.29589302467561956,0.4184295524804511
2023-11-29,0.5092376021667182,0.25003801594861547,0.13700560414124724,0.0765223049399652,0.027196472896884517,0.21352790908121244,-0.29570969308550576,0.4193089987320025
2023-11-30,0.5135670225812824,0.2459719254513598,0.136527997246103,0.0763809693424573,0.027552085351617364,0.21290896658856032,-0.3006580559927221,0.41456899922904056
2023-12-01,0.522642617103664,0.23845742144926038,0.13396959934034253,0.07772502275390268,0.027205339367663374,0.2116946220942452,-0.31094799500941883,0.40504661343423604
2023-12-02,0.5245330934604688,0.24398838674603598,0.12989655502417072,0.07479986510269204,0.026782099499493416,0.20469642012686273,-0.3198366733336061,0.3902450058516461
2023-12-03,0.5397916722467019,0.24172573716923845,0.12475459037343786,0.06882281954554104,0.024905180614814483,0.19357740991897887,-0.346214262327723,0.3586150358957518
2023-12-04,0.5199506292479213,0.2481562796188418,0.1329421106128443,0.07252605962099905,0.02642492091166284,0.20546817023384337,-0.314482459014078,0.39516861539535253
2023-12-05,0.5116018350974616,0.24931687004031883,0.1362752023087854,0.07589078441558991,0.026915308089442945,0.2121659867243753,-0.2994358483730863,0.41470919799174893
2023-12-06,0.511029950119276,0.2490709197968814,0.1368838512129469,0.07571641204732812,0.027298866795173314,0.21260026326027506,-0.29842968685900095,0.41602309847133906
2023-12-07,0.5109122812970716,0.24901485569959322,0.13675022588895308,0.07574724560310779,0.027575391553070514,0.21249747149206089,-0.2984148098050107,0.415917720655659
2023-12-08,0.5125135315825368,0.24803169558285681,0.1368067344914286,0.07528850045448314,0.027359537840712513,0.21209523494591176,-0.300418296636625,0.41383343438953724
2023-12-09,0.5186593409032993,0.24735485023788467,0.1332065488942991,0.0741661897486795,0.026613070185856593,0.2073727386429786,-0.3112866022603208,0.39982455204955397
2023-12-10,0.5327885587384119,0.24394487298949513,0.12586289534819056,0.0719724822978525,0.025431190585114942,0.19783537764604306,-0.3349531810923688,0.3713206194113791
2023-12-11,0.512324148850337,0.25001591607105617,0.13480721692951342,0.07622343072306349,0.02662928753289821,0.2110306476525769,-0.30129350119776005,0.4119084531270541
2023-12-12,0.5092924859178702,0.25089573450853,0.1366066379493882,0.07632018394257062,0.026884957624716245,0.21292682189195883,-0.2963656640259114,0.41808357236650046
2023-12-13,0.5106070719290291,0.24911582191036144,0.13781789148795104,0.07563588985291617,0.026823324843002455,0.21345378134086723,-0.29715329058816187,0.4180392185608739
2023-12-14,0.5102646810467109,0.24916621204273012,0.13689067392317586,0.07679271101228093,0.02688572191929342,0.21368338493545677,-0.29658129611125406,0.41876969516511703
2023-12-15,0.5103121888946301,0.24970032057300212,0.13549769678897275,0.07769354160474211,0.026796252256728274,0.21319123839371484,-0.2971209505009153,0.4177663066514267
2023-12-16,0.5231782437100543,0.2438122009574204,0.1313153189153316,0.0759026408729461,0.025791595502176756,0.20721795978827773,-0.31596028392177655,0.3960752616905798
2023-12-17,0.5320496782163977,0.24461211012402723,0.125430106189065,0.07231086629684519,0.02559723911588241,0.1977409724859102,-0.33430870573048754,0.37165885176136515
2023-12-18,0.5151949709011675,0.2501517125445479,0.1323740064478068,0.07538074677028328,0.026898563280838846,0.2077547532180901,-0.3074402176830774,0.403254621943786
2023-12-19,0.5094969684547107,0.25142822525376757,0.13550962896977375,0.0763045254685355,0.0272606518063424,0.21181415443830925,-0.29768281401640145,0.4157319229606711
2023-12-20,0.5061639866969238,0.2531605908389811,0.13601150697717526,0.07699743437122701,0.027666481069932584,0.21300894134840226,-0.2931550453485215,0.4208299028511205
2023-12-21,0.5096538919394472,0.25192021213428323,0.13483981601347814,0.07596435816292807,0.027621721733463424,0.2108041741764062,-0.29884971776304103,0.41362221992303005
2023-12-22,0.5136257803309427,0.24808740062252121,0.1351045622226546,0.07573912643351124,0.02744313051770752,0.21084368865616585,-0.3027820916747769,0.4105005954341187
2023-12-23,0.5152320431987933,0.2506108292603972,0.13227425908002402,0.07421033466055002,0.02767253390852605,0.20648459374057404,-0.3087474494582193,0.4007603883846672
2023-12-24,0.5259494716819111,0.24856985407560295,0.12645899022921292,0.07215897659061597,0.02686270734291442,0.19861796681982888,-0.3273315048620822,0.37763697372806
2023-12-25,0.5148137586330866,0.24973963557452095,0.13314376151085142,0.07383184183547782,0.028471002477576637,0.20697560334632925,-0.3078381552867574,0.4020397665670062
2023-12-26,0.5117074100852925,0.24916729334884832,0.13614646643173778,0.07451020242890265,0.028468627771061527,0.2106566688606404,-0.30105074122465214,0.4116740635542637
2023-12-27,0.5095246236000172,0.24971370632871856,0.13712477198926049,0.07497666578107161,0.02866023230467879,0.21210143777033214,-0.297423185829685,0.41627318474177266
2023-12-28,0.508507707382008,0.25086718739021063,0.1366711054805288,0.07538818717046387,0.02856581245573199,0.2120592926509927,-0.29644841473101535,0.417022769905996
2023-12-29,0.5136527117535279,0.25020732387975647,0.13327258158455146,0.07463961424933555,0.02822776862723638,0.207912195833887,-0.3057405159196409,0.4047719228895106
2023-12-30,0.5229163893105537,0.2499171128657166,0.1275689488736304,0.0724161898669048,0.027181359055416954,0.19998513874053522,-0.3229312505700185,0.3824419024314926
2023-12-31,0.5386721543238985,0.24755188733703434,0.11680841472016693,0.0711171923721999,0.025850351259479168,0.1879256070923668,-0.35074654723153165,0.3488682412556431
2024-01-01,0.5915897441434197,0.22154773709024242,0.09402765498286204,0.07150826662532078,0.021326597086589873,0.16553592160818284,-0.4260538225352368,0.27981540120825993
2024-01-02,0.5305457838539914,0.2471146973454497,0.12091689280126543,0.07484734665817455,0.026575279407314082,0.19576423945943994,-0.3347815443945515,0.3689865142973507
2024-01-03,0.5111321763660618,0.25162185823787014,0.13428903306998852,0.07501229596694416,0.027944636396708997,0.20930132903693266,-0.3018308473291291,0.40948572348737367
2024-01-04,0.5093327901332151,0.2519851415051328,0.13596263036493944,0.0746076025757817,0.028111835409912852,0.21057023294072114,-0.29876255719249395,0.41342367312665435
2024-01-05,0.5070725996466233,0.25351776972562906,0.13626154523603662,0.07483627027184678,0.028311815222200505,0.2110978155078834,-0.2959747841387399,0.41630688713015956
2024-01-06,0.5076970261430664,0.25492509440220146,0.13478478292296858,0.07473282699314632,0.027860269679185017,0.2095176099161149,-0.29817941622695154,0.4126823659137879
2024-01-07,0.5181123145641819,0.2526590103188554,0.12912176966143676,0.0730709432424927,0.027035962096889146,0.20219271290392946,-0.31591960166025246,0.39024880748879115
2024-01-08,0.5099279461610721,0.2527559149650425,0.13465543531144125,0.07458302932635584,0.028077674258878815,0.20923846463779708,-0.300689481523275,0.4103294714734157
2024-01-09,0.5043765068816658,0.25365858203693525,0.1376936002003201,0.07604057543601987,0.028230735490877446,0.21373417563633998,-0.2906423312453258,0.42375918132619367
2024-01-10,0.4993631236025477,0.2564847108498735,0.13842425279462955,0.07699000018893568,0.028737912577435496,0.21541425298356523,-0.28394887061898244,0.4313779748682792
2024-01-11,0.5017665868069139,0.25485721440243086,0.13800427860826106,0.07639740912502758,0.028974511103910864,0.21440168773328866,-0.2873648990736252,0.4272936727367084
2024-01-12,0.5010739599705926,0.2562536585548057,0.13727712540085374,0.07665211480738389,0.028743141266587467,0.2139292402082376,-0.287144719762355,0.42694144437438514
2024-01-13,0.5058626861912151,0.25449920791244157,0.1358627485441778,0.07551906604002057,0.028256291277258136,0.21138181458419836,-0.29448087160701675,0.417864017952683
2024-01-14,0.519064933645927,0.25077603520514985,0.12964857633067076,0.07318553368330574,0.027324921218480135,0.2028341100139765,-0.3162308236319505,0.3907682774662967
2024-01-15,0.5099652447668825,0.2506613662874719,0.13515617982302092,0.07602439736723458,0.028192811744122238,0.2111805771902555,-0.298784667576627,0.4141077835349177
2024-01-16,0.5048047205162641,0.2512293593512339,0.13827950313956608,0.07762555938674139,0.028060857560808644,0.21590506252630748,-0.28889965798995665,0.42770016553232953
2024-01-17,0.4970823977126205,0.2563264700344657,0.13949315929931055,0.07850141909801572,0.028596553845570773,0.21799457839732628,-0.27908781931529425,0.43854817511232014
2024-01-18,0.5005099798162592,0.2547856979322496,0.13806554388389675,0.0781860762802745,0.028452702124173637,0.21625162016417127,-0.28425835965208796,0.4320625539645758
2024-01-19,0.4997954894775583,0.2550951911596982,0.1384371244136218,0.07846932914047393,0.028202865748057804,0.21690645355409574,-0.2828890359234626,0.4339904183225632
2024-01-20,0.5006585417702528,0.25677346208771823,0.13600721145501965,0.07902411114195147,0.027536673572401537,0.21503132259697114,-0.2856272191732817,0.4294969618148388
2024-01-21,0.5126368045241223,0.2544082506769383,0.12995392098932695,0.07613505365765068,0.026865970107875486,0.20608897464697762,-0.3065478298771447,0.4020175157698418
2024-01-22,0.5070285824008455,0.2544942637170454,0.13230939887958723,0.07815135727090414,0.028016397850504266,0.21046075615049137,-0.2965678262503541,0.41508657195208337
2024-01-23,0.4995937152714581,0.2565663714517666,0.13515555746352814,0.0799900493121606,0.028694306487028115,0.21514560677568872,-0.2844481084957694,0.430641139388208
2024-01-24,0.4997257109083948,0.25546230980310536,0.1348201708090855,0.08092627817659846,0.02906553042010269,0.215746448985684,-0.28397926192271084,0.4317297354852984
2024-01-25,0.49852402331538476,0.2554540360962284,0.1346948558573628,0.08262908865165468,0.028697996150151204,0.21732394450901749,-0.28120007880636727,0.43593474806635407
2024-01-26,0.5010310326043549,0.2516916268748418,0.1337697148876016,0.08519910445019693,0.02830852122224848,0.21896881933779855,-0.28206221326655634,0.4370364410355992
2024-01-27,0.5034899125444193,0.25259944149661107,0.13092771287213573,0.08588664582659428,0.027096287246927128,0.21681435869873003,-0.2866755538456893,0.43062304387201017
2024-01-28,0.5099188766053109,0.24950097394198192,0.12755615712671256,0.08674727719492042,0.026276715024961848,0.21430343432163299,-0.29561544228367787,0.42026966279090866
2024-01-29,0.5111086892394258,0.2456153951036429,0.12616197595136652,0.09053180772493095,0.02658213201113321,0.21669378367629746,-0.2944149055631283,0.4239681074464938
2024-01-30,0.5138658965576524,0.24012988639818766,0.12650830773918856,0.09385449454251663,0.025641414844919674,0.22036280228170516,-0.29350309427594723,0.4288332885250771
2024-01-31,0.5219818821049782,0.2305881883234956,0.12414802972173934,0.0988442488742406,0.024437651017626006,0.22299227859597998,-0.2989896035089982,0.4272031007986843
2024-02-01,0.5342895649410733,0.219112250310051,0.11996457058746401,0.10368134714110347,0.022952267115725847,0.2236459177285675,-0.31064364721250576,0.41858559927748795
2024-02-02,0.5487530336549901,0.2099935718547294,0.11437736906000716,0.1052078493765315,0.02166817606101602,0.21958521843653867,-0.3291678152184514,0.4001530833897776
2024-02-03,0.5565716508800941,0.20482072473197852,0.10894743072408518,0.10917090115915618,0.02048929247118239,0.21811833188324137,-0.3384533189968527,0.3918962303206349
2024-02-04,0.5637950242238576,0.19758804609354508,0.10627664928601781,0.11305504776445087,0.01928523243576176,0.21933169705046868,-0.34446332717338896,0.38902737276266197
2024-02-05,0.5840889861585007,0.1854455538106985,0.09671969856519216,0.11662936120426938,0.01711640031670815,0.21334905976946153,-0.3707399263890392,0.3652680752853064
2024-02-06,0.6055240838938845,0.1722518481000048,0.09130844859549551,0.1152284500163785,0.01568716919146806,0.20653689861187402,-0.39898718528201044,0.3410878346633505
2024-02-07,0.6354519426083275,0.15944580060198532,0.08050689404171459,0.11074761329124978,0.013847749377500966,0.19125450733296437,-0.44419743527536315,0.30097399112185513
2024-02-08,0.6609874449340019,0.14389248408449545,0.07255022993991955,0.10923240675532887,0.01333743409599655,0.18178263669524844,-0.47920480823875344,0.2750167769274332
2024-02-09,0.6791609897518722,0.1344539339968218,0.0658408358908123,0.10758392706593248,0.012960313102920592,0.17342476295674475,-0.5057362267951275,0.25535147862380103
2024-02-10,0.6878501116240757,0.1293553771344905,0.06399376895210714,0.10714873669369887,0.011652005775141961,0.17114250564580602,-0.5167076059782697,0.24880784745636406
2024-02-11,0.686881850021067,0.13151779234621483,0.060524464536232135,0.10913367523828153,0.011942218127266157,0.16965813977451366,-0.5172237102465533,0.24699755826902417
2024-02-12,0.6794801680383693,0.13481010250121936,0.06587446856258068,0.10787590454098206,0.011959356442921683,0.17375037310356273,-0.5057297949348065,0.2557107348771823
2024-02-13,0.673268769999171,0.1403679984259622,0.06528896278475461,0.10886741586214618,0.012206853102085743,0.1741563786469008,-0.49911239135227015,0.2586728902442857
2024-02-14,0.6614858607862819,0.14385693351581047,0.07389005069426673,0.10855125146197656,0.012215903765549872,0.1824413021562433,-0.4790445586300386,0.27580529376604146
2024-02-15,0.6543354759942671,0.1508919299661087,0.07913894051600412,0.10357994814591752,0.012053705284198949,0.18271888866192162,-0.47161658733234546,0.27924343913078997
2024-02-16,0.6471603462634827,0.1603271210422504,0.07877109484654017,0.10144702772608669,0.01229441022087236,0.18021812257262687,-0.46694222369085586,0.27847522428275207
2024-02-17,0.6197917326698005,0.17279853901096176,0.09130361739294886,0.10226394045245019,0.013842170546155247,0.19356755784539906,-0.42622417482440145,0.31231064830695937
2024-02-18,0.588083179416458,0.18882930223142955,0.10289772686928594,0.10422213016187998,0.015967661293366825,0.20711985703116592,-0.3809633223852921,0.35219483277295294
2024-02-19,0.5582746437370835,0.2019747739271664,0.11675735840463926,0.10438154308277853,0.018611680661567123,0.2211389014874178,-0.3371357422496657,0.39611131182157366
2024-02-20,0.5400572302266545,0.211736996492777,0.12343914598863584,0.10436047644886808,0.02040615087722723,0.22779962243750393,-0.31225760778915057,0.4218064488126556
2024-02-21,0.528408272657146,0.22184591426058453,0.1251074878637359,0.10311880743970456,0.02151951779058,0.2282262953034405,-0.30018197735370544,0.4319127975718191
2024-02-22,0.5274383987528047,0.2245661924960014,0.1282460230438869,0.09797941486576711,0.021769970941318065,0.22622543790965405,-0.3012129608431507,0.42891347775321803
2024-02-23,0.5289348728397885,0.22689934929482458,0.12727035652525057,0.09440672173841241,0.022488699641809346,0.22167707826366298,-0.30725779457612545,0.4191008943568139
2024-02-24,0.5453548481388909,0.21914608518191087,0.12137186861416496,0.09329855927385884,0.020828638646237876,0.21467042788802382,-0.3306844202508671,0.3936343989984143
2024-02-25,0.532578986995776,0.23441719779064213,0.12238446826760925,0.08834380250916084,0.022275544333473785,0.21072827077677006,-0.32185071621900596,0.3956751503949994
2024-02-26,0.5151428426869186,0.24219425766381503,0.13046601401525051,0.08736795624087403,0.024828929448661486,0.21783397025612455,-0.297308872430794,0.42286129633468394
2024-02-27,0.5100353874970629,0.2454964421847961,0.13274193138170526,0.08621383600244802,0.025512403009514968,0.2189557673841533,-0.2910796201129096,0.42929524647035233
2024-02-28,0.50630290923892,0.2480211687862169,0.1350190544383617,0.08466802405102491,0.025988843528725637,0.2196870784893866,-0.28661583074953334,0.4339044364165764
2024-02-29,0.5058350858092198,0.24729968178478082,0.13665684575864923,0.0839332220437958,0.02627516466665296,0.22059006780244506,-0.2852450180067747,0.43609088019181524
2024-03-01,0.5040253531287946,0.2504180242332513,0.13692185749094188,0.08217035600685584,0.026464409077334643,0.21909221349779773,-0.28493313963099687,0.43468490649876623
2024-03-02,0.5044888829781412,0.2555879660047263,0.134634094965818,0.07865592801445227,0.026633127953127635,0.21329002298027022,-0.291198859997871,0.42278438668689516
2024-03-03,0.5098764806146986,0.2566107793065049,0.13104161976771045,0.07661106435309856,0.02586005593415487,0.20765268412080903,-0.30222379649388953,0.40726076219571145
2024-03-04,0.49532109178486045,0.26000593285568563,0.13805576793375704,0.07923407976049739,0.0273831276245413,0.2172898476942544,-0.27803124409060603,0.4386848274747664
2024-03-05,0.4896864432747087,0.2604250842067408,0.14110450287410434,0.08076267413643502,0.028021295514338615,0.22186717701053935,-0.2678192662641694,0.4530800884068467
2024-03-06,0.4911943019384381,0.2596614370046611,0.1416704578660789,0.07964586341972324,0.027827939735269425,0.22131632128580217,-0.2698779806526359,0.45056777005027226
2024-03-07,0.4936408639227764,0.2590584118063688,0.14120609593929073,0.07758986082662936,0.02850476750172468,0.21879595676592006,-0.27484490715685633,0.443229020845705
2024-03-08,0.494306532765148,0.25797865167205747,0.14139562286749988,0.07741345839631252,0.028905734338209522,0.2188090812638124,-0.27549745150133564,0.44265868800032965
2024-03-09,0.49766335738617656,0.2587338751911369,0.13930743982155014,0.07587361148388623,0.02842171619964735,0.2151810513054364,-0.28248230608074015,0.43238275053162156
2024-03-10,0.5079272694612035,0.2552988890513085,0.13484036361966847,0.07429056124809273,0.02764291669548207,0.20913092486776122,-0.2987963445934423,0.4117339970535586
2024-03-11,0.4966291469413417,0.2577633290367989,0.13990311098125957,0.07690203765582927,0.028802375420613865,0.21680514863708886,-0.27982399830425286,0.43655341208295273
2024-03-12,0.49420831007164584,0.25809119027111943,0.1412367944817099,0.07724274258475852,0.029220962528494945,0.21847953706646844,-0.2757287730051774,0.4420798529972012
2024-03-13,0.4933998465653683,0.2584934063456023,0.14195755203476032,0.0768760108914579,0.029273184214457623,0.21883356292621822,-0.27456628363915003,0.44352174904299646
2024-03-14,0.4945795186300407,0.2576236720814829,0.14200422009088132,0.07669482788785775,0.02909776123364391,0.21869904797873907,-0.2758804706513016,0.4421918816705632
2024-03-15,0.49459044430900806,0.25649015064664965,0.14271850668270344,0.07756896426518205,0.0286319341898211,0.22028747094788548,-0.2743029733611226,0.44539370600992695
2024-03-16,0.5030371427539357,0.252256547298259,0.13948254286205905,0.0773597523231382,0.02786401482565767,0.21684229518519726,-0.2861948475687385,0.4310661713726917
2024-03-17,0.5103691647479562,0.25311299453849156,0.13454257237135703,0.07508647494327292,0.026888793439955663,0.20962904731462992,-0.3007401174333263,0.4107400324981514
2024-03-18,0.5000874424162509,0.2570637997029035,0.13903651298810793,0.07558468419826671,0.028227560775192867,0.21462119718637462,-0.2854662452298763,0.42916733951446306
2024-03-19,0.4963633044278668,0.2567545316281282,0.1418369983117685,0.07638827067450618,0.028656894983481576,0.21822526898627465,-0.27813803544159216,0.4396482718193925
2024-03-20,0.4942234369026361,0.25747087092238247,0.1423674137063327,0.07699666010759978,0.028941618415141496,0.21936407381393253,-0.27485936308870357,0.443856072849795
2024-03-21,0.49516430647875154,0.25785544681089584,0.14115776794071566,0.07701510801628078,0.028807370797275814,0.21817287595699644,-0.2769914305217551,0.44060703306440496
2024-03-22,0.49497877292671977,0.2581875703493486,0.1407570280044842,0.07726140129643254,0.028815227385719497,0.21801842930091672,-0.276960343625803,0.4404601595575771
2024-03-23,0.4966017608330795,0.25725203871656027,0.13963505197740184,0.07787336933440092,0.028637779166503646,0.21750842131180276,-0.27909333952127674,0.43799365702392845
2024-03-24,0.5015679471414277,0.25737175743284424,0.13536362738056287,0.078072813399172,0.027623854667166273,0.21343644077973487,-0.2881315063616928,0.4255384380045959
2024-03-25,0.4831031705083741,0.2639143792415412,0.14310942232165053,0.0808193226457896,0.029053705226350483,0.2239287449674401,-0.25917442554093395,0.4635215801457021
2024-03-26,0.48600724269710316,0.26196661124802106,0.14327801238909052,0.07945807409830709,0.029290059632754162,0.2227360864873976,-0.26327115620970554,0.4582978748450763
2024-03-27,0.4864780440881547,0.26227797008544074,0.14300261333751263,0.07896250382850378,0.02927886879856322,0.22196511716601644,-0.26451292692213824,0.4562695477491973
2024-03-28,0.48779918190208554,0.2617902259730802,0.14215563849132562,0.07908830231785753,0.02916665128877114,0.22124394080918314,-0.2665552410929024,0.45355537487062203
2024-03-29,0.4862397728549882,0.2622940273404079,0.14321518253095533,0.07904464432740754,0.029206372998874432,0.22225982685836287,-0.26397994599662533,0.45709923224369325
2024-03-30,0.49458867100167725,0.2594325785173861,0.13930426332300944,0.07826858019537561,0.028405906933348376,0.21757284351838502,-0.27701582748329223,0.43990664621925235
2024-03-31,0.5042063591168764,0.2557273202982576,0.13498779787648396,0.07825048309389686,0.02682803952826318,0.21323828097038083,-0.29096807814649556,0.4229186663648397
2024-04-01,0.49496090341066173,0.2549021004626795,0.14059599272661802,0.08128712913368252,0.02825387428452908,0.22188312186030051,-0.2730777815503612,0.44828413786089966
2024-04-02,0.488589233400209,0.2608219747139385,0.14059271965169576,0.08091782982275855,0.029078242309353953,0.2215105494744543,-0.2670786839257547,0.45336764368078597
2024-04-03,0.49135369721476696,0.2604441878594809,0.1386778776175055,0.08079185991647447,0.028732377411361008,0.21946973753398,-0.27188395968078694,0.4466634499303492
2024-04-04,0.553129815370401,0.2369659026500532,0.11098745443181654,0.07681685242811832,0.022099975161132455,0.18780430685993488,-0.3653255085104661,0.339530254275251
2024-04-05,0.5243846132876174,0.2542380827723051,0.120890747779865,0.07599795487992143,0.024488601194963128,0.19688870265978642,-0.327495910627831,0.3754662087153877
2024-04-06,0.503249630784567,0.2582491098873614,0.13366572829708015,0.07737524442003967,0.02746028658537339,0.21104097271711983,-0.2922086580674471,0.41935643825134383
2024-04-07,0.4997740147408974,0.25629429869255893,0.13725509722510845,0.07894709683094962,0.027729492556541613,0.2162021940560581,-0.2835718206848393,0.4325999105178484
2024-04-08,0.4915338329498282,0.25939029245076284,0.14050776439901155,0.07990324871955617,0.02866486148997832,0.22041101311856776,-0.27112281983126046,0.44841473433440243
2024-04-09,0.48657009970266857,0.26210575815991577,0.14262739803075325,0.07962169196204041,0.029075052080353568,0.2222490899927937,-0.2643210097098749,0.4567668463980932
2024-04-10,0.4876898917398161,0.2617408096082775,0.14171964591582042,0.0794512597514696,0.029398392907192525,0.22117090566729003,-0.26651898607252605,0.45350725822565396
2024-04-11,0.49054873906864704,0.25931575403556306,0.14111424151886873,0.07974063754162486,0.029280627936733132,0.22085487906049356,-0.2696938600081535,0.45022005250652025
2024-04-12,0.4921920118278945,0.2589328328923753,0.14031432374399963,0.07956065922981262,0.029000172266591195,0.21987498297381225,-0.27231702885408227,0.44672602904960645
2024-04-13,0.49367442530648514,0.2592524366970718,0.139722117042478,0.07896122051656888,0.028389800524279418,0.21868333755904687,-0.2749910877474383,0.4429707644330227
2024-04-14,0.5036164037563177,0.2566759365555468,0.13495818949164332,0.0773614518271533,0.027388018285804543,0.21231964131879663,-0.291296762437521,0.4215900032945128
2024-04-15,0.4881152582815484,0.25969830608761046,0.14265123201741015,0.08074732052458634,0.02878788305563733,0.22339855254199648,-0.2647167057395519,0.45767582297773324
2024-04-16,0.4926314673715359,0.25515245832857686,0.14175731918856843,0.08166432330342178,0.028794431887383513,0.2234216424919902,-0.2692098248795457,0.45352694111090686
2024-04-17,0.4857542892817661,0.2605748829479316,0.14244922143343733,0.0816289846569348,0.02959262173872408,0.22407820609037216,-0.26167608319139396,0.46129949036928336
2024-04-18,0.4887875477495391,0.2603002246027982,0.141582118960673,0.08012408282369277,0.029206025915448512,0.2217062017843658,-0.2670813459651733,0.4535839810263964
2024-04-19,0.49070930792097767,0.2598913785670719,0.1414314787847122,0.07902499447883045,0.02894284020736127,0.22045647326354265,-0.270252834657435,0.44926083468350325
2024-04-20,0.4924368250558764,0.25935417098387836,0.14012893161800374,0.07938789387102248,0.028692178425366907,0.2195168254890262,-0.2729199995668502,0.4457766241672073
2024-04-21,0.5021494115341277,0.25721392340758903,0.1353162614703935,0.07807234440833102,0.02724805921977843,0.21338860587872452,-0.2887608056554032,0.42495042506730474
2024-04-22,0.49120528576289524,0.2594227249658898,0.140088380096174,0.08088927989121766,0.02839432935781112,0.22097765998739166,-0.2702276257755036,0.4498682452982755
2024-04-23,0.48890020318305827,0.25630796296825625,0.1439965770355461,0.08184370966863112,0.028951547265978518,0.22584028670417725,-0.26305991647888105,0.4619353504740029
2024-04-24,0.493984967137965,0.25493868043130086,0.14232943717065463,0.08032890120952105,0.02841801403771795,0.22265833838017568,-0.27132662875778935,0.45073909773045673
2024-04-25,0.4989584408552372,0.25224386140048344,0.14164405915088846,0.07915135696606747,0.0280022816145342,0.22079541611695594,-0.27816302473828125,0.44251263840431815
2024-04-26,0.4928733506242437,0.2559302745915926,0.14243007656981238,0.08049855778926614,0.028267740334552507,0.2229286343590785,-0.2699447162651652,0.45230409409786615
2024-04-27,0.4944242885144895,0.25743490455236523,0.1401302104284942,0.07967654456175316,0.02833405197048461,0.21980675499024735,-0.2746175335242421,0.44457111047408776
2024-04-28,0.4960582808429005,0.25541591021221344,0.14020792815502445,0.0802146720153515,0.028103208712061865,0.22042260017037596,-0.27563568067252453,0.4443481919016343
2024-04-29,0.4895177005204749,0.25796393165357817,0.1421191484626926,0.08092046448431232,0.029478754952239398,0.22303961294700494,-0.2664780875734699,0.4556313545145768
2024-04-30,0.4975801796203459,0.2530278901139917,0.13809444919082906,0.08251547045264127,0.028782010535188144,0.22060991964347032,-0.2769702599768756,0.4433655693677266
2024-05-01,0.5818579239640251,0.2133950437849474,0.1039667093341996,0.08056277777327113,0.02021754522035058,0.18452948710747072,-0.3973284368565544,0.3171383932529889
2024-05-02,0.5626385664471077,0.2353642347643068,0.10333253277426545,0.07685954321660779,0.021805122852973906,0.18019207599087322,-0.3824464904562345,0.3202625748333102
2024-05-03,0.5255013183520486,0.24990735055224242,0.1225309441653043,0.07674938529708569,0.025311001766233774,0.19928032946239002,-0.32622098888965856,0.37921946625619374
2024-05-04,0.5101467141328012,0.2528927074871507,0.13218685426784813,0.07763332854235526,0.027140395573162803,0.2098201828102034,-0.3003265313225978,0.4112938043066236
2024-05-05,0.5079801853514597,0.251275037644426,0.1347936828228544,0.07846556977548898,0.027485524482886707,0.21325925259834339,-0.29472093275311634,0.41981805343606904
2024-05-06,0.49649294033368924,0.2544424972772647,0.1393296094904029,0.08106925691589607,0.028665695967052773,0.22039886640629897,-0.27609407392739027,0.4439113802064749
2024-05-07,0.49398060474554467,0.2557632443381632,0.1403829172163117,0.08091271990895264,0.02896051379227943,0.22129563712526432,-0.2726849676202804,0.4479844653804907
2024-05-08,0.49673673845772076,0.2542499159044126,0.14051746181448066,0.07975186289227365,0.028744021019051238,0.22026932470675434,-0.2764674137509664,0.44343272331869676
2024-05-09,0.5004887071394285,0.2527834510199459,0.1394782708011146,0.07863893429430427,0.02861063681140716,0.21811720509541888,-0.2823715020440096,0.4358084447940496
2024-05-10,0.5003709072201236,0.25316712503652455,0.13935678915787042,0.0785584811366694,0.02854669753131076,0.21791527029453983,-0.28245563692558373,0.43550747485539637
2024-05-11,0.49877063640819547,0.2544583000098049,0.138819471546691,0.07925552371214588,0.028696068311579455,0.21807499525883686,-0.28069564114935863,0.43722500752903903
2024-05-12,0.5119867931524926,0.25133222214010514,0.1326455705174512,0.07713953090259779,0.026895883236357287,0.20978510142004897,-0.30220169173244366,0.40974709548331173
2024-05-13,0.5075635377240686,0.2501999039166084,0.13730724559281424,0.07726545430800345,0.027663858459343948,0.21457269990081768,-0.2929908378232509,0.42275042226825166
2024-05-14,0.5027820665590047,0.2509874653775625,0.1405292638738338,0.07756600924490789,0.02813519484070465,0.21809527311874172,-0.284686793440263,0.43377695352454826
2024-05-15,0.5062695404799206,0.2493473818860234,0.13864193229698418,0.07763719852050129,0.02810394673883948,0.21627913081748545,-0.2899904096624351,0.42720154685281414
2024-05-16,0.5119962413970268,0.24414521185684157,0.13778369810447266,0.07837640340946349,0.027698445154586925,0.21616010151393614,-0.29583613988309065,0.42219079758109995
2024-05-17,0.502419776668652,0.25150717078085255,0.1390762131168486,0.07848927168759712,0.028507567850214438,0.2175654848044457,-0.2848542918642063,0.4330352723116054
2024-05-18,0.5035804997840129,0.2526342494968152,0.13840976256026652,0.07720692734304557,0.02816856066597082,0.21561668990331206,-0.2879638098807008,0.42816727414145445
2024-05-19,0.518624345322645,0.25008482857911013,0.1300733226950418,0.07491061858144339,0.02630688484004107,0.2049839412764852,-0.3136404040461598,0.3952455050079865
2024-05-20,0.5009479653874397,0.25470886260401765,0.13767596491040907,0.07902969970547073,0.02763750748283896,0.21670566461587978,-0.2842423007715599,0.43259116632658007
2024-05-21,0.4938227856729604,0.2559010516905089,0.14188206431937056,0.08084337296374859,0.027550725381971005,0.22272543728311917,-0.27109734838984123,0.45102300611665486
2024-05-22,0.4907650339319775,0.25646454434679555,0.14311407777877208,0.08170743042968501,0.027948913557874242,0.2248215082084571,-0.2659435257235204,0.4581041693357854
2024-05-23,0.49158821616116094,0.2566619388288186,0.1423464462415364,0.08147648529361765,0.027926913423011308,0.22382293153515403,-0.2677652846260069,0.45530572983014006
2024-05-24,0.4911279988128661,0.25771799874679335,0.14153033157124303,0.08148302395595076,0.02814064699160603,0.2230133555271938,-0.2681146432856723,0.4540839782424384
2024-05-25,0.4980148369327285,0.2561447229812359,0.13784095358433857,0.08016224905069765,0.027837237504661355,0.21800320263503625,-0.28001163429769227,0.43774439327494163
2024-05-26,0.5083250358540916,0.25422276813748296,0.13270025729724386,0.07802909859059053,0.026722840220716648,0.2107293558878344,-0.29759567996625724,0.4145563193317153
2024-05-27,0.49307465134486317,0.2580713220650663,0.13845887528919062,0.08212258166231935,0.028272569624941662,0.22058145695151002,-0.2724931943933532,0.447359150079756
2024-05-28,0.49156277345781263,0.2568771868918097,0.14079947381275698,0.08208447855704588,0.028676087319793875,0.22288395236980282,-0.2686788210880098,0.4534191041399749
2024-05-29,0.4927333850900757,0.2579767587155268,0.13910375219603777,0.08118855774468671,0.02899754616029419,0.22029230994072446,-0.27244107514935123,0.44708216777406556
2024-05-30,0.49340692349198495,0.254846824473844,0.14153260143639823,0.08153171364160515,0.02868193688149782,0.22306431507800337,-0.2703426084139816,0.4520899575127808
2024-05-31,0.48668854094148806,0.25671563224362665,0.14324487534797564,0.08414840167289006,0.029202549735860547,0.22739327702086573,-0.2592952639206223,0.46722545918376984
2024-06-01,0.5056469724063144,0.24751603141712228,0.13538185239788272,0.08410627158082172,0.027348872184813536,0.21948812397870443,-0.28615884842760997,0.4340738419419112
2024-06-02,0.5081837923967635,0.25433224356205586,0.13020828722266997,0.08098320739294657,0.02629246942111527,0.21119149461561654,-0.29699229778114694,0.4155809330706266
2024-06-03,0.5004106673421669,0.254341913708858,0.13734878816558738,0.07998310117951973,0.0279155295226032,0.2173318893451071,-0.28307877799705977,0.4343070672322451
2024-06-04,0.4998832569294484,0.253315477201379,0.1395342721507804,0.07901652766677673,0.028250465977996044,0.21855079981755715,-0.28133245711189125,0.43720368063538195
2024-06-05,0.5002809219507766,0.2530626907736287,0.1390232505494058,0.07978183743540801,0.027851299359924298,0.21880508798481382,-0.28147583396596276,0.43736444542321046
2024-06-06,0.4996459417595041,0.2536694972846646,0.1384479813554314,0.08035335495225605,0.027883224705226653,0.21880133630768747,-0.28084460545181666,0.4379127658621186
2024-06-07,0.4970253182622756,0.25536153949092455,0.13910287234075808,0.0803540454696962,0.02815622444661302,0.21945691781045426,-0.2775684004518213,0.44154072186449245
2024-06-08,0.49687634751784815,0.2586964922755662,0.13650207264915523,0.07985914120181954,0.02806594634410141,0.21636121385097476,-0.2805151336668734,0.43544277148994887
2024-06-09,0.5171064322448713,0.25283725582172506,0.12474483390607927,0.07925277582781634,0.026058702267022664,0.2039976097338956,-0.3131088225109757,0.39449830250282847
2024-06-10,0.5694940154313333,0.22615669612217693,0.10089858574499846,0.08250552726098413,0.02094517551508396,0.1834041130059826,-0.3860899024253507,0.322047480809913
2024-06-11,0.5039604809711558,0.25139034994691534,0.1323571658715715,0.08534826256948772,0.026943740686345814,0.21770542844105925,-0.28625505253009653,0.4319890877584896
2024-06-12,0.4866095533964641,0.25844336590084055,0.14105218042737286,0.0847759411977177,0.02911895910825409,0.22582812162509056,-0.2607814317713736,0.464084850058621
2024-06-13,0.479915376327307,0.26288398544669983,0.1429419803019782,0.08523853018059178,0.029020127849426654,0.22818051048256996,-0.25173486584473703,0.4754598867591786
2024-06-14,0.4811401865564565,0.26284633263515067,0.14238395300589277,0.0847233337847979,0.028906193997351257,0.22710728679069064,-0.2540328997657659,0.47201895234756513
2024-06-15,0.4880191066856712,0.2603389110565584,0.13951207116012163,0.08406891329492436,0.028060997731275145,0.223580984455046,-0.26443812223062524,0.45813981746221366
2024-06-16,0.5075699536215782,0.2511415619684458,0.13249431018671246,0.08241123489566479,0.026382939341354956,0.21490554508237725,-0.29266440853920095,0.42340084070973466
2024-06-17,0.48618554182732754,0.25857568232876477,0.14144760776436505,0.0849970824886379,0.02879408553882375,0.22644469025300296,-0.2597408515743246,0.4657577627707952
2024-06-18,0.48083866326416463,0.2587076839774676,0.14261487354409424,0.08852546884483725,0.02931331043057321,0.2311403423889315,-0.24969832087523314,0.4807024893128174
2024-06-19,0.483536922674585,0.2593872300745501,0.1427956707364039,0.08460534065766967,0.02967483579599693,0.22740101139407357,-0.2561359112805114,0.47028675728887814
2024-06-20,0.4793000674603295,0.26144650433268274,0.14371208533614738,0.08509939109482176,0.03044195173181054,0.2288114764309691,-0.2504885910293604,0.47738669773900516
2024-06-21,0.48020225393071203,0.2622937793733539,0.1423399912753953,0.08463353127084748,0.030530444137746148,0.22697352254624276,-0.2532287313844693,0.47266234318632033
2024-06-22,0.48401212082054434,0.261937192807292,0.14063898511291,0.08307237234148977,0.03033932889703044,0.2237113574543998,-0.26030076336614455,0.4622019735273211
2024-06-23,0.4938434733695333,0.25908739068462516,0.13381808525718472,0.08451866986042367,0.028732380783309287,0.2183367551176084,-0.27550671825192496,0.442117324398112
2024-06-24,0.4813563465794709,0.26170980069154504,0.14174618727160818,0.08474956309855708,0.030438102298064658,0.22649575037016528,-0.2548605962093056,0.47053654112935084
2024-06-25,0.4799376382945467,0.2604245006029894,0.14380645228546263,0.0851646800927195,0.030666728763883926,0.22897113237818212,-0.2509665059163646,0.47708517546535545
2024-06-26,0.47663083677459334,0.26218745590263354,0.14477772173712758,0.08557717636856334,0.030826809245978668,0.2303548981056909,-0.24627593866890243,0.48329835237796326
2024-06-27,0.4783243190593263,0.2611895938684204,0.14532800167128612,0.08439687353448726,0.030761211953815162,0.22972487520577337,-0.24859944385355295,0.48027011392092883
2024-06-28,0.47934462705923,0.26187535445420657,0.14333128293944186,0.08465473711265789,0.03079399833886517,0.22798602005209978,-0.2513586070071302,0.47562026813733077
2024-06-29,0.48798723847495784,0.2597057574049516,0.13939560467942794,0.08293247701121687,0.0299789223996434,0.22232808169064483,-0.265659156784313,0.45560224563547497
2024-06-30,0.49952685960238846,0.25642128999120006,0.13477564434721973,0.08090621137941634,0.028369994750485832,0.21568185572663606,-0.2838450038757524,0.4317722892785259
2024-07-01,0.48436809845221024,0.25581427109931615,0.14137318434202348,0.08863224450692964,0.029812201530224895,0.23000542884895314,-0.2543626696032571,0.47485668355106675
2024-07-02,0.47138834236515864,0.265472318653525,0.14294000093221665,0.08913414554714216,0.03106519256403586,0.2320741464793588,-0.23931419588579983,0.49232050439546876
2024-07-03,0.4616542420032841,0.2707061303625432,0.14746134574046948,0.08843575012114356,0.031742531722622744,0.2358970958616131,-0.225757146141671,0.5109821905631595
2024-07-04,0.4612005190590186,0.27169812564956647,0.14746638916251933,0.08783881394750852,0.03179615221750708,0.23530520311002784,-0.22589531594899076,0.5102015140618618
2024-07-05,0.45927561249370374,0.2720535915422033,0.14828800652666826,0.08804078254999151,0.0323420069034642,0.23632878907665977,-0.22294682341704397,0.5145685567615451
2024-07-06,0.46638641528465735,0.2712106315014338,0.14471813126630914,0.08608749667882963,0.03159732513718498,0.23080562794513879,-0.23558078733951857,0.4948806834441508
2024-07-07,0.4811949911056793,0.2682281671482159,0.13724715797959042,0.08325683946085445,0.030072844282378452,0.22050399744044488,-0.2606909936652344,0.45824250359251584
2024-07-08,0.4663718607282746,0.27071202156744045,0.1443692769783653,0.08704958376102898,0.03149725708867172,0.23141886073939427,-0.2349529999888803,0.49621102863714034
2024-07-09,0.4624591911867807,0.2699282397150785,0.14780061079628978,0.08798493512639763,0.031827023126083605,0.2357855459226874,-0.22667364526409328,0.5098515726708889
2024-07-10,0.45962906223204847,0.27207791208434173,0.1484226673561523,0.0879824415315338,0.03188791683157973,0.23640510888768612,-0.22322395334436235,0.5143389056811525
2024-07-11,0.460573553697466,0.2716682222831601,0.14797455732203188,0.08792061584713855,0.031863050928237234,0.2358951731691704,-0.22467838052829558,0.51217698297137
2024-07-12,0.4618038857192225,0.2715098221379514,0.1471939629155973,0.08773532281380424,0.03175700642352594,0.23492928572940153,-0.22687459998982096,0.5087208942893974
2024-07-13,0.46850189329464004,0.2704293192261845,0.1445876485656962,0.08543683316666188,0.031044305674797747,0.2300244817323581,-0.23847741156228194,0.4909787666273017
2024-07-14,0.4834313571852874,0.2676916918728012,0.13703522334736115,0.08224047572581455,0.029601251875582418,0.2192756990731757,-0.2641556581121117,0.453581870133287
2024-07-15,0.4673124102792724,0.27020816594194086,0.1436719238547022,0.08718725203870907,0.03162024785151024,0.23085917589341126,-0.23645323438586113,0.49401464804978457
2024-07-16,0.46637313252277823,0.2664394112437653,0.14648730456540615,0.0889451740859039,0.031754977621572845,0.2354324786513101,-0.23094065387146814,0.5048156984896879
2024-07-17,0.4637311836533156,0.26930707110185487,0.14747330127571825,0.0875374872158791,0.03195095663706711,0.23501078849159737,-0.22872039516171824,0.5067823704245236
2024-07-18,0.4554580483498531,0.27410309731941473,0.14982119800460028,0.08820638643421444,0.03241126980223288,0.23802758443881472,-0.21743046391103837,0.5226114354575583
2024-07-19,0.4597481401206884,0.272232971073621,0.14851939193533253,0.0873378550813937,0.03216164188300173,0.23585724701672625,-0.22389089310396212,0.513014031888876
2024-07-20,0.46188109992983256,0.27355922288923595,0.14640992161622016,0.08615985167084597,0.031989903833339724,0.23256977328706616,-0.2293113266427664,0.5035273652080533
2024-07-21,0.4814464848179768,0.2689945690405303,0.13684486927899356,0.08273451346919232,0.029979563413739137,0.21957938274818586,-0.2618671020697909,0.4560826377851809
2024-07-22,0.4630822956288709,0.27354944423376915,0.14535096766875835,0.08645947579230777,0.031557816576785115,0.2318104434610661,-0.23127185216780477,0.5005815287027222
2024-07-23,0.45656775735106375,0.27547788107717947,0.14784992159646154,0.08785273459654448,0.03225170538578388,0.23570265619300604,-0.22086510115805771,0.5162490175839765
2024-07-24,0.4594593702364534,0.2736541665265179,0.14734805408021656,0.087883270160807,0.03165513890718182,0.23523132424102358,-0.2242280459954298,0.5119741580631287
2024-07-25,0.4724501473813205,0.2661768279723814,0.14199534848867357,0.09023356180332882,0.0291441143577994,0.2322289102920024,-0.2402212370893181,0.49154161889713094
2024-07-26,0.47207592106572444,0.2646878628574134,0.141912177557916,0.09274338960895719,0.028580648814879973,0.2346555671668732,-0.23742035389885124,0.49707167151658943
2024-07-27,0.47418868397211084,0.26343383529068853,0.14531028409651478,0.08880936872798426,0.028257827816674637,0.23411965282449904,-0.2400690311476118,0.4937267816333396
2024-07-28,0.48309784718717164,0.26330874009791333,0.1407583381363614,0.08513876845136227,0.027696306174597347,0.22589710658772366,-0.257200740599448,0.4676011451986496
2024-07-29,0.4680487895277468,0.26809714958923475,0.14684097228910895,0.08710398040197699,0.029909108301122294,0.23394495269108595,-0.23410383683666086,0.4998302696758011
2024-07-30,0.46388441958733434,0.2700605393029256,0.14768517578896304,0.08790848970020924,0.030461375654253574,0.23559366548917227,-0.22829075409816207,0.5078714773364309
2024-07-31,0.46556291199684063,0.2669180191408862,0.14820024961372424,0.08852814825010337,0.03079067095078749,0.2367283978638276,-0.22883451413301303,0.5084777841269154
2024-08-01,0.47550694839987817,0.2578293848164396,0.14643269372012827,0.0897765136743203,0.030454459440088136,0.2362092073944486,-0.23929774100542958,0.49675237804476446
2024-08-02,0.46893376563676037,0.26677068617479915,0.14551851188864307,0.08765439462657293,0.031122641605626982,0.233172906515216,-0.23576085912154437,0.4972405989971588
2024-08-03,0.46789361243815664,0.2701948294283177,0.14557433352670943,0.08550198906303938,0.03083523561313159,0.23107632258974878,-0.23681728984840786,0.493865093360921
2024-08-04,0.48218254572827784,0.26868551599078316,0.1370163127037485,0.08276628806794215,0.02934933743999735,0.21978260077169065,-0.2623999449565872,0.45580787342630974
2024-08-05,0.46364291445004974,0.27292491421865905,0.14508257616925582,0.08716710789083695,0.031182487369310206,0.23224968406009278,-0.23139323038995696,0.5009236134570844
2024-08-06,0.45941444765640616,0.27296092533238525,0.1478597309084983,0.08781603857469078,0.03194885750494827,0.23567576948318908,-0.22373867817321708,0.5129916368225534
2024-08-07,0.4591773669475249,0.27374663491293466,0.14773081063796842,0.0872796541573265,0.03206553335226553,0.23501046479529492,-0.22416690215223,0.5118075970459408
2024-08-08,0.4618243167329852,0.27257343422586855,0.14717846187907022,0.08662106852931989,0.03180271855205393,0.2337995304083901,-0.22802478632459508,0.5062521005007342
2024-08-09,0.46183026870855853,0.2720909557057218,0.14727576998343642,0.08723589453961482,0.03156711102604764,0.23451166452305125,-0.22731860418550728,0.5077875583573791
2024-08-10,0.4657458189738565,0.2723613743210302,0.14410781544705553,0.08670769657056614,0.031077294800608238,0.23081551201762168,-0.2349303069562348,0.49558257447412096
2024-08-11,0.48393669986145244,0.2678082042925589,0.13576334279209465,0.0833533415935032,0.0291384115004232,0.21911668438559784,-0.2648200154758546,0.45277963925515335
2024-08-12,0.4680960014963607,0.27065722321042646,0.1433046143865682,0.08669950098772881,0.031242659837962993,0.230004115374297,-0.23809188612206372,0.49136099141852035
2024-08-13,0.4649274152851926,0.2707610294284468,0.14542401636411756,0.08761966483697926,0.031267874022759115,0.23304368120109684,-0.23188373408409577,0.5012474496866243
2024-08-14,0.4676502850143092,0.26942284909124586,0.14534472833302428,0.08693000565634174,0.03065213182435521,0.23227473398936602,-0.2353755510249432,0.4966846839027562
2024-08-15,0.4733765810069834,0.26424735447903847,0.14477564973795154,0.0874441630608135,0.030156251742045132,0.23221981279876502,-0.24115676820821835,0.4905604166238618
2024-08-16,0.4762597552643352,0.2594786209239354,0.14556930530681148,0.08891309682049056,0.02977922154420793,0.23448240212730204,-0.2417773531370332,0.492341415657006
2024-08-17,0.477311672566815,0.2631844203688035,0.143870312248305,0.08645363591500586,0.02917995886839071,0.23032394816331084,-0.24698772440350417,0.4825441349982273
2024-08-18,0.49470395482797586,0.25981695207731226,0.1351622005973723,0.08346950350124822,0.026847389080979396,0.21863170409862054,-0.2760722507293553,0.4419445245281002
2024-08-19,0.4724193344636095,0.26914057922961704,0.14212879305865936,0.08673031450541778,0.02958097872124449,0.2288591075640771,-0.2435602268995324,0.4844406036512592
2024-08-20,0.47287217580782964,0.26613442021364425,0.14508313186270594,0.08648064282121833,0.029429629353166203,0.23156377468392428,-0.24130840112390536,0.4896963419095933
2024-08-21,0.4728116208222224,0.26492457810873954,0.14604927025927383,0.0867646167687442,0.029449914056070347,0.232813887028018,-0.2399977337942044,0.49240305604831197
2024-08-22,0.4670483874826737,0.2683725766181827,0.14722861898469825,0.08735615151408495,0.02999426542446006,0.23458477049878318,-0.2324636169838905,0.5022708070210085
2024-08-23,0.47074251494392055,0.2680755996365846,0.1448932410939738,0.0862544923263179,0.03003415189237763,0.2311477334202917,-0.23959478152362884,0.4910279528243339
2024-08-24,0.47275468969437545,0.2689605456550835,0.14345279647520162,0.08519747707803102,0.02963449117190723,0.22865027355323264,-0.2441044161411428,0.48365522021801527
2024-08-25,0.48696483364854537,0.26601424187829853,0.13610796785090362,0.0826999448777051,0.028213011680704135,0.21880791272860872,-0.26815692091993665,0.4493300082661161
2024-08-26,0.4728636790389503,0.26848480549764875,0.14237120526027428,0.08547755669076414,0.030802753426049313,0.22784876195103845,-0.24501491708791187,0.48184872734171297
2024-08-27,0.4673509125387959,0.26843208655033585,0.14712252633440195,0.08577362059307754,0.03132085399053121,0.23289614692747954,-0.23445476561131637,0.49833249637261867
2024-08-28,0.4884669569198119,0.257842940682037,0.14099419492896567,0.0828680800936302,0.029827827294126103,0.22386227502259587,-0.26460468189721603,0.45829563668796075
2024-08-29,0.46761487051373085,0.26795330573283405,0.14690081356769738,0.08661699446471458,0.030914015728653817,0.23351780803241193,-0.23409706248131892,0.4993806287123947
2024-08-30,0.4651923963310109,0.26912346854944613,0.1475026474530112,0.0871449619419239,0.031036525669407913,0.23464760939493512,-0.23054478693607577,0.5044098124681513
2024-08-31,0.4708844416559274,0.26842445811604376,0.14416521323520354,0.08600452993966703,0.030521357037109904,0.23016974317487054,-0.24071469848105687,0.4888030327896335
2024-09-01,0.48925881159522566,0.26016018634210913,0.1362851748631743,0.08569455966817402,0.028601267591100647,0.2219797345313483,-0.2672790770638773,0.45370615565938327
2024-09-02,0.459946735385642,0.2752179630530884,0.14470266617672306,0.08864262729204661,0.03149000806084102,0.23334529346876967,-0.22660144191687234,0.5073311223159819
2024-09-03,0.45794988923993213,0.27381329183117487,0.14824236616998435,0.08810411199279607,0.031890340758175095,0.2363464781627804,-0.22160341107715173,0.5160968125902357
2024-09-04,0.4561571721419958,0.27474068129620133,0.14891529473996537,0.08829874944575179,0.031888102305787196,0.23721404418571715,-0.21894312795627865,0.5200269965543269
2024-09-05,0.4567273860781676,0.27426520720409936,0.14925763353121427,0.0880446984822997,0.031705074713596626,0.23730233201351397,-0.21942505406465362,0.5195710597763462
2024-09-06,0.4520148843529108,0.27619533568160226,0.15091225559754878,0.08907974488973625,0.031797779461464504,0.239992000487285,-0.21202288386562582,0.5309382695015661
2024-09-07,0.45929688957146203,0.2748653804279087,0.14779018467856161,0.0876235526682557,0.03042399270917074,0.2354137373468173,-0.22388315222464472,0.512552431100645
2024-09-08,0.47415082030416983,0.269974323482315,0.14168744749057938,0.08531743155006004,0.028869977084520694,0.22700487904063943,-0.2471459412635304,0.47876091176013325
2024-09-09,0.45721390674161905,0.27474698840601786,0.14864621276900677,0.08838366774191643,0.031009224279377304,0.2370298805109232,-0.22018402623069586,0.5184222899083287
2024-09-10,0.45653870217548753,0.27325712535965613,0.1504286604949717,0.08821402488146958,0.031561487074547534,0.2386426853764413,-0.21789601679904624,0.5227216975018038
2024-09-11,0.45665971427342555,0.27226409442228133,0.1510265396970892,0.08827081488274845,0.03177883676052423,0.23929735457983764,-0.21736235969358791,0.5240167833954323
2024-09-12,0.45406029683683424,0.2713150261925475,0.1503839768721764,0.09247862353952903,0.03176207665339125,0.2428626004117054,-0.21119769642512884,0.5348686112914595
2024-09-13,0.4586459164534599,0.271837058050426,0.15035604742687134,0.08704642494959158,0.03211455312787417,0.23740247237646292,-0.221243444076997,0.517616016756911
2024-09-14,0.465780706412259,0.26845369076709397,0.1488135841827625,0.0859091620896876,0.031042856546150566,0.23472274627245013,-0.23105796013980887,0.5039340252635943
2024-09-15,0.4758225642007813,0.26691879521143785,0.1434815022819927,0.08407993920925189,0.029697199224187145,0.22756144149124458,-0.2482611227095367,0.47824852920430483
2024-09-16,0.48870060272783067,0.261845879995745,0.13738255997865784,0.08453743116378094,0.027533526117643682,0.2219199911424388,-0.2667806115853919,0.4541021433240005
2024-09-17,0.545922608162789,0.22529423685586325,0.11818892189206008,0.08821102729976871,0.02238320591354068,0.20639994919182877,-0.33952265897096023,0.3780754746289647
2024-09-18,0.4809169886430763,0.26280458846200777,0.13716551482215417,0.08958184363135425,0.02953106450506838,0.22674735845350844,-0.25416963018956784,0.47148959967765713
2024-09-19,0.4612324600486866,0.2708368286470334,0.14890009384468236,0.08789472754548842,0.031135889910220618,0.23679482139017077,-0.22443763865851585,0.5133958294374495
2024-09-20,0.4570613917451337,0.27336713314476824,0.15072554230457277,0.0876188489431232,0.031227083985723967,0.23834439124769596,-0.21871700049743775,0.5214712849353975
2024-09-21,0.4612395115376422,0.2733884508988845,0.14785644375030021,0.08637729509603892,0.031138298736791654,0.23423373884633913,-0.22700577269130306,0.5078353718341909
2024-09-22,0.4759960592367705,0.2696105687615376,0.14185694873193136,0.08429490547260915,0.02824151784509779,0.2261518542045405,-0.24984420503223,0.47511287082325987
2024-09-23,0.46895136598451903,0.2675674924463191,0.14756042103875538,0.0868829402055798,0.02903778023021083,0.23444336124433518,-0.23450800474018385,0.49993107654595165
2024-09-24,0.4676037869999333,0.2665510128278333,0.14885470154055258,0.08780278050105524,0.02918771822297872,0.23665748204160783,-0.2309463049583255,0.5061068550363164
2024-09-25,0.4640781289610563,0.2686465411569857,0.14889009131110134,0.08848587916964383,0.029899359423216094,0.23737597048074519,-0.22670215848031114,0.511500016198059
2024-09-26,0.4626711335736541,0.26967310830368085,0.14959765400510674,0.08797666435022372,0.030081439741878133,0.23757431835533047,-0.22509681521832361,0.5134842031754079
2024-09-27,0.4657160975197942,0.2687136201212932,0.1491405521304658,0.08663166918170644,0.029798060984926975,0.23577222131217224,-0.22994387620762197,0.5062574013820754
2024-09-28,0.4732188133129527,0.26691738608104904,0.14682472422637968,0.08366766827347097,0.029371408105330087,0.23049239249985065,-0.24272642081310203,0.48707360319468035
2024-09-29,0.47386458950970456,0.2660632131569698,0.14611112672633741,0.08410028977093177,0.029860780911619523,0.2302114164972692,-0.24365317301243536,0.48581688016710217
2024-09-30,0.48360177960069606,0.2616938077220263,0.14091662824330142,0.08433044791723006,0.029457336440342707,0.22524707616053147,-0.2583547034401646,0.4657697420934124
2024-10-01,0.5581133373777526,0.22179926537006794,0.11319719891401002,0.08531351040443143,0.0215766878053355,0.19851070931844145,-0.35960262805931115,0.3556817155653848
2024-10-02,0.5585477084937323,0.23409527384588974,0.105571476111841,0.08077611147722284,0.021009430004147643,0.18634758758906383,-0.3722001209046684,0.33362877468712226
2024-10-03,0.5292892015181303,0.25111318709094727,0.11804941987173637,0.07777664155962813,0.023771550034440286,0.1958260614313645,-0.3334631400867658,0.3699793248562179
2024-10-04,0.5064585487089784,0.2583468404731623,0.13024947771888132,0.0793014606140499,0.025643672409779113,0.20955093833293123,-0.2969076103760472,0.41375733288953437
2024-10-05,0.4950112978412169,0.2585301540676808,0.13789654021063857,0.08204927925636042,0.026512728675978363,0.219945819466999,-0.2750654783742179,0.44432484758671165
2024-10-06,0.4859065269219066,0.26114052926684045,0.14163201678725396,0.08347866259781185,0.02784226451555871,0.2251106793850658,-0.2607958475368408,0.46327980159287896
2024-10-07,0.47917819071091433,0.26443515746346896,0.14401128534008392,0.08356185181404038,0.028813514632124348,0.2275731371541243,-0.25160505355679,0.4749238207533907
2024-10-08,0.48055781306524664,0.2616534351335768,0.14563995833504464,0.08360646883543861,0.028542324692204253,0.22924642717048324,-0.25131138589476343,0.47704234732597683
2024-10-09,0.4825493066789255,0.2597074046193608,0.14553158180168774,0.08372725772746684,0.02848444927043847,0.22925883952915455,-0.25329046714977094,0.4750993035447397
2024-10-10,0.4784187596590116,0.26136309631813104,0.1474349991702676,0.0840576105481666,0.028725534289301906,0.2314926097184342,-0.2469261499405774,0.4838702601951235
2024-10-11,0.4816457032881713,0.2595300642199275,0.14642074011547337,0.08342352914772329,0.028979963218909815,0.22984426926319665,-0.2518014340249747,0.47720610335369185
2024-10-12,0.47846538201881084,0.2627438946786963,0.14634397404723973,0.08355614070411706,0.02889060860743811,0.22990011475135677,-0.24856526726745407,0.48049477222642256
2024-10-13,0.4882298831725173,0.2624700716393589,0.1404303664220077,0.08108448838071194,0.027785190292256526,0.22151485480271962,-0.26671502836979766,0.4537101526094968
2024-10-14,0.47848715684786436,0.26404397400107454,0.1445093904507679,0.08368375632506173,0.029275722353929362,0.2281931467758296,-0.2502940100720348,0.47690547909185355
2024-10-15,0.4733118291989325,0.2641549583170105,0.14742674358534713,0.08530445123723844,0.02980201757383066,0.2327311948225856,-0.24058063437634689,0.491707961781722
2024-10-16,0.4739647182931832,0.2616958616668291,0.14763068124907902,0.08680627906999949,0.029902459778599642,0.2344369603190785,-0.2395277579741047,0.4946295605363213
2024-10-17,0.4788920729902197,0.260211073215459,0.14689230728614056,0.08448637448741451,0.029518171993814176,0.23137868177355506,-0.24751339121666463,0.4831541276697651
2024-10-18,0.4704897251690273,0.26469097891402454,0.14906409382296354,0.08548074021359621,0.030274461921994567,0.23454483403655976,-0.23594489113246755,0.49851212787335064
2024-10-19,0.47751202947784627,0.2627956891256262,0.14611257918827653,0.08373159863722389,0.029848103609793477,0.22984417782550043,-0.24766785165234584,0.4813369373685356
2024-10-20,0.4962518429487066,0.25660314147331525,0.13879257861922803,0.08037873015243109,0.027973706797394714,0.21917130877165908,-0.27708053417704753,0.44165339007982884
2024-10-21,0.48260746410451305,0.259638974070452,0.14458459929794842,0.08372013558169962,0.029448826991483594,0.22830473487964806,-0.25430272922486497,0.47306507225965033
2024-10-22,0.4744245001359858,0.26210439786567563,0.1483568467374004,0.08513904851291594,0.029975206797831642,0.23349589525031636,-0.24092860488566945,0.4921666043456623
2024-10-23,0.4795913040170809,0.259654784889322,0.14746825385589296,0.08381881151710184,0.029466845785084062,0.2312870653729948,-0.2483042386440861,0.48225867198951
2024-10-24,0.47845260203191164,0.2599476997006878,0.14793137770001566,0.08400094948698805,0.029667371053308973,0.23193232718700374,-0.2465202748449079,0.4847550754286303
2024-10-25,0.4779445975225053,0.25995190055875017,0.14799995136729693,0.08451004809804989,0.029593502563577186,0.2325099994653468,-0.24543459805715848,0.4864789782552118
2024-10-26,0.48028902791811806,0.25999876822536694,0.14614355733733567,0.08401740983876366,0.02955123663058137,0.23016096717609935,-0.2501280607420187,0.4792134606400758
2024-10-27,0.49299522254238987,0.25665754099666577,0.13975290407353122,0.08260412298575644,0.027990209454236494,0.22235702705928767,-0.2706381954831022,0.4510328232241002
2024-10-28,0.48520856926229594,0.2562703662312904,0.1454990169184236,0.0838428487988407,0.029179198861602234,0.22934186571726428,-0.25586670354503166,0.47266656082754743
2024-10-29,0.4826609772155977,0.25618673935658576,0.1478017738715609,0.08387689934820508,0.029473610178034418,0.23167867321976596,-0.25098230399583177,0.4800029091978539
2024-10-30,0.48455236957764974,0.2547043125054381,0.14751262401415818,0.08363179652780718,0.029598897308570078,0.23114442054196535,-0.2534079490356844,0.47702670558279947
2024-10-31,0.4838702412701024,0.2531264941815734,0.14803242334418087,0.0855263918720974,0.02944444922085245,0.23355881521627825,-0.25031142605382417,0.482688942810812
2024-11-01,0.4946733344140067,0.2442327597115071,0.14543306376286125,0.08757504707576502,0.02808579514361429,0.2330081108386263,-0.26166522357538036,0.47103430613386355
2024-11-02,0.487954711894067,0.25600665082572976,0.1425091702419915,0.08475927792081714,0.028770189014338435,0.22726844816280864,-0.26068626373125836,0.46575725702213877
2024-11-03,0.5033803599181701,0.2523441092403028,0.13706526080536421,0.08006850080788724,0.02714176920993359,0.21713376161325146,-0.2862465983049186,0.4313512780843275
2024-11-04,0.49022138141123506,0.25481894875530353,0.14392003252645688,0.08228417421115314,0.02875546308922256,0.22620420673761005,-0.264017174673625,0.4614327634719235
2024-11-05,0.487659343327317,0.2536262708168153,0.14720762939574392,0.0823610858701062,0.02914567062793906,0.2295687152658501,-0.2580906280614669,0.4707563146427066
2024-11-06,0.4912515810860616,0.2523219638674358,0.14551206876098666,0.08207157716311295,0.02884280917265847,0.22758364592409963,-0.26366793516196196,0.46327310625841955
2024-11-07,0.4916160697024958,0.2516703667826947,0.14582928614628946,0.08193933125805374,0.028944946019567014,0.22776861740434318,-0.2638474522981526,0.4633058832722426
2024-11-08,0.4926796755854044,0.2505396783011454,0.1461248327430144,0.08193905907080448,0.028716754200964777,0.2280638918138189,-0.26461578377158546,0.462905013369655
2024-11-09,0.49856710537907634,0.24873462388375822,0.14347442506175373,0.08105932303426318,0.028164522583535218,0.22453374809601692,-0.27403335728305944,0.45035812766928696
2024-11-10,0.5063827222928428,0.2470540627170369,0.1390470325507848,0.08050720829633934,0.02700897414409335,0.21955424084712413,-0.2868284814457186,0.433573720392765
2024-11-11,0.49108573808726047,0.2516219982008729,0.1451596486372803,0.08315686799466557,0.028975747053994565,0.22831651663194585,-0.2627692214553146,0.46492190451553395
2024-11-12,0.489353482345916,0.2513206536751575,0.14699668206559374,0.08304952610012709,0.029279655757395124,0.2300462081657208,-0.2593072741801952,0.4701023216651085
2024-11-13,0.48962311308019085,0.2513010459300492,0.14696529797570593,0.08303121344031138,0.029079329585721327,0.2299965114160173,-0.25962660166417356,0.4697419408351098
2024-11-14,0.49187414513971606,0.248870402980495,0.14662347119556576,0.08348826635983356,0.02914371422638893,0.23011173755539932,-0.26176240758431674,0.4678264548546996
2024-11-15,0.4916784269581763,0.24775340652425912,0.14672876596612675,0.08451064445189573,0.029328756092323646,0.23123941041802246,-0.2604390165401539,0.47030619555267245
2024-11-16,0.502954800240124,0.24217354021512255,0.14323491617272122,0.08324847700466306,0.028388266465363306,0.22648339317738428,-0.27647140706273965,0.4503056598112894
2024-11-17,0.5182154100487011,0.24015359497290117,0.13558523990754687,0.07885513495326583,0.027190620055102834,0.2144403748608127,-0.3037750351878884,0.41380547683956354
2024-11-18,0.5063632667435858,0.24311370771179297,0.14224528894264765,0.07981433691762976,0.0284633995990987,0.22205962586027742,-0.2843036408833084,0.43853818087623014
2024-11-19,0.501765836732381,0.24356921494365824,0.14505853618068318,0.08084464945140701,0.028761762792937823,0.22590318563209022,-0.27586265110029073,0.45021635411295785
2024-11-20,0.5045391915840857,0.24197871018975073,0.14445660412373834,0.08055463949769633,0.028470854615234565,0.22501124362143468,-0.279527947962651,0.44597376650756115
2024-11-21,0.5029738053159675,0.2434058938167915,0.14471817148572716,0.0805767737320537,0.028325355794669285,0.22529494521778085,-0.27767886009818665,0.4479258021722441
2024-11-22,0.49927983112597357,0.24569438117792083,0.145368434947341,0.08082309939938156,0.028834253258267835,0.22619153434672257,-0.273088296779251,0.45303559295919577
2024-11-23,0.5066890383778639,0.24322679964614793,0.14288614198359056,0.07930699187372373,0.02789102819112019,0.22219313385731432,-0.2844959045205496,0.43851971727798367
2024-11-24,0.5184879796084666,0.2403104449564033,0.13695378053114818,0.07770348804480039,0.026544306919903976,0.21465726857594858,-0.303830711032518,0.41400625861769424
2024-11-25,0.5037201337336187,0.24385575006275323,0.14384823430753893,0.08073766077716832,0.027838221146834874,0.22458589508470725,-0.2791342386489114,0.44585451333869963
2024-11-26,0.499867928050849,0.24593440748377537,0.1451354992233796,0.08058850189261794,0.028473663285222155,0.22572400111599755,-0.27414392693485146,0.45156728097393717
2024-11-27,0.5021240144462024,0.24555381850275507,0.14463912900069079,0.07887368201119951,0.028809356058354003,0.2235128110118903,-0.27861120343431206,0.4451346770546412
2024-11-28,0.5016300880336949,0.2454450852209602,0.1445766224911314,0.07953062779985699,0.02881757655072629,0.22410725029098838,-0.27752283774270653,0.4467579908722199
2024-11-29,0.5015005500288421,0.24509255174850286,0.144438449277003,0.07998195923207391,0.02898648968037659,0.22442040850907694,-0.2770801415197651,0.44749783125097303
2024-11-30,0.5097408152191522,0.24152005266375134,0.14153049860511593,0.07900410284212876,0.028204530709130295,0.22053460144724465,-0.28920621377190747,0.43264065749263286
2024-12-01,0.5331151385901842,0.230535556108213,0.13230113435112625,0.07830733875564422,0.025740832082253313,0.21060847310677047,-0.3225066654834138,0.3950525090390825
2024-12-02,0.5019803736220296,0.24722644548067027,0.14066499744304573,0.08175116881645349,0.028377014644491338,0.22241616625949923,-0.2795642073625304,0.44307741486915053
2024-12-03,0.4934889917224591,0.24925480835847688,0.14620267530170306,0.08186190821217715,0.029191616388125466,0.2280645835138802,-0.2654244082085789,0.4621472562495274
2024-12-04,0.49103362927818606,0.25088367028117037,0.14678552138881054,0.0819235753054671,0.029373603727840283,0.22870909669427764,-0.2623245325839084,0.4657707396344268
2024-12-05,0.4927209806028985,0.24943775356796652,0.14713424647943427,0.08133141733651521,0.029375602099357245,0.22846566381594946,-0.264255316786949,0.46368162268307817
2024-12-06,0.49697527717845374,0.24814858454803862,0.14516131985937747,0.08061513823985596,0.02909968017175751,0.2257764580992334,-0.27119881907922033,0.4543011865319845
2024-12-07,0.5045377256663893,0.24490214817130954,0.14297628894614986,0.07908602965738631,0.02849780761297926,0.22206231860353617,-0.2824754070628531,0.440130256484266
2024-12-08,0.5196870546811948,0.24006533887015208,0.13664992522814035,0.07635244833828592,0.02724523280580947,0.2130023735664263,-0.30668468111476854,0.40986661423978304
2024-12-09,0.5057192560823985,0.24464667778683433,0.14194400870804663,0.07879008529530108,0.028899972204437532,0.22073409400334773,-0.2849851620790508,0.436475557037881
2024-12-10,0.5014775568049428,0.24528498369815507,0.14459966934205573,0.07962410945216168,0.029013680804588753,0.22422377879421743,-0.27725377801072537,0.44712624872548906
2024-12-11,0.4961439326571865,0.24759809790961876,0.14567477800233902,0.08131759791255222,0.029265593614606487,0.22699237591489127,-0.2691515567422952,0.45751315490082384
2024-12-12,0.5027188447626895,0.2462719720253686,0.1443462287123192,0.07747184851633634,0.029191106071129135,0.22181807722865554,-0.2809007675340339,0.4412368454844092
2024-12-13,0.5020920471169451,0.24525876465609128,0.14422310206792935,0.07915306640852271,0.029273019693865848,0.22337616847645206,-0.2787158786404931,0.4448908716222391
2024-12-14,0.5054982875335684,0.24480283210095963,0.14233467314522208,0.07823276336531151,0.029131443862308967,0.22056743651053362,-0.2849308510230348,0.43633666413931516
2024-12-15,0.5229417450075927,0.23785113617002443,0.1355454450452988,0.07605335342558324,0.027608320233368556,0.21159879847088203,-0.3113429465367107,0.4046316831482057
2024-12-16,0.5101180604821816,0.23980846044656812,0.1416925846421354,0.07936935131989525,0.029011543086140443,0.22106193596203066,-0.2890561245201509,0.433354458677811
2024-12-17,0.5020324126259013,0.24408655182794073,0.1446720587600297,0.07957812216108037,0.029630854666137494,0.22425018092111007,-0.2777822317047912,0.44668466672930585
2024-12-18,0.503692360184857,0.2449199355203182,0.14336258621898795,0.0784584441672999,0.02956667400661955,0.22182103038628784,-0.2818713297985691,0.4403899044743873
2024-12-19,0.5052271169919329,0.24463562541283335,0.14267841537832976,0.07785517591053821,0.029603666371500827,0.22053359128886796,-0.28469352570306494,0.436503868996385
2024-12-20,0.5058846078195733,0.24331733339369344,0.14324503468504074,0.0779298591055973,0.029623165015185197,0.22117489379063804,-0.2847097140289353,0.4372042366418891
2024-12-21,0.5140852778446602,0.23954367258833215,0.1387422991532909,0.07854010264346144,0.029088647820231385,0.21728240179675234,-0.29680287604790784,0.42265828484278833
2024-12-22,0.5214035131131108,0.2398214533418489,0.13450982634267675,0.07604633818724421,0.028218868909337745,0.21055616452992096,-0.31084734858318985,0.4038257496056493
2024-12-23,0.504903249099444,0.24545126924286173,0.14207711109706841,0.07818393712209172,0.029384433485932077,0.2202610482191601,-0.28464220088028386,0.4362440697540021
2024-12-24,0.5024103642661772,0.2461575749350724,0.14366163630595435,0.07864755634653897,0.029122868163027105,0.22230919265249333,-0.2801011716136839,0.44248528387187847
2024-12-25,0.50153909230352,0.24582002501584826,0.1440388167035436,0.07926023657200527,0.029341829421700466,0.2232990532755489,-0.2782400390279711,0.44522761376378095
2024-12-26,0.4988267526898147,0.24716206848104766,0.1445776615756326,0.07985134203960133,0.0295821752868101,0.2244290036152339,-0.2743977490745808,0.44991372737137564
2024-12-27,0.5017282886572528,0.24612799623410403,0.14383724464810546,0.07874662782496265,0.02955984271946984,0.22258387247306813,-0.27914441618418473,0.443634288727783
2024-12-28,0.5056129097592913,0.24455812804454768,0.14272183130140675,0.07794866860485772,0.029158462310113598,0.22067049990626447,-0.2849424098530268,0.4364415853450414
2024-12-29,0.5103688286405872,0.24485178832915436,0.1391503421664982,0.07683108686449587,0.02879795386265614,0.21598142903099407,-0.29438739960959315,0.4231869520838093
2024-12-30,0.5072302588347529,0.24561355983401462,0.1398279372805554,0.07787413814335613,0.029454105898373672,0.21770207542391154,-0.2895281834108414,0.4291977294967239
2024-12-31,0.5157570301894687,0.24202305463025128,0.1366783664785626,0.07679438199011174,0.028747166734560722,0.2134727484686743,-0.3022842817207944,0.4139017715187574
2025-01-01,0.5652469469535761,0.21871893418408425,0.11862474127279857,0.07435547432679585,0.023053903327125806,0.19298021559959444,-0.3722667313539817,0.3414086827707253
2025-01-02,0.5146806657807806,0.24458323825436964,0.13449091210904401,0.07861956288601332,0.027625620851692425,0.2131104749950573,-0.30157019078572334,0.4140634944422568
2025-01-03,0.4916741011552711,0.2524491141007862,0.145430804623402,0.08101907588883683,0.029426904301471237,0.22644988051223883,-0.2652242206430323,0.4605690638985391
2025-01-04,0.4993801834093496,0.24852733479317657,0.14376467502703363,0.0794774003891478,0.028850406377430464,0.2232420754161814,-0.2761381079931682,0.4470383143601565
2025-01-05,0.5086488951072835,0.2446989495954368,0.14014518062166179,0.07826476917275628,0.028242205579389466,0.21840994979441808,-0.2902389453128654,0.4293923606151771
2025-01-06,0.49830013677427865,0.2483138607015752,0.1436980596849288,0.08040514022404753,0.029282802518007172,0.2241031999089763,-0.27419693686530233,0.4497353770755459
2025-01-07,0.49896615306557873,0.2466602975289081,0.14471307438872297,0.08024835509523318,0.02941211984960764,0.22496142948395614,-0.2740047235816226,0.4508550892717359
2025-01-08,0.49634275055987886,0.24783249021438297,0.14501155555461623,0.08115349489432169,0.029659708700367386,0.22616505044893795,-0.2701777001109409,0.4556630477504141
2025-01-09,0.4976479896437638,0.247106899328658,0.14436111117717476,0.08129649769278148,0.029587502125107436,0.22565760886995623,-0.27199038077380755,0.4534482476890762
2025-01-10,0.4996622808079349,0.24608550648098756,0.1439243079108628,0.0807426883344005,0.02958521645651627,0.22466699624526332,-0.2749952845626716,0.44963769504871437
2025-01-11,0.5002896606920277,0.24625492943532562,0.1425514397016028,0.08180541140084249,0.02909855874371089,0.22435685110244527,-0.27593280958958244,0.4484539032689637
2025-01-12,0.5059847068192558,0.245527349850357,0.1377970958964492,0.08228339266966342,0.028407454796014215,0.22008048856611262,-0.28590421825314316,0.43495482294236254
2025-01-13,0.5003884867866453,0.24589852437753387,0.14076178393164496,0.0839377667980458,0.02901343806254673,0.22469955072969075,-0.27568893605695455,0.4490502013198751
2025-01-14,0.498150178725959,0.24572213239162233,0.14222065625249375,0.08513723793769369,0.028769794674254615,0.22735789419018745,-0.27079228453577153,0.45640432122631225
2025-01-15,0.49845117970638736,0.2428653712801145,0.14253685367156624,0.08814937329002667,0.027997222127266904,0.2306862269615929,-0.26776495274479445,0.46280606076101294
2025-01-16,0.5001402454602883,0.24153221460386767,0.14063325578412456,0.0900797465246928,0.027614537586636706,0.23071300230881736,-0.269427243151471,0.4612966151054049
2025-01-17,0.5098421055444005,0.2356626737222666,0.13692130425152507,0.09055864795912538,0.027015268561911752,0.22747995221065045,-0.28236215333375003,0.4461772571093384
2025-01-18,0.5152385060874219,0.23199656788803177,0.13423775703186028,0.09239475842022664,0.026132410494698173,0.22663251545208693,-0.288605990635335,0.43985942970969166
2025-01-19,0.5311334195358817,0.22377520882793517,0.12720139824470342,0.09368060970562118,0.02420936375058703,0.22088200795032464,-0.310251411585557,0.4158691579666314
2025-01-20,0.5388357895610771,0.2121141646133124,0.12703173512578897,0.09752184419464786,0.024496466621014772,0.22455357932043685,-0.3142822102406403,0.41673842693959295
2025-01-21,0.5465735697091473,0.2028517344524691,0.1253422055289166,0.101387061894733,0.023845428487970673,0.22672926742364957,-0.3198443022854977,0.4148193033634995
2025-01-22,0.5661127900421457,0.189084294214834,0.12039489083801276,0.1027424871286224,0.02166553773097061,0.22313737796663516,-0.3429754120755105,0.3941571041877064
2025-01-23,0.5794743818102444,0.17745692557004003,0.11688925032795096,0.10634628535878357,0.019833156813297094,0.22323553568673454,-0.3562388461235098,0.3852379720210576
2025-01-24,0.5976021064861441,0.16617330724625778,0.11033609187010862,0.10814955114342341,0.017738943033356217,0.21848564301353204,-0.3791164634726121,0.3656038702711598
2025-01-25,0.6033797985665461,0.15929012927664585,0.11227440507373482,0.1090440291816607,0.016011637724639406,0.22131843425539552,-0.38206136431115056,0.3667978854797316
2025-01-26,0.6341205914653012,0.145858784761788,0.10079658366178862,0.10480095720582443,0.014423082905745604,0.20559754086761306,-0.42852305059768814,0.3242246721440259
2025-01-27,0.6470327297304623,0.1367492445918316,0.09729081410652453,0.10574789775633087,0.013179313831843788,0.2030387118628554,-0.44399401786760695,0.313799754685418
2025-01-28,0.6592870851409449,0.13390187736817963,0.08721679810143894,0.10700594616940774,0.012588293068699965,0.19422274427084665,-0.4650643408700983,0.294595099234084
2025-01-29,0.6626026423604242,0.13065140640618036,0.08708347427677031,0.10796251127355562,0.011699965823418264,0.1950459855503259,-0.4675566568100983,0.29436342851803815
2025-01-30,0.6562918855975086,0.12954696534359847,0.09619492692073259,0.10635494774304667,0.011611274279381004,0.20254987466377927,-0.45374201093372935,0.3086277296867255
2025-01-31,0.653942718323604,0.1293964524579912,0.09913531410120796,0.10623360925830526,0.011291905624912542,0.2053689233595132,-0.4485737949640908,0.31404726684010004
2025-02-01,0.6465255196338672,0.1318155662575008,0.10201067854033669,0.10807073821522684,0.011577497278642714,0.21008141675556355,-0.4364441028783036,0.3249390942441598
2025-02-02,0.6395989050480583,0.13526356400461514,0.10454349065511573,0.1086369148777341,0.011957125322844354,0.2131804055328498,-0.4264184995152085,0.3333032684238755
2025-02-03,0.6344312761334725,0.1446227045347564,0.10418003456273339,0.1045259047992127,0.012240080002249841,0.2087059393619461,-0.4257253367715264,0.3289654013180117
2025-02-04,0.6261492809570562,0.15151190060063074,0.1064633320807722,0.10338323156608178,0.012492254636228686,0.20984656364685397,-0.4163027173102023,0.3351382330522009
2025-02-05,0.5999730490562925,0.16499388230902762,0.1143107840210295,0.1058179085178367,0.014904376283833745,0.2201286925388662,-0.37984435651742626,0.36689763462727243
2025-02-06,0.5759173880696055,0.18100777393369097,0.12062617445780964,0.10548780656894517,0.016960857075660522,0.2261139810267548,-0.3498034070428506,0.3926153050955055
2025-02-07,0.5489799302237541,0.19863058225364486,0.12767054241539502,0.10545355368204279,0.01926539134460032,0.2331240960974378,-0.31585583412631635,0.4246495787239813
2025-02-08,0.5374749875253076,0.20732877373226327,0.13048523194167017,0.10410705329920113,0.020603953360722613,0.2345922852408713,-0.30288270228443637,0.4364710743489719
2025-02-09,0.5381471937673902,0.21234105996825067,0.12866356786750974,0.0999579304365356,0.02089024811364752,0.22862149830404532,-0.30952569546334485,0.42483079156009707
2025-02-10,0.5207833117905634,0.22199637359107752,0.1346465639415355,0.09969750617551561,0.022876244473933546,0.2343440701170511,-0.28643924167351226,0.44998383168486433
2025-02-11,0.5194765104037643,0.22447472455632073,0.13482627188501117,0.09806938435856911,0.023153108872794346,0.23289565624358027,-0.28658085416018403,0.44832759822491614
2025-02-12,0.5332347683805575,0.21520906863805722,0.13030990473108314,0.09935181421050976,0.0218944441365914,0.2296617189415929,-0.30357304943896457,0.4306953195101647
2025-02-13,0.5138343963335934,0.23122468573048013,0.13517589659393087,0.09562104068787919,0.02414398057787501,0.23079693728181003,-0.28303745905178335,0.4491659938078011
2025-02-14,0.5069765717138824,0.23649855852647636,0.13835951612447125,0.0930234714669704,0.025141882207245763,0.23138298759144163,-0.27559358412244084,0.4563977913401984
2025-02-15,0.5097645432249569,0.23823342751214083,0.13686560473355416,0.0899755632801757,0.025160861310676845,0.22684116801372986,-0.282923375211227,0.44499204785536806
2025-02-16,0.5153469519731452,0.2400151999487629,0.13335708972364507,0.08655268132288875,0.024728077070445834,0.21990977104653384,-0.2954371809266113,0.4267217846240282
2025-02-17,0.49428758787521415,0.24756940185958143,0.1429068573797101,0.08829463775712092,0.02694151507878175,0.23120149513683103,-0.2630860927383831,0.4677469165889701
2025-02-18,0.4900315185494127,0.24873548015624267,0.14605568767897484,0.08756876122767485,0.027608552312469923,0.23362444890664968,-0.256407069642763,0.4767539230909532
2025-02-19,0.4897584535688189,0.24960789611596065,0.14666452211678618,0.08606585430398016,0.027903273782096758,0.23273037642076633,-0.2570280771480526,0.4751941997629327
2025-02-20,0.49207374282663785,0.24832994910819062,0.14685860327429506,0.08477406071293203,0.027963644107163916,0.2316326639872271,-0.26044107883941076,0.47072754310492326
2025-02-21,0.4931179839011962,0.24828913482498294,0.14672230839436814,0.08357664045954466,0.028293932439565603,0.2302989488539128,-0.26281903504728343,0.46702605942689923
2025-02-22,0.49244621731727967,0.2505479349116883,0.14597609241652906,0.0827488840761923,0.028280871343568506,0.2287249764927214,-0.2637212408245583,0.46446691729861633
2025-02-23,0.5036683328887503,0.2475534639359107,0.14091391210991258,0.08109728494371359,0.026767006148472886,0.22201119705362618,-0.2816571358351242,0.4407884763774969
2025-02-24,0.4902594696512914,0.25208479160587316,0.14643334503054767,0.08236264286394913,0.028859750935261864,0.22879598789449682,-0.26146348175679457,0.4666834646911224
2025-02-25,0.48149236130644835,0.2539623610151818,0.1510575881700819,0.08355552599577996,0.02993216342624552,0.23461311416586186,-0.24687924714058648,0.487262380506471
2025-02-26,0.48289493151265545,0.25320624807027886,0.15077261297682265,0.08321809116693764,0.029908116336401405,0.2339907041437603,-0.24890422736889514,0.48455821106009683
2025-02-27,0.4853996176821814,0.25210930857627156,0.14973374696785477,0.08301956955330486,0.029737757222143096,0.23275331652115966,-0.2526463011610217,0.4795086523400528
2025-02-28,0.48792968514597596,0.24843022145062016,0.1508819846142014,0.08336921592291406,0.029388892787048704,0.23425120053711548,-0.25367848460886044,0.48009212734624573
2025-03-01,0.5079381592942755,0.2377847725844429,0.1428492772727769,0.083399738424715,0.028028052398527036,0.2262490156974919,-0.28168914359678365,0.44542630152426455
2025-03-02,0.5178903177515041,0.2399127194479066,0.13587854584896056,0.07970115226934096,0.026617264660626427,0.21557969811830155,-0.3023106196332025,0.41626516412639664
2025-03-03,0.5010687719787499,0.24591613938871443,0.14317066283195898,0.08148020514900589,0.028364220712809474,0.22465086798096487,-0.276417903997785,0.4483433822742643
2025-03-04,0.4942225609944297,0.2468833008540912,0.1479458265356634,0.08173014140168239,0.029218170204874504,0.2296759679373458,-0.2645465930570839,0.46472173887653506
2025-03-05,0.4963353202217406,0.24686714972018697,0.1476132473099099,0.07989460785912239,0.029289674805089216,0.2275078551690323,-0.26882746505270827,0.4583753077806187
2025-03-06,0.5014182067055533,0.24455111487045844,0.14573891637672567,0.07908470638643991,0.029207055606550594,0.22482362276316556,-0.2765945839423877,0.4483754673375637
2025-03-07,0.5015336630337164,0.2449566114235969,0.1456131820364889,0.07871498669331067,0.02918155672997793,0.2243281687297996,-0.2772054943039168,0.4472843704505609
2025-03-08,0.5125464607929664,0.2408426535982708,0.14167903742823384,0.07667998239527699,0.028251865740954247,0.21835901982351083,-0.2941874409694556,0.4260277585093167
2025-03-09,0.5255613762176731,0.23636833506089316,0.13559097309043344,0.0754181243425357,0.027061191288250082,0.21100909743296917,-0.31455227878470393,0.40149277892440677
2025-03-10,0.5130644870749452,0.23961890452906787,0.14178868313644333,0.07686091221043657,0.028667013148755097,0.2186495953468799,-0.29441489172806534,0.4261639635076534
2025-03-11,0.5038032482767503,0.24146201959926614,0.1450170569456319,0.079958177374873,0.029759497883186617,0.2249752343205049,-0.27882801395624535,0.44655375901213135
2025-03-12,0.5055338140320867,0.24133929998773407,0.14374277048452147,0.08009309036889903,0.02929102499058867,0.22383586085342053,-0.2816979531786662,0.4427712937105597
2025-03-13,0.5043387587846837,0.2406822806596835,0.14507573343448593,0.08053461193222113,0.029368615224716843,0.22561034536670704,-0.27872841341797666,0.44733889957290873
2025-03-14,0.5047627691212919,0.24112602159327184,0.14446474315179025,0.08023626587276482,0.029410200196808567,0.22470100902455506,-0.2800617600967369,0.4451616140701546
2025-03-15,0.512807835207145,0.2372163519140992,0.1409850634688122,0.08037974108320596,0.028611008293057492,0.22136480455201815,-0.2914430306551269,0.43167204039033347
2025-03-16,0.5302134098876424,0.2308071819108485,0.13413817510495601,0.0778004202735556,0.027040812850595012,0.21193859537851162,-0.3182748145091308,0.3997231896179758
2025-03-17,0.506597456117431,0.24173473135161322,0.1428504986915903,0.07920968748666735,0.029607626429983196,0.22206018617825768,-0.28453726993917333,0.4383365599190522
2025-03-18,0.5024647714853755,0.2425357334359341,0.14569150467953212,0.07941107319777267,0.029896917188059032,0.2251025778773048,-0.2773621936080707,0.44799673659082895
2025-03-19,0.5050614992897647,0.24142810493843048,0.145070892886445,0.07917548493158517,0.029264018012290727,0.2242463778180302,-0.28081512147173454,0.4439981628640737
2025-03-20,0.505799943034845,0.24087368032209375,0.14557247923058422,0.07892102598028046,0.02883287158990766,0.2244935052108647,-0.2813064378239803,0.44383853399406004
2025-03-21,0.5092767481372757,0.2391858027762167,0.1440302479115493,0.0787092691542616,0.028797932061904702,0.2227395170658109,-0.28653723107146484,0.4373643954500185
2025-03-22,0.5148199799045834,0.2378970203124866,0.1415638186882261,0.07714718679836899,0.02857199424283437,0.2187110054865951,-0.2961089744179883,0.4248300649231425
2025-03-23,0.5250828973789512,0.23479445719152342,0.13725178967334714,0.07589668382363397,0.026974172006333143,0.21314847349698113,-0.31193442388197007,0.4059329956487848
2025-03-24,0.5120864083769642,0.23913912023752967,0.14220264524797466,0.07824315823922506,0.028328667776966195,0.22044580348719972,-0.29164060488976445,0.43048555845466235
2025-03-25,0.5049199267785832,0.24106494875369341,0.14488068065109944,0.08043922543808897,0.028695218306678604,0.22531990608918842,-0.2796000206893948,0.4462487894402222
2025-03-26,0.5031811439929108,0.2417780143819918,0.1457132883702569,0.08093938601256617,0.028388167222447747,0.22665267438282305,-0.27652846961008776,0.45043952280138766
2025-03-27,0.5032794152938578,0.24187450338251676,0.1452581390009613,0.08128880050840231,0.028299141831772463,0.2265469395093636,-0.27673247578449417,0.4501414773284261
2025-03-28,0.5080653459070021,0.2411913161238115,0.14352381998051936,0.07913494593476143,0.028084572040715603,0.22265876591528078,-0.28540657999172137,0.4382482838261457
2025-03-29,0.5124274570265598,0.24083106291034204,0.14175537990424542,0.07711964799731567,0.02786645219610763,0.21887502790156108,-0.2935524291249987,0.42713368477875396
2025-03-30,0.5202831494308066,0.23988809129915525,0.13707290155557958,0.07561970339991395,0.02713615435811805,0.2126926049554935,-0.3075905444753131,0.40880164039173805
2025-03-31,0.5103244494683542,0.2401257885242707,0.14305937929109513,0.07803921951589819,0.028451163126819168,0.2210985988069933,-0.28922585066136086,0.4332510406611508
2025-04-01,0.5108741630376595,0.23518515591123917,0.14579880693016972,0.07982663276616954,0.028315241299845983,0.22562543969633925,-0.2852487233413203,0.44164582204504055
2025-04-02,0.5086856896049723,0.23960411023241748,0.14387158229941877,0.07925818743512929,0.02858043038659037,0.22312976973454807,-0.2855559198704242,0.43863976182979103
2025-04-03,0.5105322996629023,0.2397977589443054,0.14219420439958066,0.07961966275514587,0.02785607417907668,0.2218138671547265,-0.28871843250817575,0.43447567823071587
2025-04-04,0.5776490074798671,0.21029086878592632,0.11355386134240486,0.0762027255391977,0.022303536806211787,0.18975658688160257,-0.38789242059826456,0.32849807482481685
2025-04-05,0.5487088346837415,0.2287381690388875,0.12197295778369431,0.07514706918541683,0.025432969289564258,0.19712002696911113,-0.3515888077146304,0.359243399247845
2025-04-06,0.5246613123498641,0.23500268079838132,0.13536232430318854,0.07687663102783451,0.028097051589790097,0.21223895533102305,-0.3124223570188411,0.4045256441349616
2025-04-07,0.5092260521430179,0.24017488721694813,0.14204483410591123,0.07891726414934223,0.029636962502668566,0.22096209825525345,-0.2882639538877644,0.4339175054484359
2025-04-08,0.5056508113861654,0.24099894544106537,0.1441998391074533,0.0794475279189722,0.029702876143541543,0.22364736702642551,-0.2820034443597399,0.4422960707080248
2025-04-09,0.5027742246737301,0.2419700619753434,0.14539272632209557,0.0798391961361764,0.03002379079490757,0.22523192245827198,-0.27754230221545817,0.4479782602308895
2025-04-10,0.5014541765423443,0.24272921450057866,0.1449083678519676,0.08113887684356509,0.029769364300249075,0.2260472446955327,-0.27540693184681153,0.4507834519480657
2025-04-11,0.5004716650192704,0.24322729941700924,0.14588246529281892,0.08098824461313398,0.0294303256798957,0.2268707099059529,-0.2736009551133175,0.45331379529192195
2025-04-12,0.5049299102223138,0.24340513388369786,0.1433664571472823,0.0806603865117759,0.02763811225164532,0.2240268436590582,-0.2809030665632556,0.4436790911443971
2025-04-13,0.5226405264536497,0.23724759441800977,0.13658702314468676,0.07702179189402239,0.026503064008584043,0.21360881503870915,-0.3090317114149405,0.4087107758140011
2025-04-14,0.5080726977289599,0.24304095422938865,0.1417760391426569,0.0790193821367169,0.02809092684631661,0.22079542127937382,-0.2872772764495861,0.43457446595006943
2025-04-15,0.5078041673881108,0.24003998620392897,0.1438831388072638,0.0803003540310756,0.027972353516476926,0.2241834928383394,-0.28362067454977147,0.44147627616257373
2025-04-16,0.512200144997895,0.23437375885329625,0.14378081392613337,0.08145868358762334,0.028186598610103523,0.22523949751375674,-0.2869606474841383,0.43974899209503815
2025-04-17,0.5031348376613268,0.241966363885295,0.1446256568957804,0.08160803026499279,0.02866511129801726,0.22623368716077322,-0.27690115050055364,0.44964822593552345
2025-04-18,0.5003353987336125,0.24434308585030814,0.14498101766989466,0.08171609579905376,0.028624402001325298,0.2266971134689484,-0.27363828526466416,0.4530902951155091
2025-04-19,0.5033244604131422,0.244452286609176,0.14284963958681884,0.08114504026193677,0.0282285730106582,0.2239946798487556,-0.27932978056438657,0.44503038788318533
2025-04-20,0.5223409682683154,0.2373058004180802,0.13587898905952445,0.07850550908462332,0.02596873321709471,0.21438449814414778,-0.30795647012416766,0.41043018098864315
2025-04-21,0.5051132452198684,0.24352047679068858,0.14144886095930848,0.08174050091619327,0.02817691613687965,0.22318936187550173,-0.2819238833443667,0.44186004621270747
2025-04-22,0.4947026024559725,0.24644654297234483,0.1464529860223274,0.08333769533465582,0.029060173256190758,0.22979068135698322,-0.26491192109898926,0.4645026733560273
2025-04-23,0.49787549946436954,0.24483598876120052,0.14574947106447736,0.08298070492890826,0.02855833572237078,0.22873017599338563,-0.2691453234709839,0.459412395748457
2025-04-24,0.4973522306096692,0.24504531781922145,0.1464177718891828,0.08254162625060568,0.028643053518368624,0.2289593981397885,-0.2683928324698807,0.46035663268087335
2025-04-25,0.5010484202946638,0.24377149896199235,0.14495490386893456,0.0817682760300973,0.028456900896322843,0.22672317989903185,-0.27432524039563194,0.45249754458001723
2025-04-26,0.5055986891524021,0.24353312263229449,0.14246158709313975,0.08020466766192014,0.02820193346148187,0.22266625475505986,-0.2829324343973423,0.44040117099263637
2025-04-27,0.5046393804176168,0.24161008613767615,0.14345994972806733,0.08208752597328141,0.02820305768563064,0.22554747570134873,-0.2790919047162681,0.44694782938797967
2025-04-28,0.49741676651736444,0.24474383836003538,0.14623636823784159,0.08283368165041292,0.028769345184025307,0.2290700498882545,-0.2683467166291099,0.46051935782558273
2025-04-29,0.4972621335470331,0.24548325856682474,0.14604909627904714,0.08220134827547614,0.029004163257424484,0.22825044455452329,-0.2690116889925098,0.45901432897450745
2025-04-30,0.5078946093846998,0.23957960918214652,0.1422161671921148,0.08216476910300165,0.028144845036950538,0.22438093629511646,-0.2835136730895833,0.4417864103085239
2025-05-01,0.5887272789857316,0.19499123029498583,0.11345531052285458,0.08278731804208693,0.020038862206571036,0.1962426285649415,-0.3924846504207901,0.33333367684784593
2025-05-02,0.5777067869657541,0.21124122162273823,0.10897155917381299,0.08054207710062405,0.021538355104147394,0.18951363627443701,-0.38819315069131705,0.32804467690228334
2025-05-03,0.5393258012094185,0.22895605868041616,0.1272193387390859,0.07923471150784829,0.02526408991848333,0.2064540502469342,-0.33287175096248434,0.38280024761279446
2025-05-04,0.5172349649690438,0.23734755602083926,0.13732447805939238,0.08104633394301207,0.027046666930756816,0.21837081200240446,-0.29886415296663926,0.42218880545995924
2025-05-05,0.5059745732510692,0.24091767772912448,0.14200681047388042,0.08216993769820052,0.028931000939111787,0.22417674817208097,-0.2817978250789882,0.44305931567205936
2025-05-06,0.49751130376913877,0.24281508624555692,0.1448341641642029,0.0835175289990937,0.03132191675953135,0.2283516931632966,-0.26915961060584215,0.45898794948638816
2025-05-07,0.4983041666146025,0.24226227281630597,0.14534497245989336,0.08254184983685905,0.03154673822183242,0.22788682229675242,-0.27041734431785003,0.45732473770985793
2025-05-08,0.4942466537225386,0.24160999793958526,0.14659879497285566,0.0830558456582281,0.034488707720175635,0.22965464063108373,-0.26459201309145486,0.4646559342413026
2025-05-09,0.49217232753721346,0.2450864014637447,0.14701356761012158,0.0842664713391653,0.031461231973509696,0.23128003894928686,-0.26089228858792657,0.4699167872899145
2025-05-10,0.4982810263102843,0.24514761593620277,0.14518767414867498,0.08275905322563412,0.028624630285055713,0.2279467273743091,-0.2703342989359752,0.4574661994702654
2025-05-11,0.5148901643133253,0.24024713433440126,0.13756543292331339,0.0800873113464525,0.027209957020302142,0.2176527442697659,-0.29723742004355946,0.4227168420667636
2025-05-12,0.5016637433777897,0.24279687122199975,0.14236019302354525,0.08155058294727148,0.031628609506961065,0.2239107759708167,-0.27775296740697303,0.44633637357004574
2025-05-13,0.49445655220171447,0.24446525259645988,0.1453572620619289,0.08238606986183669,0.03333486321230869,0.22774333192376559,-0.26671322027794886,0.4605932127093288
2025-05-14,0.4922036668830619,0.24488480227044757,0.1455583416505588,0.08309959081762766,0.03425359839960245,0.22865793246818644,-0.26354573441487544,0.46455958753048293
2025-05-15,0.492828553307212,0.2441507013896843,0.1448505093151302,0.08401471784761241,0.034155518229963315,0.22886522716274257,-0.2639633261444694,0.4643911673276691
2025-05-16,0.4958408592784462,0.24001318302068575,0.14448153641291778,0.08550801194687943,0.03415640924816595,0.22998954835979724,-0.26585131091864894,0.4638374269810699
2025-05-17,0.49580126191316337,0.24270288808258933,0.1441151941362479,0.0834195001671481,0.03396115563144418,0.227534694303396,-0.26826656760976736,0.45892318511937824
2025-05-18,0.5096794036122361,0.24041944430872716,0.13694925764490437,0.08080373582338474,0.03214815856040507,0.2177529934682891,-0.29192641014394693,0.4272352226223281
2025-05-19,0.49516384608104846,0.24503905260288747,0.14295173131902855,0.08365018400923427,0.03319518604077644,0.22660191532826285,-0.2685619307527856,0.4576301705419192
2025-05-20,0.4876174755443189,0.24595587908401406,0.14676841370577673,0.08518928526315596,0.03446894652900953,0.23195769896893267,-0.2556597765753862,0.47569603347378464
2025-05-21,0.4838961505389437,0.2465937101632858,0.14838573750162423,0.0856168253625138,0.03550757647690114,0.23400256286413806,-0.24989358767480563,0.48358012892542257
2025-05-22,0.4825579628271444,0.24836267969105016,0.14805291774411566,0.08553344258149041,0.035492997221006094,0.23358636032560606,-0.24897160250153835,0.48405865889581917
2025-05-23,0.48134045237253514,0.2495289478927408,0.1480035205603123,0.0856036855873724,0.03552339369580279,0.2336072061476847,-0.24773324622485043,0.48532635268079144
2025-05-24,0.49159573819458885,0.24529585586818275,0.1448861382674636,0.08356611418163892,0.034656153458014635,0.22845225244910253,-0.2631434857454863,0.4647156895381262
2025-05-25,0.5112653927205821,0.23771437471471932,0.137189087300399,0.08062419008084176,0.03320695528501193,0.21781327738124076,-0.29345211533934135,0.4260278135044446
2025-05-26,0.5023742427946871,0.23886735668994447,0.14277808674721462,0.08199081530278604,0.033989498522837044,0.2247689020500007,-0.27760534074468646,0.447413268641363
2025-05-27,0.494975360618578,0.2408073462879782,0.146711861543503,0.08328137451767913,0.03422405703166326,0.22999323606118213,-0.2649821245573959,0.4646559290825228
2025-05-28,0.49465173069000407,0.24064023910473872,0.14682893229679614,0.08400390730958485,0.033875190558326974,0.230832839606381,-0.26381889108362305,0.46665729701255787
2025-05-29,0.4952570782470975,0.23927558099602342,0.14729169725516467,0.08406918203000284,0.03410646158644475,0.23136087928516752,-0.26389619896193,0.46715309976798586
2025-05-30,0.49846926763126775,0.23754217181352688,0.14515627275877893,0.08468373524320238,0.034148552604015295,0.22984000800198134,-0.2686292596292864,0.461091631775383
2025-05-31,0.5659877693840062,0.20284824732267437,0.11678517566271877,0.08562781757578823,0.028750990057417432,0.202412993238507,-0.36357477614549916,0.35762785732773616
2025-06-01,0.5430157791837239,0.21980672556517641,0.12032235527671602,0.08648902905861743,0.030366110825908094,0.20681138433533347,-0.33620439484839043,0.3808570436870508
2025-06-02,0.49517887260439414,0.24480490095789803,0.1388981403908893,0.0867375215019546,0.03438056447777545,0.22563566189284387,-0.2695432107115503,0.4556649614433522
2025-06-03,0.4860729301275515,0.24552152137689573,0.1462437076874017,0.0873755795100158,0.034786261279455485,0.2336192871974175,-0.25245364293013395,0.48062599811125656
2025-06-04,0.4841919080743764,0.24572267478241677,0.14884832052634855,0.08654043237293561,0.03469666424270652,0.23538875289928415,-0.24880315517509224,0.4861476389298233
2025-06-05,0.480187700389648,0.24906231480362725,0.1491877674966531,0.08640304500433495,0.03515917226324087,0.23559081250098807,-0.2445968878886599,0.49062233853515624
2025-06-06,0.4712555784654995,0.25323172730840177,0.15196105295256893,0.08771998586572591,0.03583165538658269,0.23968103881829483,-0.23157453964720465,0.5086009583138374
2025-06-07,0.4730608174464702,0.25388441452127886,0.15078605474263007,0.08648094269767845,0.03578777053776174,0.23726699744030852,-0.2357938200061617,0.5015570698098597
2025-06-08,0.4763789484685915,0.2560485103175577,0.1456238134450471,0.08660766053163522,0.03534106731822789,0.23223147397668228,-0.24414747449190924,0.48749314956765705
2025-06-09,0.4654716263620359,0.25928647992636134,0.15008958973955744,0.08861259513186917,0.036539708891898316,0.2387021848714266,-0.22676944149060926,0.5128179062965443
2025-06-10,0.4608082268846453,0.2593480744656157,0.15354056638201677,0.08926829980708785,0.03703483251558795,0.24280886618910463,-0.21799936069554066,0.5269195557350309
2025-06-11,0.46109281987809453,0.2588951923422176,0.15328255120122466,0.08950992774875748,0.03721950887675002,0.24279247894998213,-0.2183003409281124,0.5265587935508789
2025-06-12,0.46494664305934996,0.2575453123249035,0.15206029014866754,0.08856039327695374,0.03688736122499919,0.2406206834256213,-0.22432595963372867,0.5175232190995867
2025-06-13,0.4657860612769349,0.25650638071881154,0.15216407971603546,0.08870585245573553,0.036837625910079254,0.240869932171771,-0.2249161291051639,0.5171256767783802
2025-06-14,0.47214197769415944,0.2549361783005185,0.14963315832919025,0.08742378296178889,0.035864902680301805,0.23705694129097912,-0.23508503640318032,0.5020882541491324
2025-06-15,0.4897750741159309,0.2485545712720089,0.14159865671340663,0.08590293197698318,0.03416876600718399,0.2275015886903898,-0.2622734854255411,0.4645021780682527
2025-06-16,0.47752003354217926,0.2486040531540149,0.14799702604407008,0.0898251739501869,0.03605371338909641,0.237822199994257,-0.23969783354792226,0.4980360682045609
2025-06-17,0.47308813742304473,0.2505737619986309,0.1521304546279121,0.08866214328107329,0.03554550266652514,0.24079259790898538,-0.23229553951405935,0.5089804179420037
2025-06-18,0.4703380414162686,0.2516297484548899,0.15343011410714472,0.08865436669346224,0.035947729312682926,0.24208448080060696,-0.22825356061566165,0.5147031698130328
2025-06-19,0.46737781370142095,0.2530926547458535,0.15494051943127765,0.0885404614086789,0.036048550667646576,0.24348098083995653,-0.22389683286146442,0.5209510886100845
2025-06-20,0.46726183988943387,0.25370223088983307,0.15443090359158837,0.08864704787825967,0.03595797775088498,0.24307795146984804,-0.22418388841958584,0.5202178537142398
2025-06-21,0.4685134872629051,0.25601917853608175,0.15354997295060424,0.08705479766435145,0.03486256369009631,0.2406047706149557,-0.2279087166479494,0.5135492940034424
2025-06-22,0.48045130235013167,0.25421204154728844,0.148192697164996,0.08580023456440179,0.03134372431873509,0.2339929317293978,-0.24645837062073386,0.48702736486469983
2025-06-23,0.46325520122860503,0.261433184248114,0.15445188029383142,0.08895525576688677,0.031904478528140295,0.24340713606071818,-0.21984806516788685,0.5254277456900106
2025-06-24,0.45840105578918144,0.2617185465074112,0.15696944944302482,0.09056959751288339,0.0323413507415943,0.2475390469559082,-0.21086200883327325,0.5400054031938167
2025-06-25,0.4618285594923238,0.26002734565062413,0.15618168101884136,0.08977816255697289,0.03218425124996001,0.24595984357581427,-0.21586871591650955,0.532578244719624
2025-06-26,0.4600275772084856,0.2608151458863278,0.15638426069257214,0.09039977789390911,0.03237323837958595,0.24678403858648124,-0.21324353862200435,0.5364548796922193
2025-06-27,0.46248900532952664,0.26043116471281114,0.15550688678797106,0.08928435464199232,0.03228858861933361,0.24479124142996336,-0.21769776389956327,0.5292909422907208
2025-06-28,0.46925506186485244,0.2596519214653839,0.15200899302111598,0.08751673511672779,0.031567288531919875,0.23952572813784379,-0.22972933372700866,0.510438240529472
2025-06-29,0.48761223586716185,0.25411651450853445,0.14414373944847042,0.08466712756721533,0.029460382653143616,0.22881086701568573,-0.2588013688514761,0.46924759098543156
2025-06-30,0.4701901653668993,0.2555923661598008,0.15415106538996248,0.0887899198222541,0.0312764832978062,0.24294098521221658,-0.2272491801546827,0.5166866580942726
2025-07-01,0.4692145187931147,0.25044710775485296,0.15545245558794532,0.09334355499918179,0.03154236281878491,0.2487960105871271,-0.2204185082059876,0.5302393694616808
2025-07-02,0.45867634565372667,0.2603585672621027,0.1557340339698573,0.0928957680072563,0.03233528515566834,0.2486298019771136,-0.21004654367661307,0.5420593504178964
2025-07-03,0.45574524577057873,0.2625737521319883,0.1578079390977898,0.09134354907976637,0.03252951388413227,0.24915148817755617,-0.20659375759302256,0.5466902627942685
2025-07-04,0.4548469522407395,0.26433632822318487,0.1572304309587388,0.09109604693469668,0.032490241690209115,0.24832647789343545,-0.20652047434730406,0.5459561214384091
2025-07-05,0.46485195413014035,0.2601150033264786,0.15341598379724977,0.08903015677381834,0.03258690192223582,0.24244614057106811,-0.22240581355907224,0.5215556015565177
2025-07-06,0.480124022195092,0.2539251384657479,0.1456106023144182,0.0860674318689439,0.034272805065596566,0.2316780341833621,-0.24844598801172987,0.4825378932804633
2025-07-07,0.46230658235655075,0.25739271370452727,0.15374990951227915,0.08930360791679284,0.03724718657701711,0.243053517429072,-0.21925306492747876,0.5257409838080537
2025-07-08,0.45919959267727123,0.2569858030478013,0.1565001859096541,0.08961448873414876,0.03769992961560802,0.24611467464380285,-0.21308491803346838,0.5359644881409423
2025-07-09,0.4543275005016384,0.258694405306786,0.15788165827650816,0.09147034345619452,0.03762609243278838,0.2493520017327027,-0.2049754987689357,0.5488375708214552
2025-07-10,0.4617197413782353,0.2532272525101798,0.1575900562785601,0.09119140129656723,0.03627154845630386,0.24878145757512732,-0.21293828380310797,0.5388148594914172
2025-07-11,0.4704845715219022,0.24890252345997985,0.1549519500505221,0.09042279478387258,0.03523816010852509,0.2453747448343947,-0.2251098266875075,0.5215362196483246
2025-07-12,0.47331784990916315,0.2498706612772909,0.1527548078319524,0.08880382108005616,0.03525285982491064,0.24155862891200855,-0.2317592209971546,0.5103518258573331
2025-07-13,0.48842039731548054,0.24748528794540495,0.14407179574310014,0.08577716526006146,0.03424535372151845,0.22984896100316163,-0.25857143631231894,0.470596564489295
2025-07-14,0.4699689715365327,0.2513848018415546,0.1530650674065049,0.08933036589654848,0.03625079335195415,0.2423954333030534,-0.2275735382334793,0.515769014517187
2025-07-15,0.4601081088322096,0.25303976316980464,0.1573437080944067,0.09197668476301671,0.03753173521784088,0.2493203928574234,-0.21078771597478618,0.5418735033603691
2025-07-16,0.4680971120134078,0.2478794564722664,0.15536734150955075,0.09144701562257537,0.03720907430628516,0.24681435713212613,-0.22128275488128168,0.5272716938383003
2025-07-17,0.4644558447061195,0.2525743572191357,0.1551118588318032,0.09053236137493514,0.037325577943632095,0.24564422020673835,-0.21881162449938116,0.5288860566759961
2025-07-18,0.461843691371616,0.2545709967639188,0.1564161314059587,0.08997638024246973,0.03719280024469328,0.24639251164842843,-0.21545117972318759,0.5334976232254566
2025-07-19,0.4733775959357292,0.25137595439310323,0.1509961963665805,0.0875360781113708,0.03671417513096877,0.23853227447795128,-0.23484532145777792,0.5038943045169737
2025-07-20,0.48490725900150283,0.2472187011669295,0.14608357948602857,0.0867681115725993,0.035022348709752245,0.23285169105862785,-0.252055567942875,0.4801984023462643
2025-07-21,0.47052453199738264,0.2519161744816766,0.15118808977016915,0.09076823013023223,0.035602973697639075,0.24195631990040134,-0.2285682120969813,0.514226790414718
2025-07-22,0.46829981361871914,0.25041198192871883,0.1539928891527876,0.09132803794554038,0.03596727732427215,0.245320927098328,-0.22297888652039113,0.5238544196775267
2025-07-23,0.4628031813813786,0.2540552660644547,0.15519969395416788,0.09097327202652629,0.03696858649778214,0.24617296598069416,-0.21663021540068444,0.5319171861479326
2025-07-24,0.46375017050961653,0.2541078230901711,0.15469158811179087,0.0900749918708609,0.0373754263920722,0.24476657998265175,-0.21898359052696478,0.527798361160012
2025-07-25,0.4610390088908067,0.25588181250089803,0.1547246237439988,0.09022811862331329,0.03812643619048936,0.24495274236731213,-0.21608626652349455,0.5313058930883812
2025-07-26,0.4714358426116291,0.2531539878548999,0.1507140757173917,0.08755006119567685,0.03714603250815809,0.23826413691306858,-0.2331717056985605,0.505400980106113
2025-07-27,0.48984173342544546,0.24735930007542212,0.14320794423706332,0.08526676530813042,0.034324256952274576,0.22847470954519375,-0.2613670238802517,0.46642556963752024
2025-07-28,0.47108683425861303,0.2519754316645205,0.15153178267345085,0.08870185567860844,0.036704095724411266,0.24023363835205927,-0.23085319590655376,0.5099561713078526
2025-07-29,0.4665984205642159,0.2518815779126127,0.15501376706207742,0.0893174467281098,0.037188787776608466,0.2443312137901872,-0.2222672067740287,0.5236434651766271
2025-07-30,0.46505942362250635,0.2532698771465164,0.1547076454686464,0.08950014226311932,0.03746291149571176,0.24420778773176574,-0.2208516358907406,0.5251109327697265
2025-07-31,0.4681041966711716,0.24978287233674892,0.15493849007849603,0.08946249272852201,0.03771194815758693,0.24440098280701802,-0.22370321386415357,0.5221080788102868
2025-08-01,0.4812264717854886,0.24014012169876547,0.1502757632574916,0.09126412470520785,0.03709351860841896,0.24153988796269946,-0.23968658382278915,0.5019256049371453
2025-08-02,0.4817827863756725,0.24609334594394533,0.1472495286713888,0.08833457467576056,0.03653976426720182,0.23558410334714935,-0.24619868302852316,0.4889840608864167
2025-08-03,0.4956006765420745,0.24517769437169093,0.1408103428260998,0.08425597101925328,0.03415531527059931,0.2250663138453531,-0.2705343626967214,0.4541283426320058
2025-08-04,0.4774725375458739,0.24942233630884786,0.14979790842514296,0.08744182844087561,0.03586538920119116,0.23723973686601857,-0.2402328006798553,0.496865721503879
2025-08-05,0.47671642995260644,0.24738259892543288,0.15203239896277873,0.08826366039969678,0.03560491180720242,0.2402960593624755,-0.23642037059013093,0.5040649834249785
2025-08-06,0.4739715388305626,0.2482959143306194,0.15338757141465914,0.08839764443734052,0.035947330984702916,0.24178521585199966,-0.23218632297856293,0.5101260224370436
2025-08-07,0.47220036793359454,0.25124777603976783,0.15329162743130678,0.08887143262861706,0.034388795969199026,0.24216306005992383,-0.23003730787367072,0.5128396259402728
2025-08-08,0.4696726271280584,0.2524703434809837,0.153257434516669,0.08861245582171541,0.03598713909534921,0.2418698903383844,-0.227802736789674,0.5149754879635289
2025-08-09,0.4795821308157525,0.250094789070178,0.14839026710052405,0.08568551374565644,0.0362472992487231,0.2340757808461805,-0.24550634996957202,0.48808278250072773
2025-08-10,0.4903423128930212,0.24863290534141685,0.14249691144682375,0.08352087793643821,0.035006992272518106,0.22601778938326197,-0.2643245235097592,0.4609387838666345
2025-08-11,0.4766850380958662,0.2515585826397467,0.14849025236598717,0.08652475645302153,0.03674137042821827,0.23501500881900872,-0.2416700292768575,0.4930194783494439
2025-08-12,0.46595868436347015,0.25457305152296544,0.15367528113219778,0.08826457112897872,0.03752841191233886,0.2419398522611765,-0.22401883210229365,0.5192302673608972
2025-08-13,0.47104275850628186,0.252811153270562,0.1516325577779783,0.08721587579655009,0.03729765468356856,0.2388484335745284,-0.23219432493175346,0.5070631683882326
2025-08-14,0.47177349541212116,0.25088077006765724,0.15226570234075087,0.08823199673202525,0.03684803547731093,0.24049769907277613,-0.23127579633934503,0.5097736549669617
2025-08-15,0.47490387924348426,0.24831951124944765,0.15203358352464183,0.087701276794795,0.037041749090292835,0.23973486031943683,-0.23516901892404743,0.5048071216039156
2025-08-16,0.48705219721281146,0.24223731562964648,0.14795484109155976,0.08637988701266434,0.036375758981066555,0.2343347281042241,-0.2527174691085874,0.48112857193791575
2025-08-17,0.49740907344535357,0.24138919761966618,0.14218809900952253,0.08411888435734459,0.03489474550459799,0.2263069833668671,-0.27110209007848646,0.45497156253972054
2025-08-18,0.4689002445416943,0.2535607916624856,0.15224353253765857,0.08816874522450283,0.037126686105019846,0.2404122777621614,-0.22848796677953292,0.5127151895541059
2025-08-19,0.4667329532363431,0.25425905327279924,0.15334931314512087,0.08842346483187649,0.03723521546845219,0.24177277797699737,-0.22496017525934575,0.5180109445894835
2025-08-20,0.4685512753352,0.25375226926914496,0.15253189040962747,0.08832764047793418,0.036836924422935124,0.24085953088756165,-0.22769174444763837,0.5140515959864831
2025-08-21,0.4796898918660923,0.2514861413261909,0.15126516088746736,0.08797538834353354,0.029583417540450244,0.23924054923100088,-0.2404493426350914,0.4987400261871393
2025-08-22,0.4797355056294555,0.25137467631877286,0.15105314830209915,0.08748955908044657,0.030347110678532456,0.23854270738254574,-0.24119279824690976,0.4972379667199253
2025-08-23,0.48428736435221437,0.25191070344553723,0.148363366602373,0.08534697137927152,0.030091594293795806,0.23371033798164453,-0.25057702637056983,0.4825860742707109
2025-08-24,0.4958587981108977,0.2505267976034336,0.1417834187021701,0.08364724053811275,0.02818374514764098,0.22543065924028283,-0.2704281388706149,0.4546267205485094
2025-08-25,0.4803047476220036,0.2524847149924339,0.15014886069531236,0.08665001439159303,0.03041166238018425,0.23679887508690536,-0.24350587253509823,0.4930179771474264
2025-08-26,0.4771276676911822,0.2523660929547114,0.15250888449378233,0.08730368542062804,0.030693669516943196,0.23981256991441038,-0.23731509777677182,0.5026171948377295
2025-08-27,0.4759060554353222,0.2533698343941425,0.15249301047279287,0.08748170809994064,0.03074939162306119,0.2399747185727335,-0.23593133686258871,0.5042480881089506
2025-08-28,0.4744354114807323,0.2534700170638092,0.1533863886930222,0.08766321503020798,0.031044967794005347,0.2410496037232302,-0.23338580775750212,0.5080767537374677
2025-08-29,0.47522077661103007,0.25375983798970353,0.15223840734619903,0.08792205137850527,0.030858926677783234,0.24016045872470432,-0.23506031788632575,0.5053660751900932
2025-08-30,0.485226334944108,0.2518511511246361,0.14739153994783888,0.08569215912231808,0.029838814865518152,0.23308369907015694,-0.252142635873951,0.48036077657863574
2025-08-31,0.5010679812411725,0.2457095328675329,0.1411173143217129,0.08405607972784807,0.02804909192536928,0.22517339404956094,-0.27589458719161153,0.44938691450967255
2025-09-01,0.492933628095507,0.24279102899196794,0.14604829749650539,0.08926172891878155,0.028965316566269817,0.23531002641528695,-0.25762360168022,0.4773665520131548
2025-09-02,0.48125063735763496,0.25119962389639866,0.1490498602771062,0.08907317903438101,0.029426699360656013,0.23812303931148723,-0.24312759804614772,0.4948004653436527
2025-09-03,0.4754475767438701,0.2538179496110739,0.15202237686605888,0.08889623640109857,0.029815860432036788,0.24091861326715744,-0.23452896347671268,0.5067196154770676
2025-09-04,0.4755168169423064,0.25352785326795896,0.15215000694758207,0.0886094257531261,0.030195897100767873,0.24075943270070815,-0.23475738424159825,0.5063110790673025
2025-09-05,0.4768906394276209,0.2524241724032299,0.15167342811952084,0.08870537731693012,0.03030638269505556,0.24037880543645096,-0.23651183399116993,0.5040543587203999
2025-09-06,0.4895633833326374,0.24748030645196314,0.1467258155567841,0.08732296258446366,0.028907532190687528,0.23404877814124775,-0.25551460519138963,0.4780765598684933
2025-09-07,0.5000220576195442,0.24746603850233634,0.14103287857540672,0.08448773083282268,0.02699129457710092,0.22552060940822943,-0.2745014482113148,0.45102132190300914
2025-09-08,0.4824702229620777,0.25104566506842835,0.14981276805314458,0.08748861624269408,0.029182727635605962,0.2373013842958387,-0.245168838666239,0.4918466943699666
2025-09-09,0.47993990909795087,0.25120402594108254,0.15191875898458249,0.08766477762692636,0.02927252840877108,0.23958353661150886,-0.240356372486442,0.4991948618355309
2025-09-10,0.4797116384908877,0.25147427709415454,0.15109994809927027,0.0879229542530605,0.029791182066150553,0.23902290235233076,-0.24068873613855696,0.4982637133930431
2025-09-11,0.47642928999295114,0.25251503600159125,0.15255698546024,0.08826791990993428,0.030230768667794776,0.24082490537017429,-0.23560438462277686,0.5054787991177816
2025-09-12,0.4749486131265799,0.2536196008580234,0.15264959481602838,0.08809686979877125,0.030685321318962087,0.24074646461479965,-0.23420214851178023,0.506889499118587
2025-09-13,0.4802011377244492,0.25347363314425897,0.1495171254497286,0.08656566341044127,0.030242440212348082,0.23608278886016987,-0.24411834886427936,0.49163313102277517
2025-09-14,0.4916459363751444,0.2513271338684023,0.1436470715100711,0.08464332206862141,0.028736536192754736,0.22829039357869255,-0.2633555427964519,0.46433902263457
2025-09-15,0.4780894879718875,0.25327874628024905,0.1502486545002308,0.08789205937801285,0.030491051755388476,0.23814071387824365,-0.23994877409364385,0.4981090776299327
2025-09-16,0.4770397114886394,0.25004253632138823,0.1525257294341307,0.08944780355316921,0.030944219161135274,0.2419735329872999,-0.23506617850133948,0.5072398107742493
2025-09-17,0.47118555523781025,0.254322079337514,0.1548583284090749,0.08884410573619995,0.030789931230778826,0.24370243414527484,-0.2274831210925354,0.5172111738915187
2025-09-18,0.47221743740333666,0.2547784529104069,0.15426556781730455,0.08793714922984622,0.030801392744549138,0.24220271704715077,-0.2300147203561859,0.5129050684341361
2025-09-19,0.4781744737503652,0.2519297039633559,0.15294338529557044,0.08698143081084173,0.029971006225002234,0.23992481610641217,-0.23824965764395303,0.5017516184514418
2025-09-20,0.4868367846632211,0.2485017197076255,0.14995204246459387,0.08581930633708605,0.02889014683032822,0.23577134880167994,-0.2510654358615412,0.4842923875704655
2025-09-21,0.4973760547358041,0.2469357958732062,0.1437879316166028,0.0841346141578042,0.027765603499601377,0.22792254577440701,-0.2694535089613971,0.4582499370531112
2025-09-22,0.4810564329990668,0.25165453720554964,0.15043307357417102,0.08679699946331786,0.030058956723181905,0.23723007303748886,-0.24382635996157795,0.4931439572661303
2025-09-23,0.47739089994403244,0.2513542678678266,0.15320900221165554,0.08795923596491309,0.0300865940518487,0.24116823817656863,-0.23622266176746382,0.5051797975303726
2025-09-24,0.4785880086263617,0.2502961974615022,0.15328174964871225,0.08829995535426449,0.029534088901957457,0.24158170500297674,-0.23700630362338496,0.5047801044918823
2025-09-25,0.4762246548351355,0.251503685016116,0.1537143786032983,0.0882419636053305,0.030315317967659256,0.2419563422086288,-0.2342683126265067,0.508071851702831
2025-09-26,0.4737524618949713,0.25349847850116697,0.15387973091441953,0.08789509196867018,0.03097423671405194,0.2417748228830897,-0.23197763901188156,0.5103399820151016
2025-09-27,0.47614686979077114,0.25519704145725236,0.1517554615569623,0.08646345514823706,0.03043717202862411,0.23821891670519935,-0.2379279530855718,0.5003055397799374
2025-09-28,0.47480835502337504,0.2543938209273406,0.15234043948221904,0.08778196518560341,0.03067541941191501,0.24012240466782248,-0.23468595035555256,0.5057248932698354
2025-09-29,0.4765508982668821,0.25387832988198805,0.1515254944209932,0.08747435590849104,0.03057092146010496,0.2389998503294842,-0.23755104793739787,0.5015200919748083
2025-09-30,0.4850831670822002,0.24926532227584533,0.14860308465282523,0.08721623573231752,0.02983219020862312,0.23581932038514278,-0.2492638466970574,0.4861420399384459
2025-10-01,0.5530631445509429,0.2165609773342699,0.12303812270942167,0.08471477213650197,0.022622983246107047,0.20775289484592363,-0.3453102497050192,0.37564046147860325
2025-10-02,0.5437043566732812,0.23351967061811207,0.11697909588747667,0.08252998998840308,0.023266886881117076,0.19950908587587973,-0.3441952707974015,0.36694406330785995
2025-10-03,0.521481412286385,0.24795817373921064,0.1256749724587865,0.0795491784168509,0.0253362631508357,0.20522415087563742,-0.3162572614107476,0.39354068244897145
2025-10-04,0.49961669196563885,0.254500911494254,0.136561765749605,0.08193619511800813,0.027384435740122122,0.2184979608676131,-0.28111873109802576,0.43733118685041916
2025-10-05,0.4985911589694697,0.25076323088916064,0.13941607022572094,0.0838282416532921,0.027401298219663524,0.22324431187901303,-0.27534684709045665,0.447750241581566
2025-10-06,0.5343406564385211,0.2266357824279666,0.12792950728068914,0.08737581640618748,0.023718237459436523,0.2153053236868766,-0.31903533275164453,0.40293644343278356
2025-10-07,0.49674096430277936,0.24959103879370653,0.13803296512796032,0.0875484312447263,0.028086600506153497,0.22558139637268662,-0.27115956793009277,0.45412279756172397
2025-10-08,0.4787659981038748,0.2575248057624221,0.14703852277346832,0.0868469276997732,0.02982374559447455,0.2338854504732415,-0.24488054763063333,0.48851725352161884
2025-10-09,0.47237185904423795,0.2570123183354398,0.1518213058689884,0.08830643056710659,0.030488086194326663,0.240127736436095,-0.23224412260814295,0.508344711562521
2025-10-10,0.4725286879113466,0.2559577832842728,0.15248356464057625,0.08839666551536039,0.03063329866982227,0.24088023015593663,-0.23164845775541,0.5097684782286263
2025-10-11,0.47572259435046693,0.25450476175952547,0.15173347300400944,0.08774418471220741,0.03029498614839538,0.23947765771621682,-0.2362449366342501,0.5033976955481593
2025-10-12,0.48690082600836576,0.25245266339788275,0.14605910140152617,0.08548066924520242,0.029106740012765815,0.2315397706467286,-0.25536105536163717,0.4755378472961358
2025-10-13,0.47545103184511583,0.25456681312110235,0.1513169351038354,0.0881505857802427,0.03051463412608088,0.23946752088407808,-0.23598351096103776,0.5036638998442381
2025-10-14,0.47422050849534575,0.2545079401688421,0.15253960047879678,0.08797439104374076,0.030757559848834496,0.24051399152253752,-0.23370651697280823,0.5071775412785592
2025-10-15,0.47770048896818734,0.25184415839562946,0.15194523735089632,0.08806072371864365,0.030449391568328845,0.24000596106953997,-0.23769452789864737,0.5024193330593876
2025-10-16,0.48161216682106944,0.2474198513928955,0.1521335636161332,0.08815343264449309,0.030680985480139637,0.2402869962606263,-0.24132517056044314,0.49892218846269043
2025-10-17,0.48065448833080165,0.25020410598457277,0.15118961694788827,0.08733875866060987,0.030613030130271005,0.23852837560849816,-0.2421261127223035,0.4962574601911038
2025-10-18,0.4828810160260504,0.2508887408250816,0.14977422471316085,0.08596429021902796,0.03049172818721828,0.2357385149321888,-0.24714250109386157,0.4881917224086342
2025-10-19,0.5018681822843895,0.24530096160502188,0.14231168087471396,0.08258477827167952,0.027934397053415407,0.22489645914639347,-0.276971723137996,0.4481185838933166
2025-10-20,0.4939003783996786,0.2442659912874632,0.1477730405611924,0.08511811842728878,0.02894247138149935,0.23289115898848117,-0.2610092194111974,0.4715346842678846
2025-10-21,0.4898800912344321,0.24284927979025364,0.15168402851000432,0.08651077681742037,0.02907582362234634,0.23819480532742468,-0.25168528590700745,0.4862308340132903
2025-10-22,0.49162572909625213,0.24135801392287548,0.15180437035301253,0.0861982151291722,0.029013671417614413,0.2380025854821847,-0.25362314361406746,0.4841133638788619
2025-10-23,0.48930024001417594,0.24276521153060562,0.15240367865608218,0.08639769193254017,0.02913317789979031,0.23880137058862236,-0.25049886942555355,0.4880467064183411
2025-10-24,0.49237712928706273,0.2424585422858075,0.1504227429847894,0.08608861595825217,0.028652969471298,0.23651135894304154,-0.2558657703440212,0.48034594800432356
2025-10-25,0.4964798844162245,0.24170681458705848,0.1486565913981289,0.08486554211185113,0.028291167421905,0.23352213350998002,-0.26295775090624446,0.47035567973627407
2025-10-26,0.5056369020228002,0.24022898055742722,0.14406849082052248,0.0829169556047353,0.027148671062626487,0.22698544642525778,-0.27865145559754245,0.44890996981668585
2025-10-27,0.49681961836724087,0.24085993482963122,0.14890534645097697,0.08475568344174349,0.028659416983953263,0.23366102989272045,-0.26315858847452045,0.47031361334044997
2025-10-28,0.49818099981078584,0.23833856569184625,0.15017577016946082,0.08462670609084953,0.028677958183431346,0.23480247626031034,-0.26337852355047553,0.4713196134527224
2025-10-29,0.49833924505414495,0.2380680409361005,0.15013803651385524,0.08511631912809585,0.028338358395365686,0.23525435564195107,-0.2630848894121939,0.47207671877495927
2025-10-30,0.49471364112716015,0.2392687553952652,0.15144090588254844,0.08599807907796378,0.028578618502369674,0.2374389849605122,-0.25727465616664796,0.47995237086959847
2025-10-31,0.49740331365938767,0.23724416534450427,0.15095159245168838,0.08610852404748336,0.028292404431882343,0.23706011649917175,-0.2603431971602159,0.4765953703748464
2025-11-01,0.5120291296820095,0.22964609115798204,0.14507873998414947,0.08574047757084952,0.02750556155680269,0.23081921755499898,-0.2812099121270105,0.450793136902869
2025-11-02,0.518030910206021,0.2353378801879495,0.138823203193947,0.08198395217509624,0.02582405435294602,0.22080715536904322,-0.29722375483697777,0.4262432048335266
2025-11-03,0.500985508703736,0.2398911006493844,0.14686242000967908,0.08446604023957337,0.027794930500110313,0.23132846024925247,-0.26965704845448357,0.4617468094991375
2025-11-04,0.49604326723826264,0.23951803903523533,0.1506122145997378,0.085449542462439,0.02837693675004685,0.23606175706217677,-0.25998151017608584,0.47588944887097945
2025-11-05,0.49604055272991243,0.23880249589994207,0.15107891006749868,0.08560810042596463,0.028469940834378607,0.23668701049346333,-0.25935354223644913,0.47715254164378024
2025-11-06,0.4983328412722515,0.2381076191922483,0.1507245951369318,0.08480514134990032,0.028029802975164185,0.23552973648683212,-0.2628031047854194,0.472635389402635
2025-11-07,0.4976787887479494,0.23896396651419086,0.15033983489142538,0.08512048091526392,0.027896928950967553,0.23546031580668927,-0.2622184729412601,0.473117040810712
2025-11-08,0.5043921896981478,0.23731919849953215,0.14713593570826355,0.08372050990967196,0.027432166068984448,0.23085644561793553,-0.2735357440802123,0.45769234800422065
2025-11-09,0.5177276538026382,0.2324949577833768,0.14235537047853092,0.08136009721604269,0.02606192076076276,0.22371546769457362,-0.29401218610806457,0.4321103306949405
2025-11-10,0.5054723574219137,0.23641778008033243,0.14745163368686942,0.08305406835582498,0.027604160509420772,0.23050570204269438,-0.27496665537921927,0.4560203909435411
2025-11-11,0.5075777245152849,0.23400555282684077,0.14792174624191928,0.08302397084589788,0.027471005620343863,0.2309457170878172,-0.27663200742746774,0.45499576898958777
2025-11-12,0.5076940880865264,0.23349570680799242,0.1486005130547677,0.08312012687167053,0.02708956513610756,0.23172063992643827,-0.2759734481600881,0.45641784169632893
2025-11-13,0.5057570705509088,0.23425025995589602,0.14938468840403435,0.0832181566380671,0.027389824311108712,0.23260284504210146,-0.2731542255088073,0.45991021892928335
2025-11-14,0.5099142692239488,0.23300598401038625,0.14799717791962616,0.08194883857020584,0.027133730210589426,0.22994601648983198,-0.2799682527341168,0.45095034669218526
2025-11-15,0.5120780770360769,0.2328521451554305,0.14647703033693837,0.08203120765766636,0.02656153978468073,0.2285082379946047,-0.28356983904147215,0.44623710375811665
2025-11-16,0.5342050002738561,0.22166886599748079,0.1387139007705441,0.08108630616587809,0.02432592672025651,0.21980020693642216,-0.31440479333743393,0.4114529194293264
2025-11-17,0.5126220355703333,0.23177502090604418,0.14576781503959257,0.08289466402642792,0.026940464364568553,0.22866247906602047,-0.2839595565043128,0.4460644747969429
2025-11-18,0.5058668084050497,0.2346040040524015,0.1492859512615127,0.08274821891204635,0.027495017448643553,0.23203417017355904,-0.2738326382314907,0.458686291170478
2025-11-19,0.5056062921197269,0.23490630029372891,0.149514481794418,0.0822460453849563,0.027726880486978103,0.2317605271793743,-0.27384576494035257,0.4583814141389161
2025-11-20,0.5088856808694252,0.23325359668424162,0.14845494259753897,0.0817339448856969,0.027671835001851684,0.23018888748323585,-0.27869679338618936,0.452339093310625
2025-11-21,0.5041444837809176,0.2358018806396726,0.1498872463566932,0.08222956188244064,0.027936827407518336,0.23211680823913386,-0.27202767554178375,0.4604172329692754
2025-11-22,0.5088032518532302,0.23430955321199678,0.14788573487488063,0.08146925058471907,0.02753220936116154,0.2293549854595997,-0.27944826639363046,0.45077342690757727
2025-11-23,0.5197651900066641,0.23174085510469533,0.1420509709634282,0.08038528360904128,0.02605770018700291,0.22243625457246946,-0.29732893543419464,0.42795527451466603
2025-11-24,0.5080015314382752,0.23472864439352856,0.14721159021335822,0.08240649452572057,0.02765173948297329,0.22961808473907883,-0.27838344669919635,0.4520027411905127
2025-11-25,0.5026463339822236,0.23667405435389616,0.15006403720963643,0.0822325725497305,0.02838300183422496,0.23229660975936695,-0.27034972422285664,0.46214722769187105
2025-11-26,0.5033130460689053,0.23702939017926614,0.15010677470104883,0.08097859892972926,0.02857219021394024,0.2310853736307781,-0.2722276724381272,0.45912851938898824
2025-11-27,0.5026059702669877,0.23676304987979085,0.14986660883516115,0.08196268961245279,0.028801681406610644,0.2318292984476139,-0.2707766718193738,0.4612545655286678
2025-11-28,0.5013965459394535,0.23758661149117613,0.14985618495887465,0.08208449834259865,0.029076159166470623,0.23194068330147327,-0.2694558626379802,0.4625893121519059
2025-11-29,0.5081192793466779,0.2354263435950501,0.14682915174101302,0.08124472051898526,0.028380504796630623,0.22807387225999826,-0.28004540708667963,0.448858922560954
2025-11-30,0.5241710155251235,0.2289643294423135,0.14187427866601882,0.07905219125412767,0.025938185131172433,0.2209264699201465,-0.30324454560497693,0.42147784478090344
2025-12-01,0.5164429341068278,0.22654517842562139,0.1456025966767087,0.08492015529496992,0.02648913552677868,0.23052275197167862,-0.28592018213514925,0.4463663586962626
2025-12-02,0.5012315487116493,0.2370458932109357,0.14810823255058578,0.08531744059820821,0.028296884983909327,0.23342567314879398,-0.26780587556285534,0.4657042713069127
2025-12-03,0.4931076964657925,0.24030138678724422,0.15285766328968023,0.08458309003459069,0.029150163346104735,0.23744075332427092,-0.2556669431415216,0.48151905765425923
2025-12-04,0.49717125388405414,0.23894943864496238,0.1517188885918254,0.08314283126753394,0.029017587666725585,0.23486171985935933,-0.2623095340246948,0.4723960165125148
2025-12-05,0.4975803002844186,0.23933167479701772,0.15149180548717758,0.0825797032628667,0.02901651619033352,0.2340715087500443,-0.2635087915343743,0.4704195656786417
2025-12-06,0.5034523740429915,0.23714143765045012,0.14877758624454682,0.08204636096955227,0.02858224099938313,0.2308239472140991,-0.2726284268288924,0.4584821904015657
2025-12-07,0.5140917105092371,0.23384206128794863,0.14392919001609544,0.08066280685861939,0.02747423130690435,0.22459199687471482,-0.28949971363452226,0.4368714614212387
2025-12-08,0.4977771407599582,0.2397783576173449,0.1499463739431379,0.08337685027376171,0.029121277303885598,0.2333232242168996,-0.2644539165430586,0.46873029135223876
2025-12-09,0.49441532798648286,0.2398542989936929,0.15266714834912523,0.0833447683566026,0.029718456354292027,0.2360119167057278,-0.25840341128075506,0.47735558213150764
2025-12-10,0.49351390751025215,0.2397380955396528,0.15354484981055855,0.08362769423604076,0.029575452837339807,0.2371725440465993,-0.2563413634636529,0.48057925103493127
2025-12-11,0.4934178507635421,0.24013824099575987,0.15324106881102634,0.0837670249064809,0.02943581448753924,0.23700809371750725,-0.25640975704603486,0.48033952024789495
2025-12-12,0.4960917140362257,0.23948162178627821,0.15203112531607782,0.0829309695686632,0.0294645693010233,0.234962094884741,-0.2611296191514847,0.4736263239977912
2025-12-13,0.502904947042717,0.23675847347567028,0.1498207212469441,0.08198883212638584,0.028527026028003565,0.23180955337332992,-0.2710953936693871,0.4609410878466461
2025-12-14,0.517951921649992,0.23473069212044814,0.14144312858330477,0.07928987346238775,0.026584384195611294,0.22073300204569252,-0.2972189196042995,0.4261650412310926
2025-12-15,0.5051873059530313,0.23542893164424697,0.14894279114270317,0.08191017769758738,0.028530793517596992,0.23085296884029058,-0.2743343371127407,0.45696510209176483
2025-12-16,0.5028142976139947,0.23192708732659723,0.15229399715674274,0.08410769743120407,0.02885692047332072,0.23640169458794685,-0.2664126030260478,0.4701570653613951
2025-12-17,0.4991066034619163,0.2343825265436185,0.15309098350277317,0.08388632090533713,0.029533565566788874,0.2369773044081103,-0.262129299053806,0.4748029834996814
2025-12-18,0.49585380253493644,0.23761112309839683,0.1530033782519368,0.08368887846160479,0.029842817603879135,0.23669225671354158,-0.25916154582139483,0.4773428286795581
2025-12-19,0.4948240310647443,0.2380684669522461,0.1534503245292386,0.08374478645325953,0.029912391128431297,0.23719511098249813,-0.2576289200822462,0.47935244873235106
2025-12-20,0.5007664370229149,0.23516593167941974,0.15139817067970396,0.08326136498466069,0.029408095705513365,0.23465953566436465,-0.26610690135855025,0.468600765377626
2025-12-21,0.5184217418982265,0.22826494643673267,0.1442721951893331,0.0815987479103222,0.027442368555756956,0.2258709430996553,-0.29255079879857127,0.43568956477908855
2025-12-22,0.5044989479623752,0.23445716387974977,0.14949847874458996,0.08229839801151691,0.029247011313180193,0.23179687675610686,-0.2727020712062683,0.4594595839938083
2025-12-23,0.49796311585342823,0.23622776056333747,0.15315505806976848,0.08319095984308969,0.029463105800390577,0.23634601791285814,-0.2616170979405701,0.47462555034382276
2025-12-24,0.4966343374172859,0.23742837675279793,0.15265377297070312,0.08360079910170932,0.02968271375951773,0.23625457207241246,-0.26037976534487345,0.47571131166853814
2025-12-25,0.4977247287716968,0.23816989452020632,0.1518673232508628,0.08292013643901451,0.029317916956941904,0.23478745968987733,-0.26293726908181947,0.4717215081301955
2025-12-26,0.49801029844653083,0.2378101590127853,0.15180131209425043,0.08255704673731974,0.029821183763451914,0.23435835883157016,-0.2636519396149607,0.47058938251400884
2025-12-27,0.5007205870459719,0.23673210357789357,0.15090817295061118,0.08203249716313009,0.02960663921093033,0.23294067011374128,-0.2677799169322306,0.46521089034502716
2025-12-28,0.5096589868399051,0.2347008290331675,0.1462666145034538,0.08091694764790162,0.028456621951835133,0.2271835621513554,-0.2824754246885497,0.44575602121721963
2025-12-29,0.4996363692738363,0.2379164480418871,0.15002486275745208,0.08279875163661536,0.029623568313387597,0.23282361439406746,-0.26681275487976885,0.4659861225323722
2025-12-30,0.5007262878913691,0.23815243901441355,0.1491301961734654,0.08242803683194387,0.029563040083439667,0.23155823300540926,-0.26916805488595985,0.46244472999517267
2025-12-31,0.5101819681229198,0.23573462822335237,0.14427063710228324,0.08132794769804869,0.02848481877494257,0.22559858480033193,-0.2845833833225879,0.4421923919231455
2026-01-01,0.575198893941755,0.20418050349618982,0.1190026266057523,0.08059729785985266,0.02102067804790662,0.19959992446560496,-0.3755989694761501,0.34701027169537035
2026-01-02,0.5313288127624892,0.2312508153198117,0.13164964731400286,0.08023826717795948,0.02553245740065409,0.21188791449196234,-0.3194408982705269,0.39878867737345713
2026-01-03,0.5067905725890027,0.2384070041217701,0.14574383687709544,0.08112013776745508,0.02793844864403772,0.22686397464455052,-0.2799265979444522,0.44764837176348343
2026-01-04,0.5028329448618397,0.2372054001186392,0.14863173246358327,0.08243840726008356,0.02889151523455839,0.23107013972366686,-0.27176280513817286,0.4595365957716962
2026-01-05,0.49720193485407144,0.23955625585653356,0.15079631368972965,0.08304131643439648,0.02940417910118451,0.23383763012412612,-0.2633643047299453,0.4703071603950161
2026-01-06,0.4933061952347947,0.2417527528532022,0.151860256779057,0.08311820906235627,0.029962586065547008,0.23497846584141327,-0.25832772939338144,0.4763339039956159
2026-01-07,0.49295545931044865,0.24129597978939932,0.15250501231454822,0.08316238082717126,0.030081167809828124,0.23566739314171947,-0.2572880661687292,0.47807035846884327
2026-01-08,0.4964516315429574,0.2400098524875839,0.15102422525056963,0.08271403137604569,0.029800259412127942,0.23373825662661532,-0.26271337491634206,0.47081778319503864
2026-01-09,0.4912063259957758,0.24304936001838962,0.15233589415120535,0.08333544193965663,0.03007297796541242,0.235671336090862,-0.2555349899049138,0.4797807430779885
2026-01-10,0.5000943772998049,0.24018202793327414,0.14876669233499162,0.081415085279404,0.02954181711478823,0.23018177761439565,-0.26991259968540926,0.4602766758891241
