date,全社会用电总计,第一产业,第二产业,第三产业,居民生活,制造业
2022-01-01,608171678.3,12208610.18,354908242.3,104536615.8,136518210.0,323832545.0
2022-01-02,641257538.6,12367538.81,394240569.4,101856735.0,132792695.4,358241767.1
2022-01-03,667482254.4,12367759.68,419255875.5,103144737.7,132713881.6,383195607.4
2022-01-04,679994298.7,12489790.84,434001529.6,107996292.6,125506685.6,395232353.8
2022-01-05,674744917.9,12343599.65,430380843.1,107631644.1,124388831.1,394823827.4
2022-01-06,674466091.8,12357297.58,427020652.6,108857224.4,126230917.2,390987909.8
2022-01-07,674547862.4,12374520.85,425819872.7,109322342.4,127031126.4,391364996.3
2022-01-08,661330642.0,12477040.94,415098259.1,103545318.5,130210023.5,387119482.8
2022-01-09,656657986.9,12509468.9,406012533.1,102094756.8,136041228.1,378043354.4
2022-01-10,663436259.8,12614009.68,413035959.5,108242897.4,129543393.2,382109202.2
2022-01-11,661087814.9,12605442.77,403453258.0,110618289.7,134410824.4,372177316.6
2022-01-12,658312152.6,12600388.48,396062138.8,112243255.7,137406369.5,363051426.3
2022-01-13,654959837.3,12593148.71,394039627.6,111834562.2,136492498.8,360673720.5
2022-01-14,657838398.6,12603780.7,392855633.8,112375387.8,140003596.4,358592568.7
2022-01-15,639691248.0,12621877.78,383128449.6,103873235.2,140067685.4,349420201.2
2022-01-16,619294107.8,12538326.98,362386798.3,103548342.0,140820640.5,333895503.7
2022-01-17,635335888.0,12467586.73,374480962.6,109293441.0,139093897.6,337193517.4
2022-01-18,622644568.1,12457626.29,359581694.1,109289248.9,141315998.9,329117956.8
2022-01-19,610197154.4,12498082.67,353432873.6,106930415.8,137335782.3,321123707.8
2022-01-20,602865473.8,12408348.24,345368977.2,107259709.2,137828439.1,314241503.7
2022-01-21,597053844.0,12214623.25,337396062.9,108237257.8,139205900.0,307179648.9
2022-01-22,581969512.6,12090709.27,324836478.4,102048395.2,142993929.9,296050971.6
2022-01-23,560525941.3,13182909.34,307554034.2,99498315.04,140290682.7,278980263.2
2022-01-24,555179122.4,13030207.74,299027323.3,104846043.6,138275547.8,270385348.7
2022-01-25,527708125.1,11932874.83,272959335.8,103960976.3,138854938.3,246743124.4
2022-01-26,509160708.9,11987099.31,257605927.4,101350405.1,138217277.2,229755104.1
2022-01-27,490730601.7,11999009.61,242709595.0,99170790.66,136851206.4,215347153.0
2022-01-28,475200999.3,11762379.24,224422654.0,98619946.42,140396019.6,197773353.4
2022-01-29,468300278.0,11705288.77,210819577.8,96565784.65,149209626.8,184805195.0
2022-01-30,461990317.9,11367182.72,199904300.8,90321471.29,160397363.1,175938027.5
2022-01-31,482881356.8,11118750.13,194349782.6,78018222.52,199394601.5,167203207.2
2022-02-01,438537156.5,10887056.84,188733687.1,75474656.82,163441755.8,163366579.3
2022-02-02,439860234.8,10866896.57,188712791.1,77783802.19,162496744.9,163418594.9
2022-02-03,452269709.9,11011152.72,193163877.3,83708923.01,164385756.9,168164172.6
2022-02-04,469546640.5,11175830.44,203644896.5,88371585.96,166354327.6,176061491.3
2022-02-05,474983967.5,11249699.99,205257642.1,96068692.95,162407932.5,178340224.9
2022-02-06,486059303.8,11287285.97,217736298.5,93223687.36,163812032.0,190581814.7
2022-02-07,516130610.3,11468851.24,239519109.4,99949072.57,165193577.1,210024459.9
2022-02-08,534194601.2,11541442.33,257524025.9,102564191.2,162564941.8,229558733.0
2022-02-09,547864238.8,11580105.14,274711833.7,103194261.2,158378038.9,245259600.9
2022-02-10,557883460.5,11660179.44,288269814.7,104347045.2,153606421.2,259101827.5
2022-02-11,563562091.8,11675497.63,300994400.4,103491547.8,147400646.0,272195866.0
2022-02-12,563257171.9,11720261.85,308281174.2,98578815.84,144676920.0,279024339.7
2022-02-13,572336118.7,11703374.31,313103361.3,98231351.83,149298031.3,282458240.2
2022-02-14,585729269.5,11580008.43,325681338.0,103803760.3,144664162.8,295450310.6
2022-02-15,581204546.0,11389397.15,320711909.5,101571831.9,147531407.4,289681589.6
2022-02-16,602824931.0,11553135.01,342854294.8,106339896.3,142077605.0,311988353.7
2022-02-17,631467390.2,11637451.51,365634703.7,110234850.2,143960384.8,334303425.3
2022-02-18,650087494.5,11672675.04,378530387.6,112184477.6,147699954.2,346685401.9
2022-02-19,657181219.6,11771689.29,382696751.4,107706726.3,155006052.5,350407327.8
2022-02-20,674639943.8,11818453.5,375342746.9,111991397.5,175487345.8,343966503.3
2022-02-21,704144691.5,11787235.65,392534728.8,124986509.0,174836218.1,359918427.8
2022-02-22,716931837.8,11958831.59,405726796.2,124742898.9,174503311.1,373217370.9
2022-02-23,722465094.6,12154581.11,411260230.0,124819728.1,174230555.4,380380508.6
2022-02-24,708454520.0,11946470.27,413781594.2,119767086.0,162959369.6,380627186.7
2022-02-25,701642614.0,11873042.62,419939515.3,117653826.4,152176229.6,386870799.1
2022-02-26,686792518.5,11858717.93,421872957.4,107346221.2,145714621.9,384903291.4
2022-02-27,666501294.7,11751574.3,410250948.7,103102788.4,141395983.3,376390054.5
2022-02-28,672661375.9,11772738.87,425384181.4,107695434.3,127809021.4,389919814.5
2022-03-01,659914102.6,11896833.54,416831040.5,107478961.3,123707267.3,382240545.2
2022-03-02,669671003.8,11814539.23,427395206.4,108492571.2,121968686.9,396720571.7
2022-03-03,675302904.8,11836886.97,434684021.5,107330878.4,121451118.0,404544442.0
2022-03-04,678740798.5,12014666.3,439274004.2,107608557.1,119843570.9,406812644.0
2022-03-05,677180974.3,11913848.36,441405442.5,102043343.8,121818339.6,406498953.0
2022-03-06,662354162.3,11757900.11,422062309.6,100338810.8,128195141.9,391981024.8
2022-03-07,680375275.8,11723294.16,436052390.8,108160134.5,124439456.4,409505778.5
2022-03-08,695031360.4,11914132.39,447700739.6,109664416.1,125752072.3,415969288.4
2022-03-09,695266269.9,13110582.14,450115564.2,107314138.5,124725985.1,416992799.5
2022-03-10,695347868.9,12284420.28,455651909.3,106345864.7,121065674.6,417672782.0
2022-03-11,698497104.5,13410378.25,459657336.6,106681535.5,118747854.2,419903496.7
2022-03-12,687996027.5,12505332.88,452953527.7,102161852.7,120375314.2,415421438.7
2022-03-13,675175030.5,12613143.69,440062817.7,101234566.8,121264502.4,403736894.0
2022-03-14,698165677.7,14721133.8,462446332.3,106046516.0,114951695.6,422559956.5
2022-03-15,681216879.6,12646256.5,449564503.6,104732291.1,114273828.4,418989462.5
2022-03-16,679662668.5,12660257.93,447384612.0,104983598.8,114634199.7,415580116.4
2022-03-17,698956998.1,12578233.26,468662051.4,103413508.8,114303204.6,424669529.7
2022-03-18,697130607.5,12371964.41,469907294.2,100734570.0,114116778.9,426386799.9
2022-03-19,679333099.8,12412502.82,457784588.4,92679183.85,116456824.7,417923433.4
2022-03-20,651043951.7,13271189.71,428509957.1,89599463.1,119663341.8,392144123.1
2022-03-21,656501208.1,12083285.12,435529669.5,92653127.67,116235125.8,399211096.1
2022-03-22,653587271.4,12145274.04,428946642.7,91752847.73,120742506.9,396638211.2
2022-03-23,656148999.4,11697067.49,428323313.8,91378706.2,124749912.0,391787862.1
2022-03-24,682841202.3,12828072.24,454228890.9,90457276.52,125326962.7,415032977.4
2022-03-25,676896597.8,12100810.42,449127986.4,90599755.92,125068045.1,409214888.8
2022-03-26,642211029.7,12347572.65,413404725.1,89197806.81,127260925.1,376790224.0
2022-03-27,620192130.4,11669143.65,394986825.3,87145275.91,126390885.5,360456117.6
2022-03-28,641491625.4,11703332.39,410704244.6,91896257.6,127187790.8,376572008.7
2022-03-29,645097898.8,11849664.69,416691570.9,91794971.44,124761691.9,381975097.3
2022-03-30,649185150.1,13054882.11,422111156.2,93559261.06,120459850.7,386759606.1
2022-03-31,631333665.1,12021488.47,406828295.9,92870791.34,119613089.4,368773982.6
2022-04-01,652333788.3,11654241.39,426305995.3,92813207.99,121560343.6,389990231.3
2022-04-02,673823017.7,11676923.37,441059477.9,94107178.74,126979437.7,402920426.4
2022-04-03,636701074.7,11838997.17,408734738.9,87765858.8,128361479.8,373727161.6
2022-04-04,622671921.3,11910165.6,394517465.2,89175831.85,127068458.7,360348670.4
2022-04-05,576348337.1,11781757.12,351470767.2,85477272.61,127618540.2,327709392.4
2022-04-06,625735757.0,12083841.05,402317733.8,92993674.15,118340508.0,367648231.2
2022-04-07,655288034.6,12287560.75,433051323.9,93193090.93,116756059.0,396319869.4
2022-04-08,661142948.8,12352193.15,439428273.0,94206400.6,115156082.0,399787429.3
2022-04-09,655180370.8,12387711.07,433961793.7,91834399.96,116996466.1,397699302.0
2022-04-10,647206438.3,12587365.93,423443549.3,93011035.95,118164487.1,383637236.0
2022-04-11,665277097.8,12854010.92,439303298.3,99714204.89,113405583.7,398592352.7
2022-04-12,666507849.9,13082503.7,436087450.3,103279192.8,114058703.1,404567538.8
2022-04-13,673123234.6,12711191.27,441861238.8,103827283.2,114723521.2,408649519.3
2022-04-14,674108206.2,12434053.32,444694576.4,103770106.5,113209470.0,406753479.3
2022-04-15,660166673.8,12308372.2,434790883.2,100984928.6,112082489.8,401804478.3
2022-04-16,655029367.2,11884716.86,431208271.5,94898618.39,117037760.4,395834089.0
2022-04-17,643686388.8,11846529.69,418832960.6,92377988.7,120628909.7,381768681.5
2022-04-18,664224849.6,11793878.03,437544680.8,98484224.73,116402066.0,404010273.2
2022-04-19,672122031.2,11831122.93,443940387.8,98701004.98,117649515.5,411554446.9
2022-04-20,672249480.0,11867616.49,443083202.2,99759742.01,117538919.2,409679874.5
2022-04-21,684077582.7,13211341.41,453243285.4,101998280.3,115624675.5,418130389.5
2022-04-22,688663782.5,12593979.77,454291906.3,107671297.8,114106598.6,420148297.3
2022-04-23,692455497.0,12727077.33,455317386.5,104975896.5,119435136.6,419332302.7
2022-04-24,695822037.7,13154902.91,450223154.8,114445177.3,117998802.8,415677970.7
2022-04-25,717677958.8,13506586.59,462303551.4,122307650.9,119560169.9,424921884.6
2022-04-26,732204414.4,13403149.0,466189921.2,128275906.5,124335437.7,432910854.9
2022-04-27,732546433.7,13344438.02,472478273.0,123701783.1,123021939.6,433083904.6
2022-04-28,707675844.1,13060021.55,460280710.1,117984962.2,116350150.3,428072925.7
2022-04-29,718671478.6,13087910.06,460713664.7,125861394.8,119008509.1,425936108.7
2022-04-30,659622443.1,12078920.51,425297630.1,105367509.3,116878383.3,391570291.5
2022-05-01,584701214.3,11591256.4,356897457.4,97562982.64,118649517.8,322312267.9
2022-05-02,604678202.3,11552770.57,376278119.3,97774308.76,119073003.7,342340625.1
2022-05-03,635455057.2,11987971.88,408155719.9,99448811.62,115862553.8,372926999.9
2022-05-04,662365182.3,12257402.9,431471910.3,102550677.5,116085191.5,398500294.4
2022-05-05,684629800.3,12535045.04,450093952.8,110031384.6,111969417.9,414928293.4
2022-05-06,695386205.0,12701537.37,458081387.1,112667386.9,111935893.7,422458853.0
2022-05-07,695112678.6,12719019.98,456140788.2,113581197.1,112671673.4,423047781.8
2022-05-08,675948255.1,12422886.08,441188121.0,106379723.5,115957524.6,407312978.8
2022-05-09,688993590.7,12270460.15,455186809.2,109821279.4,111715042.0,419530246.4
2022-05-10,694714112.2,12233741.72,458545001.7,110583755.4,113351613.4,422683983.6
2022-05-11,691570335.1,12453890.62,453764726.6,111978832.1,113372885.8,417337911.6
2022-05-12,685913543.7,12199847.62,449538676.4,109842547.5,114332472.2,415654630.9
2022-05-13,687132874.4,12159912.95,446723911.8,112868168.4,115380881.3,411488311.5
2022-05-14,668489280.4,11762731.81,436707881.9,102619600.6,117399066.0,401234454.6
2022-05-15,646851942.9,11455127.19,413594851.6,99072364.95,122729599.1,378059753.5
2022-05-16,655926352.4,11396822.39,423249453.8,104738371.7,116541704.5,390245648.3
2022-05-17,671777831.6,11798416.95,438831333.2,106107734.3,115040347.2,401270369.8
2022-05-18,678111312.0,11989354.83,446595782.1,107400671.7,112125503.4,409448767.9
2022-05-19,693448970.9,13255109.16,455893729.6,112500497.2,111799635.0,418839473.2
2022-05-20,692765925.3,12461173.78,452135005.9,116909230.6,111260515.0,415968159.8
2022-05-21,681284947.6,12195751.25,446467694.2,107306846.2,115314656.0,411909131.3
2022-05-22,662810351.6,12022139.5,428609434.3,103624282.3,118554495.5,393436063.3
2022-05-23,681246500.9,12180290.02,445157292.3,110943291.4,112965627.1,411017982.2
2022-05-24,686884379.3,12260393.65,448803083.3,111048676.9,114772225.5,415223949.3
2022-05-25,693739781.2,12552422.06,451076954.8,114729420.9,115380983.4,415337067.5
2022-05-26,692247079.2,12348993.54,448831411.4,115787087.3,115279587.0,414942869.1
2022-05-27,689140104.2,12229397.36,448604322.6,114006086.7,114300297.5,413068104.0
2022-05-28,692376789.2,12575858.44,447094697.9,113163516.5,119542716.3,410250307.7
2022-05-29,706006333.4,13270662.44,439033203.7,123012364.9,130690102.4,400484411.0
2022-05-30,750237228.7,13375641.12,458365279.3,144333544.6,134162763.6,421624979.0
2022-05-31,750361264.8,13233442.08,460902172.5,141192130.3,135033519.9,421990251.1
2022-06-01,749089976.6,14265390.67,447205773.0,148537621.2,139081191.7,410465774.0
2022-06-02,744198450.5,13344761.9,435504984.8,149655718.7,145692985.0,400664138.8
2022-06-03,644619108.2,13014639.94,344903953.3,129139543.3,157560971.6,316100935.4
2022-06-04,688740282.8,13280067.88,385643182.9,135062968.6,154754063.4,350265166.1
2022-06-05,742906900.0,13601006.99,421103489.1,142204515.3,165997888.7,384324367.9
2022-06-06,744366211.3,13315792.91,441264350.7,144354241.4,145431826.3,404460325.3
2022-06-07,704365091.9,12699500.42,438907180.8,127660278.6,125098132.1,403405382.7
2022-06-08,684904899.3,12227622.05,437006599.9,118592918.1,117077759.3,402853081.6
2022-06-09,674312559.2,12152722.94,429559900.2,116653852.7,115946083.4,396463786.7
2022-06-10,687483229.1,12482124.46,433217979.1,123868142.8,117914982.8,395863169.7
2022-06-11,681847816.3,12521591.67,426907077.3,118519754.2,123899393.2,390761618.1
2022-06-12,658002081.8,12090154.01,412354718.6,111260152.6,122297056.7,374624941.4
2022-06-13,688644652.9,12369633.75,427566819.4,125365713.9,123342485.9,392534533.8
2022-06-14,703150004.7,12389768.97,434076416.7,128976915.6,127706903.5,394979505.7
2022-06-15,695229463.5,12477396.36,429277927.6,129431956.0,124042183.5,390342434.0
2022-06-16,684755704.8,12275146.96,424975015.6,125781822.0,121723720.2,387939913.6
2022-06-17,700980305.9,12419077.5,432285033.9,131024968.5,125251226.1,393276564.6
2022-06-18,713435932.0,12714018.21,431993606.9,131533797.8,137194509.0,392805996.1
2022-06-19,713424656.1,13028415.5,416773557.3,134772842.5,148849840.8,376907276.7
2022-06-20,759007320.9,13247346.3,441754482.2,153454145.6,150551346.9,399840284.8
2022-06-21,771847997.7,13459144.23,450640661.9,154360714.0,153387477.6,407598283.7
2022-06-22,795746530.2,13892154.99,453044895.6,163900097.5,164909382.0,410507904.6
2022-06-23,825849969.0,14250223.93,459888643.8,172697801.5,179013299.8,415823182.3
2022-06-24,839267827.2,14383210.04,463839466.9,171519986.3,189525164.0,420873090.0
2022-06-25,823306748.2,14414150.88,451422814.0,158942207.2,198527576.1,410431717.7
2022-06-26,792897249.4,14307621.62,426313619.4,155026268.3,197249740.1,383906964.6
2022-06-27,839437813.6,14610009.84,456181687.6,173045849.3,195600266.9,412787292.9
2022-06-28,858375692.6,14800568.81,461196333.5,177720142.0,204658648.3,418554671.1
2022-06-29,864309560.1,14798185.19,463425417.4,177430261.0,208655696.4,417428004.5
2022-06-30,847048582.2,15732082.24,453852963.2,174480365.6,202983171.1,407939783.2
2022-07-01,817479099.6,14414420.4,437596322.9,171125478.2,194342878.1,395418414.6
2022-07-02,780083785.0,13987867.0,431661567.0,151424953.0,183009398.0,393325866.0
2022-07-03,743236384.0,13911234.0,409982397.0,144805195.0,174537558.0,376860328.0
2022-07-04,789321689.0,13976270.0,441834266.0,161804816.0,171706337.0,402552032.0
2022-07-05,786183433.0,13723873.0,448774456.0,156804957.0,166880147.0,412086075.0
2022-07-06,778113447.0,13568836.0,446898902.0,155719800.0,161925909.0,409052900.0
2022-07-07,803065911.0,14109597.0,452145029.0,162212800.0,174598485.0,415858552.0
2022-07-08,838898414.0,14709684.0,459298522.0,170314750.0,194575458.0,420505481.0
2022-07-09,849964972.0,15021416.0,455307899.0,162867577.0,216768080.0,415101679.0
2022-07-10,848235005.0,15319609.0,436771578.0,162211305.0,233932513.0,397482169.0
2022-07-11,892982393.0,15448544.0,462574665.0,180422102.0,234537082.0,422263266.0
2022-07-12,896918340.0,15484503.0,467840360.0,180343216.0,233250261.0,427158090.0
2022-07-13,896235484.0,15541123.0,467029402.0,180302371.0,233362588.0,426601874.0
2022-07-14,902620650.0,15623525.0,468057319.0,181310468.0,237629338.0,426445268.0
2022-07-15,889130287.0,15529301.0,457660868.0,180329763.0,235610355.0,417718616.0
2022-07-16,874528132.0,15686885.0,441289597.0,170448000.0,247103650.0,404249672.0
2022-07-17,864924191.0,15636475.0,428443223.0,167062157.0,253782336.0,389742910.0
2022-07-18,884665351.0,15422917.0,454463764.0,180115866.0,234662804.0,418707293.0
2022-07-19,872956350.0,15345216.0,455255943.0,177841814.0,224513377.0,423432201.0
2022-07-20,883903930.0,15736039.0,455883123.0,181295673.0,230989095.0,426728636.0
2022-07-21,910244095.0,16050770.0,463889142.0,185729255.0,244574928.0,430175457.0
2022-07-22,935133667.0,16298449.0,474070947.0,188732478.0,256031793.0,429062641.0
2022-07-23,926266498.0,16366930.0,464433973.0,177385142.0,268080453.0,418969750.0
2022-07-24,906446002.0,16387196.0,440597616.0,174241788.0,275219402.0,396877783.0
2022-07-25,935337760.0,16432311.0,465194555.0,189949689.0,263761205.0,420186647.0
2022-07-26,924003588.0,16267925.0,466542743.0,187115243.0,254077677.0,424440003.0
2022-07-27,918402219.0,16073471.0,471076816.0,185266456.0,245985476.0,424648235.0
2022-07-28,904094005.0,16071556.0,463552553.0,183732353.0,240737543.0,422074783.0
2022-07-29,893019848.0,15741178.0,463440456.0,181555797.0,232282417.0,419530197.0
2022-07-30,856602440.0,15632558.0,446389271.0,166834817.0,227745794.0,403539634.0
2022-07-31,864476523.0,15717303.0,447574262.0,165492352.0,235692606.0,376624014.0
2022-08-01,860446161.7,16655901.0,432359354.7,180301176.0,231129730.0,391869121.0
2022-08-02,854575739.7,15420474.0,450666790.7,173810004.0,214678471.0,409225461.0
2022-08-03,827427136.7,14960174.0,451178273.7,167426694.0,193861995.0,412805563.0
2022-08-04,828276277.7,14711167.0,452942274.7,168348093.0,192274743.0,413358997.0
2022-08-05,845004109.7,15111812.0,455494880.7,173304304.0,201093113.0,416037098.0
2022-08-06,860275863.7,15589654.0,455723302.7,166626991.0,222335916.0,412745182.0
2022-08-07,826363206.7,15205831.0,434131999.7,158218766.0,218806610.0,390538146.0
2022-08-08,858739467.7,15434688.0,458263480.7,174336962.0,210704337.0,414089687.0
2022-08-09,879506681.7,15623020.0,468225361.7,176892284.0,218766016.0,423683177.0
2022-08-10,884509629.7,15553377.0,469986541.7,176447414.0,222522297.0,426547865.0
2022-08-11,900234209.7,15753218.0,473021991.7,178718859.0,232740141.0,428236676.0
2022-08-12,908235130.7,15839893.0,471458429.7,178781608.0,242155200.0,425475570.0
2022-08-13,894317503.7,16103022.0,464428713.7,167404985.0,246380783.0,419148008.0
2022-08-14,880857385.7,16238679.0,452731750.7,163380004.0,248506952.0,405476699.0
2022-08-15,912631866.7,16386682.0,475016484.7,178733422.0,242495278.0,428261280.0
2022-08-16,919067964.7,16362556.0,476620302.7,180176693.0,245908413.0,427909886.0
2022-08-17,924303627.7,16253364.0,481534851.7,179946963.0,246568449.0,435255375.0
2022-08-18,918618951.7,16377621.0,484536407.7,177412030.0,240292893.0,433959650.0
2022-08-19,905234304.7,16144754.0,481490899.7,175075914.0,232522737.0,431777875.0
2022-08-20,879243159.7,16058318.0,465549816.7,164496459.0,233138566.0,420983096.0
2022-08-21,878721687.7,16266869.0,449328655.7,164445670.0,248680493.0,403835418.0
2022-08-22,941258478.0,16604711.0,480553504.0,185307670.0,258792593.0,430381297.0
2022-08-23,958370480.0,16720067.0,490527864.0,187779440.0,263343109.0,438398538.0
2022-08-24,929717297.0,16331567.0,481141047.0,183850251.0,248394432.0,434918363.0
2022-08-25,925557837.0,16068985.0,487223358.0,182489930.0,239775564.0,435914627.0
2022-08-26,930018992.0,16143551.0,483694432.0,185469555.0,244711454.0,433166811.0
2022-08-27,925506454.0,16461081.0,478789876.0,175325819.0,254929678.0,425955859.0
2022-08-28,861180167.0,15697874.0,454019194.0,163480144.0,227982955.0,404878265.0
2022-08-29,891259304.0,15972399.0,477614106.0,180276566.0,217396233.0,428740195.0
2022-08-30,915008939.0,16336920.0,486016585.0,184633129.0,228022305.0,434357355.0
2022-08-31,906042765.0,16207701.0,473380823.0,187183973.0,229270268.0,421588079.0
2022-09-01,835724241.0,15365943.0,445859012.0,177964751.0,196534535.0,401626154.0
2022-09-02,822802412.0,15358877.0,449051973.0,174363435.0,184028127.0,412680327.0
2022-09-03,841948221.0,15608085.0,456936331.0,164135638.0,205268167.0,415143183.0
2022-09-04,848066151.0,15580328.0,453733767.0,162172664.0,216579392.0,403294993.0
2022-09-05,875208704.0,15689506.0,476680022.0,181504481.0,201334695.0,427067332.0
2022-09-06,850647799.0,15202863.0,477670457.0,173947335.0,183827144.0,428842279.0
2022-09-07,803677725.0,14690237.0,467887027.0,163670917.0,157429544.0,424719707.0
2022-09-08,790035036.0,14743408.0,465482149.0,161293236.0,148516243.0,423028694.0
2022-09-09,788934216.0,14867972.0,455289362.0,164334759.0,154442123.0,413565767.0
2022-09-10,690582934.0,14530056.0,364107543.0,140179137.0,171766198.0,324172279.0
2022-09-11,717911498.0,14977115.0,387067805.0,144836929.0,171029649.0,354817583.0
2022-09-12,786337823.0,15140590.0,442282561.0,152812771.0,176101901.0,399494374.0
2022-09-13,821144013.0,15233184.0,463586841.0,172213491.0,170110497.0,418611191.0
2022-09-14,840509048.0,15321253.0,475173620.0,173690769.0,176323406.0,425116534.0
2022-09-15,839284292.0,15304266.0,472219299.0,173794133.0,177966594.0,424978041.0
2022-09-16,832842029.0,15410902.0,469588518.0,173288216.0,174554393.0,422123826.0
2022-09-17,820702373.0,15508185.0,459822929.0,159578150.0,185793109.0,418201600.0
2022-09-18,813452705.0,15583312.0,448606560.0,157224581.0,192038252.0,404287871.0
2022-09-19,842324891.0,15714545.0,471535457.0,177082683.0,177992206.0,425727073.0
2022-09-20,811981458.0,15083201.0,469577933.0,167712002.0,159608322.0,421775414.0
2022-09-21,770728725.0,14656503.0,454541721.0,159101857.0,142428644.0,417279886.0
2022-09-22,771250133.0,14784096.0,455044256.0,159998050.0,141423731.0,418871692.0
2022-09-23,768179176.0,14681590.0,462817017.0,155166017.0,135514552.0,418410172.0
2022-09-24,741569566.0,14431990.0,452689436.0,139887036.0,134561104.0,407676715.0
2022-09-25,721310032.0,14484892.0,433072915.0,137088334.0,136663891.0,395164147.0
2022-09-26,753006705.0,14678480.0,453108848.0,153434880.0,131784497.0,413985059.0
2022-09-27,774389806.0,14876804.0,459769266.0,160380770.0,139362966.0,417008855.0
2022-09-28,794442251.0,15156626.0,465966423.0,166326155.0,146993047.0,419486670.0
2022-09-29,801646601.0,15386122.0,462451176.0,169003374.0,154805929.0,417338437.0
2022-09-30,809906998.0,15602862.0,456830857.0,173603860.0,163869419.0,405156263.0
2022-10-01,696950460.0,15455858.0,345657299.0,153534282.0,182303021.0,306570544.0
2022-10-02,712174802.0,15680849.0,354809497.0,153563578.0,188120878.0,315862011.0
2022-10-03,759238178.0,15909836.0,393424878.0,157041210.0,192862254.0,346255554.0
2022-10-04,792931947.0,16081565.0,422543356.0,159323251.0,194983775.0,377376570.0
2022-10-05,756753461.0,15007406.0,432657254.0,146515214.0,162573587.0,389656454.0
2022-10-06,738689306.0,14376438.0,445434964.0,139905688.0,138972216.0,400320772.0
2022-10-07,730782556.0,14003033.0,443721362.0,138634968.0,134423193.0,406000428.0
2022-10-08,720598389.0,13649603.0,448921849.0,138813545.0,119213392.0,409038946.0
2022-10-09,713212413.0,13775376.0,439994611.0,139261215.0,120181211.0,401793428.0
2022-10-10,699848036.0,13199548.0,448340463.0,126811185.0,111496840.0,409772202.0
2022-10-11,690832394.0,12846621.0,451033786.0,119248667.0,107703320.0,408592242.0
2022-10-12,690817811.0,12889555.0,452252084.0,118939210.0,106736962.0,407196725.0
2022-10-13,691692716.0,13231677.0,447862211.0,123031876.0,107566952.0,406503905.0
2022-10-14,703307811.0,13366487.0,455425584.0,126370304.0,108145436.0,414080729.0
2022-10-15,697703631.0,13676609.0,445523567.0,123485157.0,115018298.0,407686337.0
2022-10-16,680955957.0,13673134.0,423423942.0,123630566.0,120228315.0,383162171.0
2022-10-17,695463674.0,13163890.0,446992822.0,124394260.0,110912702.0,404231196.0
2022-10-18,682972798.0,12483236.0,447501295.0,115116756.0,107871511.0,404927923.0
2022-10-19,679932088.0,12692873.0,444778656.0,114955731.0,107504828.0,404321648.0
2022-10-20,685592781.0,12980770.0,448292308.0,117046336.0,107273367.0,407668100.0
2022-10-21,687509301.0,13371117.0,445191749.0,121246592.0,107699843.0,407996603.0
2022-10-22,690312347.0,13633045.0,443438376.0,120308138.0,112932788.0,404474571.0
2022-10-23,670518293.0,13434954.0,426745219.0,116204399.0,114133721.0,386439789.0
2022-10-24,678821125.0,13209347.0,440351567.0,117021848.0,108238363.0,398118731.0
2022-10-25,677785935.0,13073225.0,442856546.0,113666664.0,108189500.0,401622399.0
2022-10-26,676498143.0,13239137.0,440841026.0,113983064.0,108434916.0,399673477.0
2022-10-27,681137353.0,13406656.0,442880629.0,116014785.0,108835283.0,401310450.0
2022-10-28,674779964.0,13499875.0,437441371.0,114594256.0,109244462.0,400274329.0
2022-10-29,670262043.0,13557808.0,435958227.0,108526243.0,112219765.0,393780335.0
2022-10-30,646111082.0,13404064.0,413072868.0,105709332.0,113924818.0,372506593.0
2022-10-31,652059037.0,13126326.0,419479796.0,109402895.0,110050020.0,380589824.0
2022-11-01,650246653.3,13443084.62,414272601.2,109428481.0,113102486.5,379502340.9
2022-11-02,659721222.0,13629922.45,420453033.1,111003863.3,114634403.1,385090014.3
2022-11-03,669758057.3,13888488.86,425905491.0,113062267.0,116901810.5,390003023.0
2022-11-04,668639318.9,13828413.19,425762599.9,112697958.5,116350347.3,389875406.5
2022-11-05,664231479.4,13656552.82,424402071.7,111279782.9,114893072.0,389000432.7
2022-11-06,651141092.0,13342970.66,416951174.6,108896046.5,111950900.1,382087403.7
2022-11-07,664050800.1,13737500.02,422920672.8,111902688.8,115489938.5,387262705.1
2022-11-08,669178499.8,13875132.27,426079046.0,112794295.1,116430026.5,390185886.7
2022-11-09,674921042.5,13455515.1,439006261.5,110639802.7,111819463.2,402408663.2
2022-11-10,681701744.7,13935959.02,437622227.9,113817713.8,116325844.1,400766838.1
2022-11-11,691099369.4,14120523.33,443806967.6,115333783.9,117838094.5,406439265.9
2022-11-12,689224735.9,14107000.64,442125212.4,115273951.1,117718571.8,404725115.0
2022-11-13,669022654.3,13987997.3,424126783.0,113397209.6,117510664.4,388356858.8
2022-11-14,683211945.4,13825355.31,440676788.5,113331829.6,115377972.0,403688009.5
2022-11-15,682782929.9,13853067.28,439387835.9,113571746.7,115970280.0,402516182.7
2022-11-16,674857846.4,13690523.1,434325910.8,112213427.3,114627985.3,397865529.6
2022-11-17,679355397.7,13815705.87,436935559.7,113078934.8,115525197.3,400292756.9
2022-11-18,682503582.0,13824457.61,439847428.0,113370367.8,115461328.5,402879294.6
2022-11-19,673528522.7,13625970.14,434314111.1,111800415.3,113788026.2,397825855.5
2022-11-20,652523389.6,13177135.1,421325071.3,108084654.8,109936528.3,385987613.4
2022-11-21,676998638.9,13533466.88,439737027.4,111278662.7,112449481.9,402926552.4
2022-11-22,674199951.5,13833445.76,431277932.8,113097496.2,115991076.7,394840717.6
2022-11-23,674546486.0,13804524.31,432196231.9,112866128.0,115679601.8,395769229.9
2022-11-24,663375061.0,13535957.8,425700727.3,110688562.5,113449813.4,389969546.4
2022-11-25,656510572.5,13754110.76,415020014.0,111604837.6,116131610.1,380042485.2
2022-11-26,653511537.6,13269258.08,420863782.7,108494193.7,110884303.1,385710120.5
2022-11-27,637215045.9,12901830.56,410594600.9,105725678.7,107992935.7,376278477.9
2022-11-28,658599623.7,13357653.17,424217829.5,109312210.7,111711930.4,388776896.5
2022-11-29,674399028.0,13718158.37,434221031.1,111928926.1,114530912.4,398106790.8
2022-11-30,654411047.7,13474615.39,417725511.0,109822424.2,113388497.1,382781585.1
2022-12-01,641138692.5,13230288.3,392742052.8,111133765.0,124032586.4,358845330.3
2022-12-02,653423618.7,13412043.02,398716024.2,112844023.3,128451528.2,363941543.8
2022-12-03,650732537.5,13708303.18,400153090.5,107078356.5,129792787.3,365692607.0
2022-12-04,646771912.8,13766616.4,395428544.6,105137282.0,132439469.8,356130910.6
2022-12-05,671741855.4,13675091.28,417309794.5,112021993.6,128734976.0,379226935.0
2022-12-06,680981634.2,13176193.19,425443964.3,111125065.0,131236411.8,388075686.4
2022-12-07,681263897.7,13227991.43,426164916.9,111295442.1,130575547.2,388922119.5
2022-12-08,675439567.4,13762965.13,421037553.8,112849438.3,127789610.1,384087014.1
2022-12-09,671382438.8,13797923.51,419131002.8,112975190.9,125478321.7,381480034.9
2022-12-10,669048163.0,13755181.34,419619552.3,107820424.0,127853005.3,379914165.1
2022-12-11,659768820.8,13763225.89,404572940.6,107065079.8,134367574.6,368550108.0
2022-12-12,681267048.0,13762502.6,424142012.9,113977091.2,129385441.3,385067078.9
2022-12-13,698081701.7,13805263.32,431929334.9,116627421.2,135719682.3,389751395.6
2022-12-14,709636204.5,13742555.21,430959125.7,120803225.1,144131298.5,390915269.9
2022-12-15,710473881.7,13763513.96,426853120.7,121202042.8,148655204.1,389108342.0
2022-12-16,697150187.7,13776678.26,416831572.1,118413458.2,148128479.1,377720545.1
2022-12-17,695557561.3,13795351.5,412975881.7,112466960.0,156319368.1,374656834.9
2022-12-18,696653102.7,13935061.2,402687719.4,112500729.7,167529592.4,362715320.1
2022-12-19,713260332.4,14087959.69,416153019.3,118020813.7,164998539.7,374032667.1
2022-12-20,706084053.8,14053918.3,416312698.9,114666007.9,161051428.7,375232758.0
2022-12-21,690620293.9,13937053.24,412916507.2,109156697.1,154610036.4,371250378.2
2022-12-22,679363380.9,13910780.46,402657258.4,106940263.0,155855079.1,363170200.7
2022-12-23,683286988.9,13938334.14,407855857.6,106175696.2,155317100.8,370460166.6
2022-12-24,671480733.2,13926075.66,396892307.4,101654578.0,159007772.2,361019154.7
2022-12-25,656472081.1,13891752.44,382022592.1,99027279.11,161530457.5,345030638.4
2022-12-26,660714957.9,13867608.24,384041119.5,101427680.7,161378549.4,346051892.1
2022-12-27,648320728.5,13776317.16,378355219.0,98957156.13,157232036.2,340997545.7
2022-12-28,634549930.4,13770589.67,366329881.3,98131188.24,156318271.2,329847100.2
2022-12-29,633264075.7,13814696.78,364209101.1,98578687.77,156661590.0,327478659.6
2022-12-30,634547403.8,14008254.1,364679439.6,99392314.04,156467396.0,327835897.4
2022-12-31,616799188.1,13841944.13,349745400.3,97591847.2,155619996.5,313795026.5
2023-01-01,582750632.5,13745993.28,311196560.5,100868525.7,156939553.1,263978839.5
2023-01-02,599934287.0,13699888.21,329529859.1,102872782.6,153831757.2,286625495.9
2023-01-03,615057913.3,13702368.26,340530831.6,107485256.3,153339457.2,300607859.8
2023-01-04,624709513.1,13696745.98,348346524.1,108427730.0,154238513.0,301156547.5
2023-01-05,615985752.0,13721484.78,343243186.1,107476579.6,151544501.5,298375021.1
2023-01-06,604966619.3,13718240.08,338099796.2,107029561.8,146119021.3,294766927.5
2023-01-07,601864981.8,13648964.36,336922796.8,104953854.8,146339365.8,292136899.9
2023-01-08,582902763.8,13654192.83,318997096.6,103935072.7,146316401.7,279484857.5
2023-01-09,582058737.4,13529812.1,318573671.3,107350365.6,142604888.4,281838847.7
2023-01-10,577908818.9,13483896.7,311011183.3,108070822.5,145342916.3,271660840.7
2023-01-11,565098180.7,13523100.45,300303832.3,106654122.8,144617125.1,259633299.5
2023-01-12,550276307.9,13572296.44,289441195.6,104883682.5,142379133.3,249560346.1
2023-01-13,537677037.3,13607643.32,279429866.0,104598172.8,140041355.2,246412436.0
2023-01-14,527171188.9,13698109.96,273036960.0,98042465.23,142393653.6,232043758.3
2023-01-15,516381786.4,13311260.32,257070844.7,97075023.09,148924658.3,215560863.8
2023-01-16,514153385.9,13290515.83,235969278.4,106294840.6,158598751.0,201621354.0
2023-01-17,510696585.8,13311186.98,228316368.5,105647477.7,163421552.6,191811769.9
2023-01-18,491966449.2,13239357.75,210843330.2,102722670.3,165161091.0,180450574.2
2023-01-19,472038702.7,13110359.4,198924804.3,97836414.79,162167124.3,170225501.2
2023-01-20,469735907.7,12721428.96,196604722.1,93602149.23,166807607.4,161934491.7
2023-01-21,484889184.7,12379617.14,187827978.7,85802150.18,198879438.6,154640962.1
2023-01-22,426354310.3,12169224.03,180189077.7,80862054.97,153133953.6,152591519.8
2023-01-23,421427167.3,12191570.42,175221840.0,83930209.54,150083547.2,154297853.0
2023-01-24,442401274.7,12369398.05,188535683.3,88814521.67,152681671.7,158626624.8
2023-01-25,470792332.2,12793952.53,194166603.5,94449936.54,169381839.7,166469522.2
2023-01-26,471330758.7,12990128.86,200520325.2,94418495.74,163401808.9,171818190.9
2023-01-27,491013977.3,13187566.66,219388077.4,96934473.56,161503859.7,179084289.9
2023-01-28,509758618.9,13426939.2,222135916.7,105402120.9,168793642.1,191042842.6
2023-01-29,528619702.7,13407735.2,241994998.2,101143368.7,172073600.6,206447842.2
2023-01-30,536930903.5,13403142.28,256098837.0,101254168.4,166174755.9,224030150.8
2023-01-31,556256263.8,13676221.66,273858776.5,108997880.7,159723385.0,238470721.1
2023-02-01,552556585.4,13520821.16,280846547.4,108974758.7,149214458.2,251964791.6
2023-02-02,574317973.7,13432112.31,307735235.4,108217733.7,144932892.2,271023492.3
2023-02-03,584635953.1,13383112.62,316258784.2,109940414.7,145053641.6,280642929.0
2023-02-04,595017716.3,13268473.41,324696397.0,106326262.3,150726583.6,288368202.3
2023-02-05,587138584.8,13000401.39,312811726.3,102093028.3,159233428.8,277507737.4
2023-02-06,605316509.6,13010465.5,334186967.6,109363337.3,148755739.2,298532627.4
2023-02-07,619934286.8,13084443.89,352981909.8,112511910.9,141356022.2,319234072.7
2023-02-08,635162695.8,13014742.72,367415480.3,114249327.2,140483145.6,330166190.4
2023-02-09,644490471.6,13189722.55,376263601.9,114718845.1,140318302.0,339096573.5
2023-02-10,648896051.7,13271748.03,379923345.0,115629782.8,140071176.0,347967095.6
2023-02-11,654139574.5,13339681.13,387981113.8,111088910.0,141729869.5,350477495.4
2023-02-12,643734481.5,13542649.56,378957111.2,108391582.4,142843138.4,344589414.6
2023-02-13,662060644.9,13630867.67,399289587.1,114379756.1,134760434.1,361810944.6
2023-02-14,670247327.6,13311090.56,400931650.3,119873599.5,136130987.3,370384074.2
2023-02-15,691031900.3,13487306.59,414527268.1,121113146.8,141904178.8,375248989.2
2023-02-16,696992833.7,13638046.93,418300666.0,121002519.6,144051601.2,379266595.1
2023-02-17,688378711.3,13722938.6,414073696.3,119769466.2,140812610.2,379195496.0
2023-02-18,685306353.2,13781223.02,420793118.7,112852861.0,137879150.4,384165985.7
2023-02-19,670867095.0,13646723.78,407566275.0,111517114.5,138136981.7,374528776.4
2023-02-20,689073583.8,13600514.0,425840304.2,115574557.7,134058207.9,385321619.4
2023-02-21,708035624.4,13649445.14,436520315.1,119441727.2,138424137.0,396985659.4
2023-02-22,716253174.8,13804222.14,440602862.2,121277341.1,140568749.3,400984751.8
2023-02-23,713607260.7,13896229.73,443371537.4,118921667.2,137417826.4,405478668.7
2023-02-24,710815690.2,13905727.57,443201665.4,118934439.4,134773857.9,407011196.6
2023-02-25,711237507.7,13940845.11,441902232.0,116771333.2,138623097.3,404094555.2
2023-02-26,711601532.0,14043102.67,436356822.3,113785886.8,147415720.2,394262097.5
2023-02-27,722926467.7,14108798.5,446460146.4,119851103.6,142506419.2,405138283.4
2023-02-28,719367451.7,14167733.55,447886173.2,120547909.2,136765635.8,408361630.2
2023-03-01,693903623.1,14030702.28,433309455.0,116542625.2,130020840.7,392368516.0
2023-03-02,714314583.8,13910794.81,450080868.7,120336752.9,129986167.4,406534400.1
2023-03-03,717654581.3,14047125.89,453819295.3,118240767.6,131547392.6,413606546.9
2023-03-04,705472461.0,14052569.62,447325256.5,111882783.5,132211851.4,410353770.7
2023-03-05,690722431.9,13853901.89,431735885.7,109636340.4,135496304.0,395260149.6
2023-03-06,704638328.8,13978053.02,447556463.2,115554274.4,127549538.2,412265310.1
2023-03-07,711554776.8,14083935.54,454794390.7,115743856.2,126932594.3,417919500.1
2023-03-08,710695857.5,14107860.45,456434988.7,116177356.7,123975651.7,417696401.0
2023-03-09,714236486.0,14156625.92,461587826.4,115653578.5,122838455.1,419501420.9
2023-03-10,709572099.8,14148763.86,458511840.0,116298194.0,120613302.0,417064754.0
2023-03-11,694244857.6,14113602.47,445347135.6,111455276.2,123328843.3,414143559.2
2023-03-12,679533804.9,14041612.18,429171642.4,109842450.9,126478099.4,398574940.3
2023-03-13,706219988.6,13975515.39,454929901.5,115036463.4,122278108.3,416373151.3
2023-03-14,703314447.6,14097371.21,450004279.3,115358562.9,123854234.2,420034365.5
2023-03-15,702928206.2,14088813.08,450724336.9,115521365.1,122593691.2,416959291.4
2023-03-16,706757400.3,14254093.26,455046927.0,115857790.8,121598589.3,414657160.3
2023-03-17,701456901.0,14136797.03,450223183.1,117014536.1,120082384.7,420039292.7
2023-03-18,710396894.3,13967600.07,459339306.0,112047417.2,125042571.0,418431638.5
2023-03-19,694232240.5,13960601.85,439736236.4,110177174.9,130358227.3,402258448.7
2023-03-20,705171276.5,14101532.51,453418808.8,115623241.3,122027693.9,416213605.7
2023-03-21,702520775.0,14251045.52,450424587.7,116882009.7,120963132.1,417926203.0
2023-03-22,709417988.1,14268130.33,454845641.6,120599098.4,119705117.8,422936622.9
2023-03-23,708176745.2,13938462.95,453587219.7,120423786.5,120227276.0,424153346.0
2023-03-24,707150856.3,13762632.67,454417539.0,118113512.2,120857172.4,420011401.3
2023-03-25,702719932.0,13582036.02,449375702.1,111715390.9,128046803.0,409549411.1
2023-03-26,687456315.1,13550165.14,428000058.9,110556716.7,135349374.4,390950533.5
2023-03-27,715875542.1,13749112.34,454844353.4,117315485.6,129966590.8,411224735.7
2023-03-28,720285640.5,13793365.82,457514648.8,117907972.1,131069653.7,416550973.5
2023-03-29,722668874.8,13871674.94,458267346.5,118168926.7,132360926.7,419826891.9
2023-03-30,722492738.3,13836085.47,459053009.2,118108738.4,131494905.2,415406836.3
2023-03-31,707532670.0,13796687.46,445601627.1,118148417.8,129985937.6,407822065.8
2023-04-01,679830905.7,13813819.23,423147616.6,111742056.8,131127413.0,396081386.5
2023-04-02,678187346.9,13771424.93,422960210.2,110309865.9,131145845.9,395215030.4
2023-04-03,697709594.7,13671023.15,445595054.0,115849290.0,122594227.5,409597860.1
2023-04-04,692172549.3,13751847.8,437474834.5,116350588.1,124595278.9,404309263.8
2023-04-05,637008558.3,13577529.88,383643121.5,107541686.0,132246220.9,343657511.4
2023-04-06,686217102.2,13576060.4,431025158.7,116306376.3,125309506.8,388988134.6
2023-04-07,705447832.4,13378550.75,450280175.3,117303495.1,124485611.2,408661346.3
2023-04-08,701668430.4,13395102.99,450242538.7,111606940.7,126423847.9,408098763.7
2023-04-09,698215106.7,13450510.49,446603420.2,109840586.6,128320589.4,398691628.3
2023-04-10,704946896.1,13673171.4,455335324.8,115874344.7,120064055.2,415902530.5
2023-04-11,718923135.8,13971143.11,467575581.8,118562028.0,118814382.9,424759814.5
2023-04-12,705186929.5,14018488.81,455186468.9,118464358.3,117517613.5,424172831.3
2023-04-13,716131769.0,13983987.52,466610426.4,118329217.6,117208137.5,424291536.6
2023-04-14,724681369.8,14176174.87,469870159.3,123187776.6,117447259.1,426431466.7
2023-04-15,722394680.6,14390748.64,464981494.2,122775915.6,120246522.2,419934326.2
2023-04-16,694136358.9,14377453.52,434962495.5,121410168.7,123386241.1,399610124.5
2023-04-17,736016447.3,14658536.58,468667148.5,133218196.9,119472565.4,426481299.0
2023-04-18,741556374.2,13948414.7,476015806.0,131124115.9,120468037.7,432861728.1
2023-04-19,723701288.3,13700015.69,461127717.8,128974761.5,119898793.4,420323515.0
2023-04-20,726902491.7,13771918.08,469600960.9,126811726.6,116717886.1,426133327.4
2023-04-21,718250744.4,13740201.95,464849844.4,123940279.2,115720418.9,421731620.7
2023-04-22,711365972.9,13628119.14,461772677.5,116297894.1,119667282.1,416005244.2
2023-04-23,704189714.3,13628046.7,454792066.9,119651701.5,116117899.2,414830712.4
2023-04-24,710031693.5,13625966.35,461392545.5,119829572.9,115183608.7,427735395.8
2023-04-25,720387489.3,13455456.56,471827313.2,118598648.6,116506071.0,428730350.2
2023-04-26,707951640.5,13616676.35,458301434.8,118493206.9,117540322.5,422075702.7
2023-04-27,711808394.2,13959220.97,461300413.1,120568723.6,115980036.5,425117912.1
2023-04-28,719366558.8,14328985.7,464060789.5,124407885.1,116568898.4,428557358.0
2023-04-29,702654351.1,14352235.74,443221183.3,123353267.1,121727665.0,412196117.7
2023-04-30,672523786.3,13791938.3,425221507.5,114564646.4,118945694.1,373076350.7
2023-05-01,585761450.0,13911412.53,341438035.6,114009853.8,116402148.1,311663104.7
2023-05-02,619806681.0,14061470.67,372613289.1,115834134.9,117297786.3,341301575.9
2023-05-03,688488005.9,14678242.02,426409423.2,124484052.1,122916288.6,393005881.1
2023-05-04,740975546.1,15221448.82,459433504.1,142170046.1,124150547.1,424122434.9
2023-05-05,765669690.6,15211295.22,471205882.2,148860236.4,130392276.9,434585429.1
2023-05-06,758101569.7,14913726.69,465902329.9,145908451.5,131377061.6,430514385.2
2023-05-07,715158771.1,14415131.15,444255657.1,127630654.8,128857328.0,411027157.4
2023-05-08,703574938.8,13772869.77,449048983.1,124731191.2,116021894.8,415647485.4
2023-05-09,705329990.1,13972393.95,452862738.1,123437823.6,115057034.5,419210062.0
2023-05-10,705822298.8,14176065.94,453589100.6,123613033.2,114444099.1,419490869.5
2023-05-11,713683915.6,14017874.82,460657844.7,124312168.9,114696027.3,426471630.0
2023-05-12,718336740.6,14121056.12,463234112.4,125904847.2,115076724.9,428881847.3
2023-05-13,717001432.3,14433594.16,460718776.1,123006687.2,118842374.9,425820111.0
2023-05-14,694917349.2,14425469.35,438928307.2,121299754.3,120263818.3,405118084.0
2023-05-15,720309770.9,14744023.32,454693071.9,133762231.9,117110443.8,419428488.5
2023-05-16,726518971.6,14724455.45,455904933.4,136566674.8,119322908.0,420846869.0
2023-05-17,744525543.2,14858788.91,465068374.0,141323542.4,123274837.9,430203723.9
2023-05-18,781145155.6,15267397.0,478185526.1,155300888.0,132391344.4,441937817.8
2023-05-19,780802414.6,15293357.21,478806404.6,153872797.8,132829855.0,442219069.8
2023-05-20,745223100.4,14751322.42,464481822.3,136437789.8,129552165.9,429168855.7
2023-05-21,748342568.8,15271284.22,453637707.2,140350261.4,139083316.0,418162163.6
2023-05-22,788804641.6,15328762.94,475100633.7,158859070.1,139516174.9,438119045.0
2023-05-23,733651853.5,14125889.34,467333781.6,132021297.4,120170885.2,431481015.7
2023-05-24,722263922.3,14183941.83,461884647.6,129840507.3,116354825.6,427636163.9
2023-05-25,749281571.5,15154053.81,471081047.8,141802007.5,121244462.3,435509343.3
2023-05-26,770536610.3,15724383.63,473569118.4,152687792.5,128555315.8,437113367.4
2023-05-27,774369707.8,16133328.7,469542793.7,147385407.2,141308178.2,432833675.3
2023-05-28,767827689.4,16381630.75,452705792.0,147334841.2,151405425.5,417281793.9
2023-05-29,827284852.0,16902188.86,479828050.3,172051380.1,158503232.7,441703174.2
2023-05-30,854434356.8,17313091.84,484563800.1,179656215.0,172901249.9,446004844.4
2023-05-31,861680708.0,17453903.59,475758182.9,184250845.6,184217775.9,436838052.0
2023-06-01,862074614.2,17172642.3,463308665.6,186424261.7,195169044.6,425321275.8
2023-06-02,892915600.2,17116829.53,488052034.2,190013383.7,197733352.8,443653122.9
2023-06-03,855632468.9,16860746.07,478453280.5,166671927.0,193646515.4,435358570.5
2023-06-04,814415976.2,16474799.04,455600958.4,159197122.7,183143096.1,416443608.9
2023-06-05,878393877.8,17071739.78,488856858.9,185545784.9,186919494.3,448100103.4
2023-06-06,899442533.6,17076056.98,496911183.9,188968219.6,196487073.1,455146813.4
2023-06-07,892981998.6,16847050.28,501018408.3,184268974.2,190847565.8,456654819.5
2023-06-08,883909029.7,16626927.94,498727137.0,183020105.6,185534859.1,453640811.0
2023-06-09,841823348.3,16111725.83,483798803.4,171968854.5,169943964.6,447419804.2
2023-06-10,780243985.6,15618046.15,460148782.4,150151985.1,154325172.0,427480911.6
2023-06-11,779612685.4,16080544.47,446319779.1,154808543.3,162403818.6,412924028.8
2023-06-12,836050011.5,16526253.98,478005800.8,176376617.2,165141339.5,443031768.2
2023-06-13,847477728.4,16348039.38,489998331.7,174875219.6,166256137.7,447776626.4
2023-06-14,808646158.9,15753298.62,479615511.3,162099821.6,151177527.4,444809077.2
2023-06-15,777322935.2,15272749.83,469209636.3,156033912.9,136806636.2,437064405.9
2023-06-16,759186158.9,14991875.96,459764187.7,151381771.1,133048324.1,432368583.6
2023-06-17,778781988.1,15647547.81,467750092.9,149613276.3,145771071.1,436361017.7
2023-06-18,811074219.2,16122209.72,471012175.8,158545679.4,165394154.3,434257164.0
2023-06-19,858508280.5,16553167.59,485896036.2,181368285.4,174690791.2,453622503.0
2023-06-20,907558146.9,16946142.94,501448351.0,191993168.0,197170484.9,463307354.6
2023-06-21,910191085.2,16955569.1,494272093.1,191535874.3,207427548.6,454461746.5
2023-06-22,769104079.9,16480905.19,382633441.0,159075764.6,210913969.2,353595251.1
2023-06-23,781992739.4,16272662.94,426943383.0,155704475.3,183072218.1,395899391.5
2023-06-24,824931195.1,16458884.74,461980654.3,162539937.3,183951718.8,431600705.3
2023-06-25,874644301.6,17015620.34,482965175.7,183752576.9,190910928.7,443616708.8
2023-06-26,899798524.2,17140156.94,496852475.5,187444875.0,198361016.7,457328349.4
2023-06-27,911039821.2,17003697.2,502804820.1,189271337.1,201959966.8,460965593.5
2023-06-28,921340650.4,17565725.8,501158061.0,192448355.4,210168508.2,462299948.7
2023-06-29,929037698.0,17417606.86,505841472.4,191749431.9,214029186.8,462482220.4
2023-06-30,909709886.6,17297716.68,485209034.6,191833459.2,215369676.1,454847554.3
2023-07-01,884115379.0,17305939.25,463938083.2,177959464.2,224911892.4,429139502.3
2023-07-02,867323892.5,17102749.78,452980545.0,172609250.4,224631347.4,423423196.0
2023-07-03,909986234.1,17090130.76,485284482.5,190004118.6,217607502.2,449960176.9
2023-07-04,914492348.0,17104470.51,487792603.1,190290421.6,219304852.8,451970039.9
2023-07-05,921801854.0,17225279.11,485841883.5,192990339.3,225744352.1,454870420.0
2023-07-06,951638071.5,17634737.39,495790054.2,198290080.6,239923199.2,460915536.7
2023-07-07,970451686.2,17788667.58,505339576.0,200026230.1,247297212.6,463423299.2
2023-07-08,965223819.5,17964467.97,501883152.4,187763961.5,257612237.6,453618305.1
2023-07-09,947739500.5,18222518.01,478055871.9,184062437.3,267398673.4,435789341.0
2023-07-10,988391940.1,18411760.89,504404330.2,202958678.9,262617170.1,457159736.0
2023-07-11,986647873.7,18321829.98,512121673.4,200841912.4,255362457.9,461176745.1
2023-07-12,973241642.4,18358461.32,502067984.8,199908239.8,252906956.5,464833738.2
2023-07-13,980053577.2,18434851.9,505506617.3,200302279.2,255809828.8,463627065.3
2023-07-14,991606163.0,18650255.15,512608240.2,201553146.1,258794521.5,464219710.9
2023-07-15,962848153.2,18650929.65,496753985.6,186861514.6,260581723.4,451102459.3
2023-07-16,920759951.3,18186686.91,464023185.6,180310313.8,258239765.0,425954059.5
2023-07-17,930683668.3,17648728.19,487793469.6,191148516.4,234092954.1,451836450.5
2023-07-18,928472431.4,17313511.34,500271490.4,188123589.6,222763840.1,459236360.8
2023-07-19,927705922.8,17329808.14,499011864.8,189757585.5,221606664.3,458085632.5
2023-07-20,926259684.2,17643997.43,493053869.0,191329669.8,224232147.9,458446962.3
2023-07-21,936327209.0,17742348.58,499987223.0,192129454.6,226468182.8,460826099.2
2023-07-22,924014470.0,17857275.01,498558838.1,178884725.7,228713631.1,453114842.0
2023-07-23,902090397.0,17761696.89,474431001.3,175808231.8,234089467.0,434086817.3
2023-07-24,941034452.4,18015853.82,496325440.1,192692193.0,234000965.5,458027081.0
2023-07-25,941946773.8,18076455.05,496129756.6,193590080.0,234150482.2,461734800.0
2023-07-26,939415731.5,17620441.85,496498340.9,190321315.9,234975633.0,458833609.1
2023-07-27,872370227.5,16933245.2,452295229.7,170172332.5,232969420.1,424520164.1
2023-07-28,674330198.3,15177036.47,346485855.6,125739550.3,186927756.0,317780352.6
2023-07-29,710532636.8,15138170.15,388049848.7,138999758.2,168344859.7,362565008.9
2023-07-30,787462553.4,16175527.6,443469424.4,152949800.5,174867801.0,406768596.8
2023-07-31,831404236.0,16426391.09,465569948.0,170530843.9,178877053.0,421797000.6
2023-08-01,836974868.1,16584920.58,461779562.0,174742341.2,183868044.2,424651833.1
2023-08-02,890304031.4,17222260.64,484515368.5,183281738.6,205284663.7,443193333.1
2023-08-03,940514962.4,17797791.33,494495939.5,192866755.2,235354476.4,453240409.2
2023-08-04,990895827.1,18299126.39,509158659.4,200689339.6,262748701.7,459994219.8
2023-08-05,1004226823.0,18594940.72,510360492.7,191918544.5,283352845.4,461437940.0
2023-08-06,990307848.4,18756599.68,493293220.9,187760713.7,290497314.1,447680686.6
2023-08-07,1009356732.0,18441747.1,521791386.2,201233800.9,267889798.2,468900116.2
2023-08-08,954350717.4,17816612.81,510105392.0,191141247.6,235287465.0,469947269.4
2023-08-09,942184910.8,17695999.11,501277951.8,193624828.9,229586131.0,473404855.1
2023-08-10,915966955.1,17243540.3,503125362.6,183329765.6,212268286.7,466494750.7
2023-08-11,884130717.8,16864150.85,494978299.7,179052272.8,193235994.4,462109847.1
2023-08-12,861794850.1,16688858.88,489554075.3,166557058.0,188994857.9,454332793.5
2023-08-13,851222921.0,16813412.02,473461659.0,165322195.9,195625654.1,441033063.8
2023-08-14,912955255.6,17360641.49,500467590.0,186758999.7,208368024.4,466208880.2
2023-08-15,910415216.9,17387834.59,495232039.0,185957334.1,211838009.2,466272828.1
2023-08-16,902932206.1,17450242.74,490740987.5,185986858.2,208754117.7,459970067.4
2023-08-17,892609135.7,16940614.99,497040432.1,180822651.5,197805437.1,462036950.6
2023-08-18,877087972.6,16910217.47,492423081.7,180089171.4,187665502.1,463136541.0
2023-08-19,849416733.3,16672153.21,487380363.7,163293910.7,182070305.7,455938597.1
2023-08-20,790617518.0,15839600.96,455343221.5,152527076.4,166907619.1,429796035.4
2023-08-21,867193150.8,16774818.23,494927055.9,177066787.1,178424489.6,458548682.8
2023-08-22,880252597.4,16694772.62,500412807.1,180249790.8,182895226.8,467245792.1
2023-08-23,871251133.3,16779338.8,499178901.7,175516565.8,179776327.1,464895394.8
2023-08-24,891043684.4,17161603.32,503256672.9,180191246.5,190434161.7,471200135.5
2023-08-25,898874671.1,17261484.9,499939326.1,182905451.8,198768408.4,469063427.0
2023-08-26,887108436.9,17202058.77,496691126.0,171908102.1,201307150.0,465773593.9
2023-08-27,869479680.7,17223627.76,477039115.5,169285858.8,205931078.6,445260816.9
2023-08-28,907846916.3,17235214.92,499293535.7,185230065.8,206088099.8,467113064.6
2023-08-29,923444884.6,17065147.8,503404345.7,188118907.9,214856483.2,471089380.9
2023-08-30,923561607.1,16871839.37,505719461.1,184830433.9,216139872.8,464275761.1
2023-08-31,878708905.0,16092024.25,495055899.4,175455753.3,192105228.0,453583178.8
2023-09-01,823940460.2,15351099.88,478758413.0,164788185.2,165042762.2,433618386.2
2023-09-02,823421405.1,15551655.43,485996820.4,155968230.5,165904698.8,441768790.1
2023-09-03,843560178.0,16271218.94,479612192.3,162921786.0,184754980.8,435618285.3
2023-09-04,838604076.6,15388993.3,497032167.1,164349012.7,161833903.4,450775526.8
2023-09-05,799861585.5,14768359.62,482925275.2,152132987.9,150034962.9,446185346.0
2023-09-06,771506145.8,14903500.94,473799044.2,144257584.6,138546016.1,436231081.8
2023-09-07,796953522.6,15182653.57,484663224.3,159433058.6,137674586.1,445596475.4
2023-09-08,807590861.9,15501430.55,490671112.9,163553782.9,137864535.6,454148640.1
2023-09-09,801545820.7,15598431.31,482174114.9,157100529.4,146672745.1,452745753.8
2023-09-10,790700787.0,15918973.39,461656138.5,155192959.4,157932715.8,433296428.7
2023-09-11,827499688.3,16231520.31,480707156.4,175184939.8,155376071.9,453029146.3
2023-09-12,847147842.1,16538170.42,490080265.4,178509094.1,162020312.1,463797623.6
2023-09-13,857351674.9,16510196.3,497931126.5,178840053.4,164070298.7,466833156.8
2023-09-14,868698263.3,16522126.37,498697936.1,183550678.2,169927522.7,470804425.6
2023-09-15,867587314.2,16445114.14,492280532.9,185246370.6,173615296.5,467231990.5
2023-09-16,847932915.1,16409133.22,480377956.6,170012809.4,181133015.9,455793586.9
2023-09-17,856659852.1,16873934.19,474030117.5,170354509.6,195401290.8,445849044.3
2023-09-18,899331491.5,17142849.04,498910150.9,193580113.5,189698378.0,468276939.4
2023-09-19,930250566.3,17243796.94,524556100.7,195134235.3,193316433.3,473604610.5
2023-09-20,918544065.8,17478404.49,504805679.1,197587299.8,198672682.4,472146229.9
2023-09-21,936510746.6,17610433.52,516562604.9,198728359.3,203609349.0,475298423.3
2023-09-22,940837823.8,17518594.49,522663993.6,199444791.0,201210444.8,480967045.2
2023-09-23,937781493.4,17457296.38,527771321.1,182107051.1,210445824.8,477241457.7
2023-09-24,912899619.2,17376432.34,512463517.6,174394257.1,208665412.1,466201493.5
2023-09-25,933098915.5,17556677.95,520314785.6,198648107.8,196579344.2,478472282.3
2023-09-26,935606066.7,17532687.08,521490952.9,198443154.9,198139271.8,478403999.7
2023-09-27,929461200.7,17444213.6,518723640.7,197850875.9,195442470.5,473551204.3
2023-09-28,892974357.7,17285062.22,486511745.3,194254714.8,194922835.4,452368705.0
2023-09-29,794992084.9,16880127.85,399114715.7,164379836.1,214617405.2,371922364.7
2023-09-30,783125033.5,17287199.37,388016825.9,166392452.8,211428555.4,352272198.4
2023-10-01,731575216.7,16897977.92,355216958.3,162247406.2,197212874.3,330580541.3
2023-10-02,751919453.7,16497912.95,403000406.8,156933400.7,175487733.1,366819795.1
2023-10-03,788851538.5,16712823.43,438331997.8,159632451.2,174174266.1,404836529.4
2023-10-04,834435830.1,16803548.08,470127206.4,164893162.1,182611913.5,436823365.4
2023-10-05,801776747.1,15492346.8,477238405.6,150518361.3,158527633.4,445509040.7
2023-10-06,756795117.6,14137294.91,471768562.9,137609784.0,133279475.8,441297570.7
2023-10-07,762882772.9,13977367.98,485360265.0,142426087.3,121119052.6,447169542.0
2023-10-08,743755373.9,14117563.73,472862787.2,138115368.9,118659654.2,439583301.6
2023-10-09,759061289.7,14232472.45,488807213.7,138925070.5,117096533.1,454531727.4
2023-10-10,743795745.2,14173383.53,476058768.8,137648321.2,115915271.7,443487391.5
2023-10-11,745727259.1,14102132.05,481143175.1,135420623.2,115061328.7,445536581.2
2023-10-12,757308509.9,14461236.73,488226686.9,139546124.4,115074461.9,449281436.6
2023-10-13,766538211.5,14772753.81,489737120.3,144655239.7,117373097.6,454476959.7
2023-10-14,747653919.0,14761178.09,475849811.1,135097105.5,121945824.3,441796398.6
2023-10-15,726485407.7,14800719.66,456381631.7,132468090.1,122834966.2,422577369.4
2023-10-16,731672314.6,14513463.7,462676853.8,138902161.0,115579836.1,428514166.9
2023-10-17,743531743.4,14520605.75,477900518.9,136720539.5,114390079.2,441217600.2
2023-10-18,752332623.7,14775403.82,484323474.0,138424027.9,114809717.9,449012016.8
2023-10-19,760976405.8,15005598.51,484294853.4,144084511.9,117591442.0,449638755.9
2023-10-20,775272078.0,14863457.09,496845824.3,145423366.5,118139430.1,450332899.0
2023-10-21,742373544.8,14221085.16,483457395.7,127704121.2,116990942.8,443158882.0
2023-10-22,721177882.5,14359155.42,462848021.7,124522751.3,119447954.1,425818793.7
2023-10-23,742980277.3,14806053.6,478583533.7,134795127.5,114795562.5,444647014.8
2023-10-24,772667817.6,15201900.63,499009682.2,141513338.8,116942896.0,461065573.5
2023-10-25,783047274.5,15330178.84,501975353.0,146732491.2,119009251.5,464990353.1
2023-10-26,789371099.7,15129105.4,508341176.4,146119992.4,119780825.6,471634678.7
2023-10-27,771152802.5,14754363.99,501437011.3,138155535.5,116805891.6,467406268.2
2023-10-28,745728139.2,14178189.82,487348668.0,126829596.9,117371684.5,456206079.1
2023-10-29,730156734.9,14494997.31,469897019.7,126000549.3,119764168.6,441056794.8
2023-10-30,752741877.3,14669694.68,489171248.6,134538109.0,114362825.0,455912985.9
2023-10-31,755145742.3,14676344.51,489965386.3,135631062.6,114872948.9,455953523.5
2023-11-01,740701418.2,14645343.34,475984949.0,135038105.1,115033020.8,440148311.0
2023-11-02,754536725.2,14838617.73,486376753.9,137656432.6,115664921.0,454236251.9
2023-11-03,776944990.7,15104489.98,503943409.2,140987960.8,116909130.7,465980940.4
2023-11-04,780497710.8,15440979.8,506403060.9,136146359.3,122507310.8,463252778.0
2023-11-05,769597968.1,15675507.03,489049840.4,137141443.4,127731177.3,446295041.7
2023-11-06,787101531.1,15661053.37,498241150.5,149781110.7,123418216.5,464091772.5
2023-11-07,765747019.1,14707874.97,496990695.2,136775084.5,117273364.4,462469002.9
2023-11-08,764839605.1,14727764.15,500117243.8,133862904.8,116131692.3,463310784.3
2023-11-09,780850067.8,15263721.49,509769591.7,139198131.9,116618622.7,468396120.9
2023-11-10,776178798.9,15147986.42,502696603.9,140368287.6,117965920.9,469452499.2
2023-11-11,744845944.7,14502869.73,486701649.2,124993337.4,118648088.4,455845548.4
2023-11-12,725877604.7,14511031.87,467342274.8,121781138.8,122243159.3,434736249.9
2023-11-13,739544733.6,14343171.27,482016510.8,124982382.3,118202669.3,449246779.3
2023-11-14,742922479.9,14404578.4,483895292.3,124686816.5,119935792.7,454624148.4
2023-11-15,745802493.3,14552538.54,486194951.2,125528513.5,119526490.1,453522434.0
2023-11-16,741304501.6,14555424.79,478873809.9,126289989.6,121585277.3,449861341.6
2023-11-17,751348152.7,14441386.29,487409034.5,126239190.5,123258541.5,453813025.5
2023-11-18,742722317.2,14664771.59,479830845.0,120581140.3,127645560.3,447102682.7
2023-11-19,727953435.1,14741034.97,463045659.6,118695569.7,131471171.0,434287929.6
2023-11-20,743617521.1,14886801.08,480356292.7,124748352.9,123626074.4,449804998.0
2023-11-21,746474304.4,15032664.04,482532950.4,125493174.3,123415515.7,452591919.0
2023-11-22,756831863.6,15125628.98,493625408.4,126360252.4,121720573.9,457029704.8
2023-11-23,759763764.4,15232041.96,497288051.8,126954357.7,120289313.0,457501397.1
2023-11-24,750469200.1,14950438.62,488372269.1,126566865.4,120579627.0,452394333.1
2023-11-25,739493757.7,14843647.42,478857022.1,121115518.6,124677569.6,442536584.0
2023-11-26,717304255.1,14923645.77,456192691.8,118822408.2,127365509.4,426332236.2
2023-11-27,741815489.5,15046540.6,481534316.6,124832819.3,120401813.0,445179615.3
2023-11-28,741683266.5,14876567.61,480616097.9,125131684.5,121058916.5,447548964.0
2023-11-29,740932318.0,14915920.01,479810142.3,125271601.1,120934654.6,445250073.1
2023-11-30,736456617.2,14786876.48,474648405.5,125699103.8,121322231.4,441499739.1
2023-12-01,722109892.8,14721507.74,455296876.6,126632754.4,125458754.0,424731204.7
2023-12-02,728401730.0,14776754.21,464085527.2,120275342.4,129264106.2,428984246.4
2023-12-03,721521107.3,14857755.44,452941667.3,118765266.8,134956417.8,421752870.7
2023-12-04,745620658.9,14837549.74,476335266.9,125043064.7,129404777.5,440121024.8
2023-12-05,747519175.9,15011005.79,478753369.8,125198632.8,128556167.5,446268657.2
2023-12-06,753559801.6,15106091.49,486556036.2,124660219.4,127237454.6,447274242.1
2023-12-07,757057695.9,15186217.55,488859216.5,125379925.3,127632336.6,447410104.0
2023-12-08,760757345.8,15279498.23,491741825.9,126809960.9,126926060.8,450167320.3
2023-12-09,752433994.0,15396116.64,488411916.3,120465556.8,128160404.3,443616804.2
2023-12-10,726362974.9,15505564.8,462751022.8,118891415.1,129214972.2,427507043.9
2023-12-11,749885581.1,15800594.22,485085942.3,127661699.8,121337344.9,444472563.3
2023-12-12,744301466.0,15236525.26,481089608.7,125677438.3,122297893.7,449717755.5
2023-12-13,747844639.5,15110414.76,484046966.7,124863248.8,123824009.2,451416054.5
2023-12-14,744786291.5,15499018.33,481062056.8,125722047.0,122503169.5,451541043.4
2023-12-15,743023400.2,15693951.31,477216774.1,128196808.5,121915866.3,448018825.8
2023-12-16,735736738.2,15056190.69,466362382.8,121889489.3,132428675.4,434981513.1
2023-12-17,747516520.6,15152320.37,461591506.6,123153834.9,147618858.8,422273630.6
2023-12-18,766326375.3,15439124.96,478011934.1,131788329.6,141086986.7,440785260.7
2023-12-19,775193954.9,15677502.48,484596899.1,131531628.2,143387925.2,448046431.9
2023-12-20,773046701.5,15696070.87,471334797.5,135809610.2,150206223.0,445801127.6
2023-12-21,796205719.3,15775126.02,481084538.4,138996030.1,160350024.8,451217269.4
2023-12-22,810970304.2,15750157.85,481922921.2,142608549.6,170688675.5,446844929.4
2023-12-23,814485814.4,16048350.5,484711346.6,135095305.0,178630812.4,448792981.4
2023-12-24,784651296.9,15980551.55,466836187.9,129681059.6,172153497.9,435149599.9
2023-12-25,802431125.9,15985615.31,484941488.6,139357379.9,162146642.1,450601117.2
2023-12-26,812157621.2,16047426.02,499325692.2,137436764.6,159347738.4,455629570.6
2023-12-27,793391337.3,16019839.04,495436691.3,132339580.3,149595226.7,453761192.2
2023-12-28,779557542.4,15894503.82,489404003.6,131450572.2,142808462.8,449375980.9
2023-12-29,767207516.6,15863144.48,481070293.6,130261538.9,140012539.6,445937730.9
2023-12-30,748603373.3,15920092.84,469121597.3,123291160.3,140270522.8,435604244.4
2023-12-31,709177783.2,15850310.15,435368915.9,121135856.9,136822700.2,406927480.9
2024-01-01,672250192.2,15504611.31,392110402.8,121096338.2,143538840.0,352126640.2
2024-01-02,738497589.5,15845955.12,458105523.5,127967892.2,136578218.7,416949133.5
2024-01-03,757582977.2,15940669.25,475625073.1,128234560.8,137782674.0,447122420.3
2024-01-04,777767898.5,16037801.07,490355744.8,130294506.0,141079846.6,453793224.7
2024-01-05,788256267.1,16189290.47,502266086.3,130040294.5,139760595.9,453407642.2
2024-01-06,771206924.0,16204332.61,492187615.6,122382234.4,140432741.4,448893265.5
2024-01-07,760782853.6,16091216.24,479977707.3,120588431.8,144125498.3,439110184.5
2024-01-08,780519569.4,16120956.52,494780749.4,129686997.9,139930865.5,451943026.0
2024-01-09,782330765.3,16205713.57,497883610.4,129052123.4,139189317.9,451782945.5
2024-01-10,760654570.9,16217138.04,478343777.5,127998810.0,138094845.4,447030446.0
2024-01-11,782970959.9,16291254.53,495108631.7,130471254.0,141099819.7,449033864.0
2024-01-12,785454791.2,16347196.53,498328850.2,130281656.1,140497088.4,447716854.6
2024-01-13,771475351.3,16436584.13,488046876.3,123354241.2,143637649.7,444293242.9
2024-01-14,762563675.2,16483016.28,480251596.2,120200633.5,145628429.2,432162137.2
2024-01-15,752019454.3,16538167.28,470336594.4,127804917.3,137339775.3,443742384.0
2024-01-16,762297983.1,16582684.24,477298444.9,129224052.2,139192801.7,440665275.5
2024-01-17,767185612.3,16664790.68,484256416.5,128182318.6,138082086.6,439264760.5
2024-01-18,766583679.9,16810536.26,488563489.6,126923608.4,134286045.7,442288974.6
2024-01-19,756595233.3,16784935.2,480373239.3,126598552.4,132838506.3,440666274.4
2024-01-20,749775206.7,16633947.77,474486402.0,121257666.9,137397190.0,431544562.3
2024-01-21,738380435.4,16671191.85,453104039.8,121484092.5,147121111.3,419629972.9
2024-01-22,775785946.5,17059256.82,467814635.0,135366743.1,155545311.6,430662646.8
2024-01-23,800892909.5,17151209.68,465969629.6,143247986.9,174524083.3,426791601.6
2024-01-24,811385746.2,17345830.72,465395217.0,145431664.8,183213033.7,421189480.5
2024-01-25,801049917.2,17401581.62,458613644.2,143067988.3,181966703.0,409709026.1
2024-01-26,772257210.0,17301097.9,437312756.3,139390091.5,178253264.3,394967246.7
2024-01-27,750159392.2,17255133.87,425468866.9,130749618.1,176685773.3,383098445.3
2024-01-28,710328836.6,17046387.47,389137721.4,127476201.9,176668525.9,361880899.0
2024-01-29,719785589.4,17139681.82,394023155.1,134739421.7,173883330.7,360663386.8
2024-01-30,699584564.5,16832177.29,389422645.1,129709981.6,163619760.4,346814414.2
2024-01-31,656040060.0,16383014.82,359523693.3,125790061.6,154343290.4,325572964.9
2024-02-01,631910681.9,16483184.84,345444837.7,122722503.6,147260155.9,303927336.9
2024-02-02,613217285.2,16171576.55,327109951.4,122865401.4,147070355.9,288690582.1
2024-02-03,579629938.6,16070342.2,298678242.1,116730266.6,148151087.8,262656556.7
2024-02-04,571138974.7,15918656.89,283011152.6,119771845.4,152437319.7,242403320.7
2024-02-05,541611510.4,15802395.02,251530884.2,119856458.7,154421772.5,225758254.3
2024-02-06,548456007.6,15636361.81,252399955.2,119237045.7,161182644.9,213050619.0
2024-02-07,549025689.8,15506277.45,237480267.5,118002987.6,178036157.3,203227142.8
2024-02-08,547676486.0,15327397.83,223949743.8,113563877.3,194835467.1,189217014.1
2024-02-09,547985421.9,14983693.17,209340556.5,96433240.75,227227931.5,179502650.1
2024-02-10,494902907.0,14536482.27,215316775.5,90941859.92,174107789.2,174916566.0
2024-02-11,484941030.5,14647811.91,207793338.4,96293015.24,166206864.9,173937777.1
2024-02-12,491622277.9,14859160.36,216078279.7,100959036.3,159725801.6,177755807.3
2024-02-13,485411482.7,15092312.24,214195219.6,102594039.5,153529911.3,180335693.9
2024-02-14,483746842.9,15447543.28,219827663.4,103509828.5,144961807.8,186255894.6
2024-02-15,494068980.7,15586042.26,233236962.8,105245611.0,140000364.6,202130970.2
2024-02-16,516681729.3,15589605.62,248290846.9,107188431.0,145612845.7,214647572.4
2024-02-17,538978788.6,15808474.81,265996930.6,109377218.2,147796165.0,232312201.6
2024-02-18,557272853.3,15878586.58,288515104.7,112350382.9,140528779.2,253810701.0
2024-02-19,583245492.5,16106810.9,316400689.3,115560188.8,135177803.6,283243386.6
2024-02-20,598576448.7,16303474.72,332181673.4,118525097.5,131566203.1,298572345.4
2024-02-21,610366206.1,16406701.09,342080033.4,121943771.6,129935700.0,314870928.9
2024-02-22,626666568.8,15994136.86,359181555.1,119649044.6,131841832.2,329731335.4
2024-02-23,650627909.4,15999683.09,372672113.4,120864597.7,141091515.3,336781430.8
2024-02-24,643561032.3,15980849.94,360697873.5,114424651.9,152457657.0,325659836.8
2024-02-25,670305227.0,16239330.73,376446406.8,120080678.3,157538811.1,340629134.4
2024-02-26,702090002.3,16456844.52,397506608.5,132942107.5,155184441.8,365637174.9
2024-02-27,723816131.4,16516155.04,416639606.5,134458852.7,156201517.2,378670946.3
2024-02-28,723790886.2,16579243.7,422282153.3,132172043.9,152757445.3,388447529.1
2024-02-29,728356185.8,16641356.55,429003076.4,131156024.1,151555728.7,394620503.5
2024-03-01,740451996.0,16591703.45,429658749.9,136066959.3,158134583.3,401135137.3
2024-03-02,755281179.3,16740783.43,444646763.0,128681569.5,165212063.4,410821495.9
2024-03-03,740114566.6,16683104.67,435988600.4,123613988.6,163828872.9,398612726.9
2024-03-04,743380237.7,16651409.51,452291354.3,128591386.9,145846087.0,415659158.2
2024-03-05,750072422.5,16841603.34,464000020.2,127701746.4,141529052.5,426705387.6
2024-03-06,750864370.5,16564040.64,466564511.5,128514751.3,139221067.1,432608607.9
2024-03-07,754832642.7,16273011.4,470096152.8,128436375.4,140027103.1,436149816.0
2024-03-08,755769534.3,16331611.11,472662978.8,128789794.2,137985150.2,435921338.9
2024-03-09,765758126.3,16370351.77,472993628.5,125497858.6,150896287.5,436908487.4
2024-03-10,757736883.1,16281875.87,460346933.3,122428926.2,158679147.7,423733151.3
2024-03-11,776284538.7,16215202.58,480866796.6,130536585.2,148665954.3,438018132.0
2024-03-12,763702776.3,16155254.2,478358902.6,127673069.9,141515549.7,443221642.0
2024-03-13,769460420.0,16116653.97,486130238.0,128220589.2,138992938.8,447272426.2
2024-03-14,775469490.1,16226636.63,491214115.6,128506365.2,139522372.7,450761477.3
2024-03-15,773715278.9,16245118.86,488744760.6,129085673.4,139639726.1,446637971.4
2024-03-16,762818531.0,16387606.07,482156455.9,122072732.3,142201736.7,437749700.2
2024-03-17,746163298.1,16586821.41,466969334.6,120909600.1,141697542.1,426482154.3
2024-03-18,760594382.8,16131379.76,485514713.6,126756848.8,132191440.6,447214997.9
2024-03-19,768671232.2,16211131.97,493259882.5,126060905.1,133139312.7,454346388.7
2024-03-20,763850484.5,16216184.68,489290464.6,125881733.3,132462101.9,452926926.6
2024-03-21,769404497.2,16139631.23,494255881.9,126496797.1,132512186.9,453100094.2
2024-03-22,773529404.2,16175221.4,499861759.6,126854881.1,130637542.1,455819786.0
2024-03-23,762562562.4,16452432.51,490141518.8,123116999.3,132851611.8,454446301.2
2024-03-24,747336473.1,16733836.42,471217076.5,125766385.1,133619175.1,439235170.5
2024-03-25,773754815.1,16664389.73,491235431.7,138197994.3,127656999.4,454753824.9
2024-03-26,773722918.0,16302218.26,499328070.2,133343662.9,124748966.6,461119352.7
2024-03-27,766274746.3,15989107.61,500185226.0,127016842.2,123083570.5,456667305.4
2024-03-28,771628833.9,16157203.98,503067410.8,129626596.5,122777622.6,461309329.0
2024-03-29,775688007.9,16149124.14,504611277.1,132379225.3,122548381.3,461683147.6
2024-03-30,775405804.2,16107267.22,503375482.1,129196218.6,126726836.3,462276551.8
2024-03-31,753416778.1,15627694.51,480560598.2,126082855.4,131145629.9,443042597.7
2024-04-01,751117244.7,15324212.49,481548729.0,130179517.9,124064785.4,445767924.9
2024-04-02,772570307.4,15873108.21,497379163.8,133861152.2,125456883.2,459604307.4
2024-04-03,789539088.7,15988980.18,503023384.4,140750310.0,129776414.1,459446209.4
2024-04-04,690730895.8,15250170.82,418423559.4,122026832.6,135030333.0,380526607.5
2024-04-05,709680099.5,15027527.24,446695494.7,118088946.5,129868131.0,411353596.7
2024-04-06,742975997.3,15120378.48,473309139.3,120886605.0,133659874.5,441778526.6
2024-04-07,760804402.9,15180965.98,490743096.7,126248524.4,128631815.9,453794731.6
2024-04-08,760875661.8,15124633.54,490714878.5,127171888.7,127864261.1,459662299.0
2024-04-09,771620184.9,14941082.16,504112565.1,126137103.5,126429434.2,459012628.8
2024-04-10,769478417.5,15171423.37,499948375.3,128850324.5,125508294.3,461098025.3
2024-04-11,782853581.3,15470626.57,513053208.1,131128458.9,123201287.7,467286267.1
2024-04-12,786910697.1,15883258.3,511414518.2,136303431.0,123309489.6,475504271.8
2024-04-13,777126505.4,15955008.34,504887487.1,130060290.0,126223720.0,470746533.6
2024-04-14,770921925.4,16177556.09,492124301.8,132195493.6,130424573.9,458493755.6
2024-04-15,814530677.1,16769895.37,515525215.0,152027600.3,130207966.4,475797984.0
2024-04-16,819704245.0,16426062.72,524504565.0,148926129.1,129847488.1,474294372.6
2024-04-17,813675849.4,16298233.89,515548357.1,150901382.0,130927876.5,479642079.3
2024-04-18,802374531.8,15872762.17,517443834.8,143491855.4,125566079.4,481288571.8
2024-04-19,788057076.1,15282321.19,516597224.3,135705067.7,120472463.0,475070993.9
2024-04-20,785347947.1,15629364.03,507563114.5,134800538.9,127354929.6,471079514.4
2024-04-21,780155580.9,15684367.74,494134931.9,137635257.7,132701023.5,455000540.6
2024-04-22,800057072.6,15595564.75,513604238.2,143939090.9,126918178.7,474402346.4
2024-04-23,805852238.2,15438213.47,519985983.7,143577528.3,126850512.8,477483018.6
2024-04-24,787487455.0,15125786.01,513099614.0,136654398.6,122607656.5,475062059.6
2024-04-25,779583488.9,14952653.69,510746677.4,131678137.9,122206020.0,476965799.3
2024-04-26,779079834.5,15152666.91,506084124.6,135769194.1,122073848.8,473862268.5
2024-04-27,788667371.1,15583114.17,510079997.7,133638590.3,129365669.0,474867832.9
2024-04-28,793555015.7,15335128.15,513159661.7,140959325.4,124100900.4,470789999.5
2024-04-29,810888734.0,15880596.79,510199353.2,155293850.7,129514933.3,480234785.3
2024-04-30,781953668.5,15040459.37,491035714.3,146309940.2,129567554.6,451703105.4
2024-05-01,651008808.0,14549627.04,379403202.4,128245804.8,128810173.8,347684190.8
2024-05-02,672801748.1,14520613.74,409457221.3,125289741.1,123534171.9,376391547.8
2024-05-03,730116476.8,15026351.81,464379364.2,127717010.2,122993750.7,422075272.4
2024-05-04,762392080.5,15055068.11,494297949.7,128695985.1,124343077.5,452071922.0
2024-05-05,779980261.6,15422351.05,499601501.8,135156364.7,129800044.1,461643777.4
2024-05-06,821206060.7,15839801.38,523176118.9,153915383.8,128274756.6,477880001.9
2024-05-07,806918228.5,15467784.99,518427024.0,146741971.3,126281448.2,479391936.9
2024-05-08,812008129.5,15646857.52,522607834.2,148757858.3,124995579.5,483290814.9
2024-05-09,800883257.5,15203190.55,523260110.6,141124817.5,121295138.9,481868855.6
2024-05-10,802001812.1,15301909.19,523075970.0,142848344.6,120775588.3,482431482.3
2024-05-11,816975418.6,15841071.82,524375048.5,150926317.9,125832980.4,483455207.2
2024-05-12,812535663.3,15921792.71,511657569.5,146122007.2,138834293.9,472586633.3
2024-05-13,789760597.6,14955907.38,519486913.7,134785307.9,120532468.6,476941115.6
2024-05-14,784909748.3,15326977.84,514818331.2,136361536.2,118402903.1,478908330.1
2024-05-15,792671325.7,15672405.13,519061332.5,139641701.0,118295887.0,479859855.7
2024-05-16,786678915.8,15636393.72,513193238.3,139251723.8,118597559.9,474174264.4
2024-05-17,796762480.7,15851845.24,517743603.5,143554364.0,119612668.0,479049300.3
2024-05-18,808374608.7,16047429.46,520808383.3,143996523.5,127522272.5,482356917.8
2024-05-19,787968841.0,15736194.07,500470203.7,140383702.6,131378740.6,464953667.9
2024-05-20,797025287.1,14979910.2,517148440.8,142622821.6,122274114.5,476844920.7
2024-05-21,790212104.6,14955555.57,512778751.5,139526727.4,122951070.2,476199476.7
2024-05-22,789211033.4,14982167.81,513082659.3,138057574.0,123088632.3,472237699.4
2024-05-23,789390698.8,15144550.99,511941038.3,138795470.8,123509638.7,474398249.7
2024-05-24,807693209.8,15449519.03,519866797.9,147369420.0,125007472.9,479228869.6
2024-05-25,810683429.0,15741583.72,519481997.7,143917165.3,131542682.3,478923880.7
2024-05-26,804405034.3,15916396.46,502950884.9,146095197.5,139442555.5,463417750.7
2024-05-27,824867265.3,15601039.92,518085021.8,156945131.9,134236071.7,477279200.6
2024-05-28,807148658.1,15612335.23,510115154.1,153227063.9,128194104.9,479358561.7
2024-05-29,786561982.3,15398836.75,502040816.6,147052971.4,122069357.5,470127733.8
2024-05-30,790284829.1,15244270.56,508128639.8,144211382.6,122700536.1,471408486.8
2024-05-31,823368937.1,16088264.05,507542645.2,164755170.4,134982857.5,469403203.1
2024-06-01,767981588.0,15707397.26,466303586.9,147272122.9,138698480.9,444604768.6
2024-06-02,757392404.2,14686286.51,481439280.8,131393530.0,129873306.9,427074478.5
2024-06-03,762866189.5,14522731.45,491533268.9,136835482.9,119974706.3,460224251.1
2024-06-04,774724376.3,14472708.9,506157131.0,134267541.2,119826995.1,471343179.0
2024-06-05,773216319.5,14328515.06,504620153.0,132164953.9,122102697.6,472930932.0
2024-06-06,776807859.8,14684054.48,502327272.6,136082138.1,123714394.7,474748447.5
2024-06-07,799102302.0,14993707.72,512913817.2,146357428.9,124837348.1,477235904.6
2024-06-08,797242489.7,15559148.17,501573727.9,144758057.9,135351555.8,469183024.8
2024-06-09,781677253.6,15781542.85,472862677.3,145969214.0,147063819.4,442867301.7
2024-06-10,729063265.3,15573501.4,405128661.3,146847508.6,161513594.0,376793145.1
2024-06-11,851960120.6,16079373.87,499981524.4,176652703.8,159246518.6,452984461.5
2024-06-12,897636905.9,16303623.37,527940182.9,183749433.5,169643666.1,489407112.7
2024-06-13,894917702.2,16268163.2,527651572.5,181751162.2,169246804.3,490549685.2
2024-06-14,889012732.2,16269185.91,521569873.0,182941850.0,168231823.3,491378544.0
2024-06-15,878165316.3,16158947.54,515125556.3,169882210.4,176998602.0,484260397.6
2024-06-16,835806056.3,15792518.8,488930805.0,160176596.7,170906135.7,457972936.6
2024-06-17,884846888.5,15915008.01,521071294.2,180852970.8,167007615.5,480021438.2
2024-06-18,880481901.6,16062665.33,522955160.7,176055122.6,165408952.9,490702428.0
2024-06-19,893294589.4,16278961.71,526084599.5,181126741.0,169804287.2,493466288.8
2024-06-20,936870986.1,16698916.96,536596300.5,194971192.3,188604576.3,497647139.2
2024-06-21,967726335.7,17174144.48,536627547.3,205010378.1,208914265.7,502297827.5
2024-06-22,986645521.2,17422119.03,539004663.0,193126074.8,237092664.4,496782340.6
2024-06-23,982000131.5,17379393.41,522556500.0,191773147.4,250291090.7,476360976.9
2024-06-24,1006971167.0,17227640.31,544638058.1,211796264.3,233309204.7,498731014.8
2024-06-25,1004447217.0,16984843.09,546773133.4,210360608.6,230328631.5,505023167.2
2024-06-26,984260707.4,16801990.24,543727592.8,204051628.0,219679496.3,498331913.2
2024-06-27,991027823.9,16948361.12,546495072.1,205454731.7,222129659.0,503805538.1
2024-06-28,991968669.1,17183971.32,545102599.5,206089591.8,223592506.5,501053970.3
2024-06-29,959721373.6,16880394.23,532329000.7,188095361.4,222416617.3,489895743.6
2024-06-30,919370050.2,16854706.91,493004886.5,185670371.6,223840085.2,458207164.5
2024-07-01,943385208.7,16991385.52,498488995.6,204409201.9,223495625.8,458903355.3
2024-07-02,974860857.7,17314087.52,514821589.4,209375308.4,233349872.4,480038625.0
2024-07-03,998150885.7,17877483.24,523476940.8,212498428.5,244298033.2,486614793.0
2024-07-04,1024749263.0,18069812.24,533699688.4,215639971.6,257339790.8,492801764.0
2024-07-05,1040031093.0,18262126.22,535205965.8,218098074.6,268464926.4,492795139.2
2024-07-06,1026060702.0,18317939.19,526409428.3,202302263.8,279031070.3,486377107.9
2024-07-07,999052422.1,18335650.95,501026723.3,197126365.4,282563682.5,463889675.3
2024-07-08,1020649377.0,17975799.76,522688528.9,213357342.9,266627705.1,486342736.0
2024-07-09,1017843119.0,17889627.28,528107653.8,211847646.9,259998191.3,490178583.3
2024-07-10,1025985616.0,18014785.71,533339354.4,212789450.8,261842024.9,490799491.8
2024-07-11,1024296538.0,17940284.48,526878924.1,213369920.0,266107409.5,493375886.6
2024-07-12,1028281151.0,17993784.88,532052669.8,212840409.6,265394286.7,494981935.1
2024-07-13,1024371058.0,18247290.76,530059989.9,200526015.8,275537761.8,490144154.2
2024-07-14,1006908460.0,18467502.08,506573061.0,196591457.2,285276439.5,467386686.2
2024-07-15,1039797279.0,18634049.35,528021349.2,215177939.8,277963940.3,487223603.7
2024-07-16,1041694393.0,18522626.79,533989499.4,214085130.8,275097135.7,486983710.9
2024-07-17,1052203495.0,18413934.92,544529241.0,215038012.3,274222306.5,495846472.3
2024-07-18,1055964933.0,18480370.8,540861702.0,216862768.4,279760091.9,497298723.1
2024-07-19,1071789486.0,18648360.43,546214416.3,219733385.2,287193324.0,501927890.8
2024-07-20,1056028002.0,18777560.85,535200571.8,205214010.4,296835859.4,489048781.2
2024-07-21,1034461122.0,18826690.75,513880681.5,199954696.8,301799052.7,469849943.5
2024-07-22,1060597037.0,18748296.26,538156881.9,216901684.9,286790174.2,495434347.6
2024-07-23,1063239593.0,18773793.33,538611496.2,217946015.7,287908287.4,497647692.4
2024-07-24,1022270005.0,18082755.59,520861314.0,209089265.0,274236670.9,494239877.3
2024-07-25,896750955.1,16145022.86,479779615.5,167478205.6,233348111.1,456660008.1
2024-07-26,838739272.8,14878139.12,474587374.9,163036289.8,186237468.9,445804606.1
2024-07-27,864170503.3,15350055.38,505842336.1,163833947.3,179144164.5,463411823.6
2024-07-28,874290794.0,16012615.93,496799127.5,170240231.4,191238819.2,455638254.8
2024-07-29,924584045.3,16562218.61,517845006.9,190811480.1,199365339.6,478982680.9
2024-07-30,949568880.2,16814002.68,530438156.9,193909748.6,208406971.9,486852482.2
2024-07-31,959109305.5,16978040.19,525381716.7,198257729.9,218491818.8,482603351.9
2024-08-01,981147037.4,17452374.82,520483288.7,205291457.5,237919916.4,475868416.9
2024-08-02,1026696549.0,17796256.18,538258502.0,212239060.9,258402730.1,492621956.4
2024-08-03,1053826285.0,18395112.69,547138077.8,203917909.4,284375184.6,491675191.1
2024-08-04,1030613015.0,18327655.93,521925746.9,198029915.5,292329696.6,467862704.9
2024-08-05,1027475843.0,18031699.14,526717814.5,211654870.1,271071458.7,491276652.4
2024-08-06,1047261043.0,18173209.48,547829022.1,211842804.1,269416007.2,498456298.9
2024-08-07,1038648733.0,17914435.3,547261017.9,210521767.1,262951513.1,498750319.8
2024-08-08,1025579732.0,17597690.26,546605677.5,207644231.4,253732132.9,500606048.0
2024-08-09,1002862733.0,17719918.28,531127703.8,205264437.2,248750674.2,499715717.0
2024-08-10,990497356.2,17878112.27,522227885.0,193823782.3,256567576.6,486223813.3
2024-08-11,967300327.7,17648735.19,497749599.0,189569169.8,262332823.7,469619559.8
2024-08-12,1006674959.0,17554174.3,531072749.5,204945151.5,253102883.9,495350083.1
2024-08-13,992014283.7,17304574.53,538363769.7,199087082.7,237258856.8,497563083.3
2024-08-14,951969003.6,16924619.85,528137543.2,191527074.5,215379766.0,496756936.1
2024-08-15,936599835.0,16887185.24,527374734.4,188176266.6,204161648.8,491950515.2
2024-08-16,909150608.5,16760536.85,514595995.8,183997917.2,193796158.7,477823149.1
2024-08-17,898430647.7,16756987.24,506743960.1,173823216.1,201106484.4,474297367.3
2024-08-18,861405062.8,16274430.58,476649076.7,166404884.7,202076670.8,451182650.9
2024-08-19,898182937.8,16304226.85,504427175.6,184593497.0,192858038.3,480146463.2
2024-08-20,881773412.6,15787696.2,512460698.0,176058150.9,177466867.4,486643973.6
2024-08-21,889963421.3,15607414.89,525157139.1,176717021.5,172481845.8,485041121.2
2024-08-22,907874590.1,16203479.62,528174961.8,182405472.2,181090676.5,485484929.2
2024-08-23,943805835.9,16764960.07,540903580.8,190195829.0,195941466.0,494263738.4
2024-08-24,940670761.0,16922805.69,530487669.5,182788443.5,210471842.4,486602493.1
2024-08-25,927102735.9,17068535.03,507573198.5,180658240.0,221802762.4,469900610.0
2024-08-26,977772153.3,17327586.03,538248570.6,198248713.1,223947283.6,493551995.1
2024-08-27,1010255753.0,17761887.22,546922621.1,205051828.1,240519416.8,504037808.7
2024-08-28,1008181773.0,17238529.98,562885120.5,198614899.3,229443222.9,520698141.7
2024-08-29,977765906.4,17089713.56,544270022.7,197462473.0,218943697.2,497989929.2
2024-08-30,999898298.1,17699841.45,543542901.5,204071818.7,234583736.4,496376326.4
2024-08-31,994228359.3,17852337.25,528847049.2,194884844.2,252644128.7,479798796.4
2024-09-01,946826996.7,17774536.35,475850557.5,193663304.3,259538598.4,436572519.1
2024-09-02,989369769.3,17839115.33,515389934.3,214903561.5,241237158.1,473800933.4
2024-09-03,1006507145.0,17884610.83,536334781.4,214145867.6,238141884.8,491339939.1
2024-09-04,983069811.3,17570759.29,532056175.6,208217256.3,225225620.1,487919033.4
2024-09-05,975300676.0,17399077.96,526249339.9,209026052.0,222626206.2,490535326.3
2024-09-06,987984331.8,17389628.63,528097066.1,214604684.9,227892952.2,489924341.6
2024-09-07,965162056.2,17181337.41,523973554.2,191582408.0,232424756.7,480501500.6
2024-09-08,944041318.7,17242904.88,514211723.3,185549459.3,227037231.1,461772972.7
2024-09-09,964015787.6,17234626.32,534600659.6,206864962.4,205315539.2,480160467.7
2024-09-10,980927337.2,17412727.42,542342115.9,209333288.2,211839205.7,490356791.6
2024-09-11,994743892.7,17723404.99,541442864.2,213079061.4,222498562.2,493502196.2
2024-09-12,1011221025.0,17958444.4,549231490.8,214886776.6,229144313.6,499584508.6
2024-09-13,1015133762.0,17860070.0,555198999.7,214937138.9,227137553.9,498598404.6
2024-09-14,945138512.3,16892768.18,532836509.3,196832139.5,198577095.3,488677606.6
2024-09-15,902184766.3,16535047.42,514328942.5,174691717.2,196629059.1,474732634.4
2024-09-16,893547747.9,17304992.59,477579922.2,179065193.5,219597639.6,446701738.9
2024-09-17,848124215.4,17119317.93,405041499.7,177148859.9,248814537.9,374127616.6
2024-09-18,948771455.8,17052338.83,505089503.1,207345688.6,219283925.3,449256412.4
2024-09-19,968279159.9,17101275.09,529079550.8,206776160.5,215322173.5,488604456.3
2024-09-20,985832679.4,17230851.52,546661292.1,208820954.3,213119581.5,493829576.5
2024-09-21,978358238.4,17587564.48,530902118.2,194646278.4,235222277.4,493450429.0
2024-09-22,879430546.7,15649397.41,516035623.5,164001271.6,183744254.2,465102390.9
2024-09-23,816660395.2,14635648.53,503736012.6,161318928.7,136969805.3,466095677.6
2024-09-24,827437577.9,15103764.76,512360413.6,163629918.4,136343481.2,469935387.2
2024-09-25,861834126.1,15887280.32,518784234.2,179214177.1,147948434.5,477201855.7
2024-09-26,887149431.7,16242433.0,531012664.5,183648914.9,156245419.3,483179466.1
2024-09-27,879781589.4,16332299.55,524301164.9,183031092.8,156117032.1,486948829.4
2024-09-28,878184042.5,16444561.65,525113720.0,171160475.9,165465285.0,489250204.0
2024-09-29,882020043.9,16377523.03,523120166.9,183327717.5,159194636.4,484363421.6
2024-09-30,891487875.7,16754936.64,507865856.6,192030179.0,174836903.4,465948255.6
2024-10-01,753794640.5,16144548.22,383052976.6,167087666.0,187509449.7,352796923.6
2024-10-02,683620186.0,14457118.84,379296436.2,142637409.1,147229221.9,351365423.4
2024-10-03,690191107.7,14242076.98,412241462.6,135111666.5,128595901.6,379260620.1
2024-10-04,729407398.1,14242916.1,455605414.7,134105813.6,125453253.7,416506297.5
2024-10-05,773234361.6,15052897.07,486849578.2,141462617.4,129869269.0,439516754.1
2024-10-06,813081523.6,15880529.11,499352451.2,152990101.6,144858441.7,455402272.7
2024-10-07,844382145.7,15822005.26,519093011.8,156992221.4,152474907.3,469924075.0
2024-10-08,808747689.0,14810348.41,508479757.1,154119041.0,131338542.5,474712617.0
2024-10-09,800108799.7,14616463.56,512153408.9,148374733.3,124964193.8,473031575.2
2024-10-10,780543465.6,14759640.73,497706625.9,145525718.9,122551480.1,469536914.0
2024-10-11,781455078.7,14734052.95,500453217.3,145129881.9,121137926.6,469641109.4
2024-10-12,784867152.9,14919154.59,500623834.8,146607708.2,122716455.4,468899118.1
2024-10-13,795382963.0,15475005.1,498539195.8,146052468.4,135316293.7,459486216.6
2024-10-14,834978995.3,15905237.97,518458811.3,164902491.1,135712455.0,483521921.6
2024-10-15,852440857.5,16045513.47,523471260.7,170869209.1,142054874.2,486074901.0
2024-10-16,831226795.9,15982598.67,503174024.0,169692135.5,142378037.8,473214963.4
2024-10-17,858882407.9,16039260.63,530217428.2,169929123.2,142696595.8,489756712.5
2024-10-18,876915274.3,16512392.05,527309777.7,180153347.1,152939757.4,492715521.4
2024-10-19,875312178.4,16563869.15,522694544.4,169253475.6,166800289.2,490116077.8
2024-10-20,822689800.0,15552705.86,510223626.7,149421747.4,147491720.1,459423326.3
2024-10-21,819842880.4,15610390.35,509908178.0,161082380.7,133241931.5,477258303.9
2024-10-22,840212884.4,15814537.88,522992282.4,165072615.0,136333449.1,483844156.9
2024-10-23,823314313.0,15289788.2,522050765.8,155637546.1,130336213.0,480756220.3
2024-10-24,794911329.4,14816569.09,512893320.2,144565674.5,122635765.6,468843075.9
2024-10-25,797177228.8,14952344.55,512115842.0,146923676.4,123185365.9,471049284.8
2024-10-26,817386141.4,15672559.79,518809557.9,147576342.8,135327680.9,471562885.3
2024-10-27,806143669.6,15863975.63,497671785.7,149185688.5,143422219.8,458351445.2
2024-10-28,804054331.5,15049294.38,513136666.7,147684210.1,128184160.4,470651379.4
2024-10-29,788899224.3,15013868.79,503852765.7,146132500.5,123900089.3,473079335.9
2024-10-30,782708870.4,14998414.57,502470312.4,143293750.5,121946392.9,470045060.6
2024-10-31,784154743.9,14844669.86,499232565.2,144202721.7,125874787.2,461357851.2
2024-11-01,769887077.7,14848573.86,483195692.0,144716083.9,127126727.9,443601181.8
2024-11-02,774424681.3,15240945.87,487169071.6,141350459.9,130664203.9,449269387.2
2024-11-03,766479436.7,15336486.38,483073947.4,137029990.8,131039012.2,441609841.3
2024-11-04,793808121.1,15398844.64,508934759.5,145858578.8,123615938.2,467660159.1
2024-11-05,795439740.3,15276744.78,515163623.2,142740361.0,122259011.3,474665245.0
2024-11-06,782503484.8,14848060.03,510080459.7,136787450.7,120787514.3,471591185.4
2024-11-07,779718569.4,14752726.15,509217850.3,133963062.2,121784930.9,469750548.4
2024-11-08,784256036.0,15041844.48,511930330.9,136793775.9,120490084.7,473310948.5
2024-11-09,784939286.1,15363604.12,512136545.7,132697364.9,124741771.4,473848285.9
2024-11-10,768753820.4,15509587.56,491418434.3,133884456.9,127941341.7,455720318.0
2024-11-11,792097432.7,15661471.39,511385932.9,142971588.9,122078439.5,470567987.8
2024-11-12,797317947.1,15640016.05,516822355.6,142397826.0,122457749.4,476612556.6
2024-11-13,792818357.0,15442904.06,514601065.3,140415180.9,122359206.7,475846076.3
2024-11-14,811003769.3,15950087.46,522514122.0,147066647.3,125472912.5,483669826.2
2024-11-15,830697858.5,16103981.33,527151472.4,157158637.7,130283767.1,484874970.6
2024-11-16,807528431.6,16077036.45,511734442.1,146330187.8,133386765.3,468395820.2
2024-11-17,786205495.7,15929488.13,496589599.2,140529778.4,133156630.0,454529548.6
2024-11-18,787223588.4,14983926.48,514352537.8,134901272.5,122985851.7,471581559.9
2024-11-19,783126079.3,14673148.6,514143558.7,131407080.2,122902291.8,473941973.6
2024-11-20,780966975.6,14707685.83,510335966.5,130991312.8,124932010.5,475933668.8
2024-11-21,788303587.5,14680849.07,515404403.7,131546993.7,126671341.1,476554188.8
2024-11-22,795228437.1,14885703.14,520613338.1,132787875.3,126941520.7,471929719.9
2024-11-23,787392392.3,14976420.66,515678613.7,126502965.8,130234392.1,469312915.2
2024-11-24,769332208.6,15097846.81,496012018.2,124707223.6,133515120.0,454527112.1
2024-11-25,783461269.3,15097445.39,508669263.1,131073279.6,128621281.2,469298600.0
2024-11-26,784659614.4,14929826.28,510102260.6,132102407.6,127525120.0,472287419.1
2024-11-27,795265256.2,14941326.52,520394178.4,131106897.4,128822853.9,473913918.9
2024-11-28,802890066.7,15099874.99,524685904.9,131810145.9,131294141.0,473177401.5
2024-11-29,803259194.2,15206735.07,520451624.7,133620682.4,133980152.1,469858269.6
2024-11-30,780904638.5,15256810.33,498977874.9,127436666.4,139233286.9,458266328.8
2024-12-01,755460389.4,15300867.1,473819346.8,125037928.6,141302246.9,422814081.9
2024-12-02,780845260.0,15371388.34,501868327.1,131747225.6,131858319.1,448402033.9
2024-12-03,793982084.3,15311182.59,516298344.7,132067155.8,130305401.1,468980227.0
2024-12-04,791277070.7,15288209.15,515058335.3,131584985.5,129345540.8,469619476.0
2024-12-05,793195382.1,15297150.87,517024939.6,131781892.6,129091399.1,472312371.0
2024-12-06,803430680.4,15368443.95,525245017.3,133060051.9,129757167.2,476839877.6
2024-12-07,794005838.6,15344492.88,515869403.3,127227189.6,135564752.9,475888308.1
2024-12-08,789742728.7,15324597.17,504484288.5,125202387.2,144731455.9,460627302.4
2024-12-09,808353061.6,15411465.23,523046777.6,132154070.9,137740747.9,473914136.9
2024-12-10,810253241.7,15554237.39,526494327.4,132352825.8,135851851.1,479863202.3
2024-12-11,805848064.8,15683363.36,521785022.9,133538840.3,134840838.3,476620348.3
2024-12-12,815262963.6,15472523.33,527870075.6,134336529.7,137583834.9,480403569.9
2024-12-13,819497835.4,15599074.72,527761310.2,135854557.4,140282893.0,481942960.0
2024-12-14,817206280.0,15564780.66,522198013.7,130288229.8,149155255.8,474857979.7
2024-12-15,806689081.9,15667177.34,502479748.3,129728344.9,158813811.3,453728446.4
2024-12-16,817855846.2,15708317.08,513305872.6,137900060.4,150941596.2,463621603.0
2024-12-17,831339987.4,15834137.81,524776989.1,138626563.7,152102296.8,477007492.3
2024-12-18,838307796.2,15808248.75,531048734.0,139672948.9,151777864.5,484285579.0
2024-12-19,854989259.9,15984436.07,537660318.9,142984146.4,158360358.6,488216390.4
2024-12-20,851902391.5,16020774.3,536161464.8,141276894.5,158443258.0,487164917.0
2024-12-21,828965353.8,15889639.59,519407219.3,131355205.8,162313289.1,472227488.4
2024-12-22,828432470.7,15899531.36,514166289.7,131820000.5,166546649.1,467000409.1
2024-12-23,838262990.5,16004102.25,522499458.2,141378976.1,158380454.0,478924048.6
2024-12-24,843748672.0,16089164.91,532368682.6,139943655.6,155347168.8,483000717.5
2024-12-25,829374939.1,16071898.83,525086864.7,137588879.5,150627296.1,481415135.6
2024-12-26,822375088.4,16051227.72,521740304.7,137106776.1,147476779.9,478696269.0
2024-12-27,825109289.7,15977802.34,523351444.2,138241071.2,147538971.9,480362928.1
2024-12-28,817379703.7,16074725.85,515003747.8,131891400.4,154409829.6,474845141.7
2024-12-29,817698977.2,16201447.55,505202135.0,131714769.8,164580624.9,463368464.9
2024-12-30,815259576.8,16160103.0,508828893.4,137714337.5,152556242.9,469413869.9
2024-12-31,793335665.3,16063703.38,488996497.0,138450642.6,149824822.3,457418322.7
2025-01-01,725571021.7,15876496.85,421232776.7,129221712.7,159240035.5,391422749.3
2025-01-02,799960797.3,15971368.75,500004976.0,135057589.2,148926863.4,444538834.1
2025-01-03,816181025.1,16092711.26,512645164.6,136995055.5,150448093.8,458667728.4
2025-01-04,812995382.1,16211833.82,511647337.0,130201598.6,154934612.7,466083425.9
2025-01-05,803789657.4,16260955.48,503600071.1,127306493.5,156622137.2,459963376.9
2025-01-06,813294013.4,16286033.12,510584979.7,136697299.0,149725701.7,463141174.0
2025-01-07,824381801.4,16314804.58,516889689.9,138472454.4,152704852.6,468385216.3
2025-01-08,821285965.9,16377874.19,513704905.4,138165463.2,153037723.2,464460441.6
2025-01-09,826332030.3,16375836.37,514699073.9,139517835.5,155739284.6,464408873.5
2025-01-10,835720547.6,16448986.47,514971563.0,142701883.8,161598114.2,462461665.4
2025-01-11,833278304.4,16670572.19,507468062.9,136259719.5,172879949.9,452991702.4
2025-01-12,809302533.1,16632520.74,482294739.9,132953244.3,177422028.2,434788910.9
2025-01-13,815975643.7,16568821.39,491117898.2,141101245.1,167187678.9,440535343.5
2025-01-14,799315030.7,16488346.35,481062723.1,138867592.8,162896368.4,433896566.8
2025-01-15,783704108.6,16317032.26,468379292.7,137697619.5,161310164.1,419311254.3
2025-01-16,780377903.6,16394336.49,459445851.4,139483822.8,165053892.9,408519319.5
2025-01-17,777854665.3,16537311.09,451993324.9,140434672.9,168889356.4,402761539.4
2025-01-18,754293050.5,16497712.08,432669113.6,133545254.0,171580970.8,384510328.4
2025-01-19,719034030.5,16443508.09,406878265.1,128192220.2,167520037.1,364600358.4
2025-01-20,713179754.2,16399523.68,401154033.2,133318884.7,162307312.7,350479783.0
2025-01-21,688181579.1,16268637.84,378638175.9,132466050.7,160808714.7,327705016.5
2025-01-22,662345933.6,16104433.8,355940353.9,129821960.4,160479185.5,312675175.3
2025-01-23,630541148.7,16031076.64,329301106.7,127034162.0,158174803.3,287423462.4
2025-01-24,602010351.0,15771727.57,306205042.6,124652355.3,155381225.5,263694665.9
2025-01-25,573189598.9,15557016.52,281605527.6,118231579.7,157795475.2,237027003.6
2025-01-26,563063922.5,15468211.71,260098552.5,118563515.0,168933643.2,223305285.6
2025-01-27,547444135.3,15148681.95,239020173.8,112732360.9,180542918.6,205965836.1
2025-01-28,546333208.1,14817778.99,217884962.6,96456019.2,217174447.4,192957334.6
2025-01-29,493911946.3,14280699.99,212268625.6,94956960.74,172405659.9,187390302.8
2025-01-30,495219483.2,14540336.99,213138837.2,101098708.5,166441600.5,193549477.2
2025-01-31,527510201.0,14781844.5,250293873.2,105412281.5,157022201.8,196598624.7
2025-02-01,505678381.9,14873606.09,228109948.8,106765489.0,155929338.0,198856101.4
2025-02-02,522431941.9,14923118.6,239158229.3,109915961.1,158434632.9,202984616.5
2025-02-03,557359614.6,15295554.11,257466442.3,114990660.7,169606957.4,222053155.2
2025-02-04,578595630.1,15512261.99,273877362.5,117515196.9,171690808.8,238020053.6
2025-02-05,626102392.6,15756859.23,312437283.4,125003875.4,172904374.5,262206068.8
2025-02-06,649225710.4,15755286.13,334547528.4,126900552.9,172022343.0,287574410.7
2025-02-07,663851117.2,15950767.0,341737496.3,130595732.3,175567121.6,305350763.5
2025-02-08,695528455.1,16152163.48,365964025.6,132721538.3,180690727.7,319522712.1
2025-02-09,696180021.6,16213058.33,367915088.2,126861223.6,185190651.4,325433783.3
2025-02-10,721001679.9,16262752.86,392951212.7,133485979.8,178301734.5,343386591.7
2025-02-11,710850574.7,16075452.66,396176499.2,129249414.8,169349208.1,355743432.8
2025-02-12,689449510.2,15550867.11,384772189.7,122375251.9,166751201.5,350210384.4
2025-02-13,720086792.7,15563593.3,407466032.5,131575989.6,165481177.2,372500990.7
2025-02-14,734834318.3,15682519.42,427837424.3,133459379.4,157854995.1,386722330.2
2025-02-15,729053341.5,15726780.83,433103443.3,126002511.1,154220606.2,395093804.3
2025-02-16,717079313.3,15789316.04,420993791.6,125031518.0,155264687.6,393440931.5
2025-02-17,741491261.0,15804517.34,446342533.8,132288999.8,147055210.0,409342601.5
2025-02-18,770967980.9,16151240.23,467047595.6,135982411.5,151786733.5,424060029.7
2025-02-19,784518034.1,16307478.99,475921728.2,137436026.4,154852800.5,433438740.9
2025-02-20,795429465.4,16321681.62,484721494.0,138067431.4,156318858.3,441485658.8
2025-02-21,806985285.9,16359986.75,492427055.3,139733601.5,158464642.3,447665472.7
2025-02-22,804819734.8,16458225.6,489438373.5,132367121.8,166556013.8,442858259.3
2025-02-23,789285046.0,16370971.15,466617823.8,131198376.9,175097874.2,429744954.4
2025-02-24,815933014.4,16482934.55,495844804.4,140536419.5,163068856.0,448671212.3
2025-02-25,811590363.7,16472846.92,494241078.6,140268690.2,160607748.0,449790664.7
2025-02-26,808954695.8,16246373.36,497907764.0,137709142.3,157091416.1,453277276.6
2025-02-27,807187131.6,16226097.36,502076804.6,135718697.3,153165532.2,455688883.7
2025-02-28,793169507.0,16202631.21,496224811.7,133826627.3,146915436.8,453055651.5
2025-03-01,767508794.0,15967070.08,479593256.6,126091298.6,145857168.7,439386389.3
2025-03-02,774673820.9,16129805.16,487178671.9,126018251.0,145347092.9,443181990.4
2025-03-03,795264180.9,16137593.69,509220609.1,134385794.4,135520183.7,471923534.7
2025-03-04,796855536.3,15598363.04,512301432.7,132280719.7,136675020.8,475219883.3
2025-03-05,807154443.6,15830958.31,514103040.2,134279342.7,142941102.5,476469218.5
2025-03-06,828460345.1,16171653.0,526930993.7,136977477.7,148380220.8,482751884.7
2025-03-07,846997807.3,16320625.68,535550095.3,140427341.8,154699744.5,484868125.3
2025-03-08,831316889.3,16286613.28,528964864.4,130848358.6,155217052.9,480836875.0
2025-03-09,809748330.7,16211658.79,509561172.6,127373434.7,156602064.7,465762552.4
2025-03-10,822399353.6,16265942.33,530346468.4,132837268.9,142949674.0,483701867.8
2025-03-11,820730120.2,16271856.85,533535434.7,131861015.2,139061813.4,486776306.8
2025-03-12,822183744.7,16343208.51,537275397.1,133044037.0,135521102.0,494234608.2
2025-03-13,811467319.5,16269687.74,527703286.2,134375279.6,133119065.9,494536287.1
2025-03-14,816594275.2,15875451.01,533292050.7,133719226.4,133707547.1,490069520.6
2025-03-15,800231165.1,15856113.66,515823098.5,127348629.8,141203323.1,478026458.1
2025-03-16,783159066.6,15748725.95,493260296.6,125852942.4,148297101.6,452939276.0
2025-03-17,822022043.1,16008091.47,526252985.8,135024802.4,144736163.4,477453399.3
2025-03-18,824976308.8,15976936.51,531910868.8,133597350.5,143491153.0,487740951.7
2025-03-19,824764289.0,16031575.76,532003430.5,133389874.5,143339408.2,490463680.4
2025-03-20,828771368.8,16037119.72,537638623.3,133284830.3,141810795.4,491404614.3
2025-03-21,829260619.6,16098207.14,539965679.8,133819658.3,139377074.3,492621970.8
2025-03-22,818052372.2,16138448.32,533808405.5,127041334.1,141064184.3,487846169.6
2025-03-23,798913639.3,16165279.07,515928319.3,124869560.0,141950481.0,468905597.4
2025-03-24,819684204.5,16180742.14,539132546.8,132192328.7,132178586.9,491181391.1
2025-03-25,821403522.7,16271366.36,539407004.5,134929945.3,130795206.5,496824585.0
2025-03-26,820830206.2,16314230.25,536768091.2,137815641.7,129932243.0,499330779.6
2025-03-27,826923148.5,16278458.04,540184451.0,140671137.0,129789102.5,502554925.9
2025-03-28,820379660.9,15512417.44,538722222.6,134984460.3,131160560.6,500377732.9
2025-03-29,821756218.1,15795027.51,534749405.2,127998965.2,143212820.2,491748022.7
2025-03-30,817045256.1,16031349.12,510996240.6,129506277.1,160511389.4,475062060.4
2025-03-31,835537550.5,16108252.61,519285295.1,140973723.9,159170278.8,481222727.2
2025-04-01,820294022.8,15897226.55,511792387.5,137572365.9,155032042.8,477093180.6
2025-04-02,826779250.7,15857297.07,527435485.2,134802803.6,148683664.8,487078665.3
2025-04-03,819103225.2,15863173.61,522890156.7,134238839.1,146111055.8,478053402.5
2025-04-04,732646821.2,15469789.81,447599175.2,120866487.7,148711368.4,405241165.1
2025-04-05,764055558.4,15515792.48,482841746.7,122139476.0,143558543.3,438609338.3
2025-04-06,800592395.7,15798448.91,514468458.2,126138268.3,144187220.3,472063027.5
2025-04-07,813917552.2,15902342.16,531497260.3,133227851.0,133290098.8,491144073.3
2025-04-08,832877093.3,16000719.65,551404320.6,133976410.3,131495642.7,499618544.5
2025-04-09,828749561.8,15970649.81,546014854.2,135966273.6,130797784.2,501294229.4
2025-04-10,831917749.8,15851053.76,547761062.1,138322732.2,129982901.8,501229781.1
2025-04-11,836199837.9,15944569.85,548322926.5,141462777.0,130469564.5,501620981.7
2025-04-12,822933245.4,15537148.94,538888347.7,132367214.6,136140534.1,496556425.9
2025-04-13,793187939.3,15192642.25,515974509.0,126556622.7,135464165.4,473796893.9
2025-04-14,814726228.1,15754735.79,534563139.6,135489815.1,128918537.6,491439016.2
2025-04-15,824653996.2,15848535.27,542898357.9,137670711.0,128236392.0,494883506.2
2025-04-16,819200516.2,15957206.6,535729772.2,139447396.7,128066140.7,489007512.7
2025-04-17,833009827.5,15978961.18,543191134.2,144563134.8,129276597.2,498854875.1
2025-04-18,851795674.7,16369726.67,551269823.8,152330445.4,131825678.9,505586613.8
2025-04-19,845613855.1,16361244.42,540390835.1,146778345.4,142083430.1,499712522.8
2025-04-20,830092075.6,16232049.94,524905527.1,143485432.1,145469066.5,480708263.0
2025-04-21,854450087.5,16682580.4,545916118.1,154737900.6,137113488.4,501343792.4
2025-04-22,877467096.1,16908395.13,551584357.1,165683921.7,143290422.3,510950250.1
2025-04-23,863340085.1,16499487.44,551799974.2,155845412.9,139195210.5,509599589.1
2025-04-24,832438770.2,15810792.2,541290322.9,143971637.3,131366017.8,498576131.6
2025-04-25,809899629.1,15352002.59,527031124.4,138306960.1,129209542.1,494126823.6
2025-04-26,808467347.5,15324538.19,527564064.1,130279582.2,135299163.0,484494399.7
2025-04-27,798105999.5,15543482.91,514515931.4,137957827.2,130088758.0,479838484.8
2025-04-28,819629953.5,16006588.08,530139249.1,144600874.5,128883241.8,492841657.0
2025-04-29,820369282.6,15921835.55,529804648.9,146553728.1,128089070.0,490602307.7
2025-04-30,801094665.7,16175058.07,504799538.2,149895635.9,130224433.5,473850768.0
2025-05-01,702491869.4,16103772.19,406903346.6,142698508.8,136786241.8,373347791.6
2025-05-02,712866146.4,16440394.26,413141979.8,145618944.6,137664827.8,379670644.2
2025-05-03,782890030.5,16769709.85,473024190.5,150093370.0,143002760.1,428942261.6
2025-05-04,804645809.8,16355976.1,504380859.8,142686301.9,141222672.0,456106876.0
2025-05-05,823446182.9,16486383.9,515444953.4,148561679.7,142953165.8,478190248.9
2025-05-06,873309508.5,16969155.09,544329496.8,167965215.0,144045641.6,502589594.7
2025-05-07,855494407.3,15773801.64,556424979.2,150755195.5,132540431.0,498942966.5
2025-05-08,838781572.1,15849327.67,537620236.1,153105042.5,132206965.7,500625917.7
2025-05-09,868775822.4,16351083.15,546863359.3,165521673.9,140039706.1,507572014.4
2025-05-10,871583582.7,16346432.92,555938428.6,154906981.5,144391739.6,498151184.7
2025-05-11,802916169.0,15283833.02,514891516.6,137944879.3,134795940.1,474236954.1
2025-05-12,820079459.4,15756734.91,529146199.7,147815538.9,127360985.8,492475733.3
2025-05-13,837619011.4,16097984.22,539781429.3,152594332.7,129145265.2,500369710.5
2025-05-14,861897868.0,16624577.34,548670646.5,162570572.7,134032071.4,507081057.3
2025-05-15,886887509.9,17092793.99,553829841.6,173083980.0,142880894.3,510031588.7
2025-05-16,909764316.2,17373699.82,554476867.1,183032573.4,154881175.9,506970379.5
2025-05-17,922097429.6,17807831.13,550964577.6,175039083.3,178285937.6,508593616.9
2025-05-18,904245280.9,17555103.69,534729359.6,168196919.4,183763898.1,490637926.7
2025-05-19,905394416.5,17266580.92,545943447.9,178973226.7,163211161.0,513448362.4
2025-05-20,916706180.7,17312663.77,552634488.5,183563264.9,163195763.5,515540620.4
2025-05-21,946118422.7,17858754.93,561707245.5,192855757.9,173696664.3,520007432.4
2025-05-22,962291323.7,18134659.93,569158701.4,194007654.6,180990307.7,524637133.8
2025-05-23,963400708.7,17791236.29,568309356.0,195311352.3,181988764.2,524073566.8
2025-05-24,891358108.7,16839826.0,542083438.7,163713177.2,168721666.8,508116460.3
2025-05-25,819282902.2,15668143.28,516913782.1,143449498.8,143251478.0,485454777.8
2025-05-26,820007642.9,15557251.18,531896898.9,144720708.9,127832783.9,494175811.6
2025-05-27,832196766.6,16057561.23,534853806.2,152203945.1,129081454.1,501372956.1
2025-05-28,831437758.2,15536614.11,537164834.2,147795167.3,130941142.6,500625393.9
2025-05-29,819303680.3,15335362.31,528506348.1,144417281.4,131044688.4,493318600.2
2025-05-30,810531820.8,15792746.94,508202361.7,153145354.0,133391358.3,476458997.6
2025-05-31,710889695.7,15594740.38,413744611.7,139596281.1,141954062.5,383879225.9
2025-06-01,767304290.5,16605185.36,449110853.9,152911575.5,148676675.7,409534391.2
2025-06-02,898135458.3,17533600.93,523099301.9,173503246.1,183999309.4,472510241.5
2025-06-03,880430165.2,16327108.43,538546590.2,169747350.2,155809116.4,492509800.9
2025-06-04,847054156.3,16219949.38,528350923.7,162565452.3,139917830.8,493410753.6
2025-06-05,864357927.9,16723818.33,540721966.4,165001757.3,141910386.0,494165996.0
2025-06-06,890117319.9,17522907.81,533171386.7,181524098.4,157898927.1,499500714.0
2025-06-07,929627752.3,18415066.43,535595651.8,181613623.1,194003411.0,502023979.5
2025-06-08,941096237.1,18598537.19,521526501.6,182912621.3,218058577.0,479895019.7
2025-06-09,974545892.3,18664971.41,539967167.1,205213123.7,210700630.2,502686682.9
2025-06-10,993342194.0,18831426.07,548102992.1,210331111.7,216076664.1,509519987.3
2025-06-11,987916386.8,18782862.33,541579517.1,210244905.9,217309101.4,510157607.1
2025-06-12,1016273039.0,18655647.23,568826189.0,211268433.7,217522769.4,516145006.9
2025-06-13,1004429404.0,18228969.51,564263746.3,208064237.9,213872449.8,515486302.9
2025-06-14,955657590.5,18032487.13,533726241.5,188128252.8,215770609.1,502332964.5
2025-06-15,926458322.7,17897694.88,501462425.8,186496727.4,220601474.6,471269767.1
2025-06-16,945585510.0,17278639.01,529305661.4,200663957.6,198337252.0,490272497.1
2025-06-17,907792535.1,16747254.57,529408363.7,185969977.3,175666939.5,497534649.7
2025-06-18,949794330.9,17567092.15,544291339.4,198298281.9,189637617.4,507986201.5
2025-06-19,952731223.0,17508434.07,542261445.9,197878370.3,195082972.8,509724842.1
2025-06-20,963900363.3,17778943.3,541015297.6,204401651.4,200704471.1,510828245.8
2025-06-21,971629937.4,18317537.82,531655353.0,194704805.9,226952240.7,499813383.0
2025-06-22,962718525.6,18464570.47,509374558.6,192868871.5,242010525.0,479364895.7
2025-06-23,1015009061.0,18724768.55,544847632.2,217412809.6,234023850.4,503221940.2
2025-06-24,1025503774.0,19028151.2,543420955.7,220613451.2,242441216.1,508061807.6
2025-06-25,1038974117.0,19258318.78,555626180.4,220423119.6,243666498.4,511544347.3
2025-06-26,1045803649.0,19353318.65,553762910.2,222440554.2,250246865.8,509193960.2
2025-06-27,1067623879.0,19519663.95,568228294.3,223699309.8,256176610.7,512906004.2
2025-06-28,1031390220.0,19282287.68,549639164.4,201832319.1,260636448.8,499339047.7
2025-06-29,998726018.5,19127905.79,527052105.1,195370613.7,257175393.9,476129902.6
2025-06-30,1022997297.0,19479169.5,535213986.3,216809448.4,251494692.6,490157706.0
2025-07-01,1040058551.0,19734618.09,534258958.1,221566186.4,264498788.0,481349166.2
2025-07-02,1048486841.0,19833945.42,542365224.6,220785861.4,265501809.2,493712200.5
2025-07-03,1059719309.0,19922759.09,555096429.4,219021795.8,265678324.9,503574578.1
2025-07-04,1034209315.0,19797572.82,535254727.3,216655126.8,262501887.8,504530764.6
2025-07-05,1012402959.0,19519347.67,528680731.7,200166378.1,264036501.5,497232425.8
2025-07-06,1001302926.0,19325488.32,521066387.0,195557990.8,265353060.3,478927630.3
2025-07-07,1039948568.0,19364529.1,546898231.7,212449670.0,261236137.7,506199897.3
2025-07-08,1077611462.0,19451241.09,566553436.6,218688586.7,272918197.7,515576237.6
2025-07-09,983275392.3,18280994.19,533524619.5,196804690.0,234665088.6,498378406.7
2025-07-10,923246020.6,16946440.44,532375124.9,184059159.5,189865295.7,491555024.9
2025-07-11,896675003.2,16811431.16,529047600.5,176010701.6,174805270.0,489373459.4
2025-07-12,892787353.8,17372405.84,514374385.0,175923367.3,185117195.6,485469703.0
2025-07-13,916965298.8,17918840.59,506674677.5,181467575.8,210904204.9,471097521.1
2025-07-14,966222958.0,18226089.66,535904061.5,198705937.5,213386869.4,498566711.7
2025-07-15,1015782221.0,18820903.74,549299003.9,209922718.3,237739594.9,502079829.1
2025-07-16,1045093242.0,19166559.4,552726707.2,215367918.0,257832057.7,508466249.1
2025-07-17,1047947454.0,19254399.08,561553644.1,211823616.6,255315794.2,513054441.7
2025-07-18,1020807025.0,18753245.18,548339915.7,211024065.0,242689799.4,512971989.0
2025-07-19,992560657.1,18319904.68,538214113.8,193530889.8,242495748.8,506044428.5
2025-07-20,954058840.7,17776764.24,518495604.7,184214096.3,233572375.5,479525320.2
2025-07-21,918811737.6,16992325.88,525645428.6,181289108.6,194884874.5,490274330.8
2025-07-22,915694527.1,16640688.17,530537361.0,183653107.5,184863370.5,493960550.0
2025-07-23,964162152.2,17550517.82,543791825.5,196908848.3,205910960.6,502045196.7
2025-07-24,985839117.6,18034995.91,538976630.6,204046370.3,224781120.7,510036482.1
2025-07-25,1017711133.0,18438773.96,550276973.3,207433401.0,241561985.0,508973569.6
2025-07-26,990572145.9,18434890.79,536522435.6,191760511.9,243854307.7,502475118.9
2025-07-27,954894574.1,18246619.67,513980808.1,184530370.7,238136775.6,480715629.4
2025-07-28,985391574.4,17989605.66,539219813.3,200411941.2,227770214.2,505287971.6
2025-07-29,994185539.6,18034135.89,546637854.5,202151649.3,227361899.8,511183429.0
2025-07-30,1028483039.0,18583116.78,548275820.9,211236307.8,250387793.7,514312847.5
2025-07-31,1024310208.0,18563388.87,535529050.4,212187880.1,258029889.0,505924999.4
2025-08-01,1001572808.0,18383787.36,524577519.8,208560241.1,250051260.0,493023785.1
2025-08-02,989812277.7,18428894.13,525467567.9,196623552.7,249292263.0,498251049.1
2025-08-03,954692319.5,17874777.32,509928497.7,188345467.4,238543577.1,484557121.2
2025-08-04,979363849.5,17518104.27,542266088.1,198972842.5,220606814.7,507246564.2
2025-08-05,958848213.0,17255200.36,545329008.1,192859178.9,203404825.6,513439949.1
2025-08-06,991618839.8,17711343.63,551621697.7,201935947.9,220349850.5,519989546.9
2025-08-07,1025397320.0,18230101.25,557789787.3,210829346.1,238548085.3,523093413.8
2025-08-08,1055204430.0,18723023.7,561367487.2,217180357.7,257933561.8,528338276.7
2025-08-09,1051490544.0,18949922.18,553934030.4,206089063.8,272517528.0,521761949.0
2025-08-10,1024016061.0,19056381.39,525000080.0,201151191.0,278808408.8,494617192.2
2025-08-11,1062904968.0,18792591.28,559333812.3,216729201.2,268049363.1,524468413.9
2025-08-12,1065102442.0,18829882.47,563413774.6,217185996.2,265672788.4,527097158.1
2025-08-13,1058562574.0,18787005.62,561090927.3,214403280.5,264281361.0,529465202.8
2025-08-14,1009507143.0,17021750.27,553327343.0,202005003.2,237153046.2,518992751.1
2025-08-15,1027150483.0,18122965.59,560852666.4,209917471.5,238257379.3,523945392.5
2025-08-16,1009155348.0,18308856.68,547515578.1,198091673.9,245239239.0,510716972.5
2025-08-17,988239142.9,18384668.67,526541575.0,193722383.9,249590515.3,492795431.7
2025-08-18,1026723110.0,18509920.84,551265589.1,210578063.4,246369536.2,515686620.8
2025-08-19,1042418347.0,18361236.89,570132977.6,209441086.2,244483046.4,526337238.0
2025-08-20,1012614696.0,17838920.78,562899484.5,203790861.9,228085429.3,522556073.9
2025-08-21,981803384.6,17344066.91,559198720.0,195836747.3,209423850.4,521153495.6
2025-08-22,1010198850.0,17848565.27,567956107.5,204887747.5,219506429.8,526509875.1
2025-08-23,1039717726.0,18606420.38,572067211.5,200645637.1,248398456.5,523281680.7
2025-08-24,1031456818.0,18764110.72,549783819.6,198915198.1,263993689.4,500708493.7
2025-08-25,1065881428.0,18624499.22,575131671.0,215441412.8,256683845.5,527431534.8
2025-08-26,1066087048.0,18411673.0,580979262.5,214616789.4,252079323.0,532058141.5
2025-08-27,1033313352.0,17797532.22,572383858.6,208041644.6,235090316.5,526533682.6
2025-08-28,1055475280.0,18518931.54,581511954.7,212880638.6,242563755.1,530941884.7
2025-08-29,1063506794.0,18788545.56,579387289.7,215466077.3,249864881.9,527771270.5
2025-08-30,1046083791.0,18873251.7,567693274.4,201577293.3,257939971.7,520454315.9
2025-08-31,1020479759.0,18844526.83,542204846.3,199354822.3,260075563.1,486635635.5
2025-09-01,1009695147.0,18231319.83,551735990.5,211859820.0,227868016.6,498321787.7
2025-09-02,997393141.0,18101270.88,558074440.8,208531340.3,212686089.0,514743382.7
2025-09-03,1030028069.0,18297674.53,575182256.4,212963725.6,223584412.9,519041154.8
2025-09-04,1049423419.0,18529246.38,582244616.9,217760180.8,230889374.6,528047738.3
2025-09-05,1072038009.0,18814516.82,591016656.8,221053741.4,241153094.3,528655464.6
2025-09-06,1063519262.0,19005136.89,573695693.6,201460961.3,269357470.1,519153939.7
2025-09-07,1050822137.0,18936617.18,564649420.2,200537143.3,266698956.0,505545939.7
2025-09-08,1061423473.0,18555217.66,581566516.0,225564869.1,235736870.7,530890666.2
2025-09-09,1055267717.0,18476612.66,580077426.7,223395246.7,233318431.2,537820483.6
2025-09-10,1061519599.0,18669216.57,589272820.3,222783013.7,230794547.9,539238660.8
2025-09-11,1054115236.0,18562218.84,593453252.7,219874246.2,222225518.7,535193023.3
2025-09-12,1080610156.0,19033982.44,599715343.2,226486278.2,235374552.2,538986041.7
2025-09-13,1079400572.0,19333777.58,584845202.4,209500805.7,265720786.1,532548791.1
2025-09-14,1046271595.0,19168936.89,558836936.9,202565621.4,265700099.8,506871550.2
2025-09-15,1069674035.0,19263430.03,582523575.8,227596844.1,240290184.6,529627329.8
2025-09-16,1074468886.0,19462570.2,580019128.6,230011567.9,244975619.0,529646082.8
2025-09-17,1085355502.0,19473935.06,592531993.1,229039053.1,244310521.2,534735676.4
2025-09-18,1067306041.0,18896643.64,589483138.4,225012459.9,233913799.4,540574623.3
2025-09-19,1021930579.0,17956996.44,577929123.3,214211659.5,211832799.6,538379566.0
2025-09-20,993730185.3,17604199.02,576809479.1,189527937.9,209788569.2,525460134.4
2025-09-21,966572236.8,17985307.0,547815286.7,189352180.9,211419462.1,507773579.8
2025-09-22,982103646.8,17910194.99,560357252.5,209797298.7,194038900.6,527182623.5
2025-09-23,991638208.8,17575074.62,568970429.5,208477844.5,196614860.2,533811919.1
2025-09-24,972489636.2,17121464.4,568978770.4,201150918.1,185238483.2,527639644.2
2025-09-25,1008687559.0,18180153.76,579965695.0,213732664.9,196809045.1,533780799.9
2025-09-26,1022341112.0,18439222.41,575239964.1,219428612.3,209233313.2,535710861.1
2025-09-27,1025304975.0,18703080.61,572205516.8,201735072.3,232661305.1,528840396.6
2025-09-28,1048060502.0,18936635.11,588015635.0,220434783.5,220673448.2,525398443.9
2025-09-29,1073063797.0,19227724.28,598308047.1,226799290.1,228728735.9,534604959.4
2025-09-30,1048371236.0,19318187.33,571279921.8,225729480.9,232043646.1,508419141.1
2025-10-01,935021106.4,19266308.38,461140880.9,199294036.2,255319880.9,404276559.4
2025-10-02,921755764.3,19247914.3,460214611.3,196117743.0,246175495.7,407108978.7
2025-10-03,952475683.2,19293103.54,492121979.4,196586892.0,244473708.3,437882666.4
2025-10-04,995580806.1,19491246.9,525925316.3,199070756.9,251093486.1,467262133.7
2025-10-05,1015779841.0,19393728.17,538757635.1,198752507.0,258875971.1,473144397.1
2025-10-06,953788191.9,19120453.64,476419036.9,189377008.1,268871693.3,421846983.5
2025-10-07,1009513750.0,19401357.22,529135480.4,198652686.9,262324225.0,482288399.4
2025-10-08,1051933404.0,19296595.33,570891550.1,203950265.7,257794992.5,513737499.1
2025-10-09,1056010921.0,19095311.1,589396508.1,221988370.8,225530731.3,524784126.2
2025-10-10,1037573446.0,18934054.35,585092666.6,217859092.7,215687632.6,528571479.7
2025-10-11,1043535523.0,19048660.62,588055937.8,216923880.4,219507043.9,531593140.4
2025-10-12,1033167584.0,19191187.62,575410876.9,196486576.3,242078943.2,517166662.9
2025-10-13,1043316325.0,19269613.02,580779884.9,220498845.1,222767982.1,533379793.7
2025-10-14,1046388286.0,18976386.9,594309989.4,217579098.5,215522811.1,537122281.0
2025-10-15,1028037181.0,18927467.82,586395525.1,215284808.9,207429379.5,533906370.1
2025-10-16,1022944454.0,18886307.42,582627748.9,215150835.5,206279562.0,530162391.9
2025-10-17,1024876853.0,18727502.45,589336752.7,213611140.6,203201457.7,535612972.0
2025-10-18,1025724183.0,18800117.86,586861881.7,198242308.8,221819875.1,529514202.7
2025-10-19,935665275.0,17834160.96,536166744.6,182824250.5,198840118.9,503249274.9
2025-10-20,886762613.9,16265226.24,547135811.2,173825760.3,149535816.2,511183838.0
2025-10-21,826985670.4,15199088.75,527387100.2,154267218.2,130132263.3,501111421.8
2025-10-22,818498882.0,15156388.96,527650684.7,149382541.6,126309266.8,497081282.4
2025-10-23,820241167.7,15208333.63,529838623.7,149517541.9,125676668.4,497074431.3
2025-10-24,828640663.4,15553511.38,534513638.2,152873552.2,125699961.7,500381169.2
2025-10-25,829896205.3,15865296.2,533422118.7,149682440.0,130926350.4,498209992.9
2025-10-26,832485004.1,16142560.64,531158721.8,149462105.4,135721616.2,485965876.1
2025-10-27,829626806.7,15620357.57,534269106.8,152760642.1,126976700.3,500368412.9
2025-10-28,835821364.3,15320687.47,546251592.2,148004824.5,126244260.1,505350909.5
2025-10-29,836586432.2,15644476.5,543958774.4,150941067.2,126042114.2,504315764.4
2025-10-30,839896344.7,15905292.99,544084107.1,153014446.0,126892498.6,503649592.1
2025-10-31,849534565.4,15963175.61,548733061.6,156906772.4,127931555.9,498047815.7
2025-11-01,806721275.1,15799176.41,513190420.1,146425348.8,131306329.7,468813480.2
2025-11-02,786863050.1,15623326.62,497165899.2,141444505.0,132629319.3,457055497.8
2025-11-03,814313741.4,15120247.33,529056131.3,143330980.8,126806382.0,485933526.7
2025-11-04,815460658.0,14945047.53,531133015.3,140929719.6,128452875.5,493457268.3
2025-11-05,825357935.8,15434727.17,536685131.8,145083316.7,128154760.1,498777775.1
2025-11-06,834499664.4,15850274.67,542242772.9,148797596.4,127609020.4,504734423.9
2025-11-07,853345091.6,16314717.74,550411094.5,156193880.6,130425398.9,510174000.3
2025-11-08,863221923.6,16561711.14,558153853.5,152690498.9,135815860.1,508664985.7
2025-11-09,837065745.6,16304770.9,530999521.7,150052741.5,139708711.5,493332979.5
2025-11-10,841440388.5,15699824.63,548063857.3,149027737.7,128648968.9,504034537.1
2025-11-11,843077029.5,15129675.99,555894173.8,144364517.6,127688662.1,509080524.4
2025-11-12,833766739.4,15004945.95,548158412.5,142395283.0,128208097.9,507739322.2
2025-11-13,833609533.4,15498750.61,544362283.1,145160303.6,128588196.0,507911253.5
2025-11-14,833795583.0,15725793.86,543132525.5,146610087.9,128327175.7,508862686.3
2025-11-15,820025322.9,15829943.28,532150137.0,140712221.5,131333021.1,493030882.5
2025-11-16,794877515.4,16049745.27,505073770.7,139129548.1,134624451.3,466767130.6
2025-11-17,822102166.7,16038903.95,531862305.3,146363781.5,127837175.9,494445286.2
2025-11-18,834773746.8,15653922.04,544786463.5,143210746.9,131122614.4,499662536.7
2025-11-19,826847022.6,15668054.7,532894222.3,142228204.5,136056541.1,497442982.0
2025-11-20,834158913.3,15829373.96,537332760.9,142521214.6,138475563.8,500587431.1
2025-11-21,829097083.1,16020240.52,531441256.3,143692661.2,137942925.1,496710716.9
2025-11-22,822996267.2,16134157.44,528111090.2,137645008.5,141106011.1,492054335.4
2025-11-23,807584348.6,16181844.06,513448535.9,135447714.0,142506254.6,476897931.0
2025-11-24,833449023.2,16259487.97,541520720.3,142829293.9,132839521.0,497623712.5
2025-11-25,826555835.9,16036302.15,534825000.5,142286165.6,133408367.7,497949117.1
2025-11-26,827086501.8,16105900.51,532762450.4,142172170.3,136045980.5,498440702.5
2025-11-27,830579148.8,16233889.43,534124019.9,142843975.8,137377263.7,498429585.5
2025-11-28,842245624.3,16326447.96,541431631.8,144484484.6,140003059.9,495925776.9
2025-11-29,824900770.2,16388767.78,525908914.9,138487600.9,144115486.5,486865611.0
2025-11-30,796757354.4,16299583.54,498285883.1,135939274.8,146232612.9,458522606.9
2025-12-01,796096469.4,16253136.01,501549465.5,142283556.8,136010311.1,462686924.4
2025-12-02,817941228.9,16381225.7,524234627.9,142787425.1,134537950.2,484732154.2
2025-12-03,816774547.6,16037394.74,523580051.6,141502996.8,135654104.5,488329520.5
2025-12-04,824159691.1,16068938.02,528123353.7,141597151.0,138370248.4,493634137.8
2025-12-05,833675393.3,16207565.88,535212819.4,143369216.3,138885791.6,495091842.3
2025-12-06,826910372.6,16317280.59,531775540.2,137159252.3,141658299.5,489921656.5
2025-12-07,810102781.3,16392511.57,514473359.5,135111593.2,144125317.0,471809490.1
2025-12-08,824108606.9,16465638.32,530314229.9,141536463.8,135792274.9,486696310.1
2025-12-09,824838129.2,16469284.06,529761277.7,141618711.4,136988856.1,492591739.2
2025-12-10,833219252.5,16648308.84,538466201.4,142260658.1,135844084.1,492774966.6
2025-12-11,833162310.7,16651621.06,538657484.8,142615268.1,135237936.7,493667983.4
2025-12-12,840425673.8,16525693.85,544232946.2,143432524.6,136234509.1,495877637.4
2025-12-13,836185250.6,16471797.84,539327182.7,137376098.3,143010171.8,490787377.2
2025-12-14,815410166.2,16558571.25,511518357.9,135929034.6,151404202.5,468320177.3
2025-12-15,843034217.6,16787878.43,535289284.6,144707961.0,146249093.6,484006143.6
2025-12-16,833449579.4,16938999.47,527218593.3,144295080.0,144996906.6,484033089.9
2025-12-17,838780287.5,16874770.05,536585102.3,143599064.2,141721350.8,490648543.3
2025-12-18,845025568.5,16773799.92,543315218.5,143404431.1,141532119.0,493441795.1
2025-12-19,844090090.5,16654994.89,540498239.5,144563823.5,142373032.7,495623277.9
2025-12-20,840685112.1,16886998.75,539472236.8,138055050.0,146270826.5,490219390.2
2025-12-21,811073677.9,16741012.91,506840817.1,135335096.7,152156751.1,467357514.7
2025-12-22,838947903.0,16813856.43,538140378.8,142557331.3,141436336.6,487650952.7
2025-12-23,845027903.3,17000658.81,545096505.1,142610650.2,140320089.3,496098809.4
2025-12-24,841703327.0,17161549.97,541369387.7,143640316.3,139532073.1,496524178.8
2025-12-25,851833184.9,16939653.09,542610820.2,146796988.1,145485723.5,494470648.6
2025-12-26,852775703.7,17151393.56,532975095.8,150299010.9,152350203.4,493207435.2
2025-12-27,853147393.1,17407671.01,538615121.5,141478028.5,155646572.0,487729625.4
2025-12-28,838122788.4,17483873.18,522837004.7,139097203.2,158704707.3,476053498.8
2025-12-29,843797249.8,17465779.28,532866725.2,145934708.2,147530037.1,483208148.7
2025-12-30,842005021.2,17456123.01,531702946.4,146040459.3,146805492.6,484299565.2
2025-12-31,818772242.8,17306467.13,504076343.3,149124113.6,148265318.8,463970544.1
2026-01-01,740299129.5,17256856.8,427083437.0,139098729.0,156860106.7,389342100.2
2026-01-02,782975104.8,17400685.2,467456305.6,138560883.4,159557230.5,434562787.4
2026-01-03,845450030.1,17661694.24,514093637.3,143157115.3,170537583.2,469493582.2
2026-01-04,862839016.1,17655499.24,536326106.6,148758162.8,160099247.6,482902872.0
2026-01-05,857551839.2,17723445.89,533299557.1,148147593.9,158381242.4,491538526.9
2026-01-06,880426823.4,17805283.27,544271780.1,152910527.7,165439232.3,495759862.5
2026-01-07,882377357.1,18010823.24,538922976.5,155190630.3,170252927.1,496152022.4
2026-01-08,892649153.7,18227680.05,547967411.2,155161776.9,171292285.5,499389373.3
2026-01-09,891285824.4,18298368.72,545227854.8,155429873.7,172329727.2,495458377.0
2026-01-10,866670660.2,18270031.78,528642555.3,145538855.5,174219217.7,492884518.8
