origin_date,target_date,horizon,model,actual,prediction
2025-09-30,2025-10-01,1,direct_own_calendar,893877447.0,917446640.6010736
2025-10-01,2025-10-02,1,direct_own_calendar,877524402.0,893890666.3090173
2025-10-02,2025-10-03,1,direct_own_calendar,906128774.0,828847126.7236989
2025-10-03,2025-10-04,1,direct_own_calendar,947397946.0,848703529.9293226
2025-10-04,2025-10-05,1,direct_own_calendar,967898095.0,852656195.1210802
2025-10-05,2025-10-06,1,direct_own_calendar,909397624.0,862035856.7722839
2025-10-06,2025-10-07,1,direct_own_calendar,958058211.0,885205247.6312085
2025-10-07,2025-10-08,1,direct_own_calendar,1002652065.0,832211397.7461526
2025-10-08,2025-10-09,1,direct_own_calendar,1006596066.0,930310134.4741666
2025-10-09,2025-10-10,1,direct_own_calendar,988218980.0,968385636.1207128
2025-10-10,2025-10-11,1,direct_own_calendar,993216057.0,964032602.669561
2025-10-11,2025-10-12,1,direct_own_calendar,982996119.0,929176493.4851875
2025-10-12,2025-10-13,1,direct_own_calendar,994158096.0,956976243.5653515
2025-10-13,2025-10-14,1,direct_own_calendar,999440675.0,963674817.1782414
2025-10-14,2025-10-15,1,direct_own_calendar,979563855.0,957658965.1058985
2025-10-15,2025-10-16,1,direct_own_calendar,973453600.0,959329667.230142
2025-10-16,2025-10-17,1,direct_own_calendar,976535370.0,952161282.5000603
2025-10-17,2025-10-18,1,direct_own_calendar,976325746.0,940607353.2841464
2025-10-18,2025-10-19,1,direct_own_calendar,896789087.0,926626389.5028524
2025-10-19,2025-10-20,1,direct_own_calendar,853624251.0,950920566.6822608
2025-10-20,2025-10-21,1,direct_own_calendar,795444895.0,907078182.9562874
2025-10-21,2025-10-22,1,direct_own_calendar,783518576.0,861179392.7964102
2025-10-22,2025-10-23,1,direct_own_calendar,783134792.0,821459136.3923697
2025-10-23,2025-10-24,1,direct_own_calendar,786285205.0,816342922.773185
2025-10-24,2025-10-25,1,direct_own_calendar,787344834.0,801856569.0870253
2025-10-25,2025-10-26,1,direct_own_calendar,788309358.0,783110907.8052443
2025-10-26,2025-10-27,1,direct_own_calendar,788347388.0,805970376.7574317
2025-10-27,2025-10-28,1,direct_own_calendar,803213606.0,815268858.7293738
2025-10-28,2025-10-29,1,direct_own_calendar,791815205.0,801465311.6495638
2025-10-29,2025-10-30,1,direct_own_calendar,801523722.0,811568356.8255422
2025-10-30,2025-10-31,1,direct_own_calendar,806599754.0,811120689.7257961
2025-10-31,2025-11-01,1,direct_own_calendar,760921367.0,806539200.8694525
2025-11-01,2025-11-02,1,direct_own_calendar,744828378.0,790627717.8897119
2025-11-02,2025-11-03,1,direct_own_calendar,780447693.0,783581373.5594394
2025-11-03,2025-11-04,1,direct_own_calendar,782600645.0,785393049.7905859
2025-11-04,2025-11-05,1,direct_own_calendar,784108702.0,793496125.8115863
2025-11-05,2025-11-06,1,direct_own_calendar,789959014.0,790891320.119382
2025-11-06,2025-11-07,1,direct_own_calendar,808798324.0,795950619.6512275
2025-11-07,2025-11-08,1,direct_own_calendar,816286170.0,789290214.4289788
2025-11-08,2025-11-09,1,direct_own_calendar,794671570.0,785205074.3533545
2025-11-09,2025-11-10,1,direct_own_calendar,803150509.0,814732824.985458
2025-11-10,2025-11-11,1,direct_own_calendar,811031660.0,809710832.823633
2025-11-11,2025-11-12,1,direct_own_calendar,800371284.0,800887872.5934907
2025-11-12,2025-11-13,1,direct_own_calendar,795412883.0,805231565.6108737
2025-11-13,2025-11-14,1,direct_own_calendar,784929625.0,804526171.3784342
2025-11-14,2025-11-15,1,direct_own_calendar,771969074.0,790878232.7934487
2025-11-15,2025-11-16,1,direct_own_calendar,748102925.0,767225138.3954233
2025-11-16,2025-11-17,1,direct_own_calendar,784946049.0,783801739.3024083
2025-11-17,2025-11-18,1,direct_own_calendar,802372785.0,778597935.4666424
2025-11-18,2025-11-19,1,direct_own_calendar,785536331.0,789325667.3719919
2025-11-19,2025-11-20,1,direct_own_calendar,789566797.0,798930712.0376225
2025-11-20,2025-11-21,1,direct_own_calendar,781713368.0,793663244.7950484
2025-11-21,2025-11-22,1,direct_own_calendar,777234266.0,786276928.7972219
2025-11-22,2025-11-23,1,direct_own_calendar,763587139.0,764792475.8280644
2025-11-23,2025-11-24,1,direct_own_calendar,787419759.0,785927073.3857597
2025-11-24,2025-11-25,1,direct_own_calendar,779113247.0,786603886.4098439
2025-11-25,2025-11-26,1,direct_own_calendar,779056661.0,786992231.2953273
2025-11-26,2025-11-27,1,direct_own_calendar,785923784.0,779791608.2993348
2025-11-27,2025-11-28,1,direct_own_calendar,793532772.0,785875597.8445873
2025-11-28,2025-11-29,1,direct_own_calendar,775439198.0,780888644.1507311
2025-11-29,2025-11-30,1,direct_own_calendar,752415007.0,770635406.6850426
2025-11-30,2025-12-01,1,direct_own_calendar,752093794.0,782468100.2444476
2025-12-01,2025-12-02,1,direct_own_calendar,774181582.0,775304308.1472728
2025-12-02,2025-12-03,1,direct_own_calendar,779128904.0,761378072.7855293
2025-12-03,2025-12-04,1,direct_own_calendar,780611840.0,774346199.7292831
2025-12-04,2025-12-05,1,direct_own_calendar,790342731.0,783534145.3100822
2025-12-05,2025-12-06,1,direct_own_calendar,783475966.0,773018122.0485417
2025-12-06,2025-12-07,1,direct_own_calendar,769662376.0,762686114.3591903
2025-12-07,2025-12-08,1,direct_own_calendar,781993536.0,783036039.3539685
2025-12-08,2025-12-09,1,direct_own_calendar,790459836.0,784896785.7209761
2025-12-09,2025-12-10,1,direct_own_calendar,793331038.0,778588977.5188446
2025-12-10,2025-12-11,1,direct_own_calendar,792303023.0,782467687.7125088
2025-12-11,2025-12-12,1,direct_own_calendar,805771337.0,790720380.5107297
2025-12-12,2025-12-13,1,direct_own_calendar,805919635.0,780727330.1636347
2025-12-13,2025-12-14,1,direct_own_calendar,775261923.0,773348848.514522
2025-12-14,2025-12-15,1,direct_own_calendar,800205024.0,798592989.3631182
2025-12-15,2025-12-16,1,direct_own_calendar,791223092.0,787862113.0447094
2025-12-16,2025-12-17,1,direct_own_calendar,797873177.0,789115282.1431608
2025-12-17,2025-12-18,1,direct_own_calendar,807913091.0,782664345.5194771
2025-12-18,2025-12-19,1,direct_own_calendar,813412227.0,793486542.810019
2025-12-19,2025-12-20,1,direct_own_calendar,800554656.0,791061189.7261614
2025-12-20,2025-12-21,1,direct_own_calendar,775722494.0,777405215.3957915
2025-12-21,2025-12-22,1,direct_own_calendar,800416947.0,793044587.1217911
2025-12-22,2025-12-23,1,direct_own_calendar,805434213.0,786609925.4558524
2025-12-23,2025-12-24,1,direct_own_calendar,803732375.0,789424219.7929962
2025-12-24,2025-12-25,1,direct_own_calendar,824337857.0,791136618.0733778
2025-12-25,2025-12-26,1,direct_own_calendar,812520530.0,795336108.3236784
2025-12-26,2025-12-27,1,direct_own_calendar,813024286.0,798021333.425526
2025-12-27,2025-12-28,1,direct_own_calendar,798511867.0,774434359.7013153
2025-12-28,2025-12-29,1,direct_own_calendar,801303829.0,799605759.3292147
2025-12-29,2025-12-30,1,direct_own_calendar,799723069.0,801335600.5744035
2025-12-30,2025-12-31,1,direct_own_calendar,783373686.0,787848860.4188884
2025-12-31,2026-01-01,1,direct_own_calendar,707758012.0,718114301.1292611
2026-01-01,2026-01-02,1,direct_own_calendar,741910307.0,710130873.3669113
2026-01-02,2026-01-03,1,direct_own_calendar,801935633.0,694555538.1694111
2026-01-03,2026-01-04,1,direct_own_calendar,820839320.0,729131120.2698137
2026-01-04,2026-01-05,1,direct_own_calendar,819629944.0,788238253.817437
2026-01-05,2026-01-06,1,direct_own_calendar,848208043.0,809965415.3672111
2026-01-06,2026-01-07,1,direct_own_calendar,836618404.0,793755707.757369
2026-01-07,2026-01-08,1,direct_own_calendar,845715705.0,811467482.3321497
2026-01-08,2026-01-09,1,direct_own_calendar,845779172.0,814358901.2596092
2025-09-30,2025-10-01,1,direct_own_weather_holiday,893877447.0,941599979.0072079
2025-10-01,2025-10-02,1,direct_own_weather_holiday,877524402.0,914945230.716314
2025-10-02,2025-10-03,1,direct_own_weather_holiday,906128774.0,859219804.5000193
2025-10-03,2025-10-04,1,direct_own_weather_holiday,947397946.0,880206572.3403492
2025-10-04,2025-10-05,1,direct_own_weather_holiday,967898095.0,883887741.2382486
2025-10-05,2025-10-06,1,direct_own_weather_holiday,909397624.0,893047756.853909
2025-10-06,2025-10-07,1,direct_own_weather_holiday,958058211.0,909122501.0630028
2025-10-07,2025-10-08,1,direct_own_weather_holiday,1002652065.0,866003268.3088511
2025-10-08,2025-10-09,1,direct_own_weather_holiday,1006596066.0,943161945.2175756
2025-10-09,2025-10-10,1,direct_own_weather_holiday,988218980.0,963734024.4374675
2025-10-10,2025-10-11,1,direct_own_weather_holiday,993216057.0,967369172.9983383
2025-10-11,2025-10-12,1,direct_own_weather_holiday,982996119.0,928486497.1742846
2025-10-12,2025-10-13,1,direct_own_weather_holiday,994158096.0,960949980.9365511
2025-10-13,2025-10-14,1,direct_own_weather_holiday,999440675.0,959969064.3369567
2025-10-14,2025-10-15,1,direct_own_weather_holiday,979563855.0,955800998.2143155
2025-10-15,2025-10-16,1,direct_own_weather_holiday,973453600.0,953180103.3569764
2025-10-16,2025-10-17,1,direct_own_weather_holiday,976535370.0,946010983.3305448
2025-10-17,2025-10-18,1,direct_own_weather_holiday,976325746.0,933280370.346975
2025-10-18,2025-10-19,1,direct_own_weather_holiday,896789087.0,904310917.9967892
2025-10-19,2025-10-20,1,direct_own_weather_holiday,853624251.0,887483644.295239
2025-10-20,2025-10-21,1,direct_own_weather_holiday,795444895.0,843454922.3943051
2025-10-21,2025-10-22,1,direct_own_weather_holiday,783518576.0,808387270.9190348
2025-10-22,2025-10-23,1,direct_own_weather_holiday,783134792.0,782418897.2692853
2025-10-23,2025-10-24,1,direct_own_weather_holiday,786285205.0,777398295.4038363
2025-10-24,2025-10-25,1,direct_own_weather_holiday,787344834.0,767090597.682583
2025-10-25,2025-10-26,1,direct_own_weather_holiday,788309358.0,753693473.1984199
2025-10-26,2025-10-27,1,direct_own_weather_holiday,788347388.0,771210360.1005373
2025-10-27,2025-10-28,1,direct_own_weather_holiday,803213606.0,775154841.3668891
2025-10-28,2025-10-29,1,direct_own_weather_holiday,791815205.0,768808179.7391312
2025-10-29,2025-10-30,1,direct_own_weather_holiday,801523722.0,786942836.0959328
2025-10-30,2025-10-31,1,direct_own_weather_holiday,806599754.0,785208389.0381793
2025-10-31,2025-11-01,1,direct_own_weather_holiday,760921367.0,772790562.9456556
2025-11-01,2025-11-02,1,direct_own_weather_holiday,744828378.0,755661900.9824038
2025-11-02,2025-11-03,1,direct_own_weather_holiday,780447693.0,749750270.6709565
2025-11-03,2025-11-04,1,direct_own_weather_holiday,782600645.0,745237271.7695416
2025-11-04,2025-11-05,1,direct_own_weather_holiday,784108702.0,757479036.5337132
2025-11-05,2025-11-06,1,direct_own_weather_holiday,789959014.0,764526988.742161
2025-11-06,2025-11-07,1,direct_own_weather_holiday,808798324.0,774349240.7446343
2025-11-07,2025-11-08,1,direct_own_weather_holiday,816286170.0,771819821.8008456
2025-11-08,2025-11-09,1,direct_own_weather_holiday,794671570.0,764580132.0586463
2025-11-09,2025-11-10,1,direct_own_weather_holiday,803150509.0,782502570.9602014
2025-11-10,2025-11-11,1,direct_own_weather_holiday,811031660.0,770243882.0002202
2025-11-11,2025-11-12,1,direct_own_weather_holiday,800371284.0,763963494.2634671
2025-11-12,2025-11-13,1,direct_own_weather_holiday,795412883.0,769797757.2372721
2025-11-13,2025-11-14,1,direct_own_weather_holiday,784929625.0,773172896.2498887
2025-11-14,2025-11-15,1,direct_own_weather_holiday,771969074.0,757331577.6815244
2025-11-15,2025-11-16,1,direct_own_weather_holiday,748102925.0,735055299.827064
2025-11-16,2025-11-17,1,direct_own_weather_holiday,784946049.0,755850226.4135423
2025-11-17,2025-11-18,1,direct_own_weather_holiday,802372785.0,762317296.0166992
2025-11-18,2025-11-19,1,direct_own_weather_holiday,785536331.0,778646619.7356579
2025-11-19,2025-11-20,1,direct_own_weather_holiday,789566797.0,783759717.5406607
2025-11-20,2025-11-21,1,direct_own_weather_holiday,781713368.0,775300484.1983619
2025-11-21,2025-11-22,1,direct_own_weather_holiday,777234266.0,765543553.3745066
2025-11-22,2025-11-23,1,direct_own_weather_holiday,763587139.0,741981252.3588395
2025-11-23,2025-11-24,1,direct_own_weather_holiday,787419759.0,763594337.8795173
2025-11-24,2025-11-25,1,direct_own_weather_holiday,779113247.0,770253697.8652607
2025-11-25,2025-11-26,1,direct_own_weather_holiday,779056661.0,773921135.4009447
2025-11-26,2025-11-27,1,direct_own_weather_holiday,785923784.0,767465194.4510739
2025-11-27,2025-11-28,1,direct_own_weather_holiday,793532772.0,775047201.4671094
2025-11-28,2025-11-29,1,direct_own_weather_holiday,775439198.0,760367353.6370548
2025-11-29,2025-11-30,1,direct_own_weather_holiday,752415007.0,750052420.04759
2025-11-30,2025-12-01,1,direct_own_weather_holiday,752093794.0,761583543.0416259
2025-12-01,2025-12-02,1,direct_own_weather_holiday,774181582.0,756425627.1386915
2025-12-02,2025-12-03,1,direct_own_weather_holiday,779128904.0,752772668.2231704
2025-12-03,2025-12-04,1,direct_own_weather_holiday,780611840.0,769103195.1917746
2025-12-04,2025-12-05,1,direct_own_weather_holiday,790342731.0,771197251.5515708
2025-12-05,2025-12-06,1,direct_own_weather_holiday,783475966.0,756870257.3333054
2025-12-06,2025-12-07,1,direct_own_weather_holiday,769662376.0,743613121.2902988
2025-12-07,2025-12-08,1,direct_own_weather_holiday,781993536.0,767901492.2448214
2025-12-08,2025-12-09,1,direct_own_weather_holiday,790459836.0,774650852.9050915
2025-12-09,2025-12-10,1,direct_own_weather_holiday,793331038.0,764995658.9084078
2025-12-10,2025-12-11,1,direct_own_weather_holiday,792303023.0,768553555.475711
2025-12-11,2025-12-12,1,direct_own_weather_holiday,805771337.0,779052525.1304301
2025-12-12,2025-12-13,1,direct_own_weather_holiday,805919635.0,764877264.3797277
2025-12-13,2025-12-14,1,direct_own_weather_holiday,775261923.0,768611869.9984086
2025-12-14,2025-12-15,1,direct_own_weather_holiday,800205024.0,790134620.5458827
2025-12-15,2025-12-16,1,direct_own_weather_holiday,791223092.0,775798305.4448382
2025-12-16,2025-12-17,1,direct_own_weather_holiday,797873177.0,778111701.3736812
2025-12-17,2025-12-18,1,direct_own_weather_holiday,807913091.0,778441138.8706096
2025-12-18,2025-12-19,1,direct_own_weather_holiday,813412227.0,781696892.0125716
2025-12-19,2025-12-20,1,direct_own_weather_holiday,800554656.0,774836087.6678357
2025-12-20,2025-12-21,1,direct_own_weather_holiday,775722494.0,766172278.3466
2025-12-21,2025-12-22,1,direct_own_weather_holiday,800416947.0,784995707.8947731
2025-12-22,2025-12-23,1,direct_own_weather_holiday,805434213.0,775839495.1416934
2025-12-23,2025-12-24,1,direct_own_weather_holiday,803732375.0,779106890.2088895
2025-12-24,2025-12-25,1,direct_own_weather_holiday,824337857.0,783548166.6251402
2025-12-25,2025-12-26,1,direct_own_weather_holiday,812520530.0,800125006.26859
2025-12-26,2025-12-27,1,direct_own_weather_holiday,813024286.0,790917051.3109238
2025-12-27,2025-12-28,1,direct_own_weather_holiday,798511867.0,768795093.3935034
2025-12-28,2025-12-29,1,direct_own_weather_holiday,801303829.0,790182879.4313195
2025-12-29,2025-12-30,1,direct_own_weather_holiday,799723069.0,793934987.6522797
2025-12-30,2025-12-31,1,direct_own_weather_holiday,783373686.0,787987441.7827742
2025-12-31,2026-01-01,1,direct_own_weather_holiday,707758012.0,720073807.227698
2026-01-01,2026-01-02,1,direct_own_weather_holiday,741910307.0,716710418.5968375
2026-01-02,2026-01-03,1,direct_own_weather_holiday,801935633.0,714357207.5571831
2026-01-03,2026-01-04,1,direct_own_weather_holiday,820839320.0,737890832.5654033
2026-01-04,2026-01-05,1,direct_own_weather_holiday,819629944.0,785057789.1264149
2026-01-05,2026-01-06,1,direct_own_weather_holiday,848208043.0,810173773.5481123
2026-01-06,2026-01-07,1,direct_own_weather_holiday,836618404.0,800376899.9035
2026-01-07,2026-01-08,1,direct_own_weather_holiday,845715705.0,814374190.981723
2026-01-08,2026-01-09,1,direct_own_weather_holiday,845779172.0,815218243.7088358
2025-09-30,2025-10-01,1,direct_category_weather_holiday,893877447.0,968586579.0786119
2025-10-01,2025-10-02,1,direct_category_weather_holiday,877524402.0,937649477.9169806
2025-10-02,2025-10-03,1,direct_category_weather_holiday,906128774.0,860628869.70693
2025-10-03,2025-10-04,1,direct_category_weather_holiday,947397946.0,893499293.1473761
2025-10-04,2025-10-05,1,direct_category_weather_holiday,967898095.0,904370943.1342145
2025-10-05,2025-10-06,1,direct_category_weather_holiday,909397624.0,909962880.8696977
2025-10-06,2025-10-07,1,direct_category_weather_holiday,958058211.0,923545344.0072479
2025-10-07,2025-10-08,1,direct_category_weather_holiday,1002652065.0,867048697.4553874
2025-10-08,2025-10-09,1,direct_category_weather_holiday,1006596066.0,947492285.1991881
2025-10-09,2025-10-10,1,direct_category_weather_holiday,988218980.0,964937864.875774
2025-10-10,2025-10-11,1,direct_category_weather_holiday,993216057.0,970901547.4452982
2025-10-11,2025-10-12,1,direct_category_weather_holiday,982996119.0,932600732.6093575
2025-10-12,2025-10-13,1,direct_category_weather_holiday,994158096.0,970830787.9789101
2025-10-13,2025-10-14,1,direct_category_weather_holiday,999440675.0,974897591.1271799
2025-10-14,2025-10-15,1,direct_category_weather_holiday,979563855.0,968108730.8138635
2025-10-15,2025-10-16,1,direct_category_weather_holiday,973453600.0,978509620.3278842
2025-10-16,2025-10-17,1,direct_category_weather_holiday,976535370.0,961116274.974147
2025-10-17,2025-10-18,1,direct_category_weather_holiday,976325746.0,946110153.2284966
2025-10-18,2025-10-19,1,direct_category_weather_holiday,896789087.0,914074998.7199357
2025-10-19,2025-10-20,1,direct_category_weather_holiday,853624251.0,891135399.7672737
2025-10-20,2025-10-21,1,direct_category_weather_holiday,795444895.0,861636378.8625259
2025-10-21,2025-10-22,1,direct_category_weather_holiday,783518576.0,828507086.7457664
2025-10-22,2025-10-23,1,direct_category_weather_holiday,783134792.0,803411680.4995625
2025-10-23,2025-10-24,1,direct_category_weather_holiday,786285205.0,798641674.0932523
2025-10-24,2025-10-25,1,direct_category_weather_holiday,787344834.0,785198902.5083541
2025-10-25,2025-10-26,1,direct_category_weather_holiday,788309358.0,772641382.8087099
2025-10-26,2025-10-27,1,direct_category_weather_holiday,788347388.0,794516315.5847727
2025-10-27,2025-10-28,1,direct_category_weather_holiday,803213606.0,804648827.9019
2025-10-28,2025-10-29,1,direct_category_weather_holiday,791815205.0,801316508.7997813
2025-10-29,2025-10-30,1,direct_category_weather_holiday,801523722.0,824474764.2574139
2025-10-30,2025-10-31,1,direct_category_weather_holiday,806599754.0,808764521.7711617
2025-10-31,2025-11-01,1,direct_category_weather_holiday,760921367.0,795671379.6033459
2025-11-01,2025-11-02,1,direct_category_weather_holiday,744828378.0,774189797.8136184
2025-11-02,2025-11-03,1,direct_category_weather_holiday,780447693.0,765289764.5423517
2025-11-03,2025-11-04,1,direct_category_weather_holiday,782600645.0,778656227.8161132
2025-11-04,2025-11-05,1,direct_category_weather_holiday,784108702.0,786822376.2215933
2025-11-05,2025-11-06,1,direct_category_weather_holiday,789959014.0,792157265.9231517
2025-11-06,2025-11-07,1,direct_category_weather_holiday,808798324.0,798538306.1301492
2025-11-07,2025-11-08,1,direct_category_weather_holiday,816286170.0,792533563.8254513
2025-11-08,2025-11-09,1,direct_category_weather_holiday,794671570.0,782996128.2312454
2025-11-09,2025-11-10,1,direct_category_weather_holiday,803150509.0,799857578.2173334
2025-11-10,2025-11-11,1,direct_category_weather_holiday,811031660.0,792118053.7936748
2025-11-11,2025-11-12,1,direct_category_weather_holiday,800371284.0,796371280.0545807
2025-11-12,2025-11-13,1,direct_category_weather_holiday,795412883.0,801766754.5612197
2025-11-13,2025-11-14,1,direct_category_weather_holiday,784929625.0,800646810.3369914
2025-11-14,2025-11-15,1,direct_category_weather_holiday,771969074.0,784721491.1764283
2025-11-15,2025-11-16,1,direct_category_weather_holiday,748102925.0,759201148.0490942
2025-11-16,2025-11-17,1,direct_category_weather_holiday,784946049.0,770954114.1198325
2025-11-17,2025-11-18,1,direct_category_weather_holiday,802372785.0,782871640.7741036
2025-11-18,2025-11-19,1,direct_category_weather_holiday,785536331.0,808166378.6826992
2025-11-19,2025-11-20,1,direct_category_weather_holiday,789566797.0,815575394.029705
2025-11-20,2025-11-21,1,direct_category_weather_holiday,781713368.0,801814064.3123074
2025-11-21,2025-11-22,1,direct_category_weather_holiday,777234266.0,792894433.5375344
2025-11-22,2025-11-23,1,direct_category_weather_holiday,763587139.0,764574214.027226
2025-11-23,2025-11-24,1,direct_category_weather_holiday,787419759.0,785913533.1307452
2025-11-24,2025-11-25,1,direct_category_weather_holiday,779113247.0,794706462.9526877
2025-11-25,2025-11-26,1,direct_category_weather_holiday,779056661.0,808232519.7610459
2025-11-26,2025-11-27,1,direct_category_weather_holiday,785923784.0,798599555.4134443
2025-11-27,2025-11-28,1,direct_category_weather_holiday,793532772.0,804145449.8299077
2025-11-28,2025-11-29,1,direct_category_weather_holiday,775439198.0,789654874.5032388
2025-11-29,2025-11-30,1,direct_category_weather_holiday,752415007.0,773175220.9623425
2025-11-30,2025-12-01,1,direct_category_weather_holiday,752093794.0,779110381.3956144
2025-12-01,2025-12-02,1,direct_category_weather_holiday,774181582.0,779244005.925765
2025-12-02,2025-12-03,1,direct_category_weather_holiday,779128904.0,776054899.4044344
2025-12-03,2025-12-04,1,direct_category_weather_holiday,780611840.0,795446711.061059
2025-12-04,2025-12-05,1,direct_category_weather_holiday,790342731.0,796768627.0077001
2025-12-05,2025-12-06,1,direct_category_weather_holiday,783475966.0,783347327.6162604
2025-12-06,2025-12-07,1,direct_category_weather_holiday,769662376.0,768858200.0529034
2025-12-07,2025-12-08,1,direct_category_weather_holiday,781993536.0,789283675.5685456
2025-12-08,2025-12-09,1,direct_category_weather_holiday,790459836.0,800443386.8384395
2025-12-09,2025-12-10,1,direct_category_weather_holiday,793331038.0,793806458.4269477
2025-12-10,2025-12-11,1,direct_category_weather_holiday,792303023.0,800576395.6265073
2025-12-11,2025-12-12,1,direct_category_weather_holiday,805771337.0,806198091.1246527
2025-12-12,2025-12-13,1,direct_category_weather_holiday,805919635.0,789981958.0573488
2025-12-13,2025-12-14,1,direct_category_weather_holiday,775261923.0,790451612.193344
2025-12-14,2025-12-15,1,direct_category_weather_holiday,800205024.0,814833454.7862489
2025-12-15,2025-12-16,1,direct_category_weather_holiday,791223092.0,801220821.4847594
2025-12-16,2025-12-17,1,direct_category_weather_holiday,797873177.0,804011279.8360295
2025-12-17,2025-12-18,1,direct_category_weather_holiday,807913091.0,797805796.6695068
2025-12-18,2025-12-19,1,direct_category_weather_holiday,813412227.0,802747127.3995844
2025-12-19,2025-12-20,1,direct_category_weather_holiday,800554656.0,793504727.0083346
2025-12-20,2025-12-21,1,direct_category_weather_holiday,775722494.0,788052101.9557757
2025-12-21,2025-12-22,1,direct_category_weather_holiday,800416947.0,804156211.8916966
2025-12-22,2025-12-23,1,direct_category_weather_holiday,805434213.0,795474181.4629041
2025-12-23,2025-12-24,1,direct_category_weather_holiday,803732375.0,799959615.8400636
2025-12-24,2025-12-25,1,direct_category_weather_holiday,824337857.0,806589941.673836
2025-12-25,2025-12-26,1,direct_category_weather_holiday,812520530.0,820586513.7770803
2025-12-26,2025-12-27,1,direct_category_weather_holiday,813024286.0,814904479.0803978
2025-12-27,2025-12-28,1,direct_category_weather_holiday,798511867.0,785228669.1599749
2025-12-28,2025-12-29,1,direct_category_weather_holiday,801303829.0,806455930.8207248
2025-12-29,2025-12-30,1,direct_category_weather_holiday,799723069.0,812301949.0635699
2025-12-30,2025-12-31,1,direct_category_weather_holiday,783373686.0,807365801.1742052
2025-12-31,2026-01-01,1,direct_category_weather_holiday,707758012.0,739837377.1402754
2026-01-01,2026-01-02,1,direct_category_weather_holiday,741910307.0,732013940.9580988
2026-01-02,2026-01-03,1,direct_category_weather_holiday,801935633.0,716779021.672988
2026-01-03,2026-01-04,1,direct_category_weather_holiday,820839320.0,759637377.3063629
2026-01-04,2026-01-05,1,direct_category_weather_holiday,819629944.0,808208455.9026501
2026-01-05,2026-01-06,1,direct_category_weather_holiday,848208043.0,829866087.6582993
2026-01-06,2026-01-07,1,direct_category_weather_holiday,836618404.0,821249609.4023868
2026-01-07,2026-01-08,1,direct_category_weather_holiday,845715705.0,834359704.9329016
2026-01-08,2026-01-09,1,direct_category_weather_holiday,845779172.0,826578717.2475277
2025-09-29,2025-10-01,2,direct_own_calendar,893877447.0,873374497.024881
2025-09-30,2025-10-02,2,direct_own_calendar,877524402.0,878859800.1595658
2025-10-01,2025-10-03,2,direct_own_calendar,906128774.0,863668212.8663348
2025-10-02,2025-10-04,2,direct_own_calendar,947397946.0,839563582.1969349
2025-10-03,2025-10-05,2,direct_own_calendar,967898095.0,815649843.5680088
2025-10-04,2025-10-06,2,direct_own_calendar,909397624.0,803113214.8589721
2025-10-05,2025-10-07,2,direct_own_calendar,958058211.0,826631613.5130574
2025-10-06,2025-10-08,2,direct_own_calendar,1002652065.0,841704957.2665827
2025-10-07,2025-10-09,2,direct_own_calendar,1006596066.0,904667831.6518924
2025-10-08,2025-10-10,2,direct_own_calendar,988218980.0,935103560.2258481
2025-10-09,2025-10-11,2,direct_own_calendar,993216057.0,944267807.0411167
2025-10-10,2025-10-12,2,direct_own_calendar,982996119.0,930571342.0911733
2025-10-11,2025-10-13,2,direct_own_calendar,994158096.0,937899133.7777389
2025-10-12,2025-10-14,2,direct_own_calendar,999440675.0,945600108.3703691
2025-10-13,2025-10-15,2,direct_own_calendar,979563855.0,945987551.4181812
2025-10-14,2025-10-16,2,direct_own_calendar,973453600.0,944837061.9010651
2025-10-15,2025-10-17,2,direct_own_calendar,976535370.0,948293300.3663867
2025-10-16,2025-10-18,2,direct_own_calendar,976325746.0,929382534.707953
2025-10-17,2025-10-19,2,direct_own_calendar,896789087.0,915828785.3012173
2025-10-18,2025-10-20,2,direct_own_calendar,853624251.0,934987457.9897778
2025-10-19,2025-10-21,2,direct_own_calendar,795444895.0,939095990.1164643
2025-10-20,2025-10-22,2,direct_own_calendar,783518576.0,897532795.179788
2025-10-21,2025-10-23,2,direct_own_calendar,783134792.0,865823939.86171
2025-10-22,2025-10-24,2,direct_own_calendar,786285205.0,836997311.769673
2025-10-23,2025-10-25,2,direct_own_calendar,787344834.0,818121269.3178403
2025-10-24,2025-10-26,2,direct_own_calendar,788309358.0,796873412.1664538
2025-10-25,2025-10-27,2,direct_own_calendar,788347388.0,811010458.946986
2025-10-26,2025-10-28,2,direct_own_calendar,803213606.0,812974485.6709868
2025-10-27,2025-10-29,2,direct_own_calendar,791815205.0,815714778.6474513
2025-10-28,2025-10-30,2,direct_own_calendar,801523722.0,808610907.9458143
2025-10-29,2025-10-31,2,direct_own_calendar,806599754.0,822503432.0589569
2025-10-30,2025-11-01,2,direct_own_calendar,760921367.0,808694714.9309527
2025-10-31,2025-11-02,2,direct_own_calendar,744828378.0,799237632.1173601
2025-11-01,2025-11-03,2,direct_own_calendar,780447693.0,814785997.1080352
2025-11-02,2025-11-04,2,direct_own_calendar,782600645.0,791562213.8119246
2025-11-03,2025-11-05,2,direct_own_calendar,784108702.0,789467623.7221187
2025-11-04,2025-11-06,2,direct_own_calendar,789959014.0,796228050.1479588
2025-11-05,2025-11-07,2,direct_own_calendar,808798324.0,796531415.1116
2025-11-06,2025-11-08,2,direct_own_calendar,816286170.0,788464989.5895532
2025-11-07,2025-11-09,2,direct_own_calendar,794671570.0,777093578.5039384
2025-11-08,2025-11-10,2,direct_own_calendar,803150509.0,803705029.0227177
2025-11-09,2025-11-11,2,direct_own_calendar,811031660.0,811569966.9642818
2025-11-10,2025-11-12,2,direct_own_calendar,800371284.0,803119287.0225737
2025-11-11,2025-11-13,2,direct_own_calendar,795412883.0,800515904.9487846
2025-11-12,2025-11-14,2,direct_own_calendar,784929625.0,807755664.8237586
2025-11-13,2025-11-15,2,direct_own_calendar,771969074.0,794306811.2894142
2025-11-14,2025-11-16,2,direct_own_calendar,748102925.0,777626222.0580889
2025-11-15,2025-11-17,2,direct_own_calendar,784946049.0,787352030.8897256
2025-11-16,2025-11-18,2,direct_own_calendar,802372785.0,785319003.8630867
2025-11-17,2025-11-19,2,direct_own_calendar,785536331.0,777286122.0163355
2025-11-18,2025-11-20,2,direct_own_calendar,789566797.0,790273245.5780389
2025-11-19,2025-11-21,2,direct_own_calendar,781713368.0,801275767.384696
2025-11-20,2025-11-22,2,direct_own_calendar,777234266.0,785156355.1525667
2025-11-21,2025-11-23,2,direct_own_calendar,763587139.0,774383046.9598039
2025-11-22,2025-11-24,2,direct_own_calendar,787419759.0,786395249.4884876
2025-11-23,2025-11-25,2,direct_own_calendar,779113247.0,787314162.6669983
2025-11-24,2025-11-26,2,direct_own_calendar,779056661.0,782922396.9338171
2025-11-25,2025-11-27,2,direct_own_calendar,785923784.0,786863619.3321049
2025-11-26,2025-11-28,2,direct_own_calendar,793532772.0,784728884.1870226
2025-11-27,2025-11-29,2,direct_own_calendar,775439198.0,777430674.2724673
2025-11-28,2025-11-30,2,direct_own_calendar,752415007.0,766675760.646294
2025-11-29,2025-12-01,2,direct_own_calendar,752093794.0,788769002.6810651
2025-11-30,2025-12-02,2,direct_own_calendar,774181582.0,782114025.1274977
2025-12-01,2025-12-03,2,direct_own_calendar,779128904.0,772240047.5373609
2025-12-02,2025-12-04,2,direct_own_calendar,780611840.0,764720733.4012102
2025-12-03,2025-12-05,2,direct_own_calendar,790342731.0,778753785.549435
2025-12-04,2025-12-06,2,direct_own_calendar,783475966.0,772509380.7894344
2025-12-05,2025-12-07,2,direct_own_calendar,769662376.0,758205290.8890064
2025-12-06,2025-12-08,2,direct_own_calendar,781993536.0,779975334.6466067
2025-12-07,2025-12-09,2,direct_own_calendar,790459836.0,780374588.1266594
2025-12-08,2025-12-10,2,direct_own_calendar,793331038.0,778182611.3513179
2025-12-09,2025-12-11,2,direct_own_calendar,792303023.0,776462229.0415689
2025-12-10,2025-12-12,2,direct_own_calendar,805771337.0,783693686.321264
2025-12-11,2025-12-13,2,direct_own_calendar,805919635.0,777684042.6792533
2025-12-12,2025-12-14,2,direct_own_calendar,775261923.0,764167819.1559241
2025-12-13,2025-12-15,2,direct_own_calendar,800205024.0,788292912.3850784
2025-12-14,2025-12-16,2,direct_own_calendar,791223092.0,792398193.0423295
2025-12-15,2025-12-17,2,direct_own_calendar,797873177.0,779133796.2022232
2025-12-16,2025-12-18,2,direct_own_calendar,807913091.0,784498331.4376124
2025-12-17,2025-12-19,2,direct_own_calendar,813412227.0,782798038.9849371
2025-12-18,2025-12-20,2,direct_own_calendar,800554656.0,779635315.9903884
2025-12-19,2025-12-21,2,direct_own_calendar,775722494.0,771483554.4626116
2025-12-20,2025-12-22,2,direct_own_calendar,800416947.0,790501597.4939376
2025-12-21,2025-12-23,2,direct_own_calendar,805434213.0,787358177.7731624
2025-12-22,2025-12-24,2,direct_own_calendar,803732375.0,777951012.2314789
2025-12-23,2025-12-25,2,direct_own_calendar,824337857.0,784204710.5239229
2025-12-24,2025-12-26,2,direct_own_calendar,812520530.0,789000147.2396089
2025-12-25,2025-12-27,2,direct_own_calendar,813024286.0,779962436.3725675
2025-12-26,2025-12-28,2,direct_own_calendar,798511867.0,776282343.207038
2025-12-27,2025-12-29,2,direct_own_calendar,801303829.0,787223345.1542374
2025-12-28,2025-12-30,2,direct_own_calendar,799723069.0,792500275.3139768
2025-12-29,2025-12-31,2,direct_own_calendar,783373686.0,789370821.6190958
2025-12-30,2026-01-01,2,direct_own_calendar,707758012.0,694879215.7052133
2025-12-31,2026-01-02,2,direct_own_calendar,741910307.0,695679111.2236667
2026-01-01,2026-01-03,2,direct_own_calendar,801935633.0,717010836.7568934
2026-01-02,2026-01-04,2,direct_own_calendar,820839320.0,705947826.3946767
2026-01-03,2026-01-05,2,direct_own_calendar,819629944.0,746479708.7968047
2026-01-04,2026-01-06,2,direct_own_calendar,848208043.0,778065151.873376
2026-01-05,2026-01-07,2,direct_own_calendar,836618404.0,791780015.6488037
2026-01-06,2026-01-08,2,direct_own_calendar,845715705.0,784694026.4365981
2026-01-07,2026-01-09,2,direct_own_calendar,845779172.0,804795275.4030263
2025-09-29,2025-10-01,2,direct_own_weather_holiday,893877447.0,913989333.2985543
2025-09-30,2025-10-02,2,direct_own_weather_holiday,877524402.0,912490216.4456745
2025-10-01,2025-10-03,2,direct_own_weather_holiday,906128774.0,891981147.3203424
2025-10-02,2025-10-04,2,direct_own_weather_holiday,947397946.0,880546671.66751
2025-10-03,2025-10-05,2,direct_own_weather_holiday,967898095.0,861866622.0090882
2025-10-04,2025-10-06,2,direct_own_weather_holiday,909397624.0,857009136.4058081
2025-10-05,2025-10-07,2,direct_own_weather_holiday,958058211.0,871798708.8909981
2025-10-06,2025-10-08,2,direct_own_weather_holiday,1002652065.0,879722745.5191035
2025-10-07,2025-10-09,2,direct_own_weather_holiday,1006596066.0,928049996.8636526
2025-10-08,2025-10-10,2,direct_own_weather_holiday,988218980.0,934696125.4016182
2025-10-09,2025-10-11,2,direct_own_weather_holiday,993216057.0,954218605.3991277
2025-10-10,2025-10-12,2,direct_own_weather_holiday,982996119.0,928295455.0873322
2025-10-11,2025-10-13,2,direct_own_weather_holiday,994158096.0,945600406.7006112
2025-10-12,2025-10-14,2,direct_own_weather_holiday,999440675.0,944346430.4833304
2025-10-13,2025-10-15,2,direct_own_weather_holiday,979563855.0,945361122.5810896
2025-10-14,2025-10-16,2,direct_own_weather_holiday,973453600.0,941649190.4194533
2025-10-15,2025-10-17,2,direct_own_weather_holiday,976535370.0,941447061.3329912
2025-10-16,2025-10-18,2,direct_own_weather_holiday,976325746.0,920927355.4926854
2025-10-17,2025-10-19,2,direct_own_weather_holiday,896789087.0,889074265.4065942
2025-10-18,2025-10-20,2,direct_own_weather_holiday,853624251.0,861782033.7950877
2025-10-19,2025-10-21,2,direct_own_weather_holiday,795444895.0,855488460.4877559
2025-10-20,2025-10-22,2,direct_own_weather_holiday,783518576.0,824129440.6803544
2025-10-21,2025-10-23,2,direct_own_weather_holiday,783134792.0,803361776.8299539
2025-10-22,2025-10-24,2,direct_own_weather_holiday,786285205.0,784283259.5219625
2025-10-23,2025-10-25,2,direct_own_weather_holiday,787344834.0,772786950.4482447
2025-10-24,2025-10-26,2,direct_own_weather_holiday,788309358.0,757348585.1945598
2025-10-25,2025-10-27,2,direct_own_weather_holiday,788347388.0,767652598.8338569
2025-10-26,2025-10-28,2,direct_own_weather_holiday,803213606.0,764207961.5143971
2025-10-27,2025-10-29,2,direct_own_weather_holiday,791815205.0,770361453.1867795
2025-10-28,2025-10-30,2,direct_own_weather_holiday,801523722.0,776227790.5168198
2025-10-29,2025-10-31,2,direct_own_weather_holiday,806599754.0,786023039.9048307
2025-10-30,2025-11-01,2,direct_own_weather_holiday,760921367.0,766846161.5235345
2025-10-31,2025-11-02,2,direct_own_weather_holiday,744828378.0,754569917.8024528
2025-11-01,2025-11-03,2,direct_own_weather_holiday,780447693.0,765803356.1446757
2025-11-02,2025-11-04,2,direct_own_weather_holiday,782600645.0,740262609.9164975
2025-11-03,2025-11-05,2,direct_own_weather_holiday,784108702.0,746806813.4803182
2025-11-04,2025-11-06,2,direct_own_weather_holiday,789959014.0,762773229.4546794
2025-11-05,2025-11-07,2,direct_own_weather_holiday,808798324.0,769633793.1655945
2025-11-06,2025-11-08,2,direct_own_weather_holiday,816286170.0,765705766.483959
2025-11-07,2025-11-09,2,direct_own_weather_holiday,794671570.0,753159503.470521
2025-11-08,2025-11-10,2,direct_own_weather_holiday,803150509.0,766197532.7902888
2025-11-09,2025-11-11,2,direct_own_weather_holiday,811031660.0,763532792.6596628
2025-11-10,2025-11-12,2,direct_own_weather_holiday,800371284.0,757721194.5155667
2025-11-11,2025-11-13,2,direct_own_weather_holiday,795412883.0,757306509.4676178
2025-11-12,2025-11-14,2,direct_own_weather_holiday,784929625.0,768436584.3875932
2025-11-13,2025-11-15,2,direct_own_weather_holiday,771969074.0,751355710.2635128
2025-11-14,2025-11-16,2,direct_own_weather_holiday,748102925.0,734440693.9504719
2025-11-15,2025-11-17,2,direct_own_weather_holiday,784946049.0,750771725.2618484
2025-11-16,2025-11-18,2,direct_own_weather_holiday,802372785.0,763454280.7331178
2025-11-17,2025-11-19,2,direct_own_weather_holiday,785536331.0,769958469.0154253
2025-11-18,2025-11-20,2,direct_own_weather_holiday,789566797.0,776941259.5238119
2025-11-19,2025-11-21,2,direct_own_weather_holiday,781713368.0,779157196.6219985
2025-11-20,2025-11-22,2,direct_own_weather_holiday,777234266.0,761567822.1967683
2025-11-21,2025-11-23,2,direct_own_weather_holiday,763587139.0,743905058.776216
2025-11-22,2025-11-24,2,direct_own_weather_holiday,787419759.0,760334979.1781197
2025-11-23,2025-11-25,2,direct_own_weather_holiday,779113247.0,768607596.4445525
2025-11-24,2025-11-26,2,direct_own_weather_holiday,779056661.0,770078015.8308198
2025-11-25,2025-11-27,2,direct_own_weather_holiday,785923784.0,772245120.9681275
2025-11-26,2025-11-28,2,direct_own_weather_holiday,793532772.0,774441447.0019779
2025-11-27,2025-11-29,2,direct_own_weather_holiday,775439198.0,754259851.6150224
2025-11-28,2025-11-30,2,direct_own_weather_holiday,752415007.0,742906565.5040166
2025-11-29,2025-12-01,2,direct_own_weather_holiday,752093794.0,763557751.1221765
2025-11-30,2025-12-02,2,direct_own_weather_holiday,774181582.0,757663285.7874911
2025-12-01,2025-12-03,2,direct_own_weather_holiday,779128904.0,758277613.3096006
2025-12-02,2025-12-04,2,direct_own_weather_holiday,780611840.0,761488965.0063568
2025-12-03,2025-12-05,2,direct_own_weather_holiday,790342731.0,765730875.1710973
2025-12-04,2025-12-06,2,direct_own_weather_holiday,783475966.0,753880307.129854
2025-12-05,2025-12-07,2,direct_own_weather_holiday,769662376.0,735377239.2243896
2025-12-06,2025-12-08,2,direct_own_weather_holiday,781993536.0,761820866.8063551
2025-12-07,2025-12-09,2,direct_own_weather_holiday,790459836.0,767998703.2412665
2025-12-08,2025-12-10,2,direct_own_weather_holiday,793331038.0,761117068.8888465
2025-12-09,2025-12-11,2,direct_own_weather_holiday,792303023.0,759984705.5118023
2025-12-10,2025-12-12,2,direct_own_weather_holiday,805771337.0,770901367.589744
2025-12-11,2025-12-13,2,direct_own_weather_holiday,805919635.0,758465107.559122
2025-12-12,2025-12-14,2,direct_own_weather_holiday,775261923.0,762965284.3647066
2025-12-13,2025-12-15,2,direct_own_weather_holiday,800205024.0,781199377.0814365
2025-12-14,2025-12-16,2,direct_own_weather_holiday,791223092.0,777683092.9899254
2025-12-15,2025-12-17,2,direct_own_weather_holiday,797873177.0,769264689.5535423
2025-12-16,2025-12-18,2,direct_own_weather_holiday,807913091.0,777392979.9501948
2025-12-17,2025-12-19,2,direct_own_weather_holiday,813412227.0,770703107.5623673
2025-12-18,2025-12-20,2,direct_own_weather_holiday,800554656.0,761665693.8596468
2025-12-19,2025-12-21,2,direct_own_weather_holiday,775722494.0,759104723.5404459
2025-12-20,2025-12-22,2,direct_own_weather_holiday,800416947.0,781536723.3760735
2025-12-21,2025-12-23,2,direct_own_weather_holiday,805434213.0,772957853.7948529
2025-12-22,2025-12-24,2,direct_own_weather_holiday,803732375.0,767530557.3234239
2025-12-23,2025-12-25,2,direct_own_weather_holiday,824337857.0,777532323.7846773
2025-12-24,2025-12-26,2,direct_own_weather_holiday,812520530.0,799265254.4347596
2025-12-25,2025-12-27,2,direct_own_weather_holiday,813024286.0,777553803.3406733
2025-12-26,2025-12-28,2,direct_own_weather_holiday,798511867.0,768612379.7747414
2025-12-27,2025-12-29,2,direct_own_weather_holiday,801303829.0,779840277.644083
2025-12-28,2025-12-30,2,direct_own_weather_holiday,799723069.0,784544798.6167479
2025-12-29,2025-12-31,2,direct_own_weather_holiday,783373686.0,790087712.4543446
2025-12-30,2026-01-01,2,direct_own_weather_holiday,707758012.0,702826408.8478262
2025-12-31,2026-01-02,2,direct_own_weather_holiday,741910307.0,708919420.5451556
2026-01-01,2026-01-03,2,direct_own_weather_holiday,801935633.0,733484697.2131313
2026-01-02,2026-01-04,2,direct_own_weather_holiday,820839320.0,721840205.3989593
2026-01-03,2026-01-05,2,direct_own_weather_holiday,819629944.0,753026158.7615697
2026-01-04,2026-01-06,2,direct_own_weather_holiday,848208043.0,789033984.3693978
2026-01-05,2026-01-07,2,direct_own_weather_holiday,836618404.0,803542552.9972609
2026-01-06,2026-01-08,2,direct_own_weather_holiday,845715705.0,797558727.5313892
2026-01-07,2026-01-09,2,direct_own_weather_holiday,845779172.0,808912720.6492101
2025-09-29,2025-10-01,2,direct_category_weather_holiday,893877447.0,941923323.5416818
2025-09-30,2025-10-02,2,direct_category_weather_holiday,877524402.0,940936044.1162461
2025-10-01,2025-10-03,2,direct_category_weather_holiday,906128774.0,917683946.5221214
2025-10-02,2025-10-04,2,direct_category_weather_holiday,947397946.0,887988478.4221579
2025-10-03,2025-10-05,2,direct_category_weather_holiday,967898095.0,876502796.816973
2025-10-04,2025-10-06,2,direct_category_weather_holiday,909397624.0,879895333.8831899
2025-10-05,2025-10-07,2,direct_category_weather_holiday,958058211.0,885694728.1284294
2025-10-06,2025-10-08,2,direct_category_weather_holiday,1002652065.0,891422749.845688
2025-10-07,2025-10-09,2,direct_category_weather_holiday,1006596066.0,916698736.5477787
2025-10-08,2025-10-10,2,direct_category_weather_holiday,988218980.0,938198221.5313073
2025-10-09,2025-10-11,2,direct_category_weather_holiday,993216057.0,960517911.9223441
2025-10-10,2025-10-12,2,direct_category_weather_holiday,982996119.0,932455333.234046
2025-10-11,2025-10-13,2,direct_category_weather_holiday,994158096.0,952357197.6568571
2025-10-12,2025-10-14,2,direct_category_weather_holiday,999440675.0,954878117.1731918
2025-10-13,2025-10-15,2,direct_category_weather_holiday,979563855.0,965023815.2185832
2025-10-14,2025-10-16,2,direct_category_weather_holiday,973453600.0,957300310.2195308
2025-10-15,2025-10-17,2,direct_category_weather_holiday,976535370.0,977675508.7726072
2025-10-16,2025-10-18,2,direct_category_weather_holiday,976325746.0,941727509.6966896
2025-10-17,2025-10-19,2,direct_category_weather_holiday,896789087.0,903121912.0555679
2025-10-18,2025-10-20,2,direct_category_weather_holiday,853624251.0,871121568.8878576
2025-10-19,2025-10-21,2,direct_category_weather_holiday,795444895.0,871435987.9406071
2025-10-20,2025-10-22,2,direct_category_weather_holiday,783518576.0,857276118.7031136
2025-10-21,2025-10-23,2,direct_category_weather_holiday,783134792.0,833233425.4343282
2025-10-22,2025-10-24,2,direct_category_weather_holiday,786285205.0,816277983.670308
2025-10-23,2025-10-25,2,direct_category_weather_holiday,787344834.0,801169242.8335193
2025-10-24,2025-10-26,2,direct_category_weather_holiday,788309358.0,784688120.9444047
2025-10-25,2025-10-27,2,direct_category_weather_holiday,788347388.0,795523883.6889887
2025-10-26,2025-10-28,2,direct_category_weather_holiday,803213606.0,798722511.8373718
2025-10-27,2025-10-29,2,direct_category_weather_holiday,791815205.0,809310487.1665816
2025-10-28,2025-10-30,2,direct_category_weather_holiday,801523722.0,819262722.2560469
2025-10-29,2025-10-31,2,direct_category_weather_holiday,806599754.0,833138542.3024764
2025-10-30,2025-11-01,2,direct_category_weather_holiday,760921367.0,800415382.8305696
2025-10-31,2025-11-02,2,direct_category_weather_holiday,744828378.0,785036449.3967392
2025-11-01,2025-11-03,2,direct_category_weather_holiday,780447693.0,795674215.3517762
2025-11-02,2025-11-04,2,direct_category_weather_holiday,782600645.0,765738426.7042645
2025-11-03,2025-11-05,2,direct_category_weather_holiday,784108702.0,783075480.321638
2025-11-04,2025-11-06,2,direct_category_weather_holiday,789959014.0,797141732.5868233
2025-11-05,2025-11-07,2,direct_category_weather_holiday,808798324.0,801717595.455729
2025-11-06,2025-11-08,2,direct_category_weather_holiday,816286170.0,796093553.9371738
2025-11-07,2025-11-09,2,direct_category_weather_holiday,794671570.0,776305330.136209
2025-11-08,2025-11-10,2,direct_category_weather_holiday,803150509.0,789229418.8576872
2025-11-09,2025-11-11,2,direct_category_weather_holiday,811031660.0,784369675.1665846
2025-11-10,2025-11-12,2,direct_category_weather_holiday,800371284.0,785947624.7938244
2025-11-11,2025-11-13,2,direct_category_weather_holiday,795412883.0,796322445.7246367
2025-11-12,2025-11-14,2,direct_category_weather_holiday,784929625.0,803926925.6215565
2025-11-13,2025-11-15,2,direct_category_weather_holiday,771969074.0,785608000.0113686
2025-11-14,2025-11-16,2,direct_category_weather_holiday,748102925.0,765616380.9629426
2025-11-15,2025-11-17,2,direct_category_weather_holiday,784946049.0,777509885.3737139
2025-11-16,2025-11-18,2,direct_category_weather_holiday,802372785.0,781318212.1240232
2025-11-17,2025-11-19,2,direct_category_weather_holiday,785536331.0,796075300.8714288
2025-11-18,2025-11-20,2,direct_category_weather_holiday,789566797.0,815071552.5852035
2025-11-19,2025-11-21,2,direct_category_weather_holiday,781713368.0,818739267.6866447
2025-11-20,2025-11-22,2,direct_category_weather_holiday,777234266.0,794596769.69839
2025-11-21,2025-11-23,2,direct_category_weather_holiday,763587139.0,776464070.2737817
2025-11-22,2025-11-24,2,direct_category_weather_holiday,787419759.0,787011386.5459689
2025-11-23,2025-11-25,2,direct_category_weather_holiday,779113247.0,796130138.9941361
2025-11-24,2025-11-26,2,direct_category_weather_holiday,779056661.0,803597872.510989
2025-11-25,2025-11-27,2,direct_category_weather_holiday,785923784.0,812776264.2549031
2025-11-26,2025-11-28,2,direct_category_weather_holiday,793532772.0,813206052.069977
2025-11-27,2025-11-29,2,direct_category_weather_holiday,775439198.0,792603815.354799
2025-11-28,2025-11-30,2,direct_category_weather_holiday,752415007.0,776983627.7530719
2025-11-29,2025-12-01,2,direct_category_weather_holiday,752093794.0,791114534.8683167
2025-11-30,2025-12-02,2,direct_category_weather_holiday,774181582.0,783620740.8076756
2025-12-01,2025-12-03,2,direct_category_weather_holiday,779128904.0,789219981.1940007
2025-12-02,2025-12-04,2,direct_category_weather_holiday,780611840.0,792306585.6626792
2025-12-03,2025-12-05,2,direct_category_weather_holiday,790342731.0,797041541.2732334
2025-12-04,2025-12-06,2,direct_category_weather_holiday,783475966.0,787546338.1988758
2025-12-05,2025-12-07,2,direct_category_weather_holiday,769662376.0,767496695.6737893
2025-12-06,2025-12-08,2,direct_category_weather_holiday,781993536.0,792039056.1728014
2025-12-07,2025-12-09,2,direct_category_weather_holiday,790459836.0,796418727.6170257
2025-12-08,2025-12-10,2,direct_category_weather_holiday,793331038.0,792107528.4372337
2025-12-09,2025-12-11,2,direct_category_weather_holiday,792303023.0,794141561.471438
2025-12-10,2025-12-12,2,direct_category_weather_holiday,805771337.0,808411645.2864884
2025-12-11,2025-12-13,2,direct_category_weather_holiday,805919635.0,794182765.4376949
2025-12-12,2025-12-14,2,direct_category_weather_holiday,775261923.0,789505336.6780403
2025-12-13,2025-12-15,2,direct_category_weather_holiday,800205024.0,811331424.2884263
2025-12-14,2025-12-16,2,direct_category_weather_holiday,791223092.0,805220248.7584361
2025-12-15,2025-12-17,2,direct_category_weather_holiday,797873177.0,800059247.2805555
2025-12-16,2025-12-18,2,direct_category_weather_holiday,807913091.0,810406288.652044
2025-12-17,2025-12-19,2,direct_category_weather_holiday,813412227.0,794090604.5593643
2025-12-18,2025-12-20,2,direct_category_weather_holiday,800554656.0,784328138.1032588
2025-12-19,2025-12-21,2,direct_category_weather_holiday,775722494.0,783448381.0708584
2025-12-20,2025-12-22,2,direct_category_weather_holiday,800416947.0,808474307.331476
2025-12-21,2025-12-23,2,direct_category_weather_holiday,805434213.0,795149354.5501753
2025-12-22,2025-12-24,2,direct_category_weather_holiday,803732375.0,790540508.8339343
2025-12-23,2025-12-25,2,direct_category_weather_holiday,824337857.0,805708176.588659
2025-12-24,2025-12-26,2,direct_category_weather_holiday,812520530.0,822918950.4518722
2025-12-25,2025-12-27,2,direct_category_weather_holiday,813024286.0,801626401.9208738
2025-12-26,2025-12-28,2,direct_category_weather_holiday,798511867.0,795199064.066584
2025-12-27,2025-12-29,2,direct_category_weather_holiday,801303829.0,799260894.806348
2025-12-28,2025-12-30,2,direct_category_weather_holiday,799723069.0,804514059.3363699
2025-12-29,2025-12-31,2,direct_category_weather_holiday,783373686.0,814501104.354069
2025-12-30,2026-01-01,2,direct_category_weather_holiday,707758012.0,722606655.2392943
2025-12-31,2026-01-02,2,direct_category_weather_holiday,741910307.0,727678203.0503752
2026-01-01,2026-01-03,2,direct_category_weather_holiday,801935633.0,751596179.5728459
2026-01-02,2026-01-04,2,direct_category_weather_holiday,820839320.0,735706415.606585
2026-01-03,2026-01-05,2,direct_category_weather_holiday,819629944.0,772580064.3454343
2026-01-04,2026-01-06,2,direct_category_weather_holiday,848208043.0,817114124.8203435
2026-01-05,2026-01-07,2,direct_category_weather_holiday,836618404.0,826306719.0841669
2026-01-06,2026-01-08,2,direct_category_weather_holiday,845715705.0,819480474.9740134
2026-01-07,2026-01-09,2,direct_category_weather_holiday,845779172.0,827791186.7419385
2025-09-28,2025-10-01,3,direct_own_calendar,893877447.0,824871814.4617411
2025-09-29,2025-10-02,3,direct_own_calendar,877524402.0,843549097.1509651
2025-09-30,2025-10-03,3,direct_own_calendar,906128774.0,853473556.2238165
2025-10-01,2025-10-04,3,direct_own_calendar,947397946.0,862917041.6271653
2025-10-02,2025-10-05,3,direct_own_calendar,967898095.0,803268842.4346286
2025-10-03,2025-10-06,3,direct_own_calendar,909397624.0,772906469.416221
2025-10-04,2025-10-07,3,direct_own_calendar,958058211.0,778393425.6431495
2025-10-05,2025-10-08,3,direct_own_calendar,1002652065.0,793335260.1193974
2025-10-06,2025-10-09,3,direct_own_calendar,1006596066.0,940676418.8978873
2025-10-07,2025-10-10,3,direct_own_calendar,988218980.0,919106644.4019723
2025-10-08,2025-10-11,3,direct_own_calendar,993216057.0,913591661.3975893
2025-10-09,2025-10-12,3,direct_own_calendar,982996119.0,916453374.7519128
2025-10-10,2025-10-13,3,direct_own_calendar,994158096.0,936161544.0832411
2025-10-11,2025-10-14,3,direct_own_calendar,999440675.0,928240516.8990228
2025-10-12,2025-10-15,3,direct_own_calendar,979563855.0,929592940.293255
2025-10-13,2025-10-16,3,direct_own_calendar,973453600.0,934308844.253998
2025-10-14,2025-10-17,3,direct_own_calendar,976535370.0,937833027.9441524
2025-10-15,2025-10-18,3,direct_own_calendar,976325746.0,928396845.0834833
2025-10-16,2025-10-19,3,direct_own_calendar,896789087.0,906654155.6004128
2025-10-17,2025-10-20,3,direct_own_calendar,853624251.0,924321124.2857575
2025-10-18,2025-10-21,3,direct_own_calendar,795444895.0,924773139.5467968
2025-10-19,2025-10-22,3,direct_own_calendar,783518576.0,924049800.4931085
2025-10-20,2025-10-23,3,direct_own_calendar,783134792.0,895799412.7491384
2025-10-21,2025-10-24,3,direct_own_calendar,786285205.0,872507731.8340765
2025-10-22,2025-10-25,3,direct_own_calendar,787344834.0,836052190.2355658
2025-10-23,2025-10-26,3,direct_own_calendar,788309358.0,810062635.4350462
2025-10-24,2025-10-27,3,direct_own_calendar,788347388.0,818733581.4790676
2025-10-25,2025-10-28,3,direct_own_calendar,803213606.0,814892724.4838514
2025-10-26,2025-10-29,3,direct_own_calendar,791815205.0,811810769.8954635
2025-10-27,2025-10-30,3,direct_own_calendar,801523722.0,818073286.2297195
2025-10-28,2025-10-31,3,direct_own_calendar,806599754.0,817257007.2637497
2025-10-29,2025-11-01,3,direct_own_calendar,760921367.0,817158914.2765094
2025-10-30,2025-11-02,3,direct_own_calendar,744828378.0,799687664.9522434
2025-10-31,2025-11-03,3,direct_own_calendar,780447693.0,819295233.1582388
2025-11-01,2025-11-04,3,direct_own_calendar,782600645.0,815754005.3656927
2025-11-02,2025-11-05,3,direct_own_calendar,784108702.0,793050113.3778495
2025-11-03,2025-11-06,3,direct_own_calendar,789959014.0,794991068.3606888
2025-11-04,2025-11-07,3,direct_own_calendar,808798324.0,802107996.7736022
2025-11-05,2025-11-08,3,direct_own_calendar,816286170.0,790553180.0724807
2025-11-06,2025-11-09,3,direct_own_calendar,794671570.0,777092272.4915596
2025-11-07,2025-11-10,3,direct_own_calendar,803150509.0,796036133.0834706
2025-11-08,2025-11-11,3,direct_own_calendar,811031660.0,802028794.7398479
2025-11-09,2025-11-12,3,direct_own_calendar,800371284.0,804423319.9837973
2025-11-10,2025-11-13,3,direct_own_calendar,795412883.0,802665712.5009377
2025-11-11,2025-11-14,3,direct_own_calendar,784929625.0,804394326.5260336
2025-11-12,2025-11-15,3,direct_own_calendar,771969074.0,798151534.7942495
2025-11-13,2025-11-16,3,direct_own_calendar,748102925.0,780708214.2757115
2025-11-14,2025-11-17,3,direct_own_calendar,784946049.0,795183613.5437429
2025-11-15,2025-11-18,3,direct_own_calendar,802372785.0,787731177.8209004
2025-11-16,2025-11-19,3,direct_own_calendar,785536331.0,781918143.7101985
2025-11-17,2025-11-20,3,direct_own_calendar,789566797.0,780145496.5096942
2025-11-18,2025-11-21,3,direct_own_calendar,781713368.0,794243760.6625311
2025-11-19,2025-11-22,3,direct_own_calendar,777234266.0,791921001.1815543
2025-11-20,2025-11-23,3,direct_own_calendar,763587139.0,773499163.0918512
2025-11-21,2025-11-24,3,direct_own_calendar,787419759.0,792516092.4918385
2025-11-22,2025-11-25,3,direct_own_calendar,779113247.0,787173133.480475
2025-11-23,2025-11-26,3,direct_own_calendar,779056661.0,782865922.419705
2025-11-24,2025-11-27,3,direct_own_calendar,785923784.0,783578884.4161239
2025-11-25,2025-11-28,3,direct_own_calendar,793532772.0,790368946.7773514
2025-11-26,2025-11-29,3,direct_own_calendar,775439198.0,777547607.2989713
2025-11-27,2025-11-30,3,direct_own_calendar,752415007.0,764562924.2237885
2025-11-28,2025-12-01,3,direct_own_calendar,752093794.0,783605432.7361583
2025-11-29,2025-12-02,3,direct_own_calendar,774181582.0,787149197.169202
2025-11-30,2025-12-03,3,direct_own_calendar,779128904.0,777825024.6391732
2025-12-01,2025-12-04,3,direct_own_calendar,780611840.0,773592609.5467564
2025-12-02,2025-12-05,3,direct_own_calendar,790342731.0,771355695.2948059
2025-12-03,2025-12-06,3,direct_own_calendar,783475966.0,769854718.6953813
2025-12-04,2025-12-07,3,direct_own_calendar,769662376.0,758328951.7136283
2025-12-05,2025-12-08,3,direct_own_calendar,781993536.0,775127353.2701613
2025-12-06,2025-12-09,3,direct_own_calendar,790459836.0,777562693.5429107
2025-12-07,2025-12-10,3,direct_own_calendar,793331038.0,773994355.6139559
2025-12-08,2025-12-11,3,direct_own_calendar,792303023.0,776887786.6627332
2025-12-09,2025-12-12,3,direct_own_calendar,805771337.0,779301058.3542905
2025-12-10,2025-12-13,3,direct_own_calendar,805919635.0,773344066.3341783
2025-12-11,2025-12-14,3,direct_own_calendar,775261923.0,761818652.6550136
2025-12-12,2025-12-15,3,direct_own_calendar,800205024.0,779709108.8990598
2025-12-13,2025-12-16,3,direct_own_calendar,791223092.0,783994336.0921292
2025-12-14,2025-12-17,3,direct_own_calendar,797873177.0,783470473.6194533
2025-12-15,2025-12-18,3,direct_own_calendar,807913091.0,777577100.940596
2025-12-16,2025-12-19,3,direct_own_calendar,813412227.0,784791017.956648
2025-12-17,2025-12-20,3,direct_own_calendar,800554656.0,772560516.6910286
2025-12-18,2025-12-21,3,direct_own_calendar,775722494.0,762862708.2412668
2025-12-19,2025-12-22,3,direct_own_calendar,800416947.0,784740681.8512945
2025-12-20,2025-12-23,3,direct_own_calendar,805434213.0,785461302.3229401
2025-12-21,2025-12-24,3,direct_own_calendar,803732375.0,778899623.7120364
2025-12-22,2025-12-25,3,direct_own_calendar,824337857.0,775754260.181228
2025-12-23,2025-12-26,3,direct_own_calendar,812520530.0,784128884.5996902
2025-12-24,2025-12-27,3,direct_own_calendar,813024286.0,776583530.1197846
2025-12-25,2025-12-28,3,direct_own_calendar,798511867.0,762608088.3840533
2025-12-26,2025-12-29,3,direct_own_calendar,801303829.0,787164035.596286
2025-12-27,2025-12-30,3,direct_own_calendar,799723069.0,782388522.9494965
2025-12-28,2025-12-31,3,direct_own_calendar,783373686.0,782072475.4396054
2025-12-29,2026-01-01,3,direct_own_calendar,707758012.0,694998373.5337902
2025-12-30,2026-01-02,3,direct_own_calendar,741910307.0,692780255.2143726
2025-12-31,2026-01-03,3,direct_own_calendar,801935633.0,715349075.595307
2026-01-01,2026-01-04,3,direct_own_calendar,820839320.0,732267603.6698165
2026-01-02,2026-01-05,3,direct_own_calendar,819629944.0,735375739.6040373
2026-01-03,2026-01-06,3,direct_own_calendar,848208043.0,744864863.7980053
2026-01-04,2026-01-07,3,direct_own_calendar,836618404.0,764488036.760577
2026-01-05,2026-01-08,3,direct_own_calendar,845715705.0,782774107.7843373
2026-01-06,2026-01-09,3,direct_own_calendar,845779172.0,783875829.2632985
2025-09-28,2025-10-01,3,direct_own_weather_holiday,893877447.0,880974603.0049106
2025-09-29,2025-10-02,3,direct_own_weather_holiday,877524402.0,889017944.7573321
2025-09-30,2025-10-03,3,direct_own_weather_holiday,906128774.0,891729039.8508259
2025-10-01,2025-10-04,3,direct_own_weather_holiday,947397946.0,902935861.466022
2025-10-02,2025-10-05,3,direct_own_weather_holiday,967898095.0,858145511.0932897
2025-10-03,2025-10-06,3,direct_own_weather_holiday,909397624.0,838886031.8866066
2025-10-04,2025-10-07,3,direct_own_weather_holiday,958058211.0,840572310.4358071
2025-10-05,2025-10-08,3,direct_own_weather_holiday,1002652065.0,847488995.7760525
2025-10-06,2025-10-09,3,direct_own_weather_holiday,1006596066.0,955641816.0215296
2025-10-07,2025-10-10,3,direct_own_weather_holiday,988218980.0,924825280.7700694
2025-10-08,2025-10-11,3,direct_own_weather_holiday,993216057.0,932096627.4435813
2025-10-09,2025-10-12,3,direct_own_weather_holiday,982996119.0,917608246.4809123
2025-10-10,2025-10-13,3,direct_own_weather_holiday,994158096.0,944220005.7409599
2025-10-11,2025-10-14,3,direct_own_weather_holiday,999440675.0,928501946.9933423
2025-10-12,2025-10-15,3,direct_own_weather_holiday,979563855.0,931308574.0127884
2025-10-13,2025-10-16,3,direct_own_weather_holiday,973453600.0,930349679.4341252
2025-10-14,2025-10-17,3,direct_own_weather_holiday,976535370.0,931960470.8890315
2025-10-15,2025-10-18,3,direct_own_weather_holiday,976325746.0,918705172.8354372
2025-10-16,2025-10-19,3,direct_own_weather_holiday,896789087.0,877221351.4101495
2025-10-17,2025-10-20,3,direct_own_weather_holiday,853624251.0,845244165.0604968
2025-10-18,2025-10-21,3,direct_own_weather_holiday,795444895.0,835204123.1319809
2025-10-19,2025-10-22,3,direct_own_weather_holiday,783518576.0,837902244.3691728
2025-10-20,2025-10-23,3,direct_own_weather_holiday,783134792.0,820178623.7043365
2025-10-21,2025-10-24,3,direct_own_weather_holiday,786285205.0,802733361.2691575
2025-10-22,2025-10-25,3,direct_own_weather_holiday,787344834.0,782001951.3043157
2025-10-23,2025-10-26,3,direct_own_weather_holiday,788309358.0,762648952.1250647
2025-10-24,2025-10-27,3,direct_own_weather_holiday,788347388.0,768246303.5966222
2025-10-25,2025-10-28,3,direct_own_weather_holiday,803213606.0,760310748.4593599
2025-10-26,2025-10-29,3,direct_own_weather_holiday,791815205.0,761655603.994272
2025-10-27,2025-10-30,3,direct_own_weather_holiday,801523722.0,776554034.7216086
2025-10-28,2025-10-31,3,direct_own_weather_holiday,806599754.0,774199807.1052724
2025-10-29,2025-11-01,3,direct_own_weather_holiday,760921367.0,767034993.9787884
2025-10-30,2025-11-02,3,direct_own_weather_holiday,744828378.0,750090886.9111857
2025-10-31,2025-11-03,3,direct_own_weather_holiday,780447693.0,764239930.6346593
2025-11-01,2025-11-04,3,direct_own_weather_holiday,782600645.0,751905074.4403573
2025-11-02,2025-11-05,3,direct_own_weather_holiday,784108702.0,741749206.0594475
2025-11-03,2025-11-06,3,direct_own_weather_holiday,789959014.0,758353250.7087706
2025-11-04,2025-11-07,3,direct_own_weather_holiday,808798324.0,771448984.7247751
2025-11-05,2025-11-08,3,direct_own_weather_holiday,816286170.0,764046466.2258003
2025-11-06,2025-11-09,3,direct_own_weather_holiday,794671570.0,748539457.00685
2025-11-07,2025-11-10,3,direct_own_weather_holiday,803150509.0,756831792.7974901
2025-11-08,2025-11-11,3,direct_own_weather_holiday,811031660.0,751136700.216062
2025-11-09,2025-11-12,3,direct_own_weather_holiday,800371284.0,753675037.3240709
2025-11-10,2025-11-13,3,direct_own_weather_holiday,795412883.0,753284947.7024213
2025-11-11,2025-11-14,3,direct_own_weather_holiday,784929625.0,761414720.1915728
2025-11-12,2025-11-15,3,direct_own_weather_holiday,771969074.0,748493851.9815919
2025-11-13,2025-11-16,3,direct_own_weather_holiday,748102925.0,730205810.9750968
2025-11-14,2025-11-17,3,direct_own_weather_holiday,784946049.0,751528474.6078479
2025-11-15,2025-11-18,3,direct_own_weather_holiday,802372785.0,762410188.67983
2025-11-16,2025-11-19,3,direct_own_weather_holiday,785536331.0,774056074.000533
2025-11-17,2025-11-20,3,direct_own_weather_holiday,789566797.0,769556398.4156018
2025-11-18,2025-11-21,3,direct_own_weather_holiday,781713368.0,774182804.8729552
2025-11-19,2025-11-22,3,direct_own_weather_holiday,777234266.0,766368164.2466965
2025-11-20,2025-11-23,3,direct_own_weather_holiday,763587139.0,741451482.6257721
2025-11-21,2025-11-24,3,direct_own_weather_holiday,787419759.0,763041444.0696921
2025-11-22,2025-11-25,3,direct_own_weather_holiday,779113247.0,769108052.9221193
2025-11-23,2025-11-26,3,direct_own_weather_holiday,779056661.0,769846003.7232698
2025-11-24,2025-11-27,3,direct_own_weather_holiday,785923784.0,770991181.1159395
2025-11-25,2025-11-28,3,direct_own_weather_holiday,793532772.0,780405224.9215705
2025-11-26,2025-11-29,3,direct_own_weather_holiday,775439198.0,753391452.716172
2025-11-27,2025-11-30,3,direct_own_weather_holiday,752415007.0,740145013.3005581
2025-11-28,2025-12-01,3,direct_own_weather_holiday,752093794.0,757660509.1879632
2025-11-29,2025-12-02,3,direct_own_weather_holiday,774181582.0,759706565.3323586
2025-11-30,2025-12-03,3,direct_own_weather_holiday,779128904.0,762303107.3780988
2025-12-01,2025-12-04,3,direct_own_weather_holiday,780611840.0,767717483.5437804
2025-12-02,2025-12-05,3,direct_own_weather_holiday,790342731.0,760017528.3158742
2025-12-03,2025-12-06,3,direct_own_weather_holiday,783475966.0,749953013.9953688
2025-12-04,2025-12-07,3,direct_own_weather_holiday,769662376.0,733222789.5227164
2025-12-05,2025-12-08,3,direct_own_weather_holiday,781993536.0,756719838.8563628
2025-12-06,2025-12-09,3,direct_own_weather_holiday,790459836.0,763696603.2651178
2025-12-07,2025-12-10,3,direct_own_weather_holiday,793331038.0,755342194.4676844
2025-12-08,2025-12-11,3,direct_own_weather_holiday,792303023.0,757489643.457438
2025-12-09,2025-12-12,3,direct_own_weather_holiday,805771337.0,765483021.7448126
2025-12-10,2025-12-13,3,direct_own_weather_holiday,805919635.0,752581213.3506413
2025-12-11,2025-12-14,3,direct_own_weather_holiday,775261923.0,762290346.6074685
2025-12-12,2025-12-15,3,direct_own_weather_holiday,800205024.0,774763394.0016596
2025-12-13,2025-12-16,3,direct_own_weather_holiday,791223092.0,770407249.1075423
2025-12-14,2025-12-17,3,direct_own_weather_holiday,797873177.0,773260265.8211517
2025-12-15,2025-12-18,3,direct_own_weather_holiday,807913091.0,771961009.3591166
2025-12-16,2025-12-19,3,direct_own_weather_holiday,813412227.0,768919087.9630316
2025-12-17,2025-12-20,3,direct_own_weather_holiday,800554656.0,754501876.1367203
2025-12-18,2025-12-21,3,direct_own_weather_holiday,775722494.0,749595788.9843335
2025-12-19,2025-12-22,3,direct_own_weather_holiday,800416947.0,776238305.2543399
2025-12-20,2025-12-23,3,direct_own_weather_holiday,805434213.0,769900691.4813275
2025-12-21,2025-12-24,3,direct_own_weather_holiday,803732375.0,766165775.1448307
2025-12-22,2025-12-25,3,direct_own_weather_holiday,824337857.0,770815970.9868859
2025-12-23,2025-12-26,3,direct_own_weather_holiday,812520530.0,798527161.3617345
2025-12-24,2025-12-27,3,direct_own_weather_holiday,813024286.0,776364245.1529049
2025-12-25,2025-12-28,3,direct_own_weather_holiday,798511867.0,758582328.1773967
2025-12-26,2025-12-29,3,direct_own_weather_holiday,801303829.0,778689444.5522857
2025-12-27,2025-12-30,3,direct_own_weather_holiday,799723069.0,776472501.6115979
2025-12-28,2025-12-31,3,direct_own_weather_holiday,783373686.0,783210084.6890059
2025-12-29,2026-01-01,3,direct_own_weather_holiday,707758012.0,703298753.4178035
2025-12-30,2026-01-02,3,direct_own_weather_holiday,741910307.0,709256453.7954855
2025-12-31,2026-01-03,3,direct_own_weather_holiday,801935633.0,736073708.8101752
2026-01-01,2026-01-04,3,direct_own_weather_holiday,820839320.0,740547967.5213082
2026-01-02,2026-01-05,3,direct_own_weather_holiday,819629944.0,744380775.4262084
2026-01-03,2026-01-06,3,direct_own_weather_holiday,848208043.0,766305906.2907788
2026-01-04,2026-01-07,3,direct_own_weather_holiday,836618404.0,787278307.6157137
2026-01-05,2026-01-08,3,direct_own_weather_holiday,845715705.0,800331032.093674
2026-01-06,2026-01-09,3,direct_own_weather_holiday,845779172.0,796660331.2143741
2025-09-28,2025-10-01,3,direct_category_weather_holiday,893877447.0,913035662.4823879
2025-09-29,2025-10-02,3,direct_category_weather_holiday,877524402.0,916156566.29113
2025-09-30,2025-10-03,3,direct_category_weather_holiday,906128774.0,920839380.8438541
2025-10-01,2025-10-04,3,direct_category_weather_holiday,947397946.0,935676852.6543443
2025-10-02,2025-10-05,3,direct_category_weather_holiday,967898095.0,864566668.4140157
2025-10-03,2025-10-06,3,direct_category_weather_holiday,909397624.0,854603190.0691717
2025-10-04,2025-10-07,3,direct_category_weather_holiday,958058211.0,864273463.9134003
2025-10-05,2025-10-08,3,direct_category_weather_holiday,1002652065.0,861390717.080668
2025-10-06,2025-10-09,3,direct_category_weather_holiday,1006596066.0,950688477.1706821
2025-10-07,2025-10-10,3,direct_category_weather_holiday,988218980.0,905812665.4785856
2025-10-08,2025-10-11,3,direct_category_weather_holiday,993216057.0,941594733.9472231
2025-10-09,2025-10-12,3,direct_category_weather_holiday,982996119.0,925415292.142829
2025-10-10,2025-10-13,3,direct_category_weather_holiday,994158096.0,953063332.0545082
2025-10-11,2025-10-14,3,direct_category_weather_holiday,999440675.0,940613577.5333514
2025-10-12,2025-10-15,3,direct_category_weather_holiday,979563855.0,945980895.6798984
2025-10-13,2025-10-16,3,direct_category_weather_holiday,973453600.0,957928647.0135571
2025-10-14,2025-10-17,3,direct_category_weather_holiday,976535370.0,952940582.0049803
2025-10-15,2025-10-18,3,direct_category_weather_holiday,976325746.0,961775550.3548189
2025-10-16,2025-10-19,3,direct_category_weather_holiday,896789087.0,901471233.6029279
2025-10-17,2025-10-20,3,direct_category_weather_holiday,853624251.0,861257660.0101415
2025-10-18,2025-10-21,3,direct_category_weather_holiday,795444895.0,854909851.2799218
2025-10-19,2025-10-22,3,direct_category_weather_holiday,783518576.0,859711374.0609243
2025-10-20,2025-10-23,3,direct_category_weather_holiday,783134792.0,866012362.4684074
2025-10-21,2025-10-24,3,direct_category_weather_holiday,786285205.0,844833439.2230625
2025-10-22,2025-10-25,3,direct_category_weather_holiday,787344834.0,825891640.0046023
2025-10-23,2025-10-26,3,direct_category_weather_holiday,788309358.0,803545799.3082389
2025-10-24,2025-10-27,3,direct_category_weather_holiday,788347388.0,806978760.8322831
2025-10-25,2025-10-28,3,direct_category_weather_holiday,803213606.0,799189008.8061861
2025-10-26,2025-10-29,3,direct_category_weather_holiday,791815205.0,805995748.3072536
2025-10-27,2025-10-30,3,direct_category_weather_holiday,801523722.0,822800198.3640032
2025-10-28,2025-10-31,3,direct_category_weather_holiday,806599754.0,823279014.7342224
2025-10-29,2025-11-01,3,direct_category_weather_holiday,760921367.0,820580410.1306404
2025-10-30,2025-11-02,3,direct_category_weather_holiday,744828378.0,789023620.5968311
2025-10-31,2025-11-03,3,direct_category_weather_holiday,780447693.0,803954967.072561
2025-11-01,2025-11-04,3,direct_category_weather_holiday,782600645.0,791280453.4908035
2025-11-02,2025-11-05,3,direct_category_weather_holiday,784108702.0,768897025.5304284
2025-11-03,2025-11-06,3,direct_category_weather_holiday,789959014.0,800255069.5348969
2025-11-04,2025-11-07,3,direct_category_weather_holiday,808798324.0,807455637.1395314
2025-11-05,2025-11-08,3,direct_category_weather_holiday,816286170.0,798357939.3394296
2025-11-06,2025-11-09,3,direct_category_weather_holiday,794671570.0,779163236.031856
2025-11-07,2025-11-10,3,direct_category_weather_holiday,803150509.0,783733077.5699322
2025-11-08,2025-11-11,3,direct_category_weather_holiday,811031660.0,778554238.6050674
2025-11-09,2025-11-12,3,direct_category_weather_holiday,800371284.0,776929455.013578
2025-11-10,2025-11-13,3,direct_category_weather_holiday,795412883.0,783020987.8939178
2025-11-11,2025-11-14,3,direct_category_weather_holiday,784929625.0,798986974.8055876
2025-11-12,2025-11-15,3,direct_category_weather_holiday,771969074.0,786706184.797033
2025-11-13,2025-11-16,3,direct_category_weather_holiday,748102925.0,765264192.1871551
2025-11-14,2025-11-17,3,direct_category_weather_holiday,784946049.0,784067736.8304843
2025-11-15,2025-11-18,3,direct_category_weather_holiday,802372785.0,790545593.4526219
2025-11-16,2025-11-19,3,direct_category_weather_holiday,785536331.0,792691658.9595103
2025-11-17,2025-11-20,3,direct_category_weather_holiday,789566797.0,801111389.9092839
2025-11-18,2025-11-21,3,direct_category_weather_holiday,781713368.0,817061926.2383376
2025-11-19,2025-11-22,3,direct_category_weather_holiday,777234266.0,809228192.9244461
2025-11-20,2025-11-23,3,direct_category_weather_holiday,763587139.0,777389077.03422
2025-11-21,2025-11-24,3,direct_category_weather_holiday,787419759.0,797214183.6039078
2025-11-22,2025-11-25,3,direct_category_weather_holiday,779113247.0,799207312.1136229
2025-11-23,2025-11-26,3,direct_category_weather_holiday,779056661.0,804254178.3222802
2025-11-24,2025-11-27,3,direct_category_weather_holiday,785923784.0,807796229.3778893
2025-11-25,2025-11-28,3,direct_category_weather_holiday,793532772.0,823974452.6927125
2025-11-26,2025-11-29,3,direct_category_weather_holiday,775439198.0,799144254.901561
2025-11-27,2025-11-30,3,direct_category_weather_holiday,752415007.0,780207469.3639795
2025-11-28,2025-12-01,3,direct_category_weather_holiday,752093794.0,792548476.3083116
2025-11-29,2025-12-02,3,direct_category_weather_holiday,774181582.0,792189270.0665096
2025-11-30,2025-12-03,3,direct_category_weather_holiday,779128904.0,793130260.5084469
2025-12-01,2025-12-04,3,direct_category_weather_holiday,780611840.0,803110168.5675478
2025-12-02,2025-12-05,3,direct_category_weather_holiday,790342731.0,792582086.0876161
2025-12-03,2025-12-06,3,direct_category_weather_holiday,783475966.0,785732019.0742962
2025-12-04,2025-12-07,3,direct_category_weather_holiday,769662376.0,769446981.8277974
2025-12-05,2025-12-08,3,direct_category_weather_holiday,781993536.0,791320033.5464432
2025-12-06,2025-12-09,3,direct_category_weather_holiday,790459836.0,797585100.4545926
2025-12-07,2025-12-10,3,direct_category_weather_holiday,793331038.0,787231440.9555987
2025-12-08,2025-12-11,3,direct_category_weather_holiday,792303023.0,793417044.3876336
2025-12-09,2025-12-12,3,direct_category_weather_holiday,805771337.0,800968910.0362406
2025-12-10,2025-12-13,3,direct_category_weather_holiday,805919635.0,794388639.556717
2025-12-11,2025-12-14,3,direct_category_weather_holiday,775261923.0,794797901.2648163
2025-12-12,2025-12-15,3,direct_category_weather_holiday,800205024.0,808964162.8514553
2025-12-13,2025-12-16,3,direct_category_weather_holiday,791223092.0,801793164.813739
2025-12-14,2025-12-17,3,direct_category_weather_holiday,797873177.0,802379316.673946
2025-12-15,2025-12-18,3,direct_category_weather_holiday,807913091.0,807291673.3420614
2025-12-16,2025-12-19,3,direct_category_weather_holiday,813412227.0,801746300.3038405
2025-12-17,2025-12-20,3,direct_category_weather_holiday,800554656.0,776030585.1013868
2025-12-18,2025-12-21,3,direct_category_weather_holiday,775722494.0,774645983.405353
2025-12-19,2025-12-22,3,direct_category_weather_holiday,800416947.0,803556754.2500455
2025-12-20,2025-12-23,3,direct_category_weather_holiday,805434213.0,798640838.8644336
2025-12-21,2025-12-24,3,direct_category_weather_holiday,803732375.0,789391158.0221367
2025-12-22,2025-12-25,3,direct_category_weather_holiday,824337857.0,798169413.5663171
2025-12-23,2025-12-26,3,direct_category_weather_holiday,812520530.0,823139089.8219497
2025-12-24,2025-12-27,3,direct_category_weather_holiday,813024286.0,802660700.8462439
2025-12-25,2025-12-28,3,direct_category_weather_holiday,798511867.0,784522734.5782733
2025-12-26,2025-12-29,3,direct_category_weather_holiday,801303829.0,807236726.0510631
2025-12-27,2025-12-30,3,direct_category_weather_holiday,799723069.0,799296310.8982074
2025-12-28,2025-12-31,3,direct_category_weather_holiday,783373686.0,807019152.4748006
2025-12-29,2026-01-01,3,direct_category_weather_holiday,707758012.0,728102623.7091769
2025-12-30,2026-01-02,3,direct_category_weather_holiday,741910307.0,732269722.8626242
2025-12-31,2026-01-03,3,direct_category_weather_holiday,801935633.0,763223741.8195142
2026-01-01,2026-01-04,3,direct_category_weather_holiday,820839320.0,775498106.7450045
2026-01-02,2026-01-05,3,direct_category_weather_holiday,819629944.0,753169138.284725
2026-01-03,2026-01-06,3,direct_category_weather_holiday,848208043.0,788520141.2546041
2026-01-04,2026-01-07,3,direct_category_weather_holiday,836618404.0,817282043.2140999
2026-01-05,2026-01-08,3,direct_category_weather_holiday,845715705.0,822660125.1585864
2026-01-06,2026-01-09,3,direct_category_weather_holiday,845779172.0,818623173.1620796
2025-09-27,2025-10-01,4,direct_own_calendar,893877447.0,798562721.9911817
2025-09-28,2025-10-02,4,direct_own_calendar,877524402.0,804942335.7434465
2025-09-29,2025-10-03,4,direct_own_calendar,906128774.0,825679085.7488931
2025-09-30,2025-10-04,4,direct_own_calendar,947397946.0,851009999.8691381
2025-10-01,2025-10-05,4,direct_own_calendar,967898095.0,819189755.0792671
2025-10-02,2025-10-06,4,direct_own_calendar,909397624.0,765817665.6626496
2025-10-03,2025-10-07,4,direct_own_calendar,958058211.0,752933948.7225662
2025-10-04,2025-10-08,4,direct_own_calendar,1002652065.0,755332973.8181875
2025-10-05,2025-10-09,4,direct_own_calendar,1006596066.0,922405886.5335511
2025-10-06,2025-10-10,4,direct_own_calendar,988218980.0,944772501.2194984
2025-10-07,2025-10-11,4,direct_own_calendar,993216057.0,895556299.6065956
2025-10-08,2025-10-12,4,direct_own_calendar,982996119.0,892278103.2089151
2025-10-09,2025-10-13,4,direct_own_calendar,994158096.0,924697758.4732678
2025-10-10,2025-10-14,4,direct_own_calendar,999440675.0,927038403.8481749
2025-10-11,2025-10-15,4,direct_own_calendar,979563855.0,915718155.4693019
2025-10-12,2025-10-16,4,direct_own_calendar,973453600.0,921516367.0484098
2025-10-13,2025-10-17,4,direct_own_calendar,976535370.0,929388638.5140516
2025-10-14,2025-10-18,4,direct_own_calendar,976325746.0,922183211.7454752
2025-10-15,2025-10-19,4,direct_own_calendar,896789087.0,907332667.472429
2025-10-16,2025-10-20,4,direct_own_calendar,853624251.0,915712337.0781957
2025-10-17,2025-10-21,4,direct_own_calendar,795444895.0,916340342.9079468
2025-10-18,2025-10-22,4,direct_own_calendar,783518576.0,913140376.6099372
2025-10-19,2025-10-23,4,direct_own_calendar,783134792.0,917296203.2262237
2025-10-20,2025-10-24,4,direct_own_calendar,786285205.0,896112922.0043977
2025-10-21,2025-10-25,4,direct_own_calendar,787344834.0,863202905.395951
2025-10-22,2025-10-26,4,direct_own_calendar,788309358.0,824156290.0438428
2025-10-23,2025-10-27,4,direct_own_calendar,788347388.0,828213234.9377507
2025-10-24,2025-10-28,4,direct_own_calendar,803213606.0,821241838.9245808
2025-10-25,2025-10-29,4,direct_own_calendar,791815205.0,814338497.022724
2025-10-26,2025-10-30,4,direct_own_calendar,801523722.0,815843034.5192937
2025-10-27,2025-10-31,4,direct_own_calendar,806599754.0,824877667.0698924
2025-10-28,2025-11-01,4,direct_own_calendar,760921367.0,812552770.0646824
2025-10-29,2025-11-02,4,direct_own_calendar,744828378.0,804858412.1330966
2025-10-30,2025-11-03,4,direct_own_calendar,780447693.0,817378909.741481
2025-10-31,2025-11-04,4,direct_own_calendar,782600645.0,819264695.2244525
2025-11-01,2025-11-05,4,direct_own_calendar,784108702.0,811773789.1341546
2025-11-02,2025-11-06,4,direct_own_calendar,789959014.0,796337351.8678366
2025-11-03,2025-11-07,4,direct_own_calendar,808798324.0,801526145.7836888
2025-11-04,2025-11-08,4,direct_own_calendar,816286170.0,797270901.56255
2025-11-05,2025-11-09,4,direct_own_calendar,794671570.0,780021294.8524545
2025-11-06,2025-11-10,4,direct_own_calendar,803150509.0,795307259.6797755
2025-11-07,2025-11-11,4,direct_own_calendar,811031660.0,797137422.5483251
2025-11-08,2025-11-12,4,direct_own_calendar,800371284.0,797790277.156923
2025-11-09,2025-11-13,4,direct_own_calendar,795412883.0,804549060.6978458
2025-11-10,2025-11-14,4,direct_own_calendar,784929625.0,807055850.6711468
2025-11-11,2025-11-15,4,direct_own_calendar,771969074.0,797230215.7435951
2025-11-12,2025-11-16,4,direct_own_calendar,748102925.0,784696117.3550375
2025-11-13,2025-11-17,4,direct_own_calendar,784946049.0,797045182.2422789
2025-11-14,2025-11-18,4,direct_own_calendar,802372785.0,794951186.8648515
2025-11-15,2025-11-19,4,direct_own_calendar,785536331.0,784665986.9958793
2025-11-16,2025-11-20,4,direct_own_calendar,789566797.0,783872424.3522092
2025-11-17,2025-11-21,4,direct_own_calendar,781713368.0,786358423.7794074
2025-11-18,2025-11-22,4,direct_own_calendar,777234266.0,787920514.0120623
2025-11-19,2025-11-23,4,direct_own_calendar,763587139.0,779185754.7320424
2025-11-20,2025-11-24,4,direct_own_calendar,787419759.0,790501755.2859882
2025-11-21,2025-11-25,4,direct_own_calendar,779113247.0,791740311.7578247
2025-11-22,2025-11-26,4,direct_own_calendar,779056661.0,783073430.7545617
2025-11-23,2025-11-27,4,direct_own_calendar,785923784.0,783277885.8592451
2025-11-24,2025-11-28,4,direct_own_calendar,793532772.0,788212808.6971058
2025-11-25,2025-11-29,4,direct_own_calendar,775439198.0,783358725.8959712
2025-11-26,2025-11-30,4,direct_own_calendar,752415007.0,764897156.8771183
2025-11-27,2025-12-01,4,direct_own_calendar,752093794.0,780913033.706985
2025-11-28,2025-12-02,4,direct_own_calendar,774181582.0,782839434.071234
2025-11-29,2025-12-03,4,direct_own_calendar,779128904.0,782178058.4117957
2025-11-30,2025-12-04,4,direct_own_calendar,780611840.0,778256500.315404
2025-12-01,2025-12-05,4,direct_own_calendar,790342731.0,778055238.5836989
2025-12-02,2025-12-06,4,direct_own_calendar,783475966.0,765151527.6476221
2025-12-03,2025-12-07,4,direct_own_calendar,769662376.0,756752839.6820754
2025-12-04,2025-12-08,4,direct_own_calendar,781993536.0,774782113.3215746
2025-12-05,2025-12-09,4,direct_own_calendar,790459836.0,774487669.9333472
2025-12-06,2025-12-10,4,direct_own_calendar,793331038.0,772406417.2815486
2025-12-07,2025-12-11,4,direct_own_calendar,792303023.0,773797002.1855704
2025-12-08,2025-12-12,4,direct_own_calendar,805771337.0,780170363.586941
2025-12-09,2025-12-13,4,direct_own_calendar,805919635.0,771497114.2335114
2025-12-10,2025-12-14,4,direct_own_calendar,775261923.0,759185232.6373602
2025-12-11,2025-12-15,4,direct_own_calendar,800205024.0,776689002.613885
2025-12-12,2025-12-16,4,direct_own_calendar,791223092.0,777854329.4366477
2025-12-13,2025-12-17,4,direct_own_calendar,797873177.0,777469924.9068629
2025-12-14,2025-12-18,4,direct_own_calendar,807913091.0,781804495.2171795
2025-12-15,2025-12-19,4,direct_own_calendar,813412227.0,780455113.4690452
2025-12-16,2025-12-20,4,direct_own_calendar,800554656.0,775341705.9686772
2025-12-17,2025-12-21,4,direct_own_calendar,775722494.0,758188821.7890593
2025-12-18,2025-12-22,4,direct_own_calendar,800416947.0,776995606.6048702
2025-12-19,2025-12-23,4,direct_own_calendar,805434213.0,782069778.5941504
2025-12-20,2025-12-24,4,direct_own_calendar,803732375.0,778683240.4148033
2025-12-21,2025-12-25,4,direct_own_calendar,824337857.0,776965345.6117247
2025-12-22,2025-12-26,4,direct_own_calendar,812520530.0,778296970.1042799
2025-12-23,2025-12-27,4,direct_own_calendar,813024286.0,774508974.0636816
2025-12-24,2025-12-28,4,direct_own_calendar,798511867.0,761247878.6516987
2025-12-25,2025-12-29,4,direct_own_calendar,801303829.0,776409535.0599205
2025-12-26,2025-12-30,4,direct_own_calendar,799723069.0,782935145.8496094
2025-12-27,2025-12-31,4,direct_own_calendar,783373686.0,775061674.7599137
2025-12-28,2026-01-01,4,direct_own_calendar,707758012.0,690962926.5425531
2025-12-29,2026-01-02,4,direct_own_calendar,741910307.0,697709687.0156468
2025-12-30,2026-01-03,4,direct_own_calendar,801935633.0,711506665.6086037
2025-12-31,2026-01-04,4,direct_own_calendar,820839320.0,734542683.5867275
2026-01-01,2026-01-05,4,direct_own_calendar,819629944.0,759901740.0732346
2026-01-02,2026-01-06,4,direct_own_calendar,848208043.0,736218158.6466349
2026-01-03,2026-01-07,4,direct_own_calendar,836618404.0,739751463.6449546
2026-01-04,2026-01-08,4,direct_own_calendar,845715705.0,763080973.852334
2026-01-05,2026-01-09,4,direct_own_calendar,845779172.0,784045873.5710543
2025-09-27,2025-10-01,4,direct_own_weather_holiday,893877447.0,861825835.4315444
2025-09-28,2025-10-02,4,direct_own_weather_holiday,877524402.0,859354386.2297356
2025-09-29,2025-10-03,4,direct_own_weather_holiday,906128774.0,870306322.1816465
2025-09-30,2025-10-04,4,direct_own_weather_holiday,947397946.0,899268449.7078525
2025-10-01,2025-10-05,4,direct_own_weather_holiday,967898095.0,872653458.8284311
2025-10-02,2025-10-06,4,direct_own_weather_holiday,909397624.0,835536177.9780146
2025-10-03,2025-10-07,4,direct_own_weather_holiday,958058211.0,822123974.3573557
2025-10-04,2025-10-08,4,direct_own_weather_holiday,1002652065.0,817991997.5350449
2025-10-05,2025-10-09,4,direct_own_weather_holiday,1006596066.0,940796639.1583335
2025-10-06,2025-10-10,4,direct_own_weather_holiday,988218980.0,943670775.5884031
2025-10-07,2025-10-11,4,direct_own_weather_holiday,993216057.0,922635949.3361456
2025-10-08,2025-10-12,4,direct_own_weather_holiday,982996119.0,898443983.2040758
2025-10-09,2025-10-13,4,direct_own_weather_holiday,994158096.0,934573496.906016
2025-10-10,2025-10-14,4,direct_own_weather_holiday,999440675.0,924762084.6724936
2025-10-11,2025-10-15,4,direct_own_weather_holiday,979563855.0,917250916.7606099
2025-10-12,2025-10-16,4,direct_own_weather_holiday,973453600.0,918956000.8865931
2025-10-13,2025-10-17,4,direct_own_weather_holiday,976535370.0,921002779.1048514
2025-10-14,2025-10-18,4,direct_own_weather_holiday,976325746.0,910596046.1399286
2025-10-15,2025-10-19,4,direct_own_weather_holiday,896789087.0,874578028.2126286
2025-10-16,2025-10-20,4,direct_own_weather_holiday,853624251.0,832838994.84626
2025-10-17,2025-10-21,4,direct_own_weather_holiday,795444895.0,823983983.4287694
2025-10-18,2025-10-22,4,direct_own_weather_holiday,783518576.0,824996663.7992324
2025-10-19,2025-10-23,4,direct_own_weather_holiday,783134792.0,833554003.9044063
2025-10-20,2025-10-24,4,direct_own_weather_holiday,786285205.0,818459889.6320761
2025-10-21,2025-10-25,4,direct_own_weather_holiday,787344834.0,799181402.8729457
2025-10-22,2025-10-26,4,direct_own_weather_holiday,788309358.0,771036221.5147874
2025-10-23,2025-10-27,4,direct_own_weather_holiday,788347388.0,773209127.1133938
2025-10-24,2025-10-28,4,direct_own_weather_holiday,803213606.0,761710614.2943697
2025-10-25,2025-10-29,4,direct_own_weather_holiday,791815205.0,761349117.8288945
2025-10-26,2025-10-30,4,direct_own_weather_holiday,801523722.0,771143275.5758227
2025-10-27,2025-10-31,4,direct_own_weather_holiday,806599754.0,775515132.0055841
2025-10-28,2025-11-01,4,direct_own_weather_holiday,760921367.0,756482623.0596443
2025-10-29,2025-11-02,4,direct_own_weather_holiday,744828378.0,750221993.8198844
2025-10-30,2025-11-03,4,direct_own_weather_holiday,780447693.0,760318443.3638107
2025-10-31,2025-11-04,4,direct_own_weather_holiday,782600645.0,752768755.965575
2025-11-01,2025-11-05,4,direct_own_weather_holiday,784108702.0,752040406.4102106
2025-11-02,2025-11-06,4,direct_own_weather_holiday,789959014.0,752854770.2469938
2025-11-03,2025-11-07,4,direct_own_weather_holiday,808798324.0,768694982.6185105
2025-11-04,2025-11-08,4,direct_own_weather_holiday,816286170.0,767805566.2576425
2025-11-05,2025-11-09,4,direct_own_weather_holiday,794671570.0,747392816.6838022
2025-11-06,2025-11-10,4,direct_own_weather_holiday,803150509.0,753190121.6450565
2025-11-07,2025-11-11,4,direct_own_weather_holiday,811031660.0,746639645.1269971
2025-11-08,2025-11-12,4,direct_own_weather_holiday,800371284.0,746487226.4110409
2025-11-09,2025-11-13,4,direct_own_weather_holiday,795412883.0,751464917.2715861
2025-11-10,2025-11-14,4,direct_own_weather_holiday,784929625.0,761733759.6620255
2025-11-11,2025-11-15,4,direct_own_weather_holiday,771969074.0,744517444.0211842
2025-11-12,2025-11-16,4,direct_own_weather_holiday,748102925.0,730051432.3211411
2025-11-13,2025-11-17,4,direct_own_weather_holiday,784946049.0,749868707.6814997
2025-11-14,2025-11-18,4,direct_own_weather_holiday,802372785.0,767400678.0034403
2025-11-15,2025-11-19,4,direct_own_weather_holiday,785536331.0,776229735.8612536
2025-11-16,2025-11-20,4,direct_own_weather_holiday,789566797.0,772468231.4094992
2025-11-17,2025-11-21,4,direct_own_weather_holiday,781713368.0,766847328.440151
2025-11-18,2025-11-22,4,direct_own_weather_holiday,777234266.0,763861425.245959
2025-11-19,2025-11-23,4,direct_own_weather_holiday,763587139.0,745274882.5704468
2025-11-20,2025-11-24,4,direct_own_weather_holiday,787419759.0,761295298.5588396
2025-11-21,2025-11-25,4,direct_own_weather_holiday,779113247.0,773683324.5943556
2025-11-22,2025-11-26,4,direct_own_weather_holiday,779056661.0,771392227.6302631
2025-11-23,2025-11-27,4,direct_own_weather_holiday,785923784.0,771050824.193819
2025-11-24,2025-11-28,4,direct_own_weather_holiday,793532772.0,780229933.4949392
2025-11-25,2025-11-29,4,direct_own_weather_holiday,775439198.0,757820846.8913491
2025-11-26,2025-11-30,4,direct_own_weather_holiday,752415007.0,740310268.2120136
2025-11-27,2025-12-01,4,direct_own_weather_holiday,752093794.0,755449263.8141321
2025-11-28,2025-12-02,4,direct_own_weather_holiday,774181582.0,753947718.2162783
2025-11-29,2025-12-03,4,direct_own_weather_holiday,779128904.0,766161321.219943
2025-11-30,2025-12-04,4,direct_own_weather_holiday,780611840.0,773122241.2347502
2025-12-01,2025-12-05,4,direct_own_weather_holiday,790342731.0,765561753.9552232
2025-12-02,2025-12-06,4,direct_own_weather_holiday,783475966.0,745736346.5866605
2025-12-03,2025-12-07,4,direct_own_weather_holiday,769662376.0,731009708.6428708
2025-12-04,2025-12-08,4,direct_own_weather_holiday,781993536.0,756212344.1485893
2025-12-05,2025-12-09,4,direct_own_weather_holiday,790459836.0,761476610.2041597
2025-12-06,2025-12-10,4,direct_own_weather_holiday,793331038.0,753102928.582869
2025-12-07,2025-12-11,4,direct_own_weather_holiday,792303023.0,753871651.2724406
2025-12-08,2025-12-12,4,direct_own_weather_holiday,805771337.0,765532146.8601248
2025-12-09,2025-12-13,4,direct_own_weather_holiday,805919635.0,750421441.4357202
2025-12-10,2025-12-14,4,direct_own_weather_holiday,775261923.0,762040112.1560427
2025-12-11,2025-12-15,4,direct_own_weather_holiday,800205024.0,771951714.126834
2025-12-12,2025-12-16,4,direct_own_weather_holiday,791223092.0,765415719.8998904
2025-12-13,2025-12-17,4,direct_own_weather_holiday,797873177.0,768571486.2674925
2025-12-14,2025-12-18,4,direct_own_weather_holiday,807913091.0,776400721.9520159
2025-12-15,2025-12-19,4,direct_own_weather_holiday,813412227.0,765746509.1263182
2025-12-16,2025-12-20,4,direct_own_weather_holiday,800554656.0,755528037.2395915
2025-12-17,2025-12-21,4,direct_own_weather_holiday,775722494.0,745643482.339638
2025-12-18,2025-12-22,4,direct_own_weather_holiday,800416947.0,769312808.7790905
2025-12-19,2025-12-23,4,direct_own_weather_holiday,805434213.0,766678578.8864746
2025-12-20,2025-12-24,4,direct_own_weather_holiday,803732375.0,766009811.617898
2025-12-21,2025-12-25,4,direct_own_weather_holiday,824337857.0,772717045.787165
2025-12-22,2025-12-26,4,direct_own_weather_holiday,812520530.0,796603839.1020507
2025-12-23,2025-12-27,4,direct_own_weather_holiday,813024286.0,775852800.905078
2025-12-24,2025-12-28,4,direct_own_weather_holiday,798511867.0,758252311.9977506
2025-12-25,2025-12-29,4,direct_own_weather_holiday,801303829.0,770965123.7168086
2025-12-26,2025-12-30,4,direct_own_weather_holiday,799723069.0,776260968.8558494
2025-12-27,2025-12-31,4,direct_own_weather_holiday,783373686.0,777984819.3530605
2025-12-28,2026-01-01,4,direct_own_weather_holiday,707758012.0,700048154.2926238
2025-12-29,2026-01-02,4,direct_own_weather_holiday,741910307.0,715853589.3157175
2025-12-30,2026-01-03,4,direct_own_weather_holiday,801935633.0,736816288.8606567
2025-12-31,2026-01-04,4,direct_own_weather_holiday,820839320.0,743572164.6392512
2026-01-01,2026-01-05,4,direct_own_weather_holiday,819629944.0,761630157.5658165
2026-01-02,2026-01-06,4,direct_own_weather_holiday,848208043.0,761021173.6036252
2026-01-03,2026-01-07,4,direct_own_weather_holiday,836618404.0,771510490.3617105
2026-01-04,2026-01-08,4,direct_own_weather_holiday,845715705.0,787316419.6267457
2026-01-05,2026-01-09,4,direct_own_weather_holiday,845779172.0,798745479.642648
2025-09-27,2025-10-01,4,direct_category_weather_holiday,893877447.0,900976573.2818117
2025-09-28,2025-10-02,4,direct_category_weather_holiday,877524402.0,892540682.6828574
2025-09-29,2025-10-03,4,direct_category_weather_holiday,906128774.0,899477541.9261221
2025-09-30,2025-10-04,4,direct_category_weather_holiday,947397946.0,930711297.7101218
2025-10-01,2025-10-05,4,direct_category_weather_holiday,967898095.0,905888122.3522108
2025-10-02,2025-10-06,4,direct_category_weather_holiday,909397624.0,847442071.0055773
2025-10-03,2025-10-07,4,direct_category_weather_holiday,958058211.0,842014200.0683092
2025-10-04,2025-10-08,4,direct_category_weather_holiday,1002652065.0,844106409.9075706
2025-10-05,2025-10-09,4,direct_category_weather_holiday,1006596066.0,939272209.938168
2025-10-06,2025-10-10,4,direct_category_weather_holiday,988218980.0,936104454.5417162
2025-10-07,2025-10-11,4,direct_category_weather_holiday,993216057.0,909038950.128715
2025-10-08,2025-10-12,4,direct_category_weather_holiday,982996119.0,922329143.5687349
2025-10-09,2025-10-13,4,direct_category_weather_holiday,994158096.0,952095561.9400533
2025-10-10,2025-10-14,4,direct_category_weather_holiday,999440675.0,942760107.7186133
2025-10-11,2025-10-15,4,direct_category_weather_holiday,979563855.0,936308260.5744339
2025-10-12,2025-10-16,4,direct_category_weather_holiday,973453600.0,940954812.2201711
2025-10-13,2025-10-17,4,direct_category_weather_holiday,976535370.0,954507215.8561264
2025-10-14,2025-10-18,4,direct_category_weather_holiday,976325746.0,936328203.7259488
2025-10-15,2025-10-19,4,direct_category_weather_holiday,896789087.0,918482965.3213528
2025-10-16,2025-10-20,4,direct_category_weather_holiday,853624251.0,860806382.7183559
2025-10-17,2025-10-21,4,direct_category_weather_holiday,795444895.0,851826809.4817014
2025-10-18,2025-10-22,4,direct_category_weather_holiday,783518576.0,854388166.952298
2025-10-19,2025-10-23,4,direct_category_weather_holiday,783134792.0,860286388.9807454
2025-10-20,2025-10-24,4,direct_category_weather_holiday,786285205.0,873543018.2767171
2025-10-21,2025-10-25,4,direct_category_weather_holiday,787344834.0,852679754.8582633
2025-10-22,2025-10-26,4,direct_category_weather_holiday,788309358.0,830025664.422837
2025-10-23,2025-10-27,4,direct_category_weather_holiday,788347388.0,827401186.6487043
2025-10-24,2025-10-28,4,direct_category_weather_holiday,803213606.0,813989954.989503
2025-10-25,2025-10-29,4,direct_category_weather_holiday,791815205.0,813064837.6339628
2025-10-26,2025-10-30,4,direct_category_weather_holiday,801523722.0,822560156.4483017
2025-10-27,2025-10-31,4,direct_category_weather_holiday,806599754.0,827378554.8191583
2025-10-28,2025-11-01,4,direct_category_weather_holiday,760921367.0,811331723.7246206
2025-10-29,2025-11-02,4,direct_category_weather_holiday,744828378.0,812914574.510873
2025-10-30,2025-11-03,4,direct_category_weather_holiday,780447693.0,810815091.0182878
2025-10-31,2025-11-04,4,direct_category_weather_holiday,782600645.0,803986224.7223802
2025-11-01,2025-11-05,4,direct_category_weather_holiday,784108702.0,795212568.7159114
2025-11-02,2025-11-06,4,direct_category_weather_holiday,789959014.0,786803407.6073529
2025-11-03,2025-11-07,4,direct_category_weather_holiday,808798324.0,817308365.5676095
2025-11-04,2025-11-08,4,direct_category_weather_holiday,816286170.0,806713725.1610978
2025-11-05,2025-11-09,4,direct_category_weather_holiday,794671570.0,783928198.4963546
2025-11-06,2025-11-10,4,direct_category_weather_holiday,803150509.0,788418453.6069971
2025-11-07,2025-11-11,4,direct_category_weather_holiday,811031660.0,780938202.2803886
2025-11-08,2025-11-12,4,direct_category_weather_holiday,800371284.0,782525048.373903
2025-11-09,2025-11-13,4,direct_category_weather_holiday,795412883.0,779296219.8210425
2025-11-10,2025-11-14,4,direct_category_weather_holiday,784929625.0,789826641.6016685
2025-11-11,2025-11-15,4,direct_category_weather_holiday,771969074.0,786553440.2773917
2025-11-12,2025-11-16,4,direct_category_weather_holiday,748102925.0,770877377.3750646
2025-11-13,2025-11-17,4,direct_category_weather_holiday,784946049.0,787266706.0129501
2025-11-14,2025-11-18,4,direct_category_weather_holiday,802372785.0,802648330.9632381
2025-11-15,2025-11-19,4,direct_category_weather_holiday,785536331.0,808332611.293208
2025-11-16,2025-11-20,4,direct_category_weather_holiday,789566797.0,795923480.867516
2025-11-17,2025-11-21,4,direct_category_weather_holiday,781713368.0,801556196.8567379
2025-11-18,2025-11-22,4,direct_category_weather_holiday,777234266.0,809750582.453265
2025-11-19,2025-11-23,4,direct_category_weather_holiday,763587139.0,791015642.1659062
2025-11-20,2025-11-24,4,direct_category_weather_holiday,787419759.0,798945293.2363565
2025-11-21,2025-11-25,4,direct_category_weather_holiday,779113247.0,811108542.4384848
2025-11-22,2025-11-26,4,direct_category_weather_holiday,779056661.0,808837410.3487139
2025-11-23,2025-11-27,4,direct_category_weather_holiday,785923784.0,809049448.3862176
2025-11-24,2025-11-28,4,direct_category_weather_holiday,793532772.0,818329314.2646967
2025-11-25,2025-11-29,4,direct_category_weather_holiday,775439198.0,807834052.9063289
2025-11-26,2025-11-30,4,direct_category_weather_holiday,752415007.0,785401610.4097341
2025-11-27,2025-12-01,4,direct_category_weather_holiday,752093794.0,795061163.253005
2025-11-28,2025-12-02,4,direct_category_weather_holiday,774181582.0,793958673.2742372
2025-11-29,2025-12-03,4,direct_category_weather_holiday,779128904.0,802700075.4470445
2025-11-30,2025-12-04,4,direct_category_weather_holiday,780611840.0,807103193.2830949
2025-12-01,2025-12-05,4,direct_category_weather_holiday,790342731.0,802848870.8409728
2025-12-02,2025-12-06,4,direct_category_weather_holiday,783475966.0,783307263.2976528
2025-12-03,2025-12-07,4,direct_category_weather_holiday,769662376.0,767600669.0180972
2025-12-04,2025-12-08,4,direct_category_weather_holiday,781993536.0,792567044.5808127
2025-12-05,2025-12-09,4,direct_category_weather_holiday,790459836.0,799695961.6247596
2025-12-06,2025-12-10,4,direct_category_weather_holiday,793331038.0,790370078.0946392
2025-12-07,2025-12-11,4,direct_category_weather_holiday,792303023.0,789154515.2722273
2025-12-08,2025-12-12,4,direct_category_weather_holiday,805771337.0,803874641.0959092
2025-12-09,2025-12-13,4,direct_category_weather_holiday,805919635.0,793165219.8799384
2025-12-10,2025-12-14,4,direct_category_weather_holiday,775261923.0,802520260.994369
2025-12-11,2025-12-15,4,direct_category_weather_holiday,800205024.0,811482987.7592821
2025-12-12,2025-12-16,4,direct_category_weather_holiday,791223092.0,799275834.7157997
2025-12-13,2025-12-17,4,direct_category_weather_holiday,797873177.0,800306017.5313746
2025-12-14,2025-12-18,4,direct_category_weather_holiday,807913091.0,809440131.5361363
2025-12-15,2025-12-19,4,direct_category_weather_holiday,813412227.0,803053532.6058797
2025-12-16,2025-12-20,4,direct_category_weather_holiday,800554656.0,787746166.1998029
2025-12-17,2025-12-21,4,direct_category_weather_holiday,775722494.0,771901580.0088999
2025-12-18,2025-12-22,4,direct_category_weather_holiday,800416947.0,798563868.2359793
2025-12-19,2025-12-23,4,direct_category_weather_holiday,805434213.0,795449521.3375859
2025-12-20,2025-12-24,4,direct_category_weather_holiday,803732375.0,796055344.0893376
2025-12-21,2025-12-25,4,direct_category_weather_holiday,824337857.0,801058089.352741
2025-12-22,2025-12-26,4,direct_category_weather_holiday,812520530.0,821105750.4988948
2025-12-23,2025-12-27,4,direct_category_weather_holiday,813024286.0,803640684.8300986
2025-12-24,2025-12-28,4,direct_category_weather_holiday,798511867.0,785127963.6514109
2025-12-25,2025-12-29,4,direct_category_weather_holiday,801303829.0,798157426.0447454
2025-12-26,2025-12-30,4,direct_category_weather_holiday,799723069.0,805722247.7025557
2025-12-27,2025-12-31,4,direct_category_weather_holiday,783373686.0,803990118.9361957
2025-12-28,2026-01-01,4,direct_category_weather_holiday,707758012.0,725474024.2611897
2025-12-29,2026-01-02,4,direct_category_weather_holiday,741910307.0,743246022.9488229
2025-12-30,2026-01-03,4,direct_category_weather_holiday,801935633.0,763993420.690591
2025-12-31,2026-01-04,4,direct_category_weather_holiday,820839320.0,782117756.8465319
2026-01-01,2026-01-05,4,direct_category_weather_holiday,819629944.0,791617274.3518324
2026-01-02,2026-01-06,4,direct_category_weather_holiday,848208043.0,770596919.726351
2026-01-03,2026-01-07,4,direct_category_weather_holiday,836618404.0,794011609.1328318
2026-01-04,2026-01-08,4,direct_category_weather_holiday,845715705.0,814822962.8683068
2026-01-05,2026-01-09,4,direct_category_weather_holiday,845779172.0,818996913.9138424
2025-09-26,2025-10-01,5,direct_own_calendar,893877447.0,780266435.5637047
2025-09-27,2025-10-02,5,direct_own_calendar,877524402.0,784847998.5440305
2025-09-28,2025-10-03,5,direct_own_calendar,906128774.0,793403600.7904437
2025-09-29,2025-10-04,5,direct_own_calendar,947397946.0,824536682.4961135
2025-09-30,2025-10-05,5,direct_own_calendar,967898095.0,814672878.8598931
2025-10-01,2025-10-06,5,direct_own_calendar,909397624.0,787356980.2419544
2025-10-02,2025-10-07,5,direct_own_calendar,958058211.0,747352429.6390259
2025-10-03,2025-10-08,5,direct_own_calendar,1002652065.0,732398745.5319111
2025-10-04,2025-10-09,5,direct_own_calendar,1006596066.0,899031407.8883545
2025-10-05,2025-10-10,5,direct_own_calendar,988218980.0,921964930.3422959
2025-10-06,2025-10-11,5,direct_own_calendar,993216057.0,911289170.7931432
2025-10-07,2025-10-12,5,direct_own_calendar,982996119.0,879126490.5132085
2025-10-08,2025-10-13,5,direct_own_calendar,994158096.0,901771581.404384
2025-10-09,2025-10-14,5,direct_own_calendar,999440675.0,919799933.8597962
2025-10-10,2025-10-15,5,direct_own_calendar,979563855.0,916577363.2130854
2025-10-11,2025-10-16,5,direct_own_calendar,973453600.0,909557873.4525913
2025-10-12,2025-10-17,5,direct_own_calendar,976535370.0,918822067.8373704
2025-10-13,2025-10-18,5,direct_own_calendar,976325746.0,916890888.146208
2025-10-14,2025-10-19,5,direct_own_calendar,896789087.0,902977663.762142
2025-10-15,2025-10-20,5,direct_own_calendar,853624251.0,917094792.4239085
2025-10-16,2025-10-21,5,direct_own_calendar,795444895.0,909916002.3613333
2025-10-17,2025-10-22,5,direct_own_calendar,783518576.0,906089902.4410744
2025-10-18,2025-10-23,5,direct_own_calendar,783134792.0,908508837.6615763
2025-10-19,2025-10-24,5,direct_own_calendar,786285205.0,916041930.0914207
2025-10-20,2025-10-25,5,direct_own_calendar,787344834.0,885140863.8923483
2025-10-21,2025-10-26,5,direct_own_calendar,788309358.0,846446980.0621622
2025-10-22,2025-10-27,5,direct_own_calendar,788347388.0,839720061.0303638
2025-10-23,2025-10-28,5,direct_own_calendar,803213606.0,830541510.8791966
2025-10-24,2025-10-29,5,direct_own_calendar,791815205.0,821038769.3072289
2025-10-25,2025-10-30,5,direct_own_calendar,801523722.0,819426930.596577
2025-10-26,2025-10-31,5,direct_own_calendar,806599754.0,824656501.8602952
2025-10-27,2025-11-01,5,direct_own_calendar,760921367.0,822412702.2185903
2025-10-28,2025-11-02,5,direct_own_calendar,744828378.0,802123701.095631
2025-10-29,2025-11-03,5,direct_own_calendar,780447693.0,820182043.1037883
2025-10-30,2025-11-04,5,direct_own_calendar,782600645.0,817585089.0159432
2025-10-31,2025-11-05,5,direct_own_calendar,784108702.0,815340543.8133664
2025-11-01,2025-11-06,5,direct_own_calendar,789959014.0,813884844.4575824
2025-11-02,2025-11-07,5,direct_own_calendar,808798324.0,803415590.9572216
2025-11-03,2025-11-08,5,direct_own_calendar,816286170.0,796796143.8806891
2025-11-04,2025-11-09,5,direct_own_calendar,794671570.0,787258347.9568415
2025-11-05,2025-11-10,5,direct_own_calendar,803150509.0,799352457.6625732
2025-11-06,2025-11-11,5,direct_own_calendar,811031660.0,798224437.8238397
2025-11-07,2025-11-12,5,direct_own_calendar,800371284.0,795490468.1306435
2025-11-08,2025-11-13,5,direct_own_calendar,795412883.0,800896830.8376569
2025-11-09,2025-11-14,5,direct_own_calendar,784929625.0,811126482.8039033
2025-11-10,2025-11-15,5,direct_own_calendar,771969074.0,802715801.5235074
2025-11-11,2025-11-16,5,direct_own_calendar,748102925.0,785814486.8109089
2025-11-12,2025-11-17,5,direct_own_calendar,784946049.0,801986950.6437327
2025-11-13,2025-11-18,5,direct_own_calendar,802372785.0,799269288.822063
2025-11-14,2025-11-19,5,direct_own_calendar,785536331.0,793426812.5143949
2025-11-15,2025-11-20,5,direct_own_calendar,789566797.0,789261017.4666333
2025-11-16,2025-11-21,5,direct_own_calendar,781713368.0,791142003.4930141
2025-11-17,2025-11-22,5,direct_own_calendar,777234266.0,782574662.6327883
2025-11-18,2025-11-23,5,direct_own_calendar,763587139.0,775548733.6021621
2025-11-19,2025-11-24,5,direct_own_calendar,787419759.0,794938650.1076797
2025-11-20,2025-11-25,5,direct_own_calendar,779113247.0,790103107.8671398
2025-11-21,2025-11-26,5,direct_own_calendar,779056661.0,786682679.0591033
2025-11-22,2025-11-27,5,direct_own_calendar,785923784.0,784058809.6359421
2025-11-23,2025-11-28,5,direct_own_calendar,793532772.0,787958574.7702031
2025-11-24,2025-11-29,5,direct_own_calendar,775439198.0,782392630.2705706
2025-11-25,2025-11-30,5,direct_own_calendar,752415007.0,770433540.1358299
2025-11-26,2025-12-01,5,direct_own_calendar,752093794.0,780359970.3100376
2025-11-27,2025-12-02,5,direct_own_calendar,774181582.0,780784399.5486655
2025-11-28,2025-12-03,5,direct_own_calendar,779128904.0,778876987.4641896
2025-11-29,2025-12-04,5,direct_own_calendar,780611840.0,782433125.2059579
2025-11-30,2025-12-05,5,direct_own_calendar,790342731.0,781890274.3461653
2025-12-01,2025-12-06,5,direct_own_calendar,783475966.0,771406663.9267924
2025-12-02,2025-12-07,5,direct_own_calendar,769662376.0,752306976.0699295
2025-12-03,2025-12-08,5,direct_own_calendar,781993536.0,772545607.0322273
2025-12-04,2025-12-09,5,direct_own_calendar,790459836.0,775411946.2413454
2025-12-05,2025-12-10,5,direct_own_calendar,793331038.0,770445208.585829
2025-12-06,2025-12-11,5,direct_own_calendar,792303023.0,773332990.9296604
2025-12-07,2025-12-12,5,direct_own_calendar,805771337.0,778177371.0124547
2025-12-08,2025-12-13,5,direct_own_calendar,805919635.0,773726857.7547457
2025-12-09,2025-12-14,5,direct_own_calendar,775261923.0,758279514.8203993
2025-12-10,2025-12-15,5,direct_own_calendar,800205024.0,774297395.8006788
2025-12-11,2025-12-16,5,direct_own_calendar,791223092.0,776069778.7782509
2025-12-12,2025-12-17,5,direct_own_calendar,797873177.0,772922151.8266734
2025-12-13,2025-12-18,5,direct_own_calendar,807913091.0,777061366.0040437
2025-12-14,2025-12-19,5,direct_own_calendar,813412227.0,784737420.8454907
2025-12-15,2025-12-20,5,direct_own_calendar,800554656.0,773127971.1803079
2025-12-16,2025-12-21,5,direct_own_calendar,775722494.0,760777140.2164011
2025-12-17,2025-12-22,5,direct_own_calendar,800416947.0,772993511.4720563
2025-12-18,2025-12-23,5,direct_own_calendar,805434213.0,775866815.8635732
2025-12-19,2025-12-24,5,direct_own_calendar,803732375.0,777090424.0558947
2025-12-20,2025-12-25,5,direct_own_calendar,824337857.0,778311543.450463
2025-12-21,2025-12-26,5,direct_own_calendar,812520530.0,779757048.656853
2025-12-22,2025-12-27,5,direct_own_calendar,813024286.0,771013393.6750515
2025-12-23,2025-12-28,5,direct_own_calendar,798511867.0,759937193.6238273
2025-12-24,2025-12-29,5,direct_own_calendar,801303829.0,775671853.9490443
2025-12-25,2025-12-30,5,direct_own_calendar,799723069.0,774887654.9461396
2025-12-26,2025-12-31,5,direct_own_calendar,783373686.0,776682160.7232792
2025-12-27,2026-01-01,5,direct_own_calendar,707758012.0,687406673.4246596
2025-12-28,2026-01-02,5,direct_own_calendar,741910307.0,693501698.5494108
2025-12-29,2026-01-03,5,direct_own_calendar,801935633.0,712431380.3824977
2025-12-30,2026-01-04,5,direct_own_calendar,820839320.0,735684885.6286372
2025-12-31,2026-01-05,5,direct_own_calendar,819629944.0,767048711.8965949
2026-01-01,2026-01-06,5,direct_own_calendar,848208043.0,757271147.7040603
2026-01-02,2026-01-07,5,direct_own_calendar,836618404.0,732514685.8817687
2026-01-03,2026-01-08,5,direct_own_calendar,845715705.0,741252477.7266121
2026-01-04,2026-01-09,5,direct_own_calendar,845779172.0,769017891.4560664
2025-09-26,2025-10-01,5,direct_own_weather_holiday,893877447.0,851062061.1621115
2025-09-27,2025-10-02,5,direct_own_weather_holiday,877524402.0,846531458.4240644
2025-09-28,2025-10-03,5,direct_own_weather_holiday,906128774.0,847619873.5467285
2025-09-29,2025-10-04,5,direct_own_weather_holiday,947397946.0,881839278.0598358
2025-09-30,2025-10-05,5,direct_own_weather_holiday,967898095.0,877419251.055985
2025-10-01,2025-10-06,5,direct_own_weather_holiday,909397624.0,852950086.124144
2025-10-02,2025-10-07,5,direct_own_weather_holiday,958058211.0,819202421.8850943
2025-10-03,2025-10-08,5,direct_own_weather_holiday,1002652065.0,801536869.3382645
2025-10-04,2025-10-09,5,direct_own_weather_holiday,1006596066.0,923785919.8664691
2025-10-05,2025-10-10,5,direct_own_weather_holiday,988218980.0,926457065.601501
2025-10-06,2025-10-11,5,direct_own_weather_holiday,993216057.0,933633482.2822025
2025-10-07,2025-10-12,5,direct_own_weather_holiday,982996119.0,892191863.3627372
2025-10-08,2025-10-13,5,direct_own_weather_holiday,994158096.0,918649452.7417916
2025-10-09,2025-10-14,5,direct_own_weather_holiday,999440675.0,920160325.456601
2025-10-10,2025-10-15,5,direct_own_weather_holiday,979563855.0,916007319.5120965
2025-10-11,2025-10-16,5,direct_own_weather_holiday,973453600.0,907399766.9210696
2025-10-12,2025-10-17,5,direct_own_weather_holiday,976535370.0,912439389.5227973
2025-10-13,2025-10-18,5,direct_own_weather_holiday,976325746.0,903009988.1613497
2025-10-14,2025-10-19,5,direct_own_weather_holiday,896789087.0,866930913.0418528
2025-10-15,2025-10-20,5,direct_own_weather_holiday,853624251.0,829189507.7361697
2025-10-16,2025-10-21,5,direct_own_weather_holiday,795444895.0,814309916.4093194
2025-10-17,2025-10-22,5,direct_own_weather_holiday,783518576.0,815949257.246204
2025-10-18,2025-10-23,5,direct_own_weather_holiday,783134792.0,823412902.9275213
2025-10-19,2025-10-24,5,direct_own_weather_holiday,786285205.0,828536109.5544136
2025-10-20,2025-10-25,5,direct_own_weather_holiday,787344834.0,812124267.6755915
2025-10-21,2025-10-26,5,direct_own_weather_holiday,788309358.0,781595937.4351053
2025-10-22,2025-10-27,5,direct_own_weather_holiday,788347388.0,779718041.8426814
2025-10-23,2025-10-28,5,direct_own_weather_holiday,803213606.0,766399303.8806785
2025-10-24,2025-10-29,5,direct_own_weather_holiday,791815205.0,763253237.7651256
2025-10-25,2025-10-30,5,direct_own_weather_holiday,801523722.0,772129803.5859358
2025-10-26,2025-10-31,5,direct_own_weather_holiday,806599754.0,772737866.0881749
2025-10-27,2025-11-01,5,direct_own_weather_holiday,760921367.0,760099236.1953102
2025-10-28,2025-11-02,5,direct_own_weather_holiday,744828378.0,741582284.8234804
2025-10-29,2025-11-03,5,direct_own_weather_holiday,780447693.0,759023121.1275338
2025-10-30,2025-11-04,5,direct_own_weather_holiday,782600645.0,750282107.611134
2025-10-31,2025-11-05,5,direct_own_weather_holiday,784108702.0,754228747.8385712
2025-11-01,2025-11-06,5,direct_own_weather_holiday,789959014.0,761561098.0436722
2025-11-02,2025-11-07,5,direct_own_weather_holiday,808798324.0,762621474.975076
2025-11-03,2025-11-08,5,direct_own_weather_holiday,816286170.0,765571907.2469082
2025-11-04,2025-11-09,5,direct_own_weather_holiday,794671570.0,751899407.7950002
2025-11-05,2025-11-10,5,direct_own_weather_holiday,803150509.0,754504170.1531057
2025-11-06,2025-11-11,5,direct_own_weather_holiday,811031660.0,744910042.0750214
2025-11-07,2025-11-12,5,direct_own_weather_holiday,800371284.0,744807508.7828237
2025-11-08,2025-11-13,5,direct_own_weather_holiday,795412883.0,747209942.0987887
2025-11-09,2025-11-14,5,direct_own_weather_holiday,784929625.0,762018972.426918
2025-11-10,2025-11-15,5,direct_own_weather_holiday,771969074.0,746411207.4585193
2025-11-11,2025-11-16,5,direct_own_weather_holiday,748102925.0,727690706.593717
2025-11-12,2025-11-17,5,direct_own_weather_holiday,784946049.0,751127511.1756873
2025-11-13,2025-11-18,5,direct_own_weather_holiday,802372785.0,768578706.0576448
2025-11-14,2025-11-19,5,direct_own_weather_holiday,785536331.0,780641339.5866319
2025-11-15,2025-11-20,5,direct_own_weather_holiday,789566797.0,773399083.049961
2025-11-16,2025-11-21,5,direct_own_weather_holiday,781713368.0,767556783.2530379
2025-11-17,2025-11-22,5,direct_own_weather_holiday,777234266.0,757378159.8453436
2025-11-18,2025-11-23,5,direct_own_weather_holiday,763587139.0,742273018.9761566
2025-11-19,2025-11-24,5,direct_own_weather_holiday,787419759.0,763931262.3881824
2025-11-20,2025-11-25,5,direct_own_weather_holiday,779113247.0,772554487.2918217
2025-11-21,2025-11-26,5,direct_own_weather_holiday,779056661.0,774046180.6361173
2025-11-22,2025-11-27,5,direct_own_weather_holiday,785923784.0,772155964.2521868
2025-11-23,2025-11-28,5,direct_own_weather_holiday,793532772.0,778760080.1986556
2025-11-24,2025-11-29,5,direct_own_weather_holiday,775439198.0,756916376.946208
2025-11-25,2025-11-30,5,direct_own_weather_holiday,752415007.0,743706000.8250518
2025-11-26,2025-12-01,5,direct_own_weather_holiday,752093794.0,754367323.9607604
2025-11-27,2025-12-02,5,direct_own_weather_holiday,774181582.0,751733931.6419536
2025-11-28,2025-12-03,5,direct_own_weather_holiday,779128904.0,761948495.1038845
2025-11-29,2025-12-04,5,direct_own_weather_holiday,780611840.0,776518021.7663182
2025-11-30,2025-12-05,5,direct_own_weather_holiday,790342731.0,769381599.8936892
2025-12-01,2025-12-06,5,direct_own_weather_holiday,783475966.0,749576257.859065
2025-12-02,2025-12-07,5,direct_own_weather_holiday,769662376.0,727284765.7760578
2025-12-03,2025-12-08,5,direct_own_weather_holiday,781993536.0,754502493.5110105
2025-12-04,2025-12-09,5,direct_own_weather_holiday,790459836.0,762663344.7535571
2025-12-05,2025-12-10,5,direct_own_weather_holiday,793331038.0,751991443.6565168
2025-12-06,2025-12-11,5,direct_own_weather_holiday,792303023.0,752845504.4446392
2025-12-07,2025-12-12,5,direct_own_weather_holiday,805771337.0,763638942.4120047
2025-12-08,2025-12-13,5,direct_own_weather_holiday,805919635.0,751462593.1806291
2025-12-09,2025-12-14,5,direct_own_weather_holiday,775261923.0,761407084.2788291
2025-12-10,2025-12-15,5,direct_own_weather_holiday,800205024.0,770350806.3397365
2025-12-11,2025-12-16,5,direct_own_weather_holiday,791223092.0,762855517.9821093
2025-12-12,2025-12-17,5,direct_own_weather_holiday,797873177.0,765014058.8385853
2025-12-13,2025-12-18,5,direct_own_weather_holiday,807913091.0,772715624.8975457
2025-12-14,2025-12-19,5,direct_own_weather_holiday,813412227.0,769309255.3935943
2025-12-15,2025-12-20,5,direct_own_weather_holiday,800554656.0,754829198.8103707
2025-12-16,2025-12-21,5,direct_own_weather_holiday,775722494.0,746231497.0691419
2025-12-17,2025-12-22,5,direct_own_weather_holiday,800416947.0,766651460.7725232
2025-12-18,2025-12-23,5,direct_own_weather_holiday,805434213.0,760992751.7891554
2025-12-19,2025-12-24,5,direct_own_weather_holiday,803732375.0,765048008.8443812
2025-12-20,2025-12-25,5,direct_own_weather_holiday,824337857.0,774933868.8640605
2025-12-21,2025-12-26,5,direct_own_weather_holiday,812520530.0,797912409.7753667
2025-12-22,2025-12-27,5,direct_own_weather_holiday,813024286.0,773519492.1568358
2025-12-23,2025-12-28,5,direct_own_weather_holiday,798511867.0,757407845.8265759
2025-12-24,2025-12-29,5,direct_own_weather_holiday,801303829.0,770916964.688374
2025-12-25,2025-12-30,5,direct_own_weather_holiday,799723069.0,771237891.507051
2025-12-26,2025-12-31,5,direct_own_weather_holiday,783373686.0,778727586.7246683
2025-12-27,2026-01-01,5,direct_own_weather_holiday,707758012.0,698194479.9727405
2025-12-28,2026-01-02,5,direct_own_weather_holiday,741910307.0,712542149.4497253
2025-12-29,2026-01-03,5,direct_own_weather_holiday,801935633.0,740361178.6526846
2025-12-30,2026-01-04,5,direct_own_weather_holiday,820839320.0,745891881.7777895
2025-12-31,2026-01-05,5,direct_own_weather_holiday,819629944.0,767890514.5191032
2026-01-01,2026-01-06,5,direct_own_weather_holiday,848208043.0,773586684.0584035
2026-01-02,2026-01-07,5,direct_own_weather_holiday,836618404.0,766894649.1433517
2026-01-03,2026-01-08,5,direct_own_weather_holiday,845715705.0,773155422.0251249
2026-01-04,2026-01-09,5,direct_own_weather_holiday,845779172.0,789316690.3256408
2025-09-26,2025-10-01,5,direct_category_weather_holiday,893877447.0,888144483.476969
2025-09-27,2025-10-02,5,direct_category_weather_holiday,877524402.0,885111624.4333526
2025-09-28,2025-10-03,5,direct_category_weather_holiday,906128774.0,881004313.6838534
2025-09-29,2025-10-04,5,direct_category_weather_holiday,947397946.0,910021806.9710543
2025-09-30,2025-10-05,5,direct_category_weather_holiday,967898095.0,905140496.4604847
2025-10-01,2025-10-06,5,direct_category_weather_holiday,909397624.0,890037568.3367252
2025-10-02,2025-10-07,5,direct_category_weather_holiday,958058211.0,834342884.753686
2025-10-03,2025-10-08,5,direct_category_weather_holiday,1002652065.0,822712159.2858433
2025-10-04,2025-10-09,5,direct_category_weather_holiday,1006596066.0,934948284.6965882
2025-10-05,2025-10-10,5,direct_category_weather_holiday,988218980.0,930424005.0568596
2025-10-06,2025-10-11,5,direct_category_weather_holiday,993216057.0,933925799.1325135
2025-10-07,2025-10-12,5,direct_category_weather_holiday,982996119.0,896190045.1544034
2025-10-08,2025-10-13,5,direct_category_weather_holiday,994158096.0,948702015.7564187
2025-10-09,2025-10-14,5,direct_category_weather_holiday,999440675.0,945031663.0351149
2025-10-10,2025-10-15,5,direct_category_weather_holiday,979563855.0,938549530.3423223
2025-10-11,2025-10-16,5,direct_category_weather_holiday,973453600.0,933000332.2616515
2025-10-12,2025-10-17,5,direct_category_weather_holiday,976535370.0,940132547.3008379
2025-10-13,2025-10-18,5,direct_category_weather_holiday,976325746.0,941017680.3173836
2025-10-14,2025-10-19,5,direct_category_weather_holiday,896789087.0,893257125.0099411
2025-10-15,2025-10-20,5,direct_category_weather_holiday,853624251.0,872524749.4913816
2025-10-16,2025-10-21,5,direct_category_weather_holiday,795444895.0,852120185.3023283
2025-10-17,2025-10-22,5,direct_category_weather_holiday,783518576.0,848574398.0499616
2025-10-18,2025-10-23,5,direct_category_weather_holiday,783134792.0,857940022.1911136
2025-10-19,2025-10-24,5,direct_category_weather_holiday,786285205.0,858738731.7203825
2025-10-20,2025-10-25,5,direct_category_weather_holiday,787344834.0,871339908.6017507
2025-10-21,2025-10-26,5,direct_category_weather_holiday,788309358.0,843660422.4059924
2025-10-22,2025-10-27,5,direct_category_weather_holiday,788347388.0,847582874.9225974
2025-10-23,2025-10-28,5,direct_category_weather_holiday,803213606.0,829743415.5950211
2025-10-24,2025-10-29,5,direct_category_weather_holiday,791815205.0,823698091.9910637
2025-10-25,2025-10-30,5,direct_category_weather_holiday,801523722.0,829659090.2070334
2025-10-26,2025-10-31,5,direct_category_weather_holiday,806599754.0,826212914.985991
2025-10-27,2025-11-01,5,direct_category_weather_holiday,760921367.0,816282086.2865093
2025-10-28,2025-11-02,5,direct_category_weather_holiday,744828378.0,798630325.283532
2025-10-29,2025-11-03,5,direct_category_weather_holiday,780447693.0,832810348.0083426
2025-10-30,2025-11-04,5,direct_category_weather_holiday,782600645.0,811713322.1097362
2025-10-31,2025-11-05,5,direct_category_weather_holiday,784108702.0,806964370.9591172
2025-11-01,2025-11-06,5,direct_category_weather_holiday,789959014.0,808751743.7815902
2025-11-02,2025-11-07,5,direct_category_weather_holiday,808798324.0,799509355.2665884
2025-11-03,2025-11-08,5,direct_category_weather_holiday,816286170.0,821638460.8557794
2025-11-04,2025-11-09,5,direct_category_weather_holiday,794671570.0,793199508.878929
2025-11-05,2025-11-10,5,direct_category_weather_holiday,803150509.0,796383184.6006426
2025-11-06,2025-11-11,5,direct_category_weather_holiday,811031660.0,784767577.7795936
2025-11-07,2025-11-12,5,direct_category_weather_holiday,800371284.0,784225926.1525862
2025-11-08,2025-11-13,5,direct_category_weather_holiday,795412883.0,786620811.8078737
2025-11-09,2025-11-14,5,direct_category_weather_holiday,784929625.0,790542353.6727914
2025-11-10,2025-11-15,5,direct_category_weather_holiday,771969074.0,778247422.9572126
2025-11-11,2025-11-16,5,direct_category_weather_holiday,748102925.0,770289971.2072865
2025-11-12,2025-11-17,5,direct_category_weather_holiday,784946049.0,791484468.6060009
2025-11-13,2025-11-18,5,direct_category_weather_holiday,802372785.0,806481496.1599451
2025-11-14,2025-11-19,5,direct_category_weather_holiday,785536331.0,816018135.7287083
2025-11-15,2025-11-20,5,direct_category_weather_holiday,789566797.0,809521316.1457204
2025-11-16,2025-11-21,5,direct_category_weather_holiday,781713368.0,794114247.7871189
2025-11-17,2025-11-22,5,direct_category_weather_holiday,777234266.0,794303144.9045792
2025-11-18,2025-11-23,5,direct_category_weather_holiday,763587139.0,790803225.4824016
2025-11-19,2025-11-24,5,direct_category_weather_holiday,787419759.0,810731625.0395659
2025-11-20,2025-11-25,5,direct_category_weather_holiday,779113247.0,812652076.7985708
2025-11-21,2025-11-26,5,direct_category_weather_holiday,779056661.0,816679561.789502
2025-11-22,2025-11-27,5,direct_category_weather_holiday,785923784.0,810304939.1046181
2025-11-23,2025-11-28,5,direct_category_weather_holiday,793532772.0,817239741.1871759
2025-11-24,2025-11-29,5,direct_category_weather_holiday,775439198.0,801511039.9486806
2025-11-25,2025-11-30,5,direct_category_weather_holiday,752415007.0,793117086.4538817
2025-11-26,2025-12-01,5,direct_category_weather_holiday,752093794.0,797203567.80722
2025-11-27,2025-12-02,5,direct_category_weather_holiday,774181582.0,794027212.99653
2025-11-28,2025-12-03,5,direct_category_weather_holiday,779128904.0,802443963.2695551
2025-11-29,2025-12-04,5,direct_category_weather_holiday,780611840.0,814946129.2734687
2025-11-30,2025-12-05,5,direct_category_weather_holiday,790342731.0,803445694.6914903
2025-12-01,2025-12-06,5,direct_category_weather_holiday,783475966.0,791289226.5949175
2025-12-02,2025-12-07,5,direct_category_weather_holiday,769662376.0,767327200.3163571
2025-12-03,2025-12-08,5,direct_category_weather_holiday,781993536.0,790393883.7740759
2025-12-04,2025-12-09,5,direct_category_weather_holiday,790459836.0,801535579.9393455
2025-12-05,2025-12-10,5,direct_category_weather_holiday,793331038.0,790497641.0009713
2025-12-06,2025-12-11,5,direct_category_weather_holiday,792303023.0,790106275.7472161
2025-12-07,2025-12-12,5,direct_category_weather_holiday,805771337.0,798301036.252695
2025-12-08,2025-12-13,5,direct_category_weather_holiday,805919635.0,796268507.0964015
2025-12-09,2025-12-14,5,direct_category_weather_holiday,775261923.0,801151163.682541
2025-12-10,2025-12-15,5,direct_category_weather_holiday,800205024.0,818374123.9530008
2025-12-11,2025-12-16,5,direct_category_weather_holiday,791223092.0,802741138.243107
2025-12-12,2025-12-17,5,direct_category_weather_holiday,797873177.0,798110723.7924411
2025-12-13,2025-12-18,5,direct_category_weather_holiday,807913091.0,807381643.1099546
2025-12-14,2025-12-19,5,direct_category_weather_holiday,813412227.0,804300921.4211591
2025-12-15,2025-12-20,5,direct_category_weather_holiday,800554656.0,791031010.8397566
2025-12-16,2025-12-21,5,direct_category_weather_holiday,775722494.0,782111286.2621589
2025-12-17,2025-12-22,5,direct_category_weather_holiday,800416947.0,797023202.8507193
2025-12-18,2025-12-23,5,direct_category_weather_holiday,805434213.0,793310290.8680636
2025-12-19,2025-12-24,5,direct_category_weather_holiday,803732375.0,795056361.1854881
2025-12-20,2025-12-25,5,direct_category_weather_holiday,824337857.0,810559340.7696052
2025-12-21,2025-12-26,5,direct_category_weather_holiday,812520530.0,823622075.5679318
2025-12-22,2025-12-27,5,direct_category_weather_holiday,813024286.0,801755769.861744
2025-12-23,2025-12-28,5,direct_category_weather_holiday,798511867.0,786895805.3422158
2025-12-24,2025-12-29,5,direct_category_weather_holiday,801303829.0,799721444.6087528
2025-12-25,2025-12-30,5,direct_category_weather_holiday,799723069.0,800421825.5938392
2025-12-26,2025-12-31,5,direct_category_weather_holiday,783373686.0,811016446.544797
2025-12-27,2026-01-01,5,direct_category_weather_holiday,707758012.0,729356051.6415349
2025-12-28,2026-01-02,5,direct_category_weather_holiday,741910307.0,742174232.3919965
2025-12-29,2026-01-03,5,direct_category_weather_holiday,801935633.0,770682057.2829958
2025-12-30,2026-01-04,5,direct_category_weather_holiday,820839320.0,785771600.7503049
2025-12-31,2026-01-05,5,direct_category_weather_holiday,819629944.0,801919129.532469
2026-01-01,2026-01-06,5,direct_category_weather_holiday,848208043.0,805420077.9483991
2026-01-02,2026-01-07,5,direct_category_weather_holiday,836618404.0,778274106.7870473
2026-01-03,2026-01-08,5,direct_category_weather_holiday,845715705.0,792893320.648846
2026-01-04,2026-01-09,5,direct_category_weather_holiday,845779172.0,814370332.3187284
2025-09-25,2025-10-01,6,direct_own_calendar,893877447.0,761456265.6448244
2025-09-26,2025-10-02,6,direct_own_calendar,877524402.0,771436706.9488963
2025-09-27,2025-10-03,6,direct_own_calendar,906128774.0,777001588.0195153
2025-09-28,2025-10-04,6,direct_own_calendar,947397946.0,797458821.2998426
2025-09-29,2025-10-05,6,direct_own_calendar,967898095.0,797181394.86614
2025-09-30,2025-10-06,6,direct_own_calendar,909397624.0,790647724.005199
2025-10-01,2025-10-07,6,direct_own_calendar,958058211.0,769771666.5322523
2025-10-02,2025-10-08,6,direct_own_calendar,1002652065.0,728998930.2441444
2025-10-03,2025-10-09,6,direct_own_calendar,1006596066.0,876227874.4276413
2025-10-04,2025-10-10,6,direct_own_calendar,988218980.0,889156492.5543535
2025-10-05,2025-10-11,6,direct_own_calendar,993216057.0,878430722.7090876
2025-10-06,2025-10-12,6,direct_own_calendar,982996119.0,897541793.2617573
2025-10-07,2025-10-13,6,direct_own_calendar,994158096.0,890873188.0796419
2025-10-08,2025-10-14,6,direct_own_calendar,999440675.0,900076572.4913503
2025-10-09,2025-10-15,6,direct_own_calendar,979563855.0,907541346.3080415
2025-10-10,2025-10-16,6,direct_own_calendar,973453600.0,909029766.8988335
2025-10-11,2025-10-17,6,direct_own_calendar,976535370.0,907852121.8361968
2025-10-12,2025-10-18,6,direct_own_calendar,976325746.0,907997055.711052
2025-10-13,2025-10-19,6,direct_own_calendar,896789087.0,897085875.1707782
2025-10-14,2025-10-20,6,direct_own_calendar,853624251.0,912984135.08768
2025-10-15,2025-10-21,6,direct_own_calendar,795444895.0,913491088.6283393
2025-10-16,2025-10-22,6,direct_own_calendar,783518576.0,901311919.0573014
2025-10-17,2025-10-23,6,direct_own_calendar,783134792.0,903104751.5230353
2025-10-18,2025-10-24,6,direct_own_calendar,786285205.0,908829648.988964
2025-10-19,2025-10-25,6,direct_own_calendar,787344834.0,905390041.6255549
2025-10-20,2025-10-26,6,direct_own_calendar,788309358.0,867422318.9444462
2025-10-21,2025-10-27,6,direct_own_calendar,788347388.0,862210908.7251853
2025-10-22,2025-10-28,6,direct_own_calendar,803213606.0,843267122.4962224
2025-10-23,2025-10-29,6,direct_own_calendar,791815205.0,831470874.6395333
2025-10-24,2025-10-30,6,direct_own_calendar,801523722.0,825710413.0345485
2025-10-25,2025-10-31,6,direct_own_calendar,806599754.0,828057475.8339564
2025-10-26,2025-11-01,6,direct_own_calendar,760921367.0,823856329.065559
2025-10-27,2025-11-02,6,direct_own_calendar,744828378.0,812951856.7493923
2025-10-28,2025-11-03,6,direct_own_calendar,780447693.0,819519900.0412624
2025-10-29,2025-11-04,6,direct_own_calendar,782600645.0,819971097.4692812
2025-10-30,2025-11-05,6,direct_own_calendar,784108702.0,811754056.9953974
2025-10-31,2025-11-06,6,direct_own_calendar,789959014.0,816303835.8087565
2025-11-01,2025-11-07,6,direct_own_calendar,808798324.0,818861775.4072547
2025-11-02,2025-11-08,6,direct_own_calendar,816286170.0,800884379.6482179
2025-11-03,2025-11-09,6,direct_own_calendar,794671570.0,786414104.602756
2025-11-04,2025-11-10,6,direct_own_calendar,803150509.0,805442786.1471102
2025-11-05,2025-11-11,6,direct_own_calendar,811031660.0,803012347.3966984
2025-11-06,2025-11-12,6,direct_own_calendar,800371284.0,798024808.4184328
2025-11-07,2025-11-13,6,direct_own_calendar,795412883.0,799808571.9645976
2025-11-08,2025-11-14,6,direct_own_calendar,784929625.0,808456666.8865199
2025-11-09,2025-11-15,6,direct_own_calendar,771969074.0,808140131.6231425
2025-11-10,2025-11-16,6,direct_own_calendar,748102925.0,792179671.986885
2025-11-11,2025-11-17,6,direct_own_calendar,784946049.0,805131596.4915627
2025-11-12,2025-11-18,6,direct_own_calendar,802372785.0,806236230.274888
2025-11-13,2025-11-19,6,direct_own_calendar,785536331.0,799013354.226005
2025-11-14,2025-11-20,6,direct_own_calendar,789566797.0,799882687.1146913
2025-11-15,2025-11-21,6,direct_own_calendar,781713368.0,800539394.6288311
2025-11-16,2025-11-22,6,direct_own_calendar,777234266.0,790787770.8375615
2025-11-17,2025-11-23,6,direct_own_calendar,763587139.0,772866407.785055
2025-11-18,2025-11-24,6,direct_own_calendar,787419759.0,792016395.7977412
2025-11-19,2025-11-25,6,direct_own_calendar,779113247.0,794241437.2975038
2025-11-20,2025-11-26,6,direct_own_calendar,779056661.0,785160221.6493905
2025-11-21,2025-11-27,6,direct_own_calendar,785923784.0,788009626.9213693
2025-11-22,2025-11-28,6,direct_own_calendar,793532772.0,788990394.2444612
2025-11-23,2025-11-29,6,direct_own_calendar,775439198.0,783563355.1274015
2025-11-24,2025-11-30,6,direct_own_calendar,752415007.0,769492410.6917423
2025-11-25,2025-12-01,6,direct_own_calendar,752093794.0,786313683.2947404
2025-11-26,2025-12-02,6,direct_own_calendar,774181582.0,780578133.7881603
2025-11-27,2025-12-03,6,direct_own_calendar,779128904.0,777828755.260795
2025-11-28,2025-12-04,6,direct_own_calendar,780611840.0,780704776.6557866
2025-11-29,2025-12-05,6,direct_own_calendar,790342731.0,786371009.4409479
2025-11-30,2025-12-06,6,direct_own_calendar,783475966.0,775464686.2787381
2025-12-01,2025-12-07,6,direct_own_calendar,769662376.0,758629509.4310968
2025-12-02,2025-12-08,6,direct_own_calendar,781993536.0,768686292.6573602
2025-12-03,2025-12-09,6,direct_own_calendar,790459836.0,774267782.0913337
2025-12-04,2025-12-10,6,direct_own_calendar,793331038.0,771400713.4631902
2025-12-05,2025-12-11,6,direct_own_calendar,792303023.0,772272114.3502889
2025-12-06,2025-12-12,6,direct_own_calendar,805771337.0,779216563.2015356
2025-12-07,2025-12-13,6,direct_own_calendar,805919635.0,773362545.493256
2025-12-08,2025-12-14,6,direct_own_calendar,775261923.0,761330231.858931
2025-12-09,2025-12-15,6,direct_own_calendar,800205024.0,774749386.2880514
2025-12-10,2025-12-16,6,direct_own_calendar,791223092.0,775622823.1660944
2025-12-11,2025-12-17,6,direct_own_calendar,797873177.0,772231738.9368224
2025-12-12,2025-12-18,6,direct_own_calendar,807913091.0,774312318.7129571
2025-12-13,2025-12-19,6,direct_own_calendar,813412227.0,781689276.8491676
2025-12-14,2025-12-20,6,direct_own_calendar,800554656.0,778186052.8805194
2025-12-15,2025-12-21,6,direct_own_calendar,775722494.0,759836007.9688485
2025-12-16,2025-12-22,6,direct_own_calendar,800416947.0,776999077.7341723
2025-12-17,2025-12-23,6,direct_own_calendar,805434213.0,773635272.6326559
2025-12-18,2025-12-24,6,direct_own_calendar,803732375.0,772888326.4715853
2025-12-19,2025-12-25,6,direct_own_calendar,824337857.0,778590232.1792718
2025-12-20,2025-12-26,6,direct_own_calendar,812520530.0,783016201.2340468
2025-12-21,2025-12-27,6,direct_own_calendar,813024286.0,774091400.505214
2025-12-22,2025-12-28,6,direct_own_calendar,798511867.0,758889898.6328378
2025-12-23,2025-12-29,6,direct_own_calendar,801303829.0,775857657.2231452
2025-12-24,2025-12-30,6,direct_own_calendar,799723069.0,776058730.748934
2025-12-25,2025-12-31,6,direct_own_calendar,783373686.0,770958077.326229
2025-12-26,2026-01-01,6,direct_own_calendar,707758012.0,687354790.106134
2025-12-27,2026-01-02,6,direct_own_calendar,741910307.0,687332634.8911146
2025-12-28,2026-01-03,6,direct_own_calendar,801935633.0,706558139.0129223
2025-12-29,2026-01-04,6,direct_own_calendar,820839320.0,740091392.0163856
2025-12-30,2026-01-05,6,direct_own_calendar,819629944.0,770759069.410693
2025-12-31,2026-01-06,6,direct_own_calendar,848208043.0,766741087.0447618
2026-01-01,2026-01-07,6,direct_own_calendar,836618404.0,751563343.8933383
2026-01-02,2026-01-08,6,direct_own_calendar,845715705.0,736705773.8050591
2026-01-03,2026-01-09,6,direct_own_calendar,845779172.0,751740948.7991415
2025-09-25,2025-10-01,6,direct_own_weather_holiday,893877447.0,841488020.603485
2025-09-26,2025-10-02,6,direct_own_weather_holiday,877524402.0,839873468.8360158
2025-09-27,2025-10-03,6,direct_own_weather_holiday,906128774.0,837815975.3591893
2025-09-28,2025-10-04,6,direct_own_weather_holiday,947397946.0,864381871.8548298
2025-09-29,2025-10-05,6,direct_own_weather_holiday,967898095.0,866567510.0533594
2025-09-30,2025-10-06,6,direct_own_weather_holiday,909397624.0,863192766.7351354
2025-10-01,2025-10-07,6,direct_own_weather_holiday,958058211.0,836386884.2664262
2025-10-02,2025-10-08,6,direct_own_weather_holiday,1002652065.0,801249766.0221366
2025-10-03,2025-10-09,6,direct_own_weather_holiday,1006596066.0,909432148.357037
2025-10-04,2025-10-10,6,direct_own_weather_holiday,988218980.0,904511998.9466654
2025-10-05,2025-10-11,6,direct_own_weather_holiday,993216057.0,910932707.5025299
2025-10-06,2025-10-12,6,direct_own_weather_holiday,982996119.0,902598798.166298
2025-10-07,2025-10-13,6,direct_own_weather_holiday,994158096.0,916382095.0580192
2025-10-08,2025-10-14,6,direct_own_weather_holiday,999440675.0,909537281.0001717
2025-10-09,2025-10-15,6,direct_own_weather_holiday,979563855.0,911444676.3086562
2025-10-10,2025-10-16,6,direct_own_weather_holiday,973453600.0,906699604.3160793
2025-10-11,2025-10-17,6,direct_own_weather_holiday,976535370.0,904934034.7846168
2025-10-12,2025-10-18,6,direct_own_weather_holiday,976325746.0,899058910.7490574
2025-10-13,2025-10-19,6,direct_own_weather_holiday,896789087.0,860662158.1714545
2025-10-14,2025-10-20,6,direct_own_weather_holiday,853624251.0,823155834.2441467
2025-10-15,2025-10-21,6,direct_own_weather_holiday,795444895.0,815296891.4436339
2025-10-16,2025-10-22,6,direct_own_weather_holiday,783518576.0,809610514.4719938
2025-10-17,2025-10-23,6,direct_own_weather_holiday,783134792.0,817583406.1668946
2025-10-18,2025-10-24,6,direct_own_weather_holiday,786285205.0,821732142.1888373
2025-10-19,2025-10-25,6,direct_own_weather_holiday,787344834.0,821984194.3673881
2025-10-20,2025-10-26,6,direct_own_weather_holiday,788309358.0,793865629.0035794
2025-10-21,2025-10-27,6,direct_own_weather_holiday,788347388.0,791684316.5844678
2025-10-22,2025-10-28,6,direct_own_weather_holiday,803213606.0,775474836.336251
2025-10-23,2025-10-29,6,direct_own_weather_holiday,791815205.0,769970653.2648088
2025-10-24,2025-10-30,6,direct_own_weather_holiday,801523722.0,774606531.9593419
2025-10-25,2025-10-31,6,direct_own_weather_holiday,806599754.0,775428219.6451522
2025-10-26,2025-11-01,6,direct_own_weather_holiday,760921367.0,761126534.201674
2025-10-27,2025-11-02,6,direct_own_weather_holiday,744828378.0,747630868.4504584
2025-10-28,2025-11-03,6,direct_own_weather_holiday,780447693.0,753533121.6906477
2025-10-29,2025-11-04,6,direct_own_weather_holiday,782600645.0,749330803.3736631
2025-10-30,2025-11-05,6,direct_own_weather_holiday,784108702.0,751350426.876384
2025-10-31,2025-11-06,6,direct_own_weather_holiday,789959014.0,764198006.2326943
2025-11-01,2025-11-07,6,direct_own_weather_holiday,808798324.0,770011144.446084
2025-11-02,2025-11-08,6,direct_own_weather_holiday,816286170.0,761863065.4098283
2025-11-03,2025-11-09,6,direct_own_weather_holiday,794671570.0,750044295.5037115
2025-11-04,2025-11-10,6,direct_own_weather_holiday,803150509.0,759350238.6722275
2025-11-05,2025-11-11,6,direct_own_weather_holiday,811031660.0,747764673.9582988
2025-11-06,2025-11-12,6,direct_own_weather_holiday,800371284.0,745077088.7124231
2025-11-07,2025-11-13,6,direct_own_weather_holiday,795412883.0,747686709.0470612
2025-11-08,2025-11-14,6,direct_own_weather_holiday,784929625.0,760038242.1845671
2025-11-09,2025-11-15,6,direct_own_weather_holiday,771969074.0,748771457.5810169
2025-11-10,2025-11-16,6,direct_own_weather_holiday,748102925.0,732040323.8538519
2025-11-11,2025-11-17,6,direct_own_weather_holiday,784946049.0,752522121.6842225
2025-11-12,2025-11-18,6,direct_own_weather_holiday,802372785.0,772770612.5008464
2025-11-13,2025-11-19,6,direct_own_weather_holiday,785536331.0,782852536.9216056
2025-11-14,2025-11-20,6,direct_own_weather_holiday,789566797.0,778747197.5024195
2025-11-15,2025-11-21,6,direct_own_weather_holiday,781713368.0,770991962.578396
2025-11-16,2025-11-22,6,direct_own_weather_holiday,777234266.0,760166455.0723891
2025-11-17,2025-11-23,6,direct_own_weather_holiday,763587139.0,738011830.0390682
2025-11-18,2025-11-24,6,direct_own_weather_holiday,787419759.0,761885118.382317
2025-11-19,2025-11-25,6,direct_own_weather_holiday,779113247.0,774239206.9579301
2025-11-20,2025-11-26,6,direct_own_weather_holiday,779056661.0,772444617.1357574
2025-11-21,2025-11-27,6,direct_own_weather_holiday,785923784.0,774193759.7445228
2025-11-22,2025-11-28,6,direct_own_weather_holiday,793532772.0,779148020.6318494
2025-11-23,2025-11-29,6,direct_own_weather_holiday,775439198.0,755874678.1786017
2025-11-24,2025-11-30,6,direct_own_weather_holiday,752415007.0,743078339.733563
2025-11-25,2025-12-01,6,direct_own_weather_holiday,752093794.0,757997604.2516251
2025-11-26,2025-12-02,6,direct_own_weather_holiday,774181582.0,751477278.9395151
2025-11-27,2025-12-03,6,direct_own_weather_holiday,779128904.0,761082129.0862961
2025-11-28,2025-12-04,6,direct_own_weather_holiday,780611840.0,772667376.0470059
2025-11-29,2025-12-05,6,direct_own_weather_holiday,790342731.0,771412114.0663234
2025-11-30,2025-12-06,6,direct_own_weather_holiday,783475966.0,752729209.0063895
2025-12-01,2025-12-07,6,direct_own_weather_holiday,769662376.0,731158247.2182437
2025-12-02,2025-12-08,6,direct_own_weather_holiday,781993536.0,751699449.7601037
2025-12-03,2025-12-09,6,direct_own_weather_holiday,790459836.0,761958824.305241
2025-12-04,2025-12-10,6,direct_own_weather_holiday,793331038.0,752972432.7470686
2025-12-05,2025-12-11,6,direct_own_weather_holiday,792303023.0,752882181.9359859
2025-12-06,2025-12-12,6,direct_own_weather_holiday,805771337.0,763993316.3716689
2025-12-07,2025-12-13,6,direct_own_weather_holiday,805919635.0,750602251.1296922
2025-12-08,2025-12-14,6,direct_own_weather_holiday,775261923.0,762143435.0584378
2025-12-09,2025-12-15,6,direct_own_weather_holiday,800205024.0,769839396.6781474
2025-12-10,2025-12-16,6,direct_own_weather_holiday,791223092.0,762480077.0895442
2025-12-11,2025-12-17,6,direct_own_weather_holiday,797873177.0,763129043.5116833
2025-12-12,2025-12-18,6,direct_own_weather_holiday,807913091.0,770371057.3287377
2025-12-13,2025-12-19,6,direct_own_weather_holiday,813412227.0,766599016.5153509
2025-12-14,2025-12-20,6,direct_own_weather_holiday,800554656.0,758278506.7533182
2025-12-15,2025-12-21,6,direct_own_weather_holiday,775722494.0,746728312.6397225
2025-12-16,2025-12-22,6,direct_own_weather_holiday,800416947.0,767995578.9341726
2025-12-17,2025-12-23,6,direct_own_weather_holiday,805434213.0,759661424.8863441
2025-12-18,2025-12-24,6,direct_own_weather_holiday,803732375.0,761300314.503194
2025-12-19,2025-12-25,6,direct_own_weather_holiday,824337857.0,774829900.6453533
2025-12-20,2025-12-26,6,direct_own_weather_holiday,812520530.0,799604300.7464489
2025-12-21,2025-12-27,6,direct_own_weather_holiday,813024286.0,774144109.5254214
2025-12-22,2025-12-28,6,direct_own_weather_holiday,798511867.0,756243986.1339707
2025-12-23,2025-12-29,6,direct_own_weather_holiday,801303829.0,770694709.7762289
2025-12-24,2025-12-30,6,direct_own_weather_holiday,799723069.0,772162639.3125612
2025-12-25,2025-12-31,6,direct_own_weather_holiday,783373686.0,775814856.9181714
2025-12-26,2026-01-01,6,direct_own_weather_holiday,707758012.0,697384346.8572929
2025-12-27,2026-01-02,6,direct_own_weather_holiday,741910307.0,707469716.8717808
2025-12-28,2026-01-03,6,direct_own_weather_holiday,801935633.0,734222241.8836095
2025-12-29,2026-01-04,6,direct_own_weather_holiday,820839320.0,748945322.8655461
2025-12-30,2026-01-05,6,direct_own_weather_holiday,819629944.0,771238149.7074318
2025-12-31,2026-01-06,6,direct_own_weather_holiday,848208043.0,780794725.4814893
2026-01-01,2026-01-07,6,direct_own_weather_holiday,836618404.0,775273652.9183834
2026-01-02,2026-01-08,6,direct_own_weather_holiday,845715705.0,769028954.1057425
2026-01-03,2026-01-09,6,direct_own_weather_holiday,845779172.0,778441971.8607383
2025-09-25,2025-10-01,6,direct_category_weather_holiday,893877447.0,873334089.6928885
2025-09-26,2025-10-02,6,direct_category_weather_holiday,877524402.0,869572299.331073
2025-09-27,2025-10-03,6,direct_category_weather_holiday,906128774.0,870948779.2022556
2025-09-28,2025-10-04,6,direct_category_weather_holiday,947397946.0,891269590.2396163
2025-09-29,2025-10-05,6,direct_category_weather_holiday,967898095.0,888981974.3191468
2025-09-30,2025-10-06,6,direct_category_weather_holiday,909397624.0,890152362.133244
2025-10-01,2025-10-07,6,direct_category_weather_holiday,958058211.0,866280901.5475734
2025-10-02,2025-10-08,6,direct_category_weather_holiday,1002652065.0,808381306.8515579
2025-10-03,2025-10-09,6,direct_category_weather_holiday,1006596066.0,920169257.9641023
2025-10-04,2025-10-10,6,direct_category_weather_holiday,988218980.0,923548671.2754952
2025-10-05,2025-10-11,6,direct_category_weather_holiday,993216057.0,928044334.2326727
2025-10-06,2025-10-12,6,direct_category_weather_holiday,982996119.0,916453138.5969439
2025-10-07,2025-10-13,6,direct_category_weather_holiday,994158096.0,922167873.5087454
2025-10-08,2025-10-14,6,direct_category_weather_holiday,999440675.0,942588231.8456409
2025-10-09,2025-10-15,6,direct_category_weather_holiday,979563855.0,935877613.6627743
2025-10-10,2025-10-16,6,direct_category_weather_holiday,973453600.0,930342787.200207
2025-10-11,2025-10-17,6,direct_category_weather_holiday,976535370.0,931473427.7774279
2025-10-12,2025-10-18,6,direct_category_weather_holiday,976325746.0,929419870.2300122
2025-10-13,2025-10-19,6,direct_category_weather_holiday,896789087.0,899514658.4579368
2025-10-14,2025-10-20,6,direct_category_weather_holiday,853624251.0,847894223.3970432
2025-10-15,2025-10-21,6,direct_category_weather_holiday,795444895.0,863880268.7174121
2025-10-16,2025-10-22,6,direct_category_weather_holiday,783518576.0,846993620.2917924
2025-10-17,2025-10-23,6,direct_category_weather_holiday,783134792.0,848943701.8141218
2025-10-18,2025-10-24,6,direct_category_weather_holiday,786285205.0,856167356.5901704
2025-10-19,2025-10-25,6,direct_category_weather_holiday,787344834.0,851900764.0562849
2025-10-20,2025-10-26,6,direct_category_weather_holiday,788309358.0,853804786.7380047
2025-10-21,2025-10-27,6,direct_category_weather_holiday,788347388.0,854657930.0075516
2025-10-22,2025-10-28,6,direct_category_weather_holiday,803213606.0,844756795.6213657
2025-10-23,2025-10-29,6,direct_category_weather_holiday,791815205.0,834195132.3002368
2025-10-24,2025-10-30,6,direct_category_weather_holiday,801523722.0,835178136.7899518
2025-10-25,2025-10-31,6,direct_category_weather_holiday,806599754.0,833490383.43618
2025-10-26,2025-11-01,6,direct_category_weather_holiday,760921367.0,814049279.3081911
2025-10-27,2025-11-02,6,direct_category_weather_holiday,744828378.0,803562700.7754018
2025-10-28,2025-11-03,6,direct_category_weather_holiday,780447693.0,814588122.9116905
2025-10-29,2025-11-04,6,direct_category_weather_holiday,782600645.0,829549514.4254414
2025-10-30,2025-11-05,6,direct_category_weather_holiday,784108702.0,811792955.8960522
2025-10-31,2025-11-06,6,direct_category_weather_holiday,789959014.0,818121253.6689532
2025-11-01,2025-11-07,6,direct_category_weather_holiday,808798324.0,817492028.3416795
2025-11-02,2025-11-08,6,direct_category_weather_holiday,816286170.0,800246826.0472519
2025-11-03,2025-11-09,6,direct_category_weather_holiday,794671570.0,804830478.2851722
2025-11-04,2025-11-10,6,direct_category_weather_holiday,803150509.0,804339217.9263271
2025-11-05,2025-11-11,6,direct_category_weather_holiday,811031660.0,793330616.5664161
2025-11-06,2025-11-12,6,direct_category_weather_holiday,800371284.0,786465162.0504321
2025-11-07,2025-11-13,6,direct_category_weather_holiday,795412883.0,787783767.9721605
2025-11-08,2025-11-14,6,direct_category_weather_holiday,784929625.0,796732165.1162976
2025-11-09,2025-11-15,6,direct_category_weather_holiday,771969074.0,781998428.6926467
2025-11-10,2025-11-16,6,direct_category_weather_holiday,748102925.0,765490171.1129808
2025-11-11,2025-11-17,6,direct_category_weather_holiday,784946049.0,793521794.8494385
2025-11-12,2025-11-18,6,direct_category_weather_holiday,802372785.0,812451150.5778377
2025-11-13,2025-11-19,6,direct_category_weather_holiday,785536331.0,819484688.6068617
2025-11-14,2025-11-20,6,direct_category_weather_holiday,789566797.0,815808496.3159074
2025-11-15,2025-11-21,6,direct_category_weather_holiday,781713368.0,806971924.6225109
2025-11-16,2025-11-22,6,direct_category_weather_holiday,777234266.0,787617590.1825445
2025-11-17,2025-11-23,6,direct_category_weather_holiday,763587139.0,774327230.6325877
2025-11-18,2025-11-24,6,direct_category_weather_holiday,787419759.0,809707034.7115552
2025-11-19,2025-11-25,6,direct_category_weather_holiday,779113247.0,822787630.4170018
2025-11-20,2025-11-26,6,direct_category_weather_holiday,779056661.0,816060349.0347971
2025-11-21,2025-11-27,6,direct_category_weather_holiday,785923784.0,814653985.3169075
2025-11-22,2025-11-28,6,direct_category_weather_holiday,793532772.0,814730669.2470295
2025-11-23,2025-11-29,6,direct_category_weather_holiday,775439198.0,797545444.3218601
2025-11-24,2025-11-30,6,direct_category_weather_holiday,752415007.0,784555415.9486933
2025-11-25,2025-12-01,6,direct_category_weather_holiday,752093794.0,804027941.4334896
2025-11-26,2025-12-02,6,direct_category_weather_holiday,774181582.0,797172102.3696649
2025-11-27,2025-12-03,6,direct_category_weather_holiday,779128904.0,803621832.8304782
2025-11-28,2025-12-04,6,direct_category_weather_holiday,780611840.0,812852021.2399423
2025-11-29,2025-12-05,6,direct_category_weather_holiday,790342731.0,807600875.5809504
2025-11-30,2025-12-06,6,direct_category_weather_holiday,783475966.0,788805133.1843793
2025-12-01,2025-12-07,6,direct_category_weather_holiday,769662376.0,771112141.1709526
2025-12-02,2025-12-08,6,direct_category_weather_holiday,781993536.0,788939530.626624
2025-12-03,2025-12-09,6,direct_category_weather_holiday,790459836.0,799509144.5293239
2025-12-04,2025-12-10,6,direct_category_weather_holiday,793331038.0,791849668.9624125
2025-12-05,2025-12-11,6,direct_category_weather_holiday,792303023.0,790888941.4975195
2025-12-06,2025-12-12,6,direct_category_weather_holiday,805771337.0,797394705.1469997
2025-12-07,2025-12-13,6,direct_category_weather_holiday,805919635.0,787368357.8306563
2025-12-08,2025-12-14,6,direct_category_weather_holiday,775261923.0,800018769.3428292
2025-12-09,2025-12-15,6,direct_category_weather_holiday,800205024.0,813676987.2224656
2025-12-10,2025-12-16,6,direct_category_weather_holiday,791223092.0,807377995.6767868
2025-12-11,2025-12-17,6,direct_category_weather_holiday,797873177.0,800034060.7144268
2025-12-12,2025-12-18,6,direct_category_weather_holiday,807913091.0,804801144.0601622
2025-12-13,2025-12-19,6,direct_category_weather_holiday,813412227.0,800366188.3195723
2025-12-14,2025-12-20,6,direct_category_weather_holiday,800554656.0,790150252.5696375
2025-12-15,2025-12-21,6,direct_category_weather_holiday,775722494.0,783280035.44327
2025-12-16,2025-12-22,6,direct_category_weather_holiday,800416947.0,803376469.3596244
2025-12-17,2025-12-23,6,direct_category_weather_holiday,805434213.0,790541110.4773326
2025-12-18,2025-12-24,6,direct_category_weather_holiday,803732375.0,792618127.5891323
2025-12-19,2025-12-25,6,direct_category_weather_holiday,824337857.0,808786548.2404096
2025-12-20,2025-12-26,6,direct_category_weather_holiday,812520530.0,831081992.3397629
2025-12-21,2025-12-27,6,direct_category_weather_holiday,813024286.0,802685834.569627
2025-12-22,2025-12-28,6,direct_category_weather_holiday,798511867.0,783673285.745075
2025-12-23,2025-12-29,6,direct_category_weather_holiday,801303829.0,800013136.8244056
2025-12-24,2025-12-30,6,direct_category_weather_holiday,799723069.0,802143072.8551712
2025-12-25,2025-12-31,6,direct_category_weather_holiday,783373686.0,807093305.7777417
2025-12-26,2026-01-01,6,direct_category_weather_holiday,707758012.0,732960233.8075781
2025-12-27,2026-01-02,6,direct_category_weather_holiday,741910307.0,736381906.5926719
2025-12-28,2026-01-03,6,direct_category_weather_holiday,801935633.0,764010630.8915931
2025-12-29,2026-01-04,6,direct_category_weather_holiday,820839320.0,790138275.8908304
2025-12-30,2026-01-05,6,direct_category_weather_holiday,819629944.0,804039891.6579607
2025-12-31,2026-01-06,6,direct_category_weather_holiday,848208043.0,814230151.822509
2026-01-01,2026-01-07,6,direct_category_weather_holiday,836618404.0,807449676.0885556
2026-01-02,2026-01-08,6,direct_category_weather_holiday,845715705.0,778136885.9100748
2026-01-03,2026-01-09,6,direct_category_weather_holiday,845779172.0,794513204.1798179
2025-09-24,2025-10-01,7,direct_own_calendar,893877447.0,756793007.5493573
2025-09-25,2025-10-02,7,direct_own_calendar,877524402.0,756601426.2216568
2025-09-26,2025-10-03,7,direct_own_calendar,906128774.0,768993163.0254347
2025-09-27,2025-10-04,7,direct_own_calendar,947397946.0,786910626.632244
2025-09-28,2025-10-05,7,direct_own_calendar,967898095.0,775771385.0387989
2025-09-29,2025-10-06,7,direct_own_calendar,909397624.0,778414768.4355729
2025-09-30,2025-10-07,7,direct_own_calendar,958058211.0,779402405.572576
2025-10-01,2025-10-08,7,direct_own_calendar,1002652065.0,753948325.1044651
2025-10-02,2025-10-09,7,direct_own_calendar,1006596066.0,865145657.3486785
2025-10-03,2025-10-10,7,direct_own_calendar,988218980.0,862696479.7514635
2025-10-04,2025-10-11,7,direct_own_calendar,993216057.0,840256184.9188998
2025-10-05,2025-10-12,7,direct_own_calendar,982996119.0,876339310.4120655
2025-10-06,2025-10-13,7,direct_own_calendar,994158096.0,906106302.1205598
2025-10-07,2025-10-14,7,direct_own_calendar,999440675.0,891834210.1913855
2025-10-08,2025-10-15,7,direct_own_calendar,979563855.0,890213590.9188576
2025-10-09,2025-10-16,7,direct_own_calendar,973453600.0,898730187.0326577
2025-10-10,2025-10-17,7,direct_own_calendar,976535370.0,905657711.4292194
2025-10-11,2025-10-18,7,direct_own_calendar,976325746.0,897930366.4372156
2025-10-12,2025-10-19,7,direct_own_calendar,896789087.0,889990622.2334749
2025-10-13,2025-10-20,7,direct_own_calendar,853624251.0,906761022.0198151
2025-10-14,2025-10-21,7,direct_own_calendar,795444895.0,909074447.8087714
2025-10-15,2025-10-22,7,direct_own_calendar,783518576.0,904686379.6285539
2025-10-16,2025-10-23,7,direct_own_calendar,783134792.0,898063796.6938915
2025-10-17,2025-10-24,7,direct_own_calendar,786285205.0,903148649.4128908
2025-10-18,2025-10-25,7,direct_own_calendar,787344834.0,899388255.727505
2025-10-19,2025-10-26,7,direct_own_calendar,788309358.0,887747673.3856717
2025-10-20,2025-10-27,7,direct_own_calendar,788347388.0,880753735.5935371
2025-10-21,2025-10-28,7,direct_own_calendar,803213606.0,864259965.4027088
2025-10-22,2025-10-29,7,direct_own_calendar,791815205.0,843620888.2138416
2025-10-23,2025-10-30,7,direct_own_calendar,801523722.0,836068126.403785
2025-10-24,2025-10-31,7,direct_own_calendar,806599754.0,832059316.2769732
2025-10-25,2025-11-01,7,direct_own_calendar,760921367.0,825942878.7818735
2025-10-26,2025-11-02,7,direct_own_calendar,744828378.0,814878983.6838117
2025-10-27,2025-11-03,7,direct_own_calendar,780447693.0,831450159.6536909
2025-10-28,2025-11-04,7,direct_own_calendar,782600645.0,823149383.1839991
2025-10-29,2025-11-05,7,direct_own_calendar,784108702.0,814746608.2487195
2025-10-30,2025-11-06,7,direct_own_calendar,789959014.0,812005729.0456163
2025-10-31,2025-11-07,7,direct_own_calendar,808798324.0,820337744.7907403
2025-11-01,2025-11-08,7,direct_own_calendar,816286170.0,814195094.3126676
2025-11-02,2025-11-09,7,direct_own_calendar,794671570.0,791948561.2407088
2025-11-03,2025-11-10,7,direct_own_calendar,803150509.0,802501156.9527099
2025-11-04,2025-11-11,7,direct_own_calendar,811031660.0,805203136.3972186
2025-11-05,2025-11-12,7,direct_own_calendar,800371284.0,800097034.1262285
2025-11-06,2025-11-13,7,direct_own_calendar,795412883.0,800927841.0011259
2025-11-07,2025-11-14,7,direct_own_calendar,784929625.0,805584912.4132338
2025-11-08,2025-11-15,7,direct_own_calendar,771969074.0,803961317.1719064
2025-11-09,2025-11-16,7,direct_own_calendar,748102925.0,796206338.506204
2025-11-10,2025-11-17,7,direct_own_calendar,784946049.0,809758037.3876703
2025-11-11,2025-11-18,7,direct_own_calendar,802372785.0,809043463.8011681
2025-11-12,2025-11-19,7,direct_own_calendar,785536331.0,804911300.4054345
2025-11-13,2025-11-20,7,direct_own_calendar,789566797.0,803992267.6172682
2025-11-14,2025-11-21,7,direct_own_calendar,781713368.0,809500112.8768214
2025-11-15,2025-11-22,7,direct_own_calendar,777234266.0,801602879.7329863
2025-11-16,2025-11-23,7,direct_own_calendar,763587139.0,782175425.1095669
2025-11-17,2025-11-24,7,direct_own_calendar,787419759.0,791511185.7106217
2025-11-18,2025-11-25,7,direct_own_calendar,779113247.0,792117202.9363786
2025-11-19,2025-11-26,7,direct_own_calendar,779056661.0,788696850.8375323
2025-11-20,2025-11-27,7,direct_own_calendar,785923784.0,786773338.5726991
2025-11-21,2025-11-28,7,direct_own_calendar,793532772.0,792921378.1691141
2025-11-22,2025-11-29,7,direct_own_calendar,775439198.0,785137256.1453631
2025-11-23,2025-11-30,7,direct_own_calendar,752415007.0,771683180.7460437
2025-11-24,2025-12-01,7,direct_own_calendar,752093794.0,785306633.7366643
2025-11-25,2025-12-02,7,direct_own_calendar,774181582.0,787292823.5911398
2025-11-26,2025-12-03,7,direct_own_calendar,779128904.0,777269042.8595968
2025-11-27,2025-12-04,7,direct_own_calendar,780611840.0,780272864.6678655
2025-11-28,2025-12-05,7,direct_own_calendar,790342731.0,785772248.924018
2025-11-29,2025-12-06,7,direct_own_calendar,783475966.0,780465717.9154874
2025-11-30,2025-12-07,7,direct_own_calendar,769662376.0,762077306.206152
2025-12-01,2025-12-08,7,direct_own_calendar,781993536.0,774733725.7230638
2025-12-02,2025-12-09,7,direct_own_calendar,790459836.0,770885898.0626929
2025-12-03,2025-12-10,7,direct_own_calendar,793331038.0,770352175.7740611
2025-12-04,2025-12-11,7,direct_own_calendar,792303023.0,772840877.2329669
2025-12-05,2025-12-12,7,direct_own_calendar,805771337.0,777816512.72558
2025-12-06,2025-12-13,7,direct_own_calendar,805919635.0,775289426.5485672
2025-12-07,2025-12-14,7,direct_own_calendar,775261923.0,761554684.4009238
2025-12-08,2025-12-15,7,direct_own_calendar,800205024.0,777981137.2154641
2025-12-09,2025-12-16,7,direct_own_calendar,791223092.0,776811329.6483536
2025-12-10,2025-12-17,7,direct_own_calendar,797873177.0,772621818.2391285
2025-12-11,2025-12-18,7,direct_own_calendar,807913091.0,774178030.9433186
2025-12-12,2025-12-19,7,direct_own_calendar,813412227.0,780078717.79389
2025-12-13,2025-12-20,7,direct_own_calendar,800554656.0,776624328.0475448
2025-12-14,2025-12-21,7,direct_own_calendar,775722494.0,764592514.040918
2025-12-15,2025-12-22,7,direct_own_calendar,800416947.0,776268055.1701608
2025-12-16,2025-12-23,7,direct_own_calendar,805434213.0,778132238.1366388
2025-12-17,2025-12-24,7,direct_own_calendar,803732375.0,771089579.5776739
2025-12-18,2025-12-25,7,direct_own_calendar,824337857.0,775348308.2421927
2025-12-19,2025-12-26,7,direct_own_calendar,812520530.0,784097778.5003557
2025-12-20,2025-12-27,7,direct_own_calendar,813024286.0,778886456.5318279
2025-12-21,2025-12-28,7,direct_own_calendar,798511867.0,762177311.7106193
2025-12-22,2025-12-29,7,direct_own_calendar,801303829.0,776527158.9643048
2025-12-23,2025-12-30,7,direct_own_calendar,799723069.0,777062060.0011989
2025-12-24,2025-12-31,7,direct_own_calendar,783373686.0,772896576.4735706
2025-12-25,2026-01-01,7,direct_own_calendar,707758012.0,677949701.2943965
2025-12-26,2026-01-02,7,direct_own_calendar,741910307.0,686381126.1249837
2025-12-27,2026-01-03,7,direct_own_calendar,801935633.0,701127982.6387186
2025-12-28,2026-01-04,7,direct_own_calendar,820839320.0,737824445.4026327
2025-12-29,2026-01-05,7,direct_own_calendar,819629944.0,776791808.7286164
2025-12-30,2026-01-06,7,direct_own_calendar,848208043.0,771466558.9072264
2025-12-31,2026-01-07,7,direct_own_calendar,836618404.0,762641882.3644209
2026-01-01,2026-01-08,7,direct_own_calendar,845715705.0,752239567.1622399
2026-01-02,2026-01-09,7,direct_own_calendar,845779172.0,747957741.3897307
2025-09-24,2025-10-01,7,direct_own_weather_holiday,893877447.0,839628369.6442077
2025-09-25,2025-10-02,7,direct_own_weather_holiday,877524402.0,831641494.3484979
2025-09-26,2025-10-03,7,direct_own_weather_holiday,906128774.0,833730060.2391648
2025-09-27,2025-10-04,7,direct_own_weather_holiday,947397946.0,857472663.2669708
2025-09-28,2025-10-05,7,direct_own_weather_holiday,967898095.0,851503825.5934976
2025-09-29,2025-10-06,7,direct_own_weather_holiday,909397624.0,854766132.6399786
2025-09-30,2025-10-07,7,direct_own_weather_holiday,958058211.0,849035813.9701242
2025-10-01,2025-10-08,7,direct_own_weather_holiday,1002652065.0,820569347.1292856
2025-10-02,2025-10-09,7,direct_own_weather_holiday,1006596066.0,903517774.6995653
2025-10-03,2025-10-10,7,direct_own_weather_holiday,988218980.0,886678742.7437581
2025-10-04,2025-10-11,7,direct_own_weather_holiday,993216057.0,884925947.8721733
2025-10-05,2025-10-12,7,direct_own_weather_holiday,982996119.0,887153686.0217658
2025-10-06,2025-10-13,7,direct_own_weather_holiday,994158096.0,926534785.7541094
2025-10-07,2025-10-14,7,direct_own_weather_holiday,999440675.0,908495202.6759084
2025-10-08,2025-10-15,7,direct_own_weather_holiday,979563855.0,901539488.8790189
2025-10-09,2025-10-16,7,direct_own_weather_holiday,973453600.0,900830267.2259232
2025-10-10,2025-10-17,7,direct_own_weather_holiday,976535370.0,903630389.1422385
2025-10-11,2025-10-18,7,direct_own_weather_holiday,976325746.0,892290573.2078016
2025-10-12,2025-10-19,7,direct_own_weather_holiday,896789087.0,858179332.4666252
2025-10-13,2025-10-20,7,direct_own_weather_holiday,853624251.0,817608446.1604778
2025-10-14,2025-10-21,7,direct_own_weather_holiday,795444895.0,811926728.750683
2025-10-15,2025-10-22,7,direct_own_weather_holiday,783518576.0,812535318.2384585
2025-10-16,2025-10-23,7,direct_own_weather_holiday,783134792.0,812840982.735766
2025-10-17,2025-10-24,7,direct_own_weather_holiday,786285205.0,816735061.54235
2025-10-18,2025-10-25,7,direct_own_weather_holiday,787344834.0,816279221.132939
2025-10-19,2025-10-26,7,direct_own_weather_holiday,788309358.0,805834171.4711171
2025-10-20,2025-10-27,7,direct_own_weather_holiday,788347388.0,804649473.0224819
2025-10-21,2025-10-28,7,direct_own_weather_holiday,803213606.0,789371615.1960644
2025-10-22,2025-10-29,7,direct_own_weather_holiday,791815205.0,778869892.8294188
2025-10-23,2025-10-30,7,direct_own_weather_holiday,801523722.0,781569924.3242137
2025-10-24,2025-10-31,7,direct_own_weather_holiday,806599754.0,777240746.5120739
2025-10-25,2025-11-01,7,direct_own_weather_holiday,760921367.0,764733206.8762653
2025-10-26,2025-11-02,7,direct_own_weather_holiday,744828378.0,751145863.2229738
2025-10-27,2025-11-03,7,direct_own_weather_holiday,780447693.0,762831207.468506
2025-10-28,2025-11-04,7,direct_own_weather_holiday,782600645.0,748051127.1611446
2025-10-29,2025-11-05,7,direct_own_weather_holiday,784108702.0,751408662.9118857
2025-10-30,2025-11-06,7,direct_own_weather_holiday,789959014.0,759871510.8831412
2025-10-31,2025-11-07,7,direct_own_weather_holiday,808798324.0,771023543.6150734
2025-11-01,2025-11-08,7,direct_own_weather_holiday,816286170.0,769213694.5613183
2025-11-02,2025-11-09,7,direct_own_weather_holiday,794671570.0,749171455.0365993
2025-11-03,2025-11-10,7,direct_own_weather_holiday,803150509.0,757739761.7386191
2025-11-04,2025-11-11,7,direct_own_weather_holiday,811031660.0,751923996.9867601
2025-11-05,2025-11-12,7,direct_own_weather_holiday,800371284.0,747847609.088675
2025-11-06,2025-11-13,7,direct_own_weather_holiday,795412883.0,748556787.4837211
2025-11-07,2025-11-14,7,direct_own_weather_holiday,784929625.0,760537214.3196405
2025-11-08,2025-11-15,7,direct_own_weather_holiday,771969074.0,746788948.1847668
2025-11-09,2025-11-16,7,direct_own_weather_holiday,748102925.0,734953697.4767588
2025-11-10,2025-11-17,7,direct_own_weather_holiday,784946049.0,757243648.6544228
2025-11-11,2025-11-18,7,direct_own_weather_holiday,802372785.0,775811737.9257878
2025-11-12,2025-11-19,7,direct_own_weather_holiday,785536331.0,788246122.4059021
2025-11-13,2025-11-20,7,direct_own_weather_holiday,789566797.0,781795336.4811469
2025-11-14,2025-11-21,7,direct_own_weather_holiday,781713368.0,777253248.1451982
2025-11-15,2025-11-22,7,direct_own_weather_holiday,777234266.0,766619275.9055754
2025-11-16,2025-11-23,7,direct_own_weather_holiday,763587139.0,743295475.0621516
2025-11-17,2025-11-24,7,direct_own_weather_holiday,787419759.0,760370584.608906
2025-11-18,2025-11-25,7,direct_own_weather_holiday,779113247.0,773105912.8065896
2025-11-19,2025-11-26,7,direct_own_weather_holiday,779056661.0,774186284.6610969
2025-11-20,2025-11-27,7,direct_own_weather_holiday,785923784.0,772960228.669817
2025-11-21,2025-11-28,7,direct_own_weather_holiday,793532772.0,781904236.9995214
2025-11-22,2025-11-29,7,direct_own_weather_holiday,775439198.0,756789941.1852995
2025-11-23,2025-11-30,7,direct_own_weather_holiday,752415007.0,743624133.9136506
2025-11-24,2025-12-01,7,direct_own_weather_holiday,752093794.0,758310698.3582827
2025-11-25,2025-12-02,7,direct_own_weather_holiday,774181582.0,756681290.4386219
2025-11-26,2025-12-03,7,direct_own_weather_holiday,779128904.0,760929486.9895313
2025-11-27,2025-12-04,7,direct_own_weather_holiday,780611840.0,772140420.3665522
2025-11-28,2025-12-05,7,direct_own_weather_holiday,790342731.0,768683808.5215499
2025-11-29,2025-12-06,7,direct_own_weather_holiday,783475966.0,754944692.3261609
2025-11-30,2025-12-07,7,direct_own_weather_holiday,769662376.0,733740930.7908436
2025-12-01,2025-12-08,7,direct_own_weather_holiday,781993536.0,755867145.782379
2025-12-02,2025-12-09,7,direct_own_weather_holiday,790459836.0,759495934.5130268
2025-12-03,2025-12-10,7,direct_own_weather_holiday,793331038.0,752258525.2707198
2025-12-04,2025-12-11,7,direct_own_weather_holiday,792303023.0,753421215.8931814
2025-12-05,2025-12-12,7,direct_own_weather_holiday,805771337.0,764229760.3511498
2025-12-06,2025-12-13,7,direct_own_weather_holiday,805919635.0,752019789.4123379
2025-12-07,2025-12-14,7,direct_own_weather_holiday,775261923.0,762101064.004424
2025-12-08,2025-12-15,7,direct_own_weather_holiday,800205024.0,770604549.7923473
2025-12-09,2025-12-16,7,direct_own_weather_holiday,791223092.0,762574645.0576568
2025-12-10,2025-12-17,7,direct_own_weather_holiday,797873177.0,763768415.8287486
2025-12-11,2025-12-18,7,direct_own_weather_holiday,807913091.0,769456846.5765736
2025-12-12,2025-12-19,7,direct_own_weather_holiday,813412227.0,765499532.5615746
2025-12-13,2025-12-20,7,direct_own_weather_holiday,800554656.0,757382866.3015201
2025-12-14,2025-12-21,7,direct_own_weather_holiday,775722494.0,750445511.7051834
2025-12-15,2025-12-22,7,direct_own_weather_holiday,800416947.0,768057455.9299709
2025-12-16,2025-12-23,7,direct_own_weather_holiday,805434213.0,761891754.8852355
2025-12-17,2025-12-24,7,direct_own_weather_holiday,803732375.0,760788241.1081802
2025-12-18,2025-12-25,7,direct_own_weather_holiday,824337857.0,771582289.8873589
2025-12-19,2025-12-26,7,direct_own_weather_holiday,812520530.0,799965458.5574799
2025-12-20,2025-12-27,7,direct_own_weather_holiday,813024286.0,777179722.274393
2025-12-21,2025-12-28,7,direct_own_weather_holiday,798511867.0,757443927.1351713
2025-12-22,2025-12-29,7,direct_own_weather_holiday,801303829.0,770810502.1991963
2025-12-23,2025-12-30,7,direct_own_weather_holiday,799723069.0,772625086.63432
2025-12-24,2025-12-31,7,direct_own_weather_holiday,783373686.0,777505243.6935226
2025-12-25,2026-01-01,7,direct_own_weather_holiday,707758012.0,691367757.3056922
2025-12-26,2026-01-02,7,direct_own_weather_holiday,741910307.0,705808591.1664815
2025-12-27,2026-01-03,7,direct_own_weather_holiday,801935633.0,728862674.4524351
2025-12-28,2026-01-04,7,direct_own_weather_holiday,820839320.0,745159897.6074471
2025-12-29,2026-01-05,7,direct_own_weather_holiday,819629944.0,775119948.712447
2025-12-30,2026-01-06,7,direct_own_weather_holiday,848208043.0,783963336.4525568
2025-12-31,2026-01-07,7,direct_own_weather_holiday,836618404.0,782992409.4879346
2026-01-01,2026-01-08,7,direct_own_weather_holiday,845715705.0,776865030.6509752
2026-01-02,2026-01-09,7,direct_own_weather_holiday,845779172.0,774888674.9869895
2025-09-24,2025-10-01,7,direct_category_weather_holiday,893877447.0,883130038.3892941
2025-09-25,2025-10-02,7,direct_category_weather_holiday,877524402.0,868831319.2655514
2025-09-26,2025-10-03,7,direct_category_weather_holiday,906128774.0,868609824.8706627
2025-09-27,2025-10-04,7,direct_category_weather_holiday,947397946.0,895912494.9978473
2025-09-28,2025-10-05,7,direct_category_weather_holiday,967898095.0,882594572.4331137
2025-09-29,2025-10-06,7,direct_category_weather_holiday,909397624.0,885065024.6395009
2025-09-30,2025-10-07,7,direct_category_weather_holiday,958058211.0,881740577.8320402
2025-10-01,2025-10-08,7,direct_category_weather_holiday,1002652065.0,856497626.8951983
2025-10-02,2025-10-09,7,direct_category_weather_holiday,1006596066.0,917114009.2786778
2025-10-03,2025-10-10,7,direct_category_weather_holiday,988218980.0,903437257.0140053
2025-10-04,2025-10-11,7,direct_category_weather_holiday,993216057.0,915879999.3334445
2025-10-05,2025-10-12,7,direct_category_weather_holiday,982996119.0,911262323.6874702
2025-10-06,2025-10-13,7,direct_category_weather_holiday,994158096.0,943562984.0058266
2025-10-07,2025-10-14,7,direct_category_weather_holiday,999440675.0,923906620.1735598
2025-10-08,2025-10-15,7,direct_category_weather_holiday,979563855.0,937218286.7482011
2025-10-09,2025-10-16,7,direct_category_weather_holiday,973453600.0,927433949.8919206
2025-10-10,2025-10-17,7,direct_category_weather_holiday,976535370.0,926823124.4784874
2025-10-11,2025-10-18,7,direct_category_weather_holiday,976325746.0,919236427.6472766
2025-10-12,2025-10-19,7,direct_category_weather_holiday,896789087.0,887431574.3714634
2025-10-13,2025-10-20,7,direct_category_weather_holiday,853624251.0,854103931.7224253
2025-10-14,2025-10-21,7,direct_category_weather_holiday,795444895.0,839971497.7151573
2025-10-15,2025-10-22,7,direct_category_weather_holiday,783518576.0,857517513.1533549
2025-10-16,2025-10-23,7,direct_category_weather_holiday,783134792.0,846500687.1130763
2025-10-17,2025-10-24,7,direct_category_weather_holiday,786285205.0,846219695.6583761
2025-10-18,2025-10-25,7,direct_category_weather_holiday,787344834.0,847939932.779825
2025-10-19,2025-10-26,7,direct_category_weather_holiday,788309358.0,835791007.8795481
2025-10-20,2025-10-27,7,direct_category_weather_holiday,788347388.0,863216499.25667
2025-10-21,2025-10-28,7,direct_category_weather_holiday,803213606.0,851258607.4674671
2025-10-22,2025-10-29,7,direct_category_weather_holiday,791815205.0,848076508.075329
2025-10-23,2025-10-30,7,direct_category_weather_holiday,801523722.0,844110829.0534672
2025-10-24,2025-10-31,7,direct_category_weather_holiday,806599754.0,836255628.5925686
2025-10-25,2025-11-01,7,direct_category_weather_holiday,760921367.0,822579114.1801878
2025-10-26,2025-11-02,7,direct_category_weather_holiday,744828378.0,801988603.5245576
2025-10-27,2025-11-03,7,direct_category_weather_holiday,780447693.0,821467727.0691613
2025-10-28,2025-11-04,7,direct_category_weather_holiday,782600645.0,814042772.8933976
2025-10-29,2025-11-05,7,direct_category_weather_holiday,784108702.0,829876201.5169579
2025-10-30,2025-11-06,7,direct_category_weather_holiday,789959014.0,821040802.7181476
2025-10-31,2025-11-07,7,direct_category_weather_holiday,808798324.0,825302200.0870912
2025-11-01,2025-11-08,7,direct_category_weather_holiday,816286170.0,818012362.0958743
2025-11-02,2025-11-09,7,direct_category_weather_holiday,794671570.0,786539639.0837826
2025-11-03,2025-11-10,7,direct_category_weather_holiday,803150509.0,815309708.9331275
2025-11-04,2025-11-11,7,direct_category_weather_holiday,811031660.0,800558405.5693825
2025-11-05,2025-11-12,7,direct_category_weather_holiday,800371284.0,797312432.0046074
2025-11-06,2025-11-13,7,direct_category_weather_holiday,795412883.0,791050949.0869526
2025-11-07,2025-11-14,7,direct_category_weather_holiday,784929625.0,798299427.0895615
2025-11-08,2025-11-15,7,direct_category_weather_holiday,771969074.0,787444069.9766408
2025-11-09,2025-11-16,7,direct_category_weather_holiday,748102925.0,768935390.8091279
2025-11-10,2025-11-17,7,direct_category_weather_holiday,784946049.0,790206779.1871574
2025-11-11,2025-11-18,7,direct_category_weather_holiday,802372785.0,817706510.8969815
2025-11-12,2025-11-19,7,direct_category_weather_holiday,785536331.0,829434612.5248498
2025-11-13,2025-11-20,7,direct_category_weather_holiday,789566797.0,824283990.1790168
2025-11-14,2025-11-21,7,direct_category_weather_holiday,781713368.0,817506911.2571194
2025-11-15,2025-11-22,7,direct_category_weather_holiday,777234266.0,804768492.6681745
2025-11-16,2025-11-23,7,direct_category_weather_holiday,763587139.0,772489539.8490564
2025-11-17,2025-11-24,7,direct_category_weather_holiday,787419759.0,796968316.3551139
2025-11-18,2025-11-25,7,direct_category_weather_holiday,779113247.0,823952303.283514
2025-11-19,2025-11-26,7,direct_category_weather_holiday,779056661.0,828910999.9946063
2025-11-20,2025-11-27,7,direct_category_weather_holiday,785923784.0,818244378.6405882
2025-11-21,2025-11-28,7,direct_category_weather_holiday,793532772.0,824015867.3176221
2025-11-22,2025-11-29,7,direct_category_weather_holiday,775439198.0,799780200.1939063
2025-11-23,2025-11-30,7,direct_category_weather_holiday,752415007.0,783980679.469596
2025-11-24,2025-12-01,7,direct_category_weather_holiday,752093794.0,799881300.2656255
2025-11-25,2025-12-02,7,direct_category_weather_holiday,774181582.0,808987169.4028492
2025-11-26,2025-12-03,7,direct_category_weather_holiday,779128904.0,810266015.7997106
2025-11-27,2025-12-04,7,direct_category_weather_holiday,780611840.0,817498495.9772983
2025-11-28,2025-12-05,7,direct_category_weather_holiday,790342731.0,809281843.7071246
2025-11-29,2025-12-06,7,direct_category_weather_holiday,783475966.0,794931754.2577215
2025-11-30,2025-12-07,7,direct_category_weather_holiday,769662376.0,769722710.1466701
2025-12-01,2025-12-08,7,direct_category_weather_holiday,781993536.0,795469144.32761
2025-12-02,2025-12-09,7,direct_category_weather_holiday,790459836.0,801870231.539577
2025-12-03,2025-12-10,7,direct_category_weather_holiday,793331038.0,791695522.849812
2025-12-04,2025-12-11,7,direct_category_weather_holiday,792303023.0,794033470.9101741
2025-12-05,2025-12-12,7,direct_category_weather_holiday,805771337.0,800641784.657846
2025-12-06,2025-12-13,7,direct_category_weather_holiday,805919635.0,788521619.8810477
2025-12-07,2025-12-14,7,direct_category_weather_holiday,775261923.0,794089916.3524257
2025-12-08,2025-12-15,7,direct_category_weather_holiday,800205024.0,815821744.69766
2025-12-09,2025-12-16,7,direct_category_weather_holiday,791223092.0,805638187.4396582
2025-12-10,2025-12-17,7,direct_category_weather_holiday,797873177.0,807807594.0353869
2025-12-11,2025-12-18,7,direct_category_weather_holiday,807913091.0,808824263.3007782
2025-12-12,2025-12-19,7,direct_category_weather_holiday,813412227.0,799989721.7646084
2025-12-13,2025-12-20,7,direct_category_weather_holiday,800554656.0,788408280.2058488
2025-12-14,2025-12-21,7,direct_category_weather_holiday,775722494.0,784749392.1419654
2025-12-15,2025-12-22,7,direct_category_weather_holiday,800416947.0,806722617.7929429
2025-12-16,2025-12-23,7,direct_category_weather_holiday,805434213.0,798460044.5224411
2025-12-17,2025-12-24,7,direct_category_weather_holiday,803732375.0,791948344.38532
2025-12-18,2025-12-25,7,direct_category_weather_holiday,824337857.0,807199646.9152262
2025-12-19,2025-12-26,7,direct_category_weather_holiday,812520530.0,830879824.6446325
2025-12-20,2025-12-27,7,direct_category_weather_holiday,813024286.0,812978621.685971
2025-12-21,2025-12-28,7,direct_category_weather_holiday,798511867.0,786616548.0562367
2025-12-22,2025-12-29,7,direct_category_weather_holiday,801303829.0,799909139.0805278
2025-12-23,2025-12-30,7,direct_category_weather_holiday,799723069.0,803564409.9112567
2025-12-24,2025-12-31,7,direct_category_weather_holiday,783373686.0,810226134.8915783
2025-12-25,2026-01-01,7,direct_category_weather_holiday,707758012.0,728402914.4640087
2025-12-26,2026-01-02,7,direct_category_weather_holiday,741910307.0,743647682.867034
2025-12-27,2026-01-03,7,direct_category_weather_holiday,801935633.0,762911677.1892164
2025-12-28,2026-01-04,7,direct_category_weather_holiday,820839320.0,786878284.4456421
2025-12-29,2026-01-05,7,direct_category_weather_holiday,819629944.0,810415094.9789072
2025-12-30,2026-01-06,7,direct_category_weather_holiday,848208043.0,817175498.01934
2025-12-31,2026-01-07,7,direct_category_weather_holiday,836618404.0,818402336.8397297
2026-01-01,2026-01-08,7,direct_category_weather_holiday,845715705.0,809714509.7464567
2026-01-02,2026-01-09,7,direct_category_weather_holiday,845779172.0,788641895.1778243
2025-09-23,2025-10-01,8,direct_own_calendar,893877447.0,745217281.3125849
2025-09-24,2025-10-02,8,direct_own_calendar,877524402.0,748736091.2593851
2025-09-25,2025-10-03,8,direct_own_calendar,906128774.0,753367476.7617964
2025-09-26,2025-10-04,8,direct_own_calendar,947397946.0,776712867.315516
2025-09-27,2025-10-05,8,direct_own_calendar,967898095.0,762279807.4820948
2025-09-28,2025-10-06,8,direct_own_calendar,909397624.0,755916830.7180036
2025-09-29,2025-10-07,8,direct_own_calendar,958058211.0,766127512.1226428
2025-09-30,2025-10-08,8,direct_own_calendar,1002652065.0,762561248.6822736
2025-10-01,2025-10-09,8,direct_own_calendar,1006596066.0,880103868.4587275
2025-10-02,2025-10-10,8,direct_own_calendar,988218980.0,855410341.8225526
2025-10-03,2025-10-11,8,direct_own_calendar,993216057.0,821022707.1089184
2025-10-04,2025-10-12,8,direct_own_calendar,982996119.0,855393600.5515355
2025-10-05,2025-10-13,8,direct_own_calendar,994158096.0,886862772.5257053
2025-10-06,2025-10-14,8,direct_own_calendar,999440675.0,903635666.7006012
2025-10-07,2025-10-15,8,direct_own_calendar,979563855.0,887928226.4290572
2025-10-08,2025-10-16,8,direct_own_calendar,973453600.0,884572169.5588986
2025-10-09,2025-10-17,8,direct_own_calendar,976535370.0,894033051.9935396
2025-10-10,2025-10-18,8,direct_own_calendar,976325746.0,892681443.0989082
2025-10-11,2025-10-19,8,direct_own_calendar,896789087.0,879433473.0074525
2025-10-12,2025-10-20,8,direct_own_calendar,853624251.0,900553281.1619692
2025-10-13,2025-10-21,8,direct_own_calendar,795444895.0,899906163.354797
2025-10-14,2025-10-22,8,direct_own_calendar,783518576.0,899629542.9607463
2025-10-15,2025-10-23,8,direct_own_calendar,783134792.0,901814977.3277085
2025-10-16,2025-10-24,8,direct_own_calendar,786285205.0,898383698.5783578
2025-10-17,2025-10-25,8,direct_own_calendar,787344834.0,893563452.0251291
2025-10-18,2025-10-26,8,direct_own_calendar,788309358.0,882858194.4300926
2025-10-19,2025-10-27,8,direct_own_calendar,788347388.0,899476478.2887257
2025-10-20,2025-10-28,8,direct_own_calendar,803213606.0,878087865.9853269
2025-10-21,2025-10-29,8,direct_own_calendar,791815205.0,858944777.0217819
2025-10-22,2025-10-30,8,direct_own_calendar,801523722.0,845971174.0125152
2025-10-23,2025-10-31,8,direct_own_calendar,806599754.0,841717144.9221108
2025-10-24,2025-11-01,8,direct_own_calendar,760921367.0,828516864.6267729
2025-10-25,2025-11-02,8,direct_own_calendar,744828378.0,816731076.0846628
2025-10-26,2025-11-03,8,direct_own_calendar,780447693.0,833303375.2436242
2025-10-27,2025-11-04,8,direct_own_calendar,782600645.0,833486976.0150087
2025-10-28,2025-11-05,8,direct_own_calendar,784108702.0,818839080.0351776
2025-10-29,2025-11-06,8,direct_own_calendar,789959014.0,813201668.7840458
2025-10-30,2025-11-07,8,direct_own_calendar,808798324.0,813731053.5785232
2025-10-31,2025-11-08,8,direct_own_calendar,816286170.0,812790831.5542054
2025-11-01,2025-11-09,8,direct_own_calendar,794671570.0,799462569.0422522
2025-11-02,2025-11-10,8,direct_own_calendar,803150509.0,807186542.5292085
2025-11-03,2025-11-11,8,direct_own_calendar,811031660.0,800485194.152377
2025-11-04,2025-11-12,8,direct_own_calendar,800371284.0,798776971.9922283
2025-11-05,2025-11-13,8,direct_own_calendar,795412883.0,800385143.8249458
2025-11-06,2025-11-14,8,direct_own_calendar,784929625.0,804987378.8072232
2025-11-07,2025-11-15,8,direct_own_calendar,771969074.0,800285280.5163836
2025-11-08,2025-11-16,8,direct_own_calendar,748102925.0,789370510.8877509
2025-11-09,2025-11-17,8,direct_own_calendar,784946049.0,809929602.3949028
2025-11-10,2025-11-18,8,direct_own_calendar,802372785.0,809701299.5502974
2025-11-11,2025-11-19,8,direct_own_calendar,785536331.0,805085542.9912081
2025-11-12,2025-11-20,8,direct_own_calendar,789566797.0,806483675.3619584
2025-11-13,2025-11-21,8,direct_own_calendar,781713368.0,809547609.3705772
2025-11-14,2025-11-22,8,direct_own_calendar,777234266.0,806949303.8322982
2025-11-15,2025-11-23,8,direct_own_calendar,763587139.0,792334335.7660102
2025-11-16,2025-11-24,8,direct_own_calendar,787419759.0,799726740.9563234
2025-11-17,2025-11-25,8,direct_own_calendar,779113247.0,793740981.2278228
2025-11-18,2025-11-26,8,direct_own_calendar,779056661.0,788358391.6049869
2025-11-19,2025-11-27,8,direct_own_calendar,785923784.0,790099239.4868197
2025-11-20,2025-11-28,8,direct_own_calendar,793532772.0,792016472.4352735
2025-11-21,2025-11-29,8,direct_own_calendar,775439198.0,788139262.0490897
2025-11-22,2025-11-30,8,direct_own_calendar,752415007.0,772770753.4760357
2025-11-23,2025-12-01,8,direct_own_calendar,752093794.0,786633389.6081887
2025-11-24,2025-12-02,8,direct_own_calendar,774181582.0,785789872.9094336
2025-11-25,2025-12-03,8,direct_own_calendar,779128904.0,783969239.2713655
2025-11-26,2025-12-04,8,direct_own_calendar,780611840.0,779189408.8885584
2025-11-27,2025-12-05,8,direct_own_calendar,790342731.0,785734514.9455302
2025-11-28,2025-12-06,8,direct_own_calendar,783475966.0,781125848.0539446
2025-11-29,2025-12-07,8,direct_own_calendar,769662376.0,767233866.4501045
2025-11-30,2025-12-08,8,direct_own_calendar,781993536.0,776632387.5070703
2025-12-01,2025-12-09,8,direct_own_calendar,790459836.0,775247289.9341668
2025-12-02,2025-12-10,8,direct_own_calendar,793331038.0,767281488.0130522
2025-12-03,2025-12-11,8,direct_own_calendar,792303023.0,771889719.2928656
2025-12-04,2025-12-12,8,direct_own_calendar,805771337.0,778120848.514535
2025-12-05,2025-12-13,8,direct_own_calendar,805919635.0,774047688.9251019
2025-12-06,2025-12-14,8,direct_own_calendar,775261923.0,763409176.3561844
2025-12-07,2025-12-15,8,direct_own_calendar,800205024.0,777275839.4701973
2025-12-08,2025-12-16,8,direct_own_calendar,791223092.0,778396237.8807034
2025-12-09,2025-12-17,8,direct_own_calendar,797873177.0,773370438.815845
2025-12-10,2025-12-18,8,direct_own_calendar,807913091.0,774800990.2024486
2025-12-11,2025-12-19,8,direct_own_calendar,813412227.0,779372942.8197492
2025-12-12,2025-12-20,8,direct_own_calendar,800554656.0,776319141.2394269
2025-12-13,2025-12-21,8,direct_own_calendar,775722494.0,764168211.825044
2025-12-14,2025-12-22,8,direct_own_calendar,800416947.0,779665273.7905557
2025-12-15,2025-12-23,8,direct_own_calendar,805434213.0,776974863.3550617
2025-12-16,2025-12-24,8,direct_own_calendar,803732375.0,774219777.3443483
2025-12-17,2025-12-25,8,direct_own_calendar,824337857.0,773697205.4217038
2025-12-18,2025-12-26,8,direct_own_calendar,812520530.0,780881551.6080245
2025-12-19,2025-12-27,8,direct_own_calendar,813024286.0,780673737.8894157
2025-12-20,2025-12-28,8,direct_own_calendar,798511867.0,767648386.9163002
2025-12-21,2025-12-29,8,direct_own_calendar,801303829.0,778047541.1635486
2025-12-22,2025-12-30,8,direct_own_calendar,799723069.0,778471961.6881083
2025-12-23,2025-12-31,8,direct_own_calendar,783373686.0,773345443.7009584
2025-12-24,2026-01-01,8,direct_own_calendar,707758012.0,678451831.3513132
2025-12-25,2026-01-02,8,direct_own_calendar,741910307.0,682289047.2969567
2025-12-26,2026-01-03,8,direct_own_calendar,801935633.0,702374334.0720619
2025-12-27,2026-01-04,8,direct_own_calendar,820839320.0,739596296.6804899
2025-12-28,2026-01-05,8,direct_own_calendar,819629944.0,775043283.97941
2025-12-29,2026-01-06,8,direct_own_calendar,848208043.0,777017885.5854721
2025-12-30,2026-01-07,8,direct_own_calendar,836618404.0,767192556.4060018
2025-12-31,2026-01-08,8,direct_own_calendar,845715705.0,763629461.5425899
2026-01-01,2026-01-09,8,direct_own_calendar,845779172.0,756284025.7890135
2025-09-23,2025-10-01,8,direct_own_weather_holiday,893877447.0,831107207.4524637
2025-09-24,2025-10-02,8,direct_own_weather_holiday,877524402.0,825609710.2035205
2025-09-25,2025-10-03,8,direct_own_weather_holiday,906128774.0,823812559.040508
2025-09-26,2025-10-04,8,direct_own_weather_holiday,947397946.0,850954295.7362403
2025-09-27,2025-10-05,8,direct_own_weather_holiday,967898095.0,842409668.2525879
2025-09-28,2025-10-06,8,direct_own_weather_holiday,909397624.0,839015687.7634648
2025-09-29,2025-10-07,8,direct_own_weather_holiday,958058211.0,839419119.2420498
2025-09-30,2025-10-08,8,direct_own_weather_holiday,1002652065.0,830323722.7839024
2025-10-01,2025-10-09,8,direct_own_weather_holiday,1006596066.0,913896136.202108
2025-10-02,2025-10-10,8,direct_own_weather_holiday,988218980.0,882084910.3638264
2025-10-03,2025-10-11,8,direct_own_weather_holiday,993216057.0,872502508.607307
2025-10-04,2025-10-12,8,direct_own_weather_holiday,982996119.0,872201606.7694786
2025-10-05,2025-10-13,8,direct_own_weather_holiday,994158096.0,912639591.1531997
2025-10-06,2025-10-14,8,direct_own_weather_holiday,999440675.0,914938735.8947848
2025-10-07,2025-10-15,8,direct_own_weather_holiday,979563855.0,904418523.6068115
2025-10-08,2025-10-16,8,direct_own_weather_holiday,973453600.0,893973209.0081643
2025-10-09,2025-10-17,8,direct_own_weather_holiday,976535370.0,896868360.295057
2025-10-10,2025-10-18,8,direct_own_weather_holiday,976325746.0,888147817.5440445
2025-10-11,2025-10-19,8,direct_own_weather_holiday,896789087.0,850833238.4506092
2025-10-12,2025-10-20,8,direct_own_weather_holiday,853624251.0,816017001.1064005
2025-10-13,2025-10-21,8,direct_own_weather_holiday,795444895.0,805200083.5956624
2025-10-14,2025-10-22,8,direct_own_weather_holiday,783518576.0,808790533.8663749
2025-10-15,2025-10-23,8,direct_own_weather_holiday,783134792.0,816246310.9019287
2025-10-16,2025-10-24,8,direct_own_weather_holiday,786285205.0,813269638.2743996
2025-10-17,2025-10-25,8,direct_own_weather_holiday,787344834.0,811849961.1332998
2025-10-18,2025-10-26,8,direct_own_weather_holiday,788309358.0,802083480.8770198
2025-10-19,2025-10-27,8,direct_own_weather_holiday,788347388.0,816632151.7551097
2025-10-20,2025-10-28,8,direct_own_weather_holiday,803213606.0,798968812.7100401
2025-10-21,2025-10-29,8,direct_own_weather_holiday,791815205.0,787549320.2531177
2025-10-22,2025-10-30,8,direct_own_weather_holiday,801523722.0,788605671.9763815
2025-10-23,2025-10-31,8,direct_own_weather_holiday,806599754.0,783744152.259177
2025-10-24,2025-11-01,8,direct_own_weather_holiday,760921367.0,765497246.0556601
2025-10-25,2025-11-02,8,direct_own_weather_holiday,744828378.0,753839481.5420351
2025-10-26,2025-11-03,8,direct_own_weather_holiday,780447693.0,765464054.7230905
2025-10-27,2025-11-04,8,direct_own_weather_holiday,782600645.0,755087229.338786
2025-10-28,2025-11-05,8,direct_own_weather_holiday,784108702.0,751315276.9287271
2025-10-29,2025-11-06,8,direct_own_weather_holiday,789959014.0,758616094.6064578
2025-10-30,2025-11-07,8,direct_own_weather_holiday,808798324.0,765357099.6188178
2025-10-31,2025-11-08,8,direct_own_weather_holiday,816286170.0,768576392.5015891
2025-11-01,2025-11-09,8,direct_own_weather_holiday,794671570.0,752724159.7031473
2025-11-02,2025-11-10,8,direct_own_weather_holiday,803150509.0,758935531.8679595
2025-11-03,2025-11-11,8,direct_own_weather_holiday,811031660.0,750058827.7863871
2025-11-04,2025-11-12,8,direct_own_weather_holiday,800371284.0,749127122.5555379
2025-11-05,2025-11-13,8,direct_own_weather_holiday,795412883.0,749088621.8962313
2025-11-06,2025-11-14,8,direct_own_weather_holiday,784929625.0,760708177.0287566
2025-11-07,2025-11-15,8,direct_own_weather_holiday,771969074.0,746243831.377964
2025-11-08,2025-11-16,8,direct_own_weather_holiday,748102925.0,731283726.5002073
2025-11-09,2025-11-17,8,direct_own_weather_holiday,784946049.0,757752010.3068211
2025-11-10,2025-11-18,8,direct_own_weather_holiday,802372785.0,777905847.1774868
2025-11-11,2025-11-19,8,direct_own_weather_holiday,785536331.0,789691194.8955681
2025-11-12,2025-11-20,8,direct_own_weather_holiday,789566797.0,784346032.802424
2025-11-13,2025-11-21,8,direct_own_weather_holiday,781713368.0,777421113.9316593
2025-11-14,2025-11-22,8,direct_own_weather_holiday,777234266.0,770184189.6029184
2025-11-15,2025-11-23,8,direct_own_weather_holiday,763587139.0,749671807.3870251
2025-11-16,2025-11-24,8,direct_own_weather_holiday,787419759.0,765761558.3892353
2025-11-17,2025-11-25,8,direct_own_weather_holiday,779113247.0,773582345.8410091
2025-11-18,2025-11-26,8,direct_own_weather_holiday,779056661.0,774187475.9018209
2025-11-19,2025-11-27,8,direct_own_weather_holiday,785923784.0,774496555.9116524
2025-11-20,2025-11-28,8,direct_own_weather_holiday,793532772.0,781522687.5474305
2025-11-21,2025-11-29,8,direct_own_weather_holiday,775439198.0,758163516.2539388
2025-11-22,2025-11-30,8,direct_own_weather_holiday,752415007.0,744764353.8544666
2025-11-23,2025-12-01,8,direct_own_weather_holiday,752093794.0,758846287.6136231
2025-11-24,2025-12-02,8,direct_own_weather_holiday,774181582.0,755702001.4139404
2025-11-25,2025-12-03,8,direct_own_weather_holiday,779128904.0,765748268.4950681
2025-11-26,2025-12-04,8,direct_own_weather_holiday,780611840.0,771221041.1650567
2025-11-27,2025-12-05,8,direct_own_weather_holiday,790342731.0,768685518.3901993
2025-11-28,2025-12-06,8,direct_own_weather_holiday,783475966.0,753657848.6895678
2025-11-29,2025-12-07,8,direct_own_weather_holiday,769662376.0,736626615.908132
2025-11-30,2025-12-08,8,direct_own_weather_holiday,781993536.0,757624585.0008912
2025-12-01,2025-12-09,8,direct_own_weather_holiday,790459836.0,762411896.6406598
2025-12-02,2025-12-10,8,direct_own_weather_holiday,793331038.0,749989015.2848849
2025-12-03,2025-12-11,8,direct_own_weather_holiday,792303023.0,752681922.54989
2025-12-04,2025-12-12,8,direct_own_weather_holiday,805771337.0,765049659.0415782
2025-12-05,2025-12-13,8,direct_own_weather_holiday,805919635.0,751803925.938769
2025-12-06,2025-12-14,8,direct_own_weather_holiday,775261923.0,763835158.1948493
2025-12-07,2025-12-15,8,direct_own_weather_holiday,800205024.0,769757541.2747904
2025-12-08,2025-12-16,8,direct_own_weather_holiday,791223092.0,762928055.7202889
2025-12-09,2025-12-17,8,direct_own_weather_holiday,797873177.0,764429977.4569432
2025-12-10,2025-12-18,8,direct_own_weather_holiday,807913091.0,770514130.5994773
2025-12-11,2025-12-19,8,direct_own_weather_holiday,813412227.0,764610155.83028
2025-12-12,2025-12-20,8,direct_own_weather_holiday,800554656.0,757631997.8946495
2025-12-13,2025-12-21,8,direct_own_weather_holiday,775722494.0,750289914.2627991
2025-12-14,2025-12-22,8,direct_own_weather_holiday,800416947.0,770605048.3443595
2025-12-15,2025-12-23,8,direct_own_weather_holiday,805434213.0,761911720.7368486
2025-12-16,2025-12-24,8,direct_own_weather_holiday,803732375.0,762858741.7641027
2025-12-17,2025-12-25,8,direct_own_weather_holiday,824337857.0,770837846.0251534
2025-12-18,2025-12-26,8,direct_own_weather_holiday,812520530.0,797750593.2366971
2025-12-19,2025-12-27,8,direct_own_weather_holiday,813024286.0,778131598.6271284
2025-12-20,2025-12-28,8,direct_own_weather_holiday,798511867.0,761573065.0201037
2025-12-21,2025-12-29,8,direct_own_weather_holiday,801303829.0,771306957.3101599
2025-12-22,2025-12-30,8,direct_own_weather_holiday,799723069.0,774079472.178571
2025-12-23,2025-12-31,8,direct_own_weather_holiday,783373686.0,778346124.203713
2025-12-24,2026-01-01,8,direct_own_weather_holiday,707758012.0,692194455.859132
2025-12-25,2026-01-02,8,direct_own_weather_holiday,741910307.0,704079660.2769592
2025-12-26,2026-01-03,8,direct_own_weather_holiday,801935633.0,729201533.2126265
2025-12-27,2026-01-04,8,direct_own_weather_holiday,820839320.0,745516251.5068729
2025-12-28,2026-01-05,8,direct_own_weather_holiday,819629944.0,772950656.1942483
2025-12-29,2026-01-06,8,direct_own_weather_holiday,848208043.0,787950483.1761359
2025-12-30,2026-01-07,8,direct_own_weather_holiday,836618404.0,786585627.6452209
2025-12-31,2026-01-08,8,direct_own_weather_holiday,845715705.0,785260664.949425
2026-01-01,2026-01-09,8,direct_own_weather_holiday,845779172.0,777710501.0824068
2025-09-23,2025-10-01,8,direct_category_weather_holiday,893877447.0,874956239.4812957
2025-09-24,2025-10-02,8,direct_category_weather_holiday,877524402.0,874114907.5282587
2025-09-25,2025-10-03,8,direct_category_weather_holiday,906128774.0,865633599.0025505
2025-09-26,2025-10-04,8,direct_category_weather_holiday,947397946.0,889616962.8518448
2025-09-27,2025-10-05,8,direct_category_weather_holiday,967898095.0,883458882.6130778
2025-09-28,2025-10-06,8,direct_category_weather_holiday,909397624.0,877899437.0497313
2025-09-29,2025-10-07,8,direct_category_weather_holiday,958058211.0,871699933.7302514
2025-09-30,2025-10-08,8,direct_category_weather_holiday,1002652065.0,866594748.0373049
2025-10-01,2025-10-09,8,direct_category_weather_holiday,1006596066.0,944477777.8971843
2025-10-02,2025-10-10,8,direct_category_weather_holiday,988218980.0,897504437.1195456
2025-10-03,2025-10-11,8,direct_category_weather_holiday,993216057.0,896183912.5520842
2025-10-04,2025-10-12,8,direct_category_weather_holiday,982996119.0,906082081.0824181
2025-10-05,2025-10-13,8,direct_category_weather_holiday,994158096.0,939407581.5181197
2025-10-06,2025-10-14,8,direct_category_weather_holiday,999440675.0,936011440.0643497
2025-10-07,2025-10-15,8,direct_category_weather_holiday,979563855.0,925439100.4215909
2025-10-08,2025-10-16,8,direct_category_weather_holiday,973453600.0,934843673.8278166
2025-10-09,2025-10-17,8,direct_category_weather_holiday,976535370.0,926960697.7278973
2025-10-10,2025-10-18,8,direct_category_weather_holiday,976325746.0,912207623.0823959
2025-10-11,2025-10-19,8,direct_category_weather_holiday,896789087.0,875947593.5871146
2025-10-12,2025-10-20,8,direct_category_weather_holiday,853624251.0,844015005.8418556
2025-10-13,2025-10-21,8,direct_category_weather_holiday,795444895.0,850043724.4037614
2025-10-14,2025-10-22,8,direct_category_weather_holiday,783518576.0,836597065.4829308
2025-10-15,2025-10-23,8,direct_category_weather_holiday,783134792.0,858105033.3469031
2025-10-16,2025-10-24,8,direct_category_weather_holiday,786285205.0,842665934.5065063
2025-10-17,2025-10-25,8,direct_category_weather_holiday,787344834.0,836025486.203711
2025-10-18,2025-10-26,8,direct_category_weather_holiday,788309358.0,830843720.9530834
2025-10-19,2025-10-27,8,direct_category_weather_holiday,788347388.0,845391704.0379574
2025-10-20,2025-10-28,8,direct_category_weather_holiday,803213606.0,854849839.5825816
2025-10-21,2025-10-29,8,direct_category_weather_holiday,791815205.0,846903499.0048214
2025-10-22,2025-10-30,8,direct_category_weather_holiday,801523722.0,854839571.5850419
2025-10-23,2025-10-31,8,direct_category_weather_holiday,806599754.0,845083336.7623006
2025-10-24,2025-11-01,8,direct_category_weather_holiday,760921367.0,823760963.8001046
2025-10-25,2025-11-02,8,direct_category_weather_holiday,744828378.0,810395900.4295933
2025-10-26,2025-11-03,8,direct_category_weather_holiday,780447693.0,819625985.3578346
2025-10-27,2025-11-04,8,direct_category_weather_holiday,782600645.0,817124329.3383412
2025-10-28,2025-11-05,8,direct_category_weather_holiday,784108702.0,814534210.577318
2025-10-29,2025-11-06,8,direct_category_weather_holiday,789959014.0,837086466.5839928
2025-10-30,2025-11-07,8,direct_category_weather_holiday,808798324.0,827331112.9723138
2025-10-31,2025-11-08,8,direct_category_weather_holiday,816286170.0,824316895.9998198
2025-11-01,2025-11-09,8,direct_category_weather_holiday,794671570.0,800614645.7014596
2025-11-02,2025-11-10,8,direct_category_weather_holiday,803150509.0,796292860.4314612
2025-11-03,2025-11-11,8,direct_category_weather_holiday,811031660.0,808296611.771317
2025-11-04,2025-11-12,8,direct_category_weather_holiday,800371284.0,801623684.921713
2025-11-05,2025-11-13,8,direct_category_weather_holiday,795412883.0,800405253.1349642
2025-11-06,2025-11-14,8,direct_category_weather_holiday,784929625.0,801185454.5662444
2025-11-07,2025-11-15,8,direct_category_weather_holiday,771969074.0,786114461.5033007
2025-11-08,2025-11-16,8,direct_category_weather_holiday,748102925.0,770054542.9886037
2025-11-09,2025-11-17,8,direct_category_weather_holiday,784946049.0,788351923.3949784
2025-11-10,2025-11-18,8,direct_category_weather_holiday,802372785.0,810048807.2362583
2025-11-11,2025-11-19,8,direct_category_weather_holiday,785536331.0,833096250.0676963
2025-11-12,2025-11-20,8,direct_category_weather_holiday,789566797.0,828852842.9921016
2025-11-13,2025-11-21,8,direct_category_weather_holiday,781713368.0,820727135.5339221
2025-11-14,2025-11-22,8,direct_category_weather_holiday,777234266.0,810023687.7726768
2025-11-15,2025-11-23,8,direct_category_weather_holiday,763587139.0,785694938.7495365
2025-11-16,2025-11-24,8,direct_category_weather_holiday,787419759.0,791047269.376693
2025-11-17,2025-11-25,8,direct_category_weather_holiday,779113247.0,810037661.6304791
2025-11-18,2025-11-26,8,direct_category_weather_holiday,779056661.0,828376381.8056074
2025-11-19,2025-11-27,8,direct_category_weather_holiday,785923784.0,828230630.5919182
2025-11-20,2025-11-28,8,direct_category_weather_holiday,793532772.0,825720103.8032634
2025-11-21,2025-11-29,8,direct_category_weather_holiday,775439198.0,803253133.0881268
2025-11-22,2025-11-30,8,direct_category_weather_holiday,752415007.0,783791732.5775924
2025-11-23,2025-12-01,8,direct_category_weather_holiday,752093794.0,796329503.6832016
2025-11-24,2025-12-02,8,direct_category_weather_holiday,774181582.0,800559196.0397041
2025-11-25,2025-12-03,8,direct_category_weather_holiday,779128904.0,819917988.2075044
2025-11-26,2025-12-04,8,direct_category_weather_holiday,780611840.0,822517861.3416538
2025-11-27,2025-12-05,8,direct_category_weather_holiday,790342731.0,813511708.3490051
2025-11-28,2025-12-06,8,direct_category_weather_holiday,783475966.0,796100496.081778
2025-11-29,2025-12-07,8,direct_category_weather_holiday,769662376.0,774305996.2017854
2025-11-30,2025-12-08,8,direct_category_weather_holiday,781993536.0,791122862.0162222
2025-12-01,2025-12-09,8,direct_category_weather_holiday,790459836.0,803606482.7566346
2025-12-02,2025-12-10,8,direct_category_weather_holiday,793331038.0,792778966.8958856
2025-12-03,2025-12-11,8,direct_category_weather_holiday,792303023.0,791251422.5949103
2025-12-04,2025-12-12,8,direct_category_weather_holiday,805771337.0,804044028.1401128
2025-12-05,2025-12-13,8,direct_category_weather_holiday,805919635.0,791244656.5422702
2025-12-06,2025-12-14,8,direct_category_weather_holiday,775261923.0,795929972.9590725
2025-12-07,2025-12-15,8,direct_category_weather_holiday,800205024.0,805982618.8373895
2025-12-08,2025-12-16,8,direct_category_weather_holiday,791223092.0,805093511.7483684
2025-12-09,2025-12-17,8,direct_category_weather_holiday,797873177.0,803250970.2490568
2025-12-10,2025-12-18,8,direct_category_weather_holiday,807913091.0,814305300.2754248
2025-12-11,2025-12-19,8,direct_category_weather_holiday,813412227.0,802064019.9305727
2025-12-12,2025-12-20,8,direct_category_weather_holiday,800554656.0,788082608.5347934
2025-12-13,2025-12-21,8,direct_category_weather_holiday,775722494.0,781932696.1640813
2025-12-14,2025-12-22,8,direct_category_weather_holiday,800416947.0,805255112.0691805
2025-12-15,2025-12-23,8,direct_category_weather_holiday,805434213.0,797814987.837052
2025-12-16,2025-12-24,8,direct_category_weather_holiday,803732375.0,796686734.3400847
2025-12-17,2025-12-25,8,direct_category_weather_holiday,824337857.0,805015510.3283826
2025-12-18,2025-12-26,8,direct_category_weather_holiday,812520530.0,829014276.6947247
2025-12-19,2025-12-27,8,direct_category_weather_holiday,813024286.0,810126518.6820532
2025-12-20,2025-12-28,8,direct_category_weather_holiday,798511867.0,795253430.3599776
2025-12-21,2025-12-29,8,direct_category_weather_holiday,801303829.0,798250973.9166448
2025-12-22,2025-12-30,8,direct_category_weather_holiday,799723069.0,802616513.9357797
2025-12-23,2025-12-31,8,direct_category_weather_holiday,783373686.0,810009226.2473557
2025-12-24,2026-01-01,8,direct_category_weather_holiday,707758012.0,730739472.4148443
2025-12-25,2026-01-02,8,direct_category_weather_holiday,741910307.0,740777247.8812937
2025-12-26,2026-01-03,8,direct_category_weather_holiday,801935633.0,769657121.341466
2025-12-27,2026-01-04,8,direct_category_weather_holiday,820839320.0,787049023.3337346
2025-12-28,2026-01-05,8,direct_category_weather_holiday,819629944.0,803918031.6972293
2025-12-29,2026-01-06,8,direct_category_weather_holiday,848208043.0,822153046.3888597
2025-12-30,2026-01-07,8,direct_category_weather_holiday,836618404.0,818647468.4776638
2025-12-31,2026-01-08,8,direct_category_weather_holiday,845715705.0,817282522.0608276
2026-01-01,2026-01-09,8,direct_category_weather_holiday,845779172.0,807731633.6974633
2025-09-22,2025-10-01,9,direct_own_calendar,893877447.0,749087603.667644
2025-09-23,2025-10-02,9,direct_own_calendar,877524402.0,734752218.1994857
2025-09-24,2025-10-03,9,direct_own_calendar,906128774.0,742437196.2434171
2025-09-25,2025-10-04,9,direct_own_calendar,947397946.0,760306458.4458089
2025-09-26,2025-10-05,9,direct_own_calendar,967898095.0,752648539.4574258
2025-09-27,2025-10-06,9,direct_own_calendar,909397624.0,744172325.9274746
2025-09-28,2025-10-07,9,direct_own_calendar,958058211.0,743521902.7144091
2025-09-29,2025-10-08,9,direct_own_calendar,1002652065.0,749375743.0133353
2025-09-30,2025-10-09,9,direct_own_calendar,1006596066.0,896504717.2508744
2025-10-01,2025-10-10,9,direct_own_calendar,988218980.0,873556154.7695613
2025-10-02,2025-10-11,9,direct_own_calendar,993216057.0,816794237.3098729
2025-10-03,2025-10-12,9,direct_own_calendar,982996119.0,841410576.0247799
2025-10-04,2025-10-13,9,direct_own_calendar,994158096.0,865414113.587944
2025-10-05,2025-10-14,9,direct_own_calendar,999440675.0,883910573.4958836
2025-10-06,2025-10-15,9,direct_own_calendar,979563855.0,897149629.3763298
2025-10-07,2025-10-16,9,direct_own_calendar,973453600.0,886910936.1261846
2025-10-08,2025-10-17,9,direct_own_calendar,976535370.0,881400234.9544466
2025-10-09,2025-10-18,9,direct_own_calendar,976325746.0,883417233.1221725
2025-10-10,2025-10-19,9,direct_own_calendar,896789087.0,873111222.1086786
2025-10-11,2025-10-20,9,direct_own_calendar,853624251.0,887489410.5245631
2025-10-12,2025-10-21,9,direct_own_calendar,795444895.0,894635133.6789386
2025-10-13,2025-10-22,9,direct_own_calendar,783518576.0,889616735.9316838
2025-10-14,2025-10-23,9,direct_own_calendar,783134792.0,895884114.8735849
2025-10-15,2025-10-24,9,direct_own_calendar,786285205.0,901344465.3797942
2025-10-16,2025-10-25,9,direct_own_calendar,787344834.0,888449589.3582476
2025-10-17,2025-10-26,9,direct_own_calendar,788309358.0,875553554.1349952
2025-10-18,2025-10-27,9,direct_own_calendar,788347388.0,894114284.5214134
2025-10-19,2025-10-28,9,direct_own_calendar,803213606.0,896521409.2555351
2025-10-20,2025-10-29,9,direct_own_calendar,791815205.0,870243035.5238398
2025-10-21,2025-10-30,9,direct_own_calendar,801523722.0,856501919.3680173
2025-10-22,2025-10-31,9,direct_own_calendar,806599754.0,849250573.343398
2025-10-23,2025-11-01,9,direct_own_calendar,760921367.0,836470882.4992636
2025-10-24,2025-11-02,9,direct_own_calendar,744828378.0,816162398.2733839
2025-10-25,2025-11-03,9,direct_own_calendar,780447693.0,833134572.1514683
2025-10-26,2025-11-04,9,direct_own_calendar,782600645.0,834352129.3526689
2025-10-27,2025-11-05,9,direct_own_calendar,784108702.0,829354721.7394509
2025-10-28,2025-11-06,9,direct_own_calendar,789959014.0,819154625.4831753
2025-10-29,2025-11-07,9,direct_own_calendar,808798324.0,815146764.7343088
2025-10-30,2025-11-08,9,direct_own_calendar,816286170.0,806945064.2481796
2025-10-31,2025-11-09,9,direct_own_calendar,794671570.0,797441898.0196137
2025-11-01,2025-11-10,9,direct_own_calendar,803150509.0,812335699.2253512
2025-11-02,2025-11-11,9,direct_own_calendar,811031660.0,805519604.0120074
2025-11-03,2025-11-12,9,direct_own_calendar,800371284.0,793547207.5276135
2025-11-04,2025-11-13,9,direct_own_calendar,795412883.0,798491458.4095113
2025-11-05,2025-11-14,9,direct_own_calendar,784929625.0,803488972.2621459
2025-11-06,2025-11-15,9,direct_own_calendar,771969074.0,798172473.8643367
2025-11-07,2025-11-16,9,direct_own_calendar,748102925.0,785446169.351971
2025-11-08,2025-11-17,9,direct_own_calendar,784946049.0,801791188.2882324
2025-11-09,2025-11-18,9,direct_own_calendar,802372785.0,807993720.391366
2025-11-10,2025-11-19,9,direct_own_calendar,785536331.0,803688967.4903796
2025-11-11,2025-11-20,9,direct_own_calendar,789566797.0,804688033.0453929
2025-11-12,2025-11-21,9,direct_own_calendar,781713368.0,809637377.8324677
2025-11-13,2025-11-22,9,direct_own_calendar,777234266.0,804057186.651884
2025-11-14,2025-11-23,9,direct_own_calendar,763587139.0,793858252.1863784
2025-11-15,2025-11-24,9,direct_own_calendar,787419759.0,807943269.9125605
2025-11-16,2025-11-25,9,direct_own_calendar,779113247.0,800316783.0291901
2025-11-17,2025-11-26,9,direct_own_calendar,779056661.0,790483064.5025152
2025-11-18,2025-11-27,9,direct_own_calendar,785923784.0,790479470.5060587
2025-11-19,2025-11-28,9,direct_own_calendar,793532772.0,795493357.3143612
2025-11-20,2025-11-29,9,direct_own_calendar,775439198.0,787598623.1509844
2025-11-21,2025-11-30,9,direct_own_calendar,752415007.0,774774139.0148097
2025-11-22,2025-12-01,9,direct_own_calendar,752093794.0,787966423.1634338
2025-11-23,2025-12-02,9,direct_own_calendar,774181582.0,786510396.6035728
2025-11-24,2025-12-03,9,direct_own_calendar,779128904.0,782037634.344109
2025-11-25,2025-12-04,9,direct_own_calendar,780611840.0,786092696.4934577
2025-11-26,2025-12-05,9,direct_own_calendar,790342731.0,784089861.3302032
2025-11-27,2025-12-06,9,direct_own_calendar,783475966.0,781120079.4833835
2025-11-28,2025-12-07,9,direct_own_calendar,769662376.0,768367498.4773667
2025-11-29,2025-12-08,9,direct_own_calendar,781993536.0,782309137.9214777
2025-11-30,2025-12-09,9,direct_own_calendar,790459836.0,776463498.2200406
2025-12-01,2025-12-10,9,direct_own_calendar,793331038.0,770812825.0827906
2025-12-02,2025-12-11,9,direct_own_calendar,792303023.0,769029375.6810875
2025-12-03,2025-12-12,9,direct_own_calendar,805771337.0,776801616.9313092
2025-12-04,2025-12-13,9,direct_own_calendar,805919635.0,774466587.9976835
2025-12-05,2025-12-14,9,direct_own_calendar,775261923.0,761569332.8979014
2025-12-06,2025-12-15,9,direct_own_calendar,800205024.0,778548589.8877113
2025-12-07,2025-12-16,9,direct_own_calendar,791223092.0,777562744.5002059
2025-12-08,2025-12-17,9,direct_own_calendar,797873177.0,774261692.675962
2025-12-09,2025-12-18,9,direct_own_calendar,807913091.0,775210449.1859655
2025-12-10,2025-12-19,9,direct_own_calendar,813412227.0,779799554.9344139
2025-12-11,2025-12-20,9,direct_own_calendar,800554656.0,775066181.4515239
2025-12-12,2025-12-21,9,direct_own_calendar,775722494.0,764090951.437815
2025-12-13,2025-12-22,9,direct_own_calendar,800416947.0,779387079.2087712
2025-12-14,2025-12-23,9,direct_own_calendar,805434213.0,780132823.5180387
2025-12-15,2025-12-24,9,direct_own_calendar,803732375.0,772939842.4683088
2025-12-16,2025-12-25,9,direct_own_calendar,824337857.0,775466560.8738023
2025-12-17,2025-12-26,9,direct_own_calendar,812520530.0,779218328.7191944
2025-12-18,2025-12-27,9,direct_own_calendar,813024286.0,776614361.3458002
2025-12-19,2025-12-28,9,direct_own_calendar,798511867.0,769134808.6541985
2025-12-20,2025-12-29,9,direct_own_calendar,801303829.0,783745415.525166
2025-12-21,2025-12-30,9,direct_own_calendar,799723069.0,778505520.7332698
2025-12-22,2025-12-31,9,direct_own_calendar,783373686.0,775065991.2007215
2025-12-23,2026-01-01,9,direct_own_calendar,707758012.0,678055819.688289
2025-12-24,2026-01-02,9,direct_own_calendar,741910307.0,683889367.0742729
2025-12-25,2026-01-03,9,direct_own_calendar,801935633.0,700051712.4263297
2025-12-26,2026-01-04,9,direct_own_calendar,820839320.0,742683043.7999066
2025-12-27,2026-01-05,9,direct_own_calendar,819629944.0,776931406.7239376
2025-12-28,2026-01-06,9,direct_own_calendar,848208043.0,774420980.3007394
2025-12-29,2026-01-07,9,direct_own_calendar,836618404.0,773193232.4146285
2025-12-30,2026-01-08,9,direct_own_calendar,845715705.0,768422842.7303262
2025-12-31,2026-01-09,9,direct_own_calendar,845779172.0,767457319.1410661
2025-09-22,2025-10-01,9,direct_own_weather_holiday,893877447.0,835356565.1625324
2025-09-23,2025-10-02,9,direct_own_weather_holiday,877524402.0,815494707.4406781
2025-09-24,2025-10-03,9,direct_own_weather_holiday,906128774.0,815661700.0882484
2025-09-25,2025-10-04,9,direct_own_weather_holiday,947397946.0,840140295.8699219
2025-09-26,2025-10-05,9,direct_own_weather_holiday,967898095.0,836317969.8844078
2025-09-27,2025-10-06,9,direct_own_weather_holiday,909397624.0,830923837.0383927
2025-09-28,2025-10-07,9,direct_own_weather_holiday,958058211.0,823436701.5965596
2025-09-29,2025-10-08,9,direct_own_weather_holiday,1002652065.0,820966230.7882639
2025-09-30,2025-10-09,9,direct_own_weather_holiday,1006596066.0,928778711.3494868
2025-10-01,2025-10-10,9,direct_own_weather_holiday,988218980.0,894857955.7330775
2025-10-02,2025-10-11,9,direct_own_weather_holiday,993216057.0,869668178.9168105
2025-10-03,2025-10-12,9,direct_own_weather_holiday,982996119.0,862525810.4937657
2025-10-04,2025-10-13,9,direct_own_weather_holiday,994158096.0,896869173.5964081
2025-10-05,2025-10-14,9,direct_own_weather_holiday,999440675.0,900156323.6044055
2025-10-06,2025-10-15,9,direct_own_weather_holiday,979563855.0,909463220.3764083
2025-10-07,2025-10-16,9,direct_own_weather_holiday,973453600.0,898667233.1413817
2025-10-08,2025-10-17,9,direct_own_weather_holiday,976535370.0,890313386.9571016
2025-10-09,2025-10-18,9,direct_own_weather_holiday,976325746.0,882563407.1489222
2025-10-10,2025-10-19,9,direct_own_weather_holiday,896789087.0,846237086.0563186
2025-10-11,2025-10-20,9,direct_own_weather_holiday,853624251.0,807242363.8446771
2025-10-12,2025-10-21,9,direct_own_weather_holiday,795444895.0,803798166.1342276
2025-10-13,2025-10-22,9,direct_own_weather_holiday,783518576.0,801305697.2829616
2025-10-14,2025-10-23,9,direct_own_weather_holiday,783134792.0,811289291.4083378
2025-10-15,2025-10-24,9,direct_own_weather_holiday,786285205.0,815677618.641547
2025-10-16,2025-10-25,9,direct_own_weather_holiday,787344834.0,807830507.6256541
2025-10-17,2025-10-26,9,direct_own_weather_holiday,788309358.0,796858425.6940897
2025-10-18,2025-10-27,9,direct_own_weather_holiday,788347388.0,812961731.4522572
2025-10-19,2025-10-28,9,direct_own_weather_holiday,803213606.0,810842498.1236951
2025-10-20,2025-10-29,9,direct_own_weather_holiday,791815205.0,795334656.3160493
2025-10-21,2025-10-30,9,direct_own_weather_holiday,801523722.0,795143397.1129426
2025-10-22,2025-10-31,9,direct_own_weather_holiday,806599754.0,789359724.5676818
2025-10-23,2025-11-01,9,direct_own_weather_holiday,760921367.0,771099843.199812
2025-10-24,2025-11-02,9,direct_own_weather_holiday,744828378.0,752643790.007087
2025-10-25,2025-11-03,9,direct_own_weather_holiday,780447693.0,766229272.0542614
2025-10-26,2025-11-04,9,direct_own_weather_holiday,782600645.0,756590472.4248683
2025-10-27,2025-11-05,9,direct_own_weather_holiday,784108702.0,759065185.003188
2025-10-28,2025-11-06,9,direct_own_weather_holiday,789959014.0,761185508.9218485
2025-10-29,2025-11-07,9,direct_own_weather_holiday,808798324.0,765301379.3276275
2025-10-30,2025-11-08,9,direct_own_weather_holiday,816286170.0,764113006.4406381
2025-10-31,2025-11-09,9,direct_own_weather_holiday,794671570.0,752060975.875689
2025-11-01,2025-11-10,9,direct_own_weather_holiday,803150509.0,761378285.8668255
2025-11-02,2025-11-11,9,direct_own_weather_holiday,811031660.0,751483726.2551396
2025-11-03,2025-11-12,9,direct_own_weather_holiday,800371284.0,745428683.4833119
2025-11-04,2025-11-13,9,direct_own_weather_holiday,795412883.0,748483833.4944186
2025-11-05,2025-11-14,9,direct_own_weather_holiday,784929625.0,759777338.553062
2025-11-06,2025-11-15,9,direct_own_weather_holiday,771969074.0,744521134.5797163
2025-11-07,2025-11-16,9,direct_own_weather_holiday,748102925.0,729710030.2453351
2025-11-08,2025-11-17,9,direct_own_weather_holiday,784946049.0,752681754.220786
2025-11-09,2025-11-18,9,direct_own_weather_holiday,802372785.0,776756653.8737763
2025-11-10,2025-11-19,9,direct_own_weather_holiday,785536331.0,789502610.327448
2025-11-11,2025-11-20,9,direct_own_weather_holiday,789566797.0,783570773.4779763
2025-11-12,2025-11-21,9,direct_own_weather_holiday,781713368.0,778044175.7376807
2025-11-13,2025-11-22,9,direct_own_weather_holiday,777234266.0,768182325.9968736
2025-11-14,2025-11-23,9,direct_own_weather_holiday,763587139.0,750199533.1719072
2025-11-15,2025-11-24,9,direct_own_weather_holiday,787419759.0,770915175.9316636
2025-11-16,2025-11-25,9,direct_own_weather_holiday,779113247.0,777559288.3002731
2025-11-17,2025-11-26,9,direct_own_weather_holiday,779056661.0,774943559.7419057
2025-11-18,2025-11-27,9,direct_own_weather_holiday,785923784.0,774775691.1827768
2025-11-19,2025-11-28,9,direct_own_weather_holiday,793532772.0,783458336.2620969
2025-11-20,2025-11-29,9,direct_own_weather_holiday,775439198.0,757626370.1514214
2025-11-21,2025-11-30,9,direct_own_weather_holiday,752415007.0,745994829.9140397
2025-11-22,2025-12-01,9,direct_own_weather_holiday,752093794.0,759670592.4577022
2025-11-23,2025-12-02,9,direct_own_weather_holiday,774181582.0,755218785.9900365
2025-11-24,2025-12-03,9,direct_own_weather_holiday,779128904.0,764296481.9040103
2025-11-25,2025-12-04,9,direct_own_weather_holiday,780611840.0,776116890.7213151
2025-11-26,2025-12-05,9,direct_own_weather_holiday,790342731.0,767155265.624965
2025-11-27,2025-12-06,9,direct_own_weather_holiday,783475966.0,753555463.3264475
2025-11-28,2025-12-07,9,direct_own_weather_holiday,769662376.0,736217576.5900602
2025-11-29,2025-12-08,9,direct_own_weather_holiday,781993536.0,761035418.040588
2025-11-30,2025-12-09,9,direct_own_weather_holiday,790459836.0,763396443.6957905
2025-12-01,2025-12-10,9,direct_own_weather_holiday,793331038.0,752005911.6073815
2025-12-02,2025-12-11,9,direct_own_weather_holiday,792303023.0,750301908.9034864
2025-12-03,2025-12-12,9,direct_own_weather_holiday,805771337.0,764094713.9615736
2025-12-04,2025-12-13,9,direct_own_weather_holiday,805919635.0,751934246.4474624
2025-12-05,2025-12-14,9,direct_own_weather_holiday,775261923.0,762813050.9470977
2025-12-06,2025-12-15,9,direct_own_weather_holiday,800205024.0,770719252.5002047
2025-12-07,2025-12-16,9,direct_own_weather_holiday,791223092.0,762082105.1657981
2025-12-08,2025-12-17,9,direct_own_weather_holiday,797873177.0,764468230.7174497
2025-12-09,2025-12-18,9,direct_own_weather_holiday,807913091.0,770763679.6771047
2025-12-10,2025-12-19,9,direct_own_weather_holiday,813412227.0,764967839.1460422
2025-12-11,2025-12-20,9,direct_own_weather_holiday,800554656.0,755818735.133744
2025-12-12,2025-12-21,9,direct_own_weather_holiday,775722494.0,749926893.1073385
2025-12-13,2025-12-22,9,direct_own_weather_holiday,800416947.0,770019746.6114669
2025-12-14,2025-12-23,9,direct_own_weather_holiday,805434213.0,763673570.5869956
2025-12-15,2025-12-24,9,direct_own_weather_holiday,803732375.0,762312489.1027057
2025-12-16,2025-12-25,9,direct_own_weather_holiday,824337857.0,771676366.0667315
2025-12-17,2025-12-26,9,direct_own_weather_holiday,812520530.0,796758617.161811
2025-12-18,2025-12-27,9,direct_own_weather_holiday,813024286.0,774701684.9420621
2025-12-19,2025-12-28,9,direct_own_weather_holiday,798511867.0,762355604.4998819
2025-12-20,2025-12-29,9,direct_own_weather_holiday,801303829.0,775422135.2711885
2025-12-21,2025-12-30,9,direct_own_weather_holiday,799723069.0,773349121.138216
2025-12-22,2025-12-31,9,direct_own_weather_holiday,783373686.0,779799155.3037872
2025-12-23,2026-01-01,9,direct_own_weather_holiday,707758012.0,692047758.9656487
2025-12-24,2026-01-02,9,direct_own_weather_holiday,741910307.0,705445201.8801223
2025-12-25,2026-01-03,9,direct_own_weather_holiday,801935633.0,728399732.9140159
2025-12-26,2026-01-04,9,direct_own_weather_holiday,820839320.0,747425017.5970281
2025-12-27,2026-01-05,9,direct_own_weather_holiday,819629944.0,774224096.8380431
2025-12-28,2026-01-06,9,direct_own_weather_holiday,848208043.0,785567094.5512254
2025-12-29,2026-01-07,9,direct_own_weather_holiday,836618404.0,791072483.7989764
2025-12-30,2026-01-08,9,direct_own_weather_holiday,845715705.0,789295908.2329755
2025-12-31,2026-01-09,9,direct_own_weather_holiday,845779172.0,786207614.2402779
2025-09-22,2025-10-01,9,direct_category_weather_holiday,893877447.0,867589823.7212448
2025-09-23,2025-10-02,9,direct_category_weather_holiday,877524402.0,860184610.4581968
2025-09-24,2025-10-03,9,direct_category_weather_holiday,906128774.0,866009787.2705047
2025-09-25,2025-10-04,9,direct_category_weather_holiday,947397946.0,884633179.2627733
2025-09-26,2025-10-05,9,direct_category_weather_holiday,967898095.0,875248678.1085445
2025-09-27,2025-10-06,9,direct_category_weather_holiday,909397624.0,873157697.4822116
2025-09-28,2025-10-07,9,direct_category_weather_holiday,958058211.0,862036896.1714752
2025-09-29,2025-10-08,9,direct_category_weather_holiday,1002652065.0,855452146.804594
2025-09-30,2025-10-09,9,direct_category_weather_holiday,1006596066.0,952909265.4511745
2025-10-01,2025-10-10,9,direct_category_weather_holiday,988218980.0,922600751.3036094
2025-10-02,2025-10-11,9,direct_category_weather_holiday,993216057.0,893946108.9392781
2025-10-03,2025-10-12,9,direct_category_weather_holiday,982996119.0,888806990.0380646
2025-10-04,2025-10-13,9,direct_category_weather_holiday,994158096.0,930062793.0368509
2025-10-05,2025-10-14,9,direct_category_weather_holiday,999440675.0,926652968.8751473
2025-10-06,2025-10-15,9,direct_category_weather_holiday,979563855.0,932354182.8999733
2025-10-07,2025-10-16,9,direct_category_weather_holiday,973453600.0,924256921.2755737
2025-10-08,2025-10-17,9,direct_category_weather_holiday,976535370.0,932801857.2395307
2025-10-09,2025-10-18,9,direct_category_weather_holiday,976325746.0,914462988.8861125
2025-10-10,2025-10-19,9,direct_category_weather_holiday,896789087.0,870631273.5787507
2025-10-11,2025-10-20,9,direct_category_weather_holiday,853624251.0,830062196.3671547
2025-10-12,2025-10-21,9,direct_category_weather_holiday,795444895.0,833835783.4093364
2025-10-13,2025-10-22,9,direct_category_weather_holiday,783518576.0,848826218.7270342
2025-10-14,2025-10-23,9,direct_category_weather_holiday,783134792.0,839630396.1122124
2025-10-15,2025-10-24,9,direct_category_weather_holiday,786285205.0,854893947.7195715
2025-10-16,2025-10-25,9,direct_category_weather_holiday,787344834.0,833176763.4945027
2025-10-17,2025-10-26,9,direct_category_weather_holiday,788309358.0,819588690.188534
2025-10-18,2025-10-27,9,direct_category_weather_holiday,788347388.0,839337920.6726706
2025-10-19,2025-10-28,9,direct_category_weather_holiday,803213606.0,839756531.8910958
2025-10-20,2025-10-29,9,direct_category_weather_holiday,791815205.0,843714661.1830639
2025-10-21,2025-10-30,9,direct_category_weather_holiday,801523722.0,849110234.2197715
2025-10-22,2025-10-31,9,direct_category_weather_holiday,806599754.0,847971213.3640018
2025-10-23,2025-11-01,9,direct_category_weather_holiday,760921367.0,826572462.4390023
2025-10-24,2025-11-02,9,direct_category_weather_holiday,744828378.0,804884938.8020507
2025-10-25,2025-11-03,9,direct_category_weather_holiday,780447693.0,821343572.4023558
2025-10-26,2025-11-04,9,direct_category_weather_holiday,782600645.0,812813790.383393
2025-10-27,2025-11-05,9,direct_category_weather_holiday,784108702.0,814778440.9348968
2025-10-28,2025-11-06,9,direct_category_weather_holiday,789959014.0,822208639.8176088
2025-10-29,2025-11-07,9,direct_category_weather_holiday,808798324.0,843018324.430762
2025-10-30,2025-11-08,9,direct_category_weather_holiday,816286170.0,825734573.4085937
2025-10-31,2025-11-09,9,direct_category_weather_holiday,794671570.0,805127884.4899218
2025-11-01,2025-11-10,9,direct_category_weather_holiday,803150509.0,806598519.7050979
2025-11-02,2025-11-11,9,direct_category_weather_holiday,811031660.0,788345038.612153
2025-11-03,2025-11-12,9,direct_category_weather_holiday,800371284.0,800945995.9343064
2025-11-04,2025-11-13,9,direct_category_weather_holiday,795412883.0,797934950.6000891
2025-11-05,2025-11-14,9,direct_category_weather_holiday,784929625.0,804642550.694832
2025-11-06,2025-11-15,9,direct_category_weather_holiday,771969074.0,785401926.6286622
2025-11-07,2025-11-16,9,direct_category_weather_holiday,748102925.0,766120618.8955454
2025-11-08,2025-11-17,9,direct_category_weather_holiday,784946049.0,789206353.673533
2025-11-09,2025-11-18,9,direct_category_weather_holiday,802372785.0,805199982.1376283
2025-11-10,2025-11-19,9,direct_category_weather_holiday,785536331.0,821636622.2242738
2025-11-11,2025-11-20,9,direct_category_weather_holiday,789566797.0,829550496.6727113
2025-11-12,2025-11-21,9,direct_category_weather_holiday,781713368.0,823548025.681415
2025-11-13,2025-11-22,9,direct_category_weather_holiday,777234266.0,812173758.8609377
2025-11-14,2025-11-23,9,direct_category_weather_holiday,763587139.0,787835208.3132393
2025-11-15,2025-11-24,9,direct_category_weather_holiday,787419759.0,802067276.7794513
2025-11-16,2025-11-25,9,direct_category_weather_holiday,779113247.0,801220554.7680206
2025-11-17,2025-11-26,9,direct_category_weather_holiday,779056661.0,812842527.748821
2025-11-18,2025-11-27,9,direct_category_weather_holiday,785923784.0,824567850.3903803
2025-11-19,2025-11-28,9,direct_category_weather_holiday,793532772.0,833650244.2664369
2025-11-20,2025-11-29,9,direct_category_weather_holiday,775439198.0,800458042.6514777
2025-11-21,2025-11-30,9,direct_category_weather_holiday,752415007.0,784401241.56862
2025-11-22,2025-12-01,9,direct_category_weather_holiday,752093794.0,792559918.734789
2025-11-23,2025-12-02,9,direct_category_weather_holiday,774181582.0,792591276.4383231
2025-11-24,2025-12-03,9,direct_category_weather_holiday,779128904.0,806925424.2651428
2025-11-25,2025-12-04,9,direct_category_weather_holiday,780611840.0,828196148.3950378
2025-11-26,2025-12-05,9,direct_category_weather_holiday,790342731.0,814297599.9932437
2025-11-27,2025-12-06,9,direct_category_weather_holiday,783475966.0,797180669.1704552
2025-11-28,2025-12-07,9,direct_category_weather_holiday,769662376.0,775424275.858186
2025-11-29,2025-12-08,9,direct_category_weather_holiday,781993536.0,796289900.8815624
2025-11-30,2025-12-09,9,direct_category_weather_holiday,790459836.0,796255441.8481424
2025-12-01,2025-12-10,9,direct_category_weather_holiday,793331038.0,788817725.3422267
2025-12-02,2025-12-11,9,direct_category_weather_holiday,792303023.0,789726412.0434091
2025-12-03,2025-12-12,9,direct_category_weather_holiday,805771337.0,798613290.8052139
2025-12-04,2025-12-13,9,direct_category_weather_holiday,805919635.0,790371575.6940509
2025-12-05,2025-12-14,9,direct_category_weather_holiday,775261923.0,795647023.735669
2025-12-06,2025-12-15,9,direct_category_weather_holiday,800205024.0,807319046.5339103
2025-12-07,2025-12-16,9,direct_category_weather_holiday,791223092.0,794655509.9118161
2025-12-08,2025-12-17,9,direct_category_weather_holiday,797873177.0,801682273.297029
2025-12-09,2025-12-18,9,direct_category_weather_holiday,807913091.0,806808833.8661267
2025-12-10,2025-12-19,9,direct_category_weather_holiday,813412227.0,803488344.1930655
2025-12-11,2025-12-20,9,direct_category_weather_holiday,800554656.0,787017885.0382011
2025-12-12,2025-12-21,9,direct_category_weather_holiday,775722494.0,778983529.7183506
2025-12-13,2025-12-22,9,direct_category_weather_holiday,800416947.0,801705785.9481993
2025-12-14,2025-12-23,9,direct_category_weather_holiday,805434213.0,796069342.1660783
2025-12-15,2025-12-24,9,direct_category_weather_holiday,803732375.0,791624826.6759316
2025-12-16,2025-12-25,9,direct_category_weather_holiday,824337857.0,805482839.4702395
2025-12-17,2025-12-26,9,direct_category_weather_holiday,812520530.0,824063006.9406561
2025-12-18,2025-12-27,9,direct_category_weather_holiday,813024286.0,803538615.5920064
2025-12-19,2025-12-28,9,direct_category_weather_holiday,798511867.0,789634131.9559838
2025-12-20,2025-12-29,9,direct_category_weather_holiday,801303829.0,805698418.457937
2025-12-21,2025-12-30,9,direct_category_weather_holiday,799723069.0,798153128.9113436
2025-12-22,2025-12-31,9,direct_category_weather_holiday,783373686.0,808297753.617602
2025-12-23,2026-01-01,9,direct_category_weather_holiday,707758012.0,729440995.6878325
2025-12-24,2026-01-02,9,direct_category_weather_holiday,741910307.0,741813515.258293
2025-12-25,2026-01-03,9,direct_category_weather_holiday,801935633.0,764529617.6626779
2025-12-26,2026-01-04,9,direct_category_weather_holiday,820839320.0,792265112.5865276
2025-12-27,2026-01-05,9,direct_category_weather_holiday,819629944.0,803530888.9817564
2025-12-28,2026-01-06,9,direct_category_weather_holiday,848208043.0,815553281.667985
2025-12-29,2026-01-07,9,direct_category_weather_holiday,836618404.0,823424244.2189023
2025-12-30,2026-01-08,9,direct_category_weather_holiday,845715705.0,816736050.4212476
2025-12-31,2026-01-09,9,direct_category_weather_holiday,845779172.0,812808164.3566401
2025-09-21,2025-10-01,10,direct_own_calendar,893877447.0,757592025.3531482
2025-09-22,2025-10-02,10,direct_own_calendar,877524402.0,741297844.0705973
2025-09-23,2025-10-03,10,direct_own_calendar,906128774.0,729490893.2797002
2025-09-24,2025-10-04,10,direct_own_calendar,947397946.0,749849378.0923562
2025-09-25,2025-10-05,10,direct_own_calendar,967898095.0,736943309.975877
2025-09-26,2025-10-06,10,direct_own_calendar,909397624.0,735273821.4390194
2025-09-27,2025-10-07,10,direct_own_calendar,958058211.0,733878719.0913565
2025-09-28,2025-10-08,10,direct_own_calendar,1002652065.0,729574940.6701813
2025-09-29,2025-10-09,10,direct_own_calendar,1006596066.0,894127748.8408306
2025-09-30,2025-10-10,10,direct_own_calendar,988218980.0,898389893.003052
2025-10-01,2025-10-11,10,direct_own_calendar,993216057.0,838858382.4736205
2025-10-02,2025-10-12,10,direct_own_calendar,982996119.0,842162460.8873948
2025-10-03,2025-10-13,10,direct_own_calendar,994158096.0,851742121.0754867
2025-10-04,2025-10-14,10,direct_own_calendar,999440675.0,862937073.0484993
2025-10-05,2025-10-15,10,direct_own_calendar,979563855.0,876956874.1408013
2025-10-06,2025-10-16,10,direct_own_calendar,973453600.0,894169689.7468956
2025-10-07,2025-10-17,10,direct_own_calendar,976535370.0,885302534.8295685
2025-10-08,2025-10-18,10,direct_own_calendar,976325746.0,873592220.6627694
2025-10-09,2025-10-19,10,direct_own_calendar,896789087.0,867585178.0064944
2025-10-10,2025-10-20,10,direct_own_calendar,853624251.0,882582760.9196377
2025-10-11,2025-10-21,10,direct_own_calendar,795444895.0,880753252.1320577
2025-10-12,2025-10-22,10,direct_own_calendar,783518576.0,884160404.5609381
2025-10-13,2025-10-23,10,direct_own_calendar,783134792.0,886112587.8334674
2025-10-14,2025-10-24,10,direct_own_calendar,786285205.0,895429472.2128015
2025-10-15,2025-10-25,10,direct_own_calendar,787344834.0,892142270.1693319
2025-10-16,2025-10-26,10,direct_own_calendar,788309358.0,870855535.152572
2025-10-17,2025-10-27,10,direct_own_calendar,788347388.0,886759056.1680461
2025-10-18,2025-10-28,10,direct_own_calendar,803213606.0,890522921.9532484
2025-10-19,2025-10-29,10,direct_own_calendar,791815205.0,888854018.2687079
2025-10-20,2025-10-30,10,direct_own_calendar,801523722.0,867712376.5599556
2025-10-21,2025-10-31,10,direct_own_calendar,806599754.0,857064861.9383
2025-10-22,2025-11-01,10,direct_own_calendar,760921367.0,841879091.3367032
2025-10-23,2025-11-02,10,direct_own_calendar,744828378.0,821818114.1904159
2025-10-24,2025-11-03,10,direct_own_calendar,780447693.0,828786322.8544368
2025-10-25,2025-11-04,10,direct_own_calendar,782600645.0,829684623.6151363
2025-10-26,2025-11-05,10,direct_own_calendar,784108702.0,827054969.0071806
2025-10-27,2025-11-06,10,direct_own_calendar,789959014.0,827626534.6169724
2025-10-28,2025-11-07,10,direct_own_calendar,808798324.0,820690272.216517
2025-10-29,2025-11-08,10,direct_own_calendar,816286170.0,808599063.1539567
2025-10-30,2025-11-09,10,direct_own_calendar,794671570.0,792187981.0958531
2025-10-31,2025-11-10,10,direct_own_calendar,803150509.0,810378630.9332808
2025-11-01,2025-11-11,10,direct_own_calendar,811031660.0,809539206.3217477
2025-11-02,2025-11-12,10,direct_own_calendar,800371284.0,798691913.4223484
2025-11-03,2025-11-13,10,direct_own_calendar,795412883.0,794685808.748503
2025-11-04,2025-11-14,10,direct_own_calendar,784929625.0,803404498.096275
2025-11-05,2025-11-15,10,direct_own_calendar,771969074.0,798041989.1078469
2025-11-06,2025-11-16,10,direct_own_calendar,748102925.0,783717793.3344084
2025-11-07,2025-11-17,10,direct_own_calendar,784946049.0,798508559.6485174
2025-11-08,2025-11-18,10,direct_own_calendar,802372785.0,800472618.4045737
2025-11-09,2025-11-19,10,direct_own_calendar,785536331.0,802531944.2235829
2025-11-10,2025-11-20,10,direct_own_calendar,789566797.0,802970244.1338946
2025-11-11,2025-11-21,10,direct_own_calendar,781713368.0,807100197.3349279
2025-11-12,2025-11-22,10,direct_own_calendar,777234266.0,803338617.762574
2025-11-13,2025-11-23,10,direct_own_calendar,763587139.0,789300189.5633941
2025-11-14,2025-11-24,10,direct_own_calendar,787419759.0,806748624.8884856
2025-11-15,2025-11-25,10,direct_own_calendar,779113247.0,806492212.4290379
2025-11-16,2025-11-26,10,direct_own_calendar,779056661.0,795768263.6894462
2025-11-17,2025-11-27,10,direct_own_calendar,785923784.0,791651477.6084777
2025-11-18,2025-11-28,10,direct_own_calendar,793532772.0,795397688.096244
2025-11-19,2025-11-29,10,direct_own_calendar,775439198.0,790600369.0552907
2025-11-20,2025-11-30,10,direct_own_calendar,752415007.0,773670865.0983725
2025-11-21,2025-12-01,10,direct_own_calendar,752093794.0,788847718.3110398
2025-11-22,2025-12-02,10,direct_own_calendar,774181582.0,787288921.1107612
2025-11-23,2025-12-03,10,direct_own_calendar,779128904.0,782429517.316407
2025-11-24,2025-12-04,10,direct_own_calendar,780611840.0,783235062.3739463
2025-11-25,2025-12-05,10,direct_own_calendar,790342731.0,789967551.7795783
2025-11-26,2025-12-06,10,direct_own_calendar,783475966.0,778494104.9177868
2025-11-27,2025-12-07,10,direct_own_calendar,769662376.0,767520943.4245958
2025-11-28,2025-12-08,10,direct_own_calendar,781993536.0,782903617.7962892
2025-11-29,2025-12-09,10,direct_own_calendar,790459836.0,782408645.7873167
2025-11-30,2025-12-10,10,direct_own_calendar,793331038.0,772423731.4067279
2025-12-01,2025-12-11,10,direct_own_calendar,792303023.0,771621038.2712665
2025-12-02,2025-12-12,10,direct_own_calendar,805771337.0,773314440.9865836
2025-12-03,2025-12-13,10,direct_own_calendar,805919635.0,772502519.0145887
2025-12-04,2025-12-14,10,direct_own_calendar,775261923.0,761338492.1173768
2025-12-05,2025-12-15,10,direct_own_calendar,800205024.0,775438977.9085116
2025-12-06,2025-12-16,10,direct_own_calendar,791223092.0,777736784.982631
2025-12-07,2025-12-17,10,direct_own_calendar,797873177.0,772998017.3205472
2025-12-08,2025-12-18,10,direct_own_calendar,807913091.0,775507076.2798994
2025-12-09,2025-12-19,10,direct_own_calendar,813412227.0,779455578.623595
2025-12-10,2025-12-20,10,direct_own_calendar,800554656.0,774722964.5882761
2025-12-11,2025-12-21,10,direct_own_calendar,775722494.0,761592915.827897
2025-12-12,2025-12-22,10,direct_own_calendar,800416947.0,778217051.8230169
2025-12-13,2025-12-23,10,direct_own_calendar,805434213.0,779090802.4268976
2025-12-14,2025-12-24,10,direct_own_calendar,803732375.0,776104225.841101
2025-12-15,2025-12-25,10,direct_own_calendar,824337857.0,774038386.730849
2025-12-16,2025-12-26,10,direct_own_calendar,812520530.0,779675546.156244
2025-12-17,2025-12-27,10,direct_own_calendar,813024286.0,774048517.7465227
2025-12-18,2025-12-28,10,direct_own_calendar,798511867.0,763557962.285903
2025-12-19,2025-12-29,10,direct_own_calendar,801303829.0,783778594.2090462
2025-12-20,2025-12-30,10,direct_own_calendar,799723069.0,783094252.6069067
2025-12-21,2025-12-31,10,direct_own_calendar,783373686.0,773936551.8764188
2025-12-22,2026-01-01,10,direct_own_calendar,707758012.0,680116674.2289202
2025-12-23,2026-01-02,10,direct_own_calendar,741910307.0,684155911.9812324
2025-12-24,2026-01-03,10,direct_own_calendar,801935633.0,702794809.487764
2025-12-25,2026-01-04,10,direct_own_calendar,820839320.0,736727604.8221042
2025-12-26,2026-01-05,10,direct_own_calendar,819629944.0,778613131.8588129
2025-12-27,2026-01-06,10,direct_own_calendar,848208043.0,775457776.1978186
2025-12-28,2026-01-07,10,direct_own_calendar,836618404.0,769839803.2546005
2025-12-29,2026-01-08,10,direct_own_calendar,845715705.0,774163352.1285626
2025-12-30,2026-01-09,10,direct_own_calendar,845779172.0,772148701.5748246
2025-09-21,2025-10-01,10,direct_own_weather_holiday,893877447.0,843347398.3996582
2025-09-22,2025-10-02,10,direct_own_weather_holiday,877524402.0,821951997.5418736
2025-09-23,2025-10-03,10,direct_own_weather_holiday,906128774.0,806975148.8685493
2025-09-24,2025-10-04,10,direct_own_weather_holiday,947397946.0,832793208.2043877
2025-09-25,2025-10-05,10,direct_own_weather_holiday,967898095.0,825920986.6831685
2025-09-26,2025-10-06,10,direct_own_weather_holiday,909397624.0,826171287.1904191
2025-09-27,2025-10-07,10,direct_own_weather_holiday,958058211.0,817413460.7430576
2025-09-28,2025-10-08,10,direct_own_weather_holiday,1002652065.0,808029425.99719
2025-09-29,2025-10-09,10,direct_own_weather_holiday,1006596066.0,927650686.0041392
2025-09-30,2025-10-10,10,direct_own_weather_holiday,988218980.0,915560853.8155148
2025-10-01,2025-10-11,10,direct_own_weather_holiday,993216057.0,886474469.7153572
2025-10-02,2025-10-12,10,direct_own_weather_holiday,982996119.0,864232830.4573041
2025-10-03,2025-10-13,10,direct_own_weather_holiday,994158096.0,888616879.7460377
2025-10-04,2025-10-14,10,direct_own_weather_holiday,999440675.0,884867837.5182382
2025-10-05,2025-10-15,10,direct_own_weather_holiday,979563855.0,893995899.3845313
2025-10-06,2025-10-16,10,direct_own_weather_holiday,973453600.0,901857283.0265481
2025-10-07,2025-10-17,10,direct_own_weather_holiday,976535370.0,894839192.0796887
2025-10-08,2025-10-18,10,direct_own_weather_holiday,976325746.0,878632430.66737
2025-10-09,2025-10-19,10,direct_own_weather_holiday,896789087.0,842883051.7168016
2025-10-10,2025-10-20,10,direct_own_weather_holiday,853624251.0,802729871.7649468
2025-10-11,2025-10-21,10,direct_own_weather_holiday,795444895.0,793641330.402602
2025-10-12,2025-10-22,10,direct_own_weather_holiday,783518576.0,798928654.7266821
2025-10-13,2025-10-23,10,direct_own_weather_holiday,783134792.0,804135009.3369147
2025-10-14,2025-10-24,10,direct_own_weather_holiday,786285205.0,810604524.9176058
2025-10-15,2025-10-25,10,direct_own_weather_holiday,787344834.0,810360009.6209576
2025-10-16,2025-10-26,10,direct_own_weather_holiday,788309358.0,792912014.480128
2025-10-17,2025-10-27,10,direct_own_weather_holiday,788347388.0,807106405.2106873
2025-10-18,2025-10-28,10,direct_own_weather_holiday,803213606.0,805871680.4665947
2025-10-19,2025-10-29,10,direct_own_weather_holiday,791815205.0,807769356.234449
2025-10-20,2025-10-30,10,direct_own_weather_holiday,801523722.0,802279862.8125957
2025-10-21,2025-10-31,10,direct_own_weather_holiday,806599754.0,794193807.792075
2025-10-22,2025-11-01,10,direct_own_weather_holiday,760921367.0,774782139.1812148
2025-10-23,2025-11-02,10,direct_own_weather_holiday,744828378.0,755782769.1749358
2025-10-24,2025-11-03,10,direct_own_weather_holiday,780447693.0,760979862.3414214
2025-10-25,2025-11-04,10,direct_own_weather_holiday,782600645.0,752651820.4276872
2025-10-26,2025-11-05,10,direct_own_weather_holiday,784108702.0,758267083.6391816
2025-10-27,2025-11-06,10,direct_own_weather_holiday,789959014.0,767885412.8156561
2025-10-28,2025-11-07,10,direct_own_weather_holiday,808798324.0,769053322.3361799
2025-10-29,2025-11-08,10,direct_own_weather_holiday,816286170.0,765350453.9915041
2025-10-30,2025-11-09,10,direct_own_weather_holiday,794671570.0,748082254.0319507
2025-10-31,2025-11-10,10,direct_own_weather_holiday,803150509.0,760086766.9078991
2025-11-01,2025-11-11,10,direct_own_weather_holiday,811031660.0,752363959.4544132
2025-11-02,2025-11-12,10,direct_own_weather_holiday,800371284.0,746965234.048262
2025-11-03,2025-11-13,10,direct_own_weather_holiday,795412883.0,745486395.9963999
2025-11-04,2025-11-14,10,direct_own_weather_holiday,784929625.0,759056545.3374904
2025-11-05,2025-11-15,10,direct_own_weather_holiday,771969074.0,744266494.1722041
2025-11-06,2025-11-16,10,direct_own_weather_holiday,748102925.0,728507715.478052
2025-11-07,2025-11-17,10,direct_own_weather_holiday,784946049.0,750679581.9201063
2025-11-08,2025-11-18,10,direct_own_weather_holiday,802372785.0,770721896.8252985
2025-11-09,2025-11-19,10,direct_own_weather_holiday,785536331.0,787542098.9822038
2025-11-10,2025-11-20,10,direct_own_weather_holiday,789566797.0,782508375.5657655
2025-11-11,2025-11-21,10,direct_own_weather_holiday,781713368.0,776806103.5164979
2025-11-12,2025-11-22,10,direct_own_weather_holiday,777234266.0,768275644.2088914
2025-11-13,2025-11-23,10,direct_own_weather_holiday,763587139.0,747520480.71859
2025-11-14,2025-11-24,10,direct_own_weather_holiday,787419759.0,769419640.8364499
2025-11-15,2025-11-25,10,direct_own_weather_holiday,779113247.0,781078733.3217332
2025-11-16,2025-11-26,10,direct_own_weather_holiday,779056661.0,778420015.4822978
2025-11-17,2025-11-27,10,direct_own_weather_holiday,785923784.0,775354011.1457562
2025-11-18,2025-11-28,10,direct_own_weather_holiday,793532772.0,782788991.1450812
2025-11-19,2025-11-29,10,direct_own_weather_holiday,775439198.0,759789622.1620669
2025-11-20,2025-11-30,10,direct_own_weather_holiday,752415007.0,745015340.5629374
2025-11-21,2025-12-01,10,direct_own_weather_holiday,752093794.0,759931305.2939191
2025-11-22,2025-12-02,10,direct_own_weather_holiday,774181582.0,756010572.4092453
2025-11-23,2025-12-03,10,direct_own_weather_holiday,779128904.0,764089605.0780252
2025-11-24,2025-12-04,10,direct_own_weather_holiday,780611840.0,773679544.061894
2025-11-25,2025-12-05,10,direct_own_weather_holiday,790342731.0,771305821.1895372
2025-11-26,2025-12-06,10,direct_own_weather_holiday,783475966.0,752028849.0906574
2025-11-27,2025-12-07,10,direct_own_weather_holiday,769662376.0,736179374.664842
2025-11-28,2025-12-08,10,direct_own_weather_holiday,781993536.0,760500133.3526433
2025-11-29,2025-12-09,10,direct_own_weather_holiday,790459836.0,766596957.8714836
2025-11-30,2025-12-10,10,direct_own_weather_holiday,793331038.0,753573302.8191514
2025-12-01,2025-12-11,10,direct_own_weather_holiday,792303023.0,752380330.5146829
2025-12-02,2025-12-12,10,direct_own_weather_holiday,805771337.0,760650354.2990614
2025-12-03,2025-12-13,10,direct_own_weather_holiday,805919635.0,750109132.4122406
2025-12-04,2025-12-14,10,direct_own_weather_holiday,775261923.0,761385049.675261
2025-12-05,2025-12-15,10,direct_own_weather_holiday,800205024.0,768837543.8634589
2025-12-06,2025-12-16,10,direct_own_weather_holiday,791223092.0,762846231.194981
2025-12-07,2025-12-17,10,direct_own_weather_holiday,797873177.0,763746421.044721
2025-12-08,2025-12-18,10,direct_own_weather_holiday,807913091.0,770398925.5355785
2025-12-09,2025-12-19,10,direct_own_weather_holiday,813412227.0,764314577.6886014
2025-12-10,2025-12-20,10,direct_own_weather_holiday,800554656.0,755125482.155357
2025-12-11,2025-12-21,10,direct_own_weather_holiday,775722494.0,747164905.5060941
2025-12-12,2025-12-22,10,direct_own_weather_holiday,800416947.0,768818836.2047437
2025-12-13,2025-12-23,10,direct_own_weather_holiday,805434213.0,762966305.5148455
2025-12-14,2025-12-24,10,direct_own_weather_holiday,803732375.0,763869675.5813594
2025-12-15,2025-12-25,10,direct_own_weather_holiday,824337857.0,770413920.6324216
2025-12-16,2025-12-26,10,direct_own_weather_holiday,812520530.0,795735748.1149757
2025-12-17,2025-12-27,10,direct_own_weather_holiday,813024286.0,772952074.8065218
2025-12-18,2025-12-28,10,direct_own_weather_holiday,798511867.0,758307938.0132003
2025-12-19,2025-12-29,10,direct_own_weather_holiday,801303829.0,775291493.8829855
2025-12-20,2025-12-30,10,direct_own_weather_holiday,799723069.0,776528734.8122271
2025-12-21,2025-12-31,10,direct_own_weather_holiday,783373686.0,778003421.1854109
2025-12-22,2026-01-01,10,direct_own_weather_holiday,707758012.0,693224142.2850503
2025-12-23,2026-01-02,10,direct_own_weather_holiday,741910307.0,705093887.9190853
2025-12-24,2026-01-03,10,direct_own_weather_holiday,801935633.0,730050455.9616635
2025-12-25,2026-01-04,10,direct_own_weather_holiday,820839320.0,744969666.3131555
2025-12-26,2026-01-05,10,direct_own_weather_holiday,819629944.0,775368504.3517162
2025-12-27,2026-01-06,10,direct_own_weather_holiday,848208043.0,786219182.4999272
2025-12-28,2026-01-07,10,direct_own_weather_holiday,836618404.0,788890815.938119
2025-12-29,2026-01-08,10,direct_own_weather_holiday,845715705.0,793348756.2085459
2025-12-30,2026-01-09,10,direct_own_weather_holiday,845779172.0,789765417.3682184
2025-09-21,2025-10-01,10,direct_category_weather_holiday,893877447.0,882747155.0603015
2025-09-22,2025-10-02,10,direct_category_weather_holiday,877524402.0,854624025.3624141
2025-09-23,2025-10-03,10,direct_category_weather_holiday,906128774.0,852079007.0054592
2025-09-24,2025-10-04,10,direct_category_weather_holiday,947397946.0,884027639.273288
2025-09-25,2025-10-05,10,direct_category_weather_holiday,967898095.0,870630324.9023756
2025-09-26,2025-10-06,10,direct_category_weather_holiday,909397624.0,868013912.3611041
2025-09-27,2025-10-07,10,direct_category_weather_holiday,958058211.0,858299141.3367444
2025-09-28,2025-10-08,10,direct_category_weather_holiday,1002652065.0,842938886.0131056
2025-09-29,2025-10-09,10,direct_category_weather_holiday,1006596066.0,951304649.6415846
2025-09-30,2025-10-10,10,direct_category_weather_holiday,988218980.0,942708715.2819073
2025-10-01,2025-10-11,10,direct_category_weather_holiday,993216057.0,924004914.9185315
2025-10-02,2025-10-12,10,direct_category_weather_holiday,982996119.0,895071148.801697
2025-10-03,2025-10-13,10,direct_category_weather_holiday,994158096.0,916909544.4171275
2025-10-04,2025-10-14,10,direct_category_weather_holiday,999440675.0,917463775.6342237
2025-10-05,2025-10-15,10,direct_category_weather_holiday,979563855.0,916642963.4492133
2025-10-06,2025-10-16,10,direct_category_weather_holiday,973453600.0,925962763.538107
2025-10-07,2025-10-17,10,direct_category_weather_holiday,976535370.0,922214522.2877895
2025-10-08,2025-10-18,10,direct_category_weather_holiday,976325746.0,920195810.8976837
2025-10-09,2025-10-19,10,direct_category_weather_holiday,896789087.0,872721263.1486027
2025-10-10,2025-10-20,10,direct_category_weather_holiday,853624251.0,828896177.9554912
2025-10-11,2025-10-21,10,direct_category_weather_holiday,795444895.0,819880731.3623707
2025-10-12,2025-10-22,10,direct_category_weather_holiday,783518576.0,830672902.0743322
2025-10-13,2025-10-23,10,direct_category_weather_holiday,783134792.0,853660280.2590064
2025-10-14,2025-10-24,10,direct_category_weather_holiday,786285205.0,842570425.3515127
2025-10-15,2025-10-25,10,direct_category_weather_holiday,787344834.0,850253808.6249062
2025-10-16,2025-10-26,10,direct_category_weather_holiday,788309358.0,820421623.0561372
2025-10-17,2025-10-27,10,direct_category_weather_holiday,788347388.0,832352721.0953466
2025-10-18,2025-10-28,10,direct_category_weather_holiday,803213606.0,835605035.4674381
2025-10-19,2025-10-29,10,direct_category_weather_holiday,791815205.0,842144243.7473822
2025-10-20,2025-10-30,10,direct_category_weather_holiday,801523722.0,848576969.5616884
2025-10-21,2025-10-31,10,direct_category_weather_holiday,806599754.0,846298024.4997116
2025-10-22,2025-11-01,10,direct_category_weather_holiday,760921367.0,828917886.6863865
2025-10-23,2025-11-02,10,direct_category_weather_holiday,744828378.0,807470069.6770772
2025-10-24,2025-11-03,10,direct_category_weather_holiday,780447693.0,814569157.8390954
2025-10-25,2025-11-04,10,direct_category_weather_holiday,782600645.0,809526755.8926941
2025-10-26,2025-11-05,10,direct_category_weather_holiday,784108702.0,809463653.7496996
2025-10-27,2025-11-06,10,direct_category_weather_holiday,789959014.0,821692797.5841119
2025-10-28,2025-11-07,10,direct_category_weather_holiday,808798324.0,825730781.9296736
2025-10-29,2025-11-08,10,direct_category_weather_holiday,816286170.0,838409454.8400211
2025-10-30,2025-11-09,10,direct_category_weather_holiday,794671570.0,805490733.933642
2025-10-31,2025-11-10,10,direct_category_weather_holiday,803150509.0,809293838.62087
2025-11-01,2025-11-11,10,direct_category_weather_holiday,811031660.0,796722554.6478685
2025-11-02,2025-11-12,10,direct_category_weather_holiday,800371284.0,785394079.417866
2025-11-03,2025-11-13,10,direct_category_weather_holiday,795412883.0,796812974.7829537
2025-11-04,2025-11-14,10,direct_category_weather_holiday,784929625.0,800920288.5881149
2025-11-05,2025-11-15,10,direct_category_weather_holiday,771969074.0,785014233.8699058
2025-11-06,2025-11-16,10,direct_category_weather_holiday,748102925.0,764568904.046039
2025-11-07,2025-11-17,10,direct_category_weather_holiday,784946049.0,783330934.1167841
2025-11-08,2025-11-18,10,direct_category_weather_holiday,802372785.0,806801579.7880393
2025-11-09,2025-11-19,10,direct_category_weather_holiday,785536331.0,816851647.7207631
2025-11-10,2025-11-20,10,direct_category_weather_holiday,789566797.0,818144575.8710989
2025-11-11,2025-11-21,10,direct_category_weather_holiday,781713368.0,822079483.6326137
2025-11-12,2025-11-22,10,direct_category_weather_holiday,777234266.0,813394251.5170921
2025-11-13,2025-11-23,10,direct_category_weather_holiday,763587139.0,789965489.5788609
2025-11-14,2025-11-24,10,direct_category_weather_holiday,787419759.0,804580687.6065418
2025-11-15,2025-11-25,10,direct_category_weather_holiday,779113247.0,810901253.5409627
2025-11-16,2025-11-26,10,direct_category_weather_holiday,779056661.0,805861850.532035
2025-11-17,2025-11-27,10,direct_category_weather_holiday,785923784.0,812840259.3642256
2025-11-18,2025-11-28,10,direct_category_weather_holiday,793532772.0,831049136.5390798
2025-11-19,2025-11-29,10,direct_category_weather_holiday,775439198.0,810885547.2197434
2025-11-20,2025-11-30,10,direct_category_weather_holiday,752415007.0,781856645.8050807
2025-11-21,2025-12-01,10,direct_category_weather_holiday,752093794.0,794009024.5056175
2025-11-22,2025-12-02,10,direct_category_weather_holiday,774181582.0,790334468.3312814
2025-11-23,2025-12-03,10,direct_category_weather_holiday,779128904.0,802127063.1668009
2025-11-24,2025-12-04,10,direct_category_weather_holiday,780611840.0,816376716.6251011
2025-11-25,2025-12-05,10,direct_category_weather_holiday,790342731.0,819994169.564032
2025-11-26,2025-12-06,10,direct_category_weather_holiday,783475966.0,798890913.6110148
2025-11-27,2025-12-07,10,direct_category_weather_holiday,769662376.0,775799627.6351069
2025-11-28,2025-12-08,10,direct_category_weather_holiday,781993536.0,797217534.7347602
2025-11-29,2025-12-09,10,direct_category_weather_holiday,790459836.0,802963869.4739618
2025-11-30,2025-12-10,10,direct_category_weather_holiday,793331038.0,785264684.8046211
2025-12-01,2025-12-11,10,direct_category_weather_holiday,792303023.0,787419562.5491822
2025-12-02,2025-12-12,10,direct_category_weather_holiday,805771337.0,797538370.0816664
2025-12-03,2025-12-13,10,direct_category_weather_holiday,805919635.0,785342582.5152739
2025-12-04,2025-12-14,10,direct_category_weather_holiday,775261923.0,794703084.6949708
2025-12-05,2025-12-15,10,direct_category_weather_holiday,800205024.0,805801804.6547042
2025-12-06,2025-12-16,10,direct_category_weather_holiday,791223092.0,796477830.4865508
2025-12-07,2025-12-17,10,direct_category_weather_holiday,797873177.0,794713595.6109641
2025-12-08,2025-12-18,10,direct_category_weather_holiday,807913091.0,808305869.3103913
2025-12-09,2025-12-19,10,direct_category_weather_holiday,813412227.0,796815613.3186635
2025-12-10,2025-12-20,10,direct_category_weather_holiday,800554656.0,787556038.3754326
2025-12-11,2025-12-21,10,direct_category_weather_holiday,775722494.0,779901772.3259765
2025-12-12,2025-12-22,10,direct_category_weather_holiday,800416947.0,800064901.8672572
2025-12-13,2025-12-23,10,direct_category_weather_holiday,805434213.0,794055393.9574171
2025-12-14,2025-12-24,10,direct_category_weather_holiday,803732375.0,795395761.7562058
2025-12-15,2025-12-25,10,direct_category_weather_holiday,824337857.0,801985976.3926584
2025-12-16,2025-12-26,10,direct_category_weather_holiday,812520530.0,825569670.172035
2025-12-17,2025-12-27,10,direct_category_weather_holiday,813024286.0,799976928.261604
2025-12-18,2025-12-28,10,direct_category_weather_holiday,798511867.0,784751978.3644426
2025-12-19,2025-12-29,10,direct_category_weather_holiday,801303829.0,801360632.8881171
2025-12-20,2025-12-30,10,direct_category_weather_holiday,799723069.0,806118208.1799479
2025-12-21,2025-12-31,10,direct_category_weather_holiday,783373686.0,804991328.407409
2025-12-22,2026-01-01,10,direct_category_weather_holiday,707758012.0,728809264.1822586
2025-12-23,2026-01-02,10,direct_category_weather_holiday,741910307.0,741449583.0415577
2025-12-24,2026-01-03,10,direct_category_weather_holiday,801935633.0,766207792.6645007
2025-12-25,2026-01-04,10,direct_category_weather_holiday,820839320.0,784620102.0098661
2025-12-26,2026-01-05,10,direct_category_weather_holiday,819629944.0,809672905.5193273
2025-12-27,2026-01-06,10,direct_category_weather_holiday,848208043.0,814995948.1295986
2025-12-28,2026-01-07,10,direct_category_weather_holiday,836618404.0,819680640.76137
2025-12-29,2026-01-08,10,direct_category_weather_holiday,845715705.0,824151083.27777
2025-12-30,2026-01-09,10,direct_category_weather_holiday,845779172.0,815845692.6974404
2025-09-20,2025-10-01,11,direct_own_calendar,893877447.0,758840682.7278866
2025-09-21,2025-10-02,11,direct_own_calendar,877524402.0,754018999.5227587
2025-09-22,2025-10-03,11,direct_own_calendar,906128774.0,741659122.8750654
2025-09-23,2025-10-04,11,direct_own_calendar,947397946.0,742935184.7782325
2025-09-24,2025-10-05,11,direct_own_calendar,967898095.0,731219714.7395204
2025-09-25,2025-10-06,11,direct_own_calendar,909397624.0,723655923.550098
2025-09-26,2025-10-07,11,direct_own_calendar,958058211.0,729160757.6624441
2025-09-27,2025-10-08,11,direct_own_calendar,1002652065.0,723598499.8271706
2025-09-28,2025-10-09,11,direct_own_calendar,1006596066.0,881398088.4196577
2025-09-29,2025-10-10,11,direct_own_calendar,988218980.0,895741550.9387307
2025-09-30,2025-10-11,11,direct_own_calendar,993216057.0,866637914.1326699
2025-10-01,2025-10-12,11,direct_own_calendar,982996119.0,868740104.7268744
2025-10-02,2025-10-13,11,direct_own_calendar,994158096.0,854849524.9739069
2025-10-03,2025-10-14,11,direct_own_calendar,999440675.0,851830681.9525851
2025-10-04,2025-10-15,11,direct_own_calendar,979563855.0,858938443.4569733
2025-10-05,2025-10-16,11,direct_own_calendar,973453600.0,876528615.9706969
2025-10-06,2025-10-17,11,direct_own_calendar,976535370.0,895401139.1766557
2025-10-07,2025-10-18,11,direct_own_calendar,976325746.0,877550032.2524794
2025-10-08,2025-10-19,11,direct_own_calendar,896789087.0,859011203.3286
2025-10-09,2025-10-20,11,direct_own_calendar,853624251.0,879506060.5924951
2025-10-10,2025-10-21,11,direct_own_calendar,795444895.0,879329008.418585
2025-10-11,2025-10-22,11,direct_own_calendar,783518576.0,873226821.4910951
2025-10-12,2025-10-23,11,direct_own_calendar,783134792.0,880223875.6066085
2025-10-13,2025-10-24,11,direct_own_calendar,786285205.0,886331066.1316177
2025-10-14,2025-10-25,11,direct_own_calendar,787344834.0,886771426.4769756
2025-10-15,2025-10-26,11,direct_own_calendar,788309358.0,877435448.8688084
2025-10-16,2025-10-27,11,direct_own_calendar,788347388.0,884366803.0742803
2025-10-17,2025-10-28,11,direct_own_calendar,803213606.0,885367168.3964905
2025-10-18,2025-10-29,11,direct_own_calendar,791815205.0,883689207.3880708
2025-10-19,2025-10-30,11,direct_own_calendar,801523722.0,885789869.2308315
2025-10-20,2025-10-31,11,direct_own_calendar,806599754.0,871126968.5363597
2025-10-21,2025-11-01,11,direct_own_calendar,760921367.0,850792193.8441192
2025-10-22,2025-11-02,11,direct_own_calendar,744828378.0,826799846.3046716
2025-10-23,2025-11-03,11,direct_own_calendar,780447693.0,834088539.9739242
2025-10-24,2025-11-04,11,direct_own_calendar,782600645.0,826341396.5137309
2025-10-25,2025-11-05,11,direct_own_calendar,784108702.0,821789209.5588338
2025-10-26,2025-11-06,11,direct_own_calendar,789959014.0,823721266.4924035
2025-10-27,2025-11-07,11,direct_own_calendar,808798324.0,827571913.4926783
2025-10-28,2025-11-08,11,direct_own_calendar,816286170.0,811860413.8777819
2025-10-29,2025-11-09,11,direct_own_calendar,794671570.0,791881056.9333407
2025-10-30,2025-11-10,11,direct_own_calendar,803150509.0,803314615.9275671
2025-10-31,2025-11-11,11,direct_own_calendar,811031660.0,806837555.5515903
2025-11-01,2025-11-12,11,direct_own_calendar,800371284.0,801742156.3816926
2025-11-02,2025-11-13,11,direct_own_calendar,795412883.0,798026617.0228329
2025-11-03,2025-11-14,11,direct_own_calendar,784929625.0,799383411.1673678
2025-11-04,2025-11-15,11,direct_own_calendar,771969074.0,799880339.6928681
2025-11-05,2025-11-16,11,direct_own_calendar,748102925.0,786063969.6179099
2025-11-06,2025-11-17,11,direct_own_calendar,784946049.0,798864660.7460921
2025-11-07,2025-11-18,11,direct_own_calendar,802372785.0,798731040.0814074
2025-11-08,2025-11-19,11,direct_own_calendar,785536331.0,796671981.180757
2025-11-09,2025-11-20,11,direct_own_calendar,789566797.0,803013547.3562804
2025-11-10,2025-11-21,11,direct_own_calendar,781713368.0,807057541.7015358
2025-11-11,2025-11-22,11,direct_own_calendar,777234266.0,801641077.2626029
2025-11-12,2025-11-23,11,direct_own_calendar,763587139.0,789636453.9022152
2025-11-13,2025-11-24,11,direct_own_calendar,787419759.0,802880374.9478695
2025-11-14,2025-11-25,11,direct_own_calendar,779113247.0,805520554.8691864
2025-11-15,2025-11-26,11,direct_own_calendar,779056661.0,802344320.6791643
2025-11-16,2025-11-27,11,direct_own_calendar,785923784.0,796784162.6816633
2025-11-17,2025-11-28,11,direct_own_calendar,793532772.0,795553625.003614
2025-11-18,2025-11-29,11,direct_own_calendar,775439198.0,789511945.5684143
2025-11-19,2025-11-30,11,direct_own_calendar,752415007.0,775824657.8899816
2025-11-20,2025-12-01,11,direct_own_calendar,752093794.0,786419037.7526205
2025-11-21,2025-12-02,11,direct_own_calendar,774181582.0,786817614.9753464
2025-11-22,2025-12-03,11,direct_own_calendar,779128904.0,781270461.4208748
2025-11-23,2025-12-04,11,direct_own_calendar,780611840.0,781887785.7396144
2025-11-24,2025-12-05,11,direct_own_calendar,790342731.0,786028860.4957402
2025-11-25,2025-12-06,11,direct_own_calendar,783475966.0,782889006.3239722
2025-11-26,2025-12-07,11,direct_own_calendar,769662376.0,763512174.5428089
2025-11-27,2025-12-08,11,direct_own_calendar,781993536.0,780171853.748805
2025-11-28,2025-12-09,11,direct_own_calendar,790459836.0,781436312.6813855
2025-11-29,2025-12-10,11,direct_own_calendar,793331038.0,777153897.260541
2025-11-30,2025-12-11,11,direct_own_calendar,792303023.0,772711317.1423514
2025-12-01,2025-12-12,11,direct_own_calendar,805771337.0,774773992.209206
2025-12-02,2025-12-13,11,direct_own_calendar,805919635.0,767104915.149066
2025-12-03,2025-12-14,11,direct_own_calendar,775261923.0,757999076.8307142
2025-12-04,2025-12-15,11,direct_own_calendar,800205024.0,773904944.2142813
2025-12-05,2025-12-16,11,direct_own_calendar,791223092.0,773572174.6953748
2025-12-06,2025-12-17,11,direct_own_calendar,797873177.0,771908479.8717078
2025-12-07,2025-12-18,11,direct_own_calendar,807913091.0,772304083.4412731
2025-12-08,2025-12-19,11,direct_own_calendar,813412227.0,778233126.0316967
2025-12-09,2025-12-20,11,direct_own_calendar,800554656.0,773099048.5721465
2025-12-10,2025-12-21,11,direct_own_calendar,775722494.0,759780651.0923353
2025-12-11,2025-12-22,11,direct_own_calendar,800416947.0,773959149.6409136
2025-12-12,2025-12-23,11,direct_own_calendar,805434213.0,775848407.9589478
2025-12-13,2025-12-24,11,direct_own_calendar,803732375.0,773110268.183816
2025-12-14,2025-12-25,11,direct_own_calendar,824337857.0,775352341.7225449
2025-12-15,2025-12-26,11,direct_own_calendar,812520530.0,777478394.3812315
2025-12-16,2025-12-27,11,direct_own_calendar,813024286.0,773221240.4343498
2025-12-17,2025-12-28,11,direct_own_calendar,798511867.0,759075820.1839818
2025-12-18,2025-12-29,11,direct_own_calendar,801303829.0,776084233.733735
2025-12-19,2025-12-30,11,direct_own_calendar,799723069.0,781261394.5415945
2025-12-20,2025-12-31,11,direct_own_calendar,783373686.0,776559543.4599618
2025-12-21,2026-01-01,11,direct_own_calendar,707758012.0,677090590.8691298
2025-12-22,2026-01-02,11,direct_own_calendar,741910307.0,682717048.4255949
2025-12-23,2026-01-03,11,direct_own_calendar,801935633.0,699740134.6276768
2025-12-24,2026-01-04,11,direct_own_calendar,820839320.0,736947373.1206212
2025-12-25,2026-01-05,11,direct_own_calendar,819629944.0,773497501.6536542
2025-12-26,2026-01-06,11,direct_own_calendar,848208043.0,775463509.2286031
2025-12-27,2026-01-07,11,direct_own_calendar,836618404.0,768499787.3941971
2025-12-28,2026-01-08,11,direct_own_calendar,845715705.0,768667241.293379
2025-12-29,2026-01-09,11,direct_own_calendar,845779172.0,776092187.914422
2025-09-20,2025-10-01,11,direct_own_weather_holiday,893877447.0,845808748.4305975
2025-09-21,2025-10-02,11,direct_own_weather_holiday,877524402.0,833688046.935983
2025-09-22,2025-10-03,11,direct_own_weather_holiday,906128774.0,817209653.9066825
2025-09-23,2025-10-04,11,direct_own_weather_holiday,947397946.0,828202903.8419607
2025-09-24,2025-10-05,11,direct_own_weather_holiday,967898095.0,821453139.8602033
2025-09-25,2025-10-06,11,direct_own_weather_holiday,909397624.0,818476887.2233694
2025-09-26,2025-10-07,11,direct_own_weather_holiday,958058211.0,815451619.1333692
2025-09-27,2025-10-08,11,direct_own_weather_holiday,1002652065.0,804402958.3109472
2025-09-28,2025-10-09,11,direct_own_weather_holiday,1006596066.0,919400301.2848117
2025-09-29,2025-10-10,11,direct_own_weather_holiday,988218980.0,914445183.861051
2025-09-30,2025-10-11,11,direct_own_weather_holiday,993216057.0,908833551.3491224
2025-10-01,2025-10-12,11,direct_own_weather_holiday,982996119.0,882850223.875097
2025-10-02,2025-10-13,11,direct_own_weather_holiday,994158096.0,890422922.9403948
2025-10-03,2025-10-14,11,direct_own_weather_holiday,999440675.0,876639462.2853333
2025-10-04,2025-10-15,11,direct_own_weather_holiday,979563855.0,879518839.0537966
2025-10-05,2025-10-16,11,direct_own_weather_holiday,973453600.0,887474354.1357754
2025-10-06,2025-10-17,11,direct_own_weather_holiday,976535370.0,899821639.3433976
2025-10-07,2025-10-18,11,direct_own_weather_holiday,976325746.0,881893477.7519456
2025-10-08,2025-10-19,11,direct_own_weather_holiday,896789087.0,837499769.5868775
2025-10-09,2025-10-20,11,direct_own_weather_holiday,853624251.0,798029150.9448489
2025-10-10,2025-10-21,11,direct_own_weather_holiday,795444895.0,789817428.8629677
2025-10-11,2025-10-22,11,direct_own_weather_holiday,783518576.0,789303385.589958
2025-10-12,2025-10-23,11,direct_own_weather_holiday,783134792.0,798750847.2371233
2025-10-13,2025-10-24,11,direct_own_weather_holiday,786285205.0,802120270.1045423
2025-10-14,2025-10-25,11,direct_own_weather_holiday,787344834.0,804471729.8407372
2025-10-15,2025-10-26,11,direct_own_weather_holiday,788309358.0,795564391.5627389
2025-10-16,2025-10-27,11,direct_own_weather_holiday,788347388.0,802640637.4410142
2025-10-17,2025-10-28,11,direct_own_weather_holiday,803213606.0,800504039.2530975
2025-10-18,2025-10-29,11,direct_own_weather_holiday,791815205.0,803065506.4481397
2025-10-19,2025-10-30,11,direct_own_weather_holiday,801523722.0,813722928.3739036
2025-10-20,2025-10-31,11,direct_own_weather_holiday,806599754.0,802495426.4537667
2025-10-21,2025-11-01,11,direct_own_weather_holiday,760921367.0,779646658.7143023
2025-10-22,2025-11-02,11,direct_own_weather_holiday,744828378.0,758583425.693789
2025-10-23,2025-11-03,11,direct_own_weather_holiday,780447693.0,763707817.8235126
2025-10-24,2025-11-04,11,direct_own_weather_holiday,782600645.0,748187202.5673207
2025-10-25,2025-11-05,11,direct_own_weather_holiday,784108702.0,753271625.4631107
2025-10-26,2025-11-06,11,direct_own_weather_holiday,789959014.0,764777112.3086386
2025-10-27,2025-11-07,11,direct_own_weather_holiday,808798324.0,773423618.1837608
2025-10-28,2025-11-08,11,direct_own_weather_holiday,816286170.0,767166095.9946015
2025-10-29,2025-11-09,11,direct_own_weather_holiday,794671570.0,747382498.1007636
2025-10-30,2025-11-10,11,direct_own_weather_holiday,803150509.0,754245528.4702771
2025-10-31,2025-11-11,11,direct_own_weather_holiday,811031660.0,750258786.399704
2025-11-01,2025-11-12,11,direct_own_weather_holiday,800371284.0,747678274.8014028
2025-11-02,2025-11-13,11,direct_own_weather_holiday,795412883.0,746659028.2345845
2025-11-03,2025-11-14,11,direct_own_weather_holiday,784929625.0,755570925.0379552
2025-11-04,2025-11-15,11,direct_own_weather_holiday,771969074.0,744519178.4069961
2025-11-05,2025-11-16,11,direct_own_weather_holiday,748102925.0,729010665.3330477
2025-11-06,2025-11-17,11,direct_own_weather_holiday,784946049.0,749711306.420336
2025-11-07,2025-11-18,11,direct_own_weather_holiday,802372785.0,768035604.1646245
2025-11-08,2025-11-19,11,direct_own_weather_holiday,785536331.0,781757920.3068137
2025-11-09,2025-11-20,11,direct_own_weather_holiday,789566797.0,781426365.6209587
2025-11-10,2025-11-21,11,direct_own_weather_holiday,781713368.0,775771427.9812628
2025-11-11,2025-11-22,11,direct_own_weather_holiday,777234266.0,766423112.9293782
2025-11-12,2025-11-23,11,direct_own_weather_holiday,763587139.0,747407342.3018883
2025-11-13,2025-11-24,11,direct_own_weather_holiday,787419759.0,765835936.507356
2025-11-14,2025-11-25,11,direct_own_weather_holiday,779113247.0,779420415.7405362
2025-11-15,2025-11-26,11,direct_own_weather_holiday,779056661.0,782427812.555573
2025-11-16,2025-11-27,11,direct_own_weather_holiday,785923784.0,778793394.42269
2025-11-17,2025-11-28,11,direct_own_weather_holiday,793532772.0,782327534.0048026
2025-11-18,2025-11-29,11,direct_own_weather_holiday,775439198.0,759240883.485317
2025-11-19,2025-11-30,11,direct_own_weather_holiday,752415007.0,746000086.7867146
2025-11-20,2025-12-01,11,direct_own_weather_holiday,752093794.0,758028293.9355061
2025-11-21,2025-12-02,11,direct_own_weather_holiday,774181582.0,756267289.0114168
2025-11-22,2025-12-03,11,direct_own_weather_holiday,779128904.0,763586772.4449638
2025-11-23,2025-12-04,11,direct_own_weather_holiday,780611840.0,773092989.6971862
2025-11-24,2025-12-05,11,direct_own_weather_holiday,790342731.0,768711212.8434082
2025-11-25,2025-12-06,11,direct_own_weather_holiday,783475966.0,755505486.5191392
2025-11-26,2025-12-07,11,direct_own_weather_holiday,769662376.0,733602723.2023406
2025-11-27,2025-12-08,11,direct_own_weather_holiday,781993536.0,758851470.663708
2025-11-28,2025-12-09,11,direct_own_weather_holiday,790459836.0,765756617.0025959
2025-11-29,2025-12-10,11,direct_own_weather_holiday,793331038.0,757450405.5570453
2025-11-30,2025-12-11,11,direct_own_weather_holiday,792303023.0,754079202.9129182
2025-12-01,2025-12-12,11,direct_own_weather_holiday,805771337.0,761705410.6953632
2025-12-02,2025-12-13,11,direct_own_weather_holiday,805919635.0,746593119.3357695
2025-12-03,2025-12-14,11,direct_own_weather_holiday,775261923.0,758900176.238547
2025-12-04,2025-12-15,11,direct_own_weather_holiday,800205024.0,767674006.0652782
2025-12-05,2025-12-16,11,direct_own_weather_holiday,791223092.0,760311011.6465576
2025-12-06,2025-12-17,11,direct_own_weather_holiday,797873177.0,763453084.1390326
2025-12-07,2025-12-18,11,direct_own_weather_holiday,807913091.0,768599895.7345885
2025-12-08,2025-12-19,11,direct_own_weather_holiday,813412227.0,764125507.5747211
2025-12-09,2025-12-20,11,direct_own_weather_holiday,800554656.0,754560895.9500889
2025-12-10,2025-12-21,11,direct_own_weather_holiday,775722494.0,746491820.3065135
2025-12-11,2025-12-22,11,direct_own_weather_holiday,800416947.0,765965158.0415037
2025-12-12,2025-12-23,11,direct_own_weather_holiday,805434213.0,761536481.1217382
2025-12-13,2025-12-24,11,direct_own_weather_holiday,803732375.0,762469750.9297124
2025-12-14,2025-12-25,11,direct_own_weather_holiday,824337857.0,771729581.2238663
2025-12-15,2025-12-26,11,direct_own_weather_holiday,812520530.0,794288254.7896066
2025-12-16,2025-12-27,11,direct_own_weather_holiday,813024286.0,772746290.3596343
2025-12-17,2025-12-28,11,direct_own_weather_holiday,798511867.0,755577899.4320631
2025-12-18,2025-12-29,11,direct_own_weather_holiday,801303829.0,770503659.6956838
2025-12-19,2025-12-30,11,direct_own_weather_holiday,799723069.0,776001668.5715526
2025-12-20,2025-12-31,11,direct_own_weather_holiday,783373686.0,780558452.4566468
2025-12-21,2026-01-01,11,direct_own_weather_holiday,707758012.0,692026711.8867339
2025-12-22,2026-01-02,11,direct_own_weather_holiday,741910307.0,704907919.739471
2025-12-23,2026-01-03,11,direct_own_weather_holiday,801935633.0,728731819.9336061
2025-12-24,2026-01-04,11,direct_own_weather_holiday,820839320.0,746825909.9494395
2025-12-25,2026-01-05,11,direct_own_weather_holiday,819629944.0,772800516.7749741
2025-12-26,2026-01-06,11,direct_own_weather_holiday,848208043.0,786515844.6336441
2025-12-27,2026-01-07,11,direct_own_weather_holiday,836618404.0,788325917.5525227
2025-12-28,2026-01-08,11,direct_own_weather_holiday,845715705.0,790116250.8370641
2025-12-29,2026-01-09,11,direct_own_weather_holiday,845779172.0,793047039.6268449
2025-09-20,2025-10-01,11,direct_category_weather_holiday,893877447.0,886864781.408386
2025-09-21,2025-10-02,11,direct_category_weather_holiday,877524402.0,874755470.3560247
2025-09-22,2025-10-03,11,direct_category_weather_holiday,906128774.0,851240596.8954387
2025-09-23,2025-10-04,11,direct_category_weather_holiday,947397946.0,872600851.9360365
2025-09-24,2025-10-05,11,direct_category_weather_holiday,967898095.0,870415002.1386849
2025-09-25,2025-10-06,11,direct_category_weather_holiday,909397624.0,867507446.7935467
2025-09-26,2025-10-07,11,direct_category_weather_holiday,958058211.0,859243185.6817827
2025-09-27,2025-10-08,11,direct_category_weather_holiday,1002652065.0,846003601.194171
2025-09-28,2025-10-09,11,direct_category_weather_holiday,1006596066.0,940551494.6628062
2025-09-29,2025-10-10,11,direct_category_weather_holiday,988218980.0,940003242.6090941
2025-09-30,2025-10-11,11,direct_category_weather_holiday,993216057.0,943886303.5925013
2025-10-01,2025-10-12,11,direct_category_weather_holiday,982996119.0,922152041.1227323
2025-10-02,2025-10-13,11,direct_category_weather_holiday,994158096.0,925298769.8581704
2025-10-03,2025-10-14,11,direct_category_weather_holiday,999440675.0,907674047.6125401
2025-10-04,2025-10-15,11,direct_category_weather_holiday,979563855.0,909389365.0883667
2025-10-05,2025-10-16,11,direct_category_weather_holiday,973453600.0,908788354.4343435
2025-10-06,2025-10-17,11,direct_category_weather_holiday,976535370.0,924425385.9563781
2025-10-07,2025-10-18,11,direct_category_weather_holiday,976325746.0,911717171.8409497
2025-10-08,2025-10-19,11,direct_category_weather_holiday,896789087.0,879272582.204299
2025-10-09,2025-10-20,11,direct_category_weather_holiday,853624251.0,827403785.7453456
2025-10-10,2025-10-21,11,direct_category_weather_holiday,795444895.0,821573715.7699219
2025-10-11,2025-10-22,11,direct_category_weather_holiday,783518576.0,818276786.534632
2025-10-12,2025-10-23,11,direct_category_weather_holiday,783134792.0,835020360.5628444
2025-10-13,2025-10-24,11,direct_category_weather_holiday,786285205.0,856720523.3601451
2025-10-14,2025-10-25,11,direct_category_weather_holiday,787344834.0,840440255.877885
2025-10-15,2025-10-26,11,direct_category_weather_holiday,788309358.0,836546421.1434873
2025-10-16,2025-10-27,11,direct_category_weather_holiday,788347388.0,831976478.7247316
2025-10-17,2025-10-28,11,direct_category_weather_holiday,803213606.0,829812967.223212
2025-10-18,2025-10-29,11,direct_category_weather_holiday,791815205.0,838044657.3599443
2025-10-19,2025-10-30,11,direct_category_weather_holiday,801523722.0,850652057.4238857
2025-10-20,2025-10-31,11,direct_category_weather_holiday,806599754.0,847522868.6179223
2025-10-21,2025-11-01,11,direct_category_weather_holiday,760921367.0,832440655.1138856
2025-10-22,2025-11-02,11,direct_category_weather_holiday,744828378.0,811727049.683855
2025-10-23,2025-11-03,11,direct_category_weather_holiday,780447693.0,819436571.7659919
2025-10-24,2025-11-04,11,direct_category_weather_holiday,782600645.0,806162662.5007254
2025-10-25,2025-11-05,11,direct_category_weather_holiday,784108702.0,806980975.4804573
2025-10-26,2025-11-06,11,direct_category_weather_holiday,789959014.0,814731537.5035608
2025-10-27,2025-11-07,11,direct_category_weather_holiday,808798324.0,825074139.0266087
2025-10-28,2025-11-08,11,direct_category_weather_holiday,816286170.0,820107226.5380778
2025-10-29,2025-11-09,11,direct_category_weather_holiday,794671570.0,814007749.7167138
2025-10-30,2025-11-10,11,direct_category_weather_holiday,803150509.0,809308331.4944085
2025-10-31,2025-11-11,11,direct_category_weather_holiday,811031660.0,800357281.4851886
2025-11-01,2025-11-12,11,direct_category_weather_holiday,800371284.0,793933140.3675851
2025-11-02,2025-11-13,11,direct_category_weather_holiday,795412883.0,786057473.2126085
2025-11-03,2025-11-14,11,direct_category_weather_holiday,784929625.0,801972647.043592
2025-11-04,2025-11-15,11,direct_category_weather_holiday,771969074.0,786520283.2448604
2025-11-05,2025-11-16,11,direct_category_weather_holiday,748102925.0,765966595.2376219
2025-11-06,2025-11-17,11,direct_category_weather_holiday,784946049.0,782542335.8195262
2025-11-07,2025-11-18,11,direct_category_weather_holiday,802372785.0,800344422.5906413
2025-11-08,2025-11-19,11,direct_category_weather_holiday,785536331.0,818860742.1279291
2025-11-09,2025-11-20,11,direct_category_weather_holiday,789566797.0,813503208.0329944
2025-11-10,2025-11-21,11,direct_category_weather_holiday,781713368.0,812448673.8974706
2025-11-11,2025-11-22,11,direct_category_weather_holiday,777234266.0,810990512.0582871
2025-11-12,2025-11-23,11,direct_category_weather_holiday,763587139.0,790822544.7417719
2025-11-13,2025-11-24,11,direct_category_weather_holiday,787419759.0,805979863.614263
2025-11-14,2025-11-25,11,direct_category_weather_holiday,779113247.0,815193543.4185293
2025-11-15,2025-11-26,11,direct_category_weather_holiday,779056661.0,813933665.1842287
2025-11-16,2025-11-27,11,direct_category_weather_holiday,785923784.0,806720820.3758186
2025-11-17,2025-11-28,11,direct_category_weather_holiday,793532772.0,820273554.8009113
2025-11-18,2025-11-29,11,direct_category_weather_holiday,775439198.0,811056378.482337
2025-11-19,2025-11-30,11,direct_category_weather_holiday,752415007.0,794307041.0076672
2025-11-20,2025-12-01,11,direct_category_weather_holiday,752093794.0,792281810.9859343
2025-11-21,2025-12-02,11,direct_category_weather_holiday,774181582.0,792728676.353013
2025-11-22,2025-12-03,11,direct_category_weather_holiday,779128904.0,799378679.4805082
2025-11-23,2025-12-04,11,direct_category_weather_holiday,780611840.0,813329864.8119315
2025-11-24,2025-12-05,11,direct_category_weather_holiday,790342731.0,810836496.2587752
2025-11-25,2025-12-06,11,direct_category_weather_holiday,783475966.0,804830942.2697222
2025-11-26,2025-12-07,11,direct_category_weather_holiday,769662376.0,778097633.6423304
2025-11-27,2025-12-08,11,direct_category_weather_holiday,781993536.0,796930774.2210284
2025-11-28,2025-12-09,11,direct_category_weather_holiday,790459836.0,803550204.9056679
2025-11-29,2025-12-10,11,direct_category_weather_holiday,793331038.0,792660021.3800056
2025-11-30,2025-12-11,11,direct_category_weather_holiday,792303023.0,786534207.1664686
2025-12-01,2025-12-12,11,direct_category_weather_holiday,805771337.0,795770087.23696
2025-12-02,2025-12-13,11,direct_category_weather_holiday,805919635.0,787095921.6882766
2025-12-03,2025-12-14,11,direct_category_weather_holiday,775261923.0,792181817.187956
2025-12-04,2025-12-15,11,direct_category_weather_holiday,800205024.0,805637316.3787879
2025-12-05,2025-12-16,11,direct_category_weather_holiday,791223092.0,794150791.502548
2025-12-06,2025-12-17,11,direct_category_weather_holiday,797873177.0,793904622.1545002
2025-12-07,2025-12-18,11,direct_category_weather_holiday,807913091.0,801008170.5049231
2025-12-08,2025-12-19,11,direct_category_weather_holiday,813412227.0,801363428.4729965
2025-12-09,2025-12-20,11,direct_category_weather_holiday,800554656.0,783576064.2795057
2025-12-10,2025-12-21,11,direct_category_weather_holiday,775722494.0,779948185.2094095
2025-12-11,2025-12-22,11,direct_category_weather_holiday,800416947.0,801278318.4564259
2025-12-12,2025-12-23,11,direct_category_weather_holiday,805434213.0,792847687.4310485
2025-12-13,2025-12-24,11,direct_category_weather_holiday,803732375.0,792478478.9841415
2025-12-14,2025-12-25,11,direct_category_weather_holiday,824337857.0,808601231.138295
2025-12-15,2025-12-26,11,direct_category_weather_holiday,812520530.0,823358441.4338324
2025-12-16,2025-12-27,11,direct_category_weather_holiday,813024286.0,803094756.3437555
2025-12-17,2025-12-28,11,direct_category_weather_holiday,798511867.0,782357695.8438461
2025-12-18,2025-12-29,11,direct_category_weather_holiday,801303829.0,797540596.0811247
2025-12-19,2025-12-30,11,direct_category_weather_holiday,799723069.0,802916038.1909316
2025-12-20,2025-12-31,11,direct_category_weather_holiday,783373686.0,811972815.2148447
2025-12-21,2026-01-01,11,direct_category_weather_holiday,707758012.0,727446443.2225846
2025-12-22,2026-01-02,11,direct_category_weather_holiday,741910307.0,742619311.4076174
2025-12-23,2026-01-03,11,direct_category_weather_holiday,801935633.0,765166862.5979364
2025-12-24,2026-01-04,11,direct_category_weather_holiday,820839320.0,787313264.7654542
2025-12-25,2026-01-05,11,direct_category_weather_holiday,819629944.0,804240963.6579123
2025-12-26,2026-01-06,11,direct_category_weather_holiday,848208043.0,823022791.0729216
2025-12-27,2026-01-07,11,direct_category_weather_holiday,836618404.0,818685780.1583952
2025-12-28,2026-01-08,11,direct_category_weather_holiday,845715705.0,821320803.0301759
2025-12-29,2026-01-09,11,direct_category_weather_holiday,845779172.0,823346640.8883513
2025-09-19,2025-10-01,12,direct_own_calendar,893877447.0,758120607.0055463
2025-09-20,2025-10-02,12,direct_own_calendar,877524402.0,757589023.1889883
2025-09-21,2025-10-03,12,direct_own_calendar,906128774.0,757285873.4746792
2025-09-22,2025-10-04,12,direct_own_calendar,947397946.0,755216909.6958385
2025-09-23,2025-10-05,12,direct_own_calendar,967898095.0,725780689.133031
2025-09-24,2025-10-06,12,direct_own_calendar,909397624.0,718283873.0294853
2025-09-25,2025-10-07,12,direct_own_calendar,958058211.0,718849497.4350406
2025-09-26,2025-10-08,12,direct_own_calendar,1002652065.0,721719759.647619
2025-09-27,2025-10-09,12,direct_own_calendar,1006596066.0,877919679.8141608
2025-09-28,2025-10-10,12,direct_own_calendar,988218980.0,884292825.5842134
2025-09-29,2025-10-11,12,direct_own_calendar,993216057.0,861802723.2381934
2025-09-30,2025-10-12,12,direct_own_calendar,982996119.0,893629088.9519573
2025-10-01,2025-10-13,12,direct_own_calendar,994158096.0,881158426.3954914
2025-10-02,2025-10-14,12,direct_own_calendar,999440675.0,855956583.9511209
2025-10-03,2025-10-15,12,direct_own_calendar,979563855.0,852189414.4883175
2025-10-04,2025-10-16,12,direct_own_calendar,973453600.0,857912283.0069978
2025-10-05,2025-10-17,12,direct_own_calendar,976535370.0,876035707.163208
2025-10-06,2025-10-18,12,direct_own_calendar,976325746.0,884982064.708252
2025-10-07,2025-10-19,12,direct_own_calendar,896789087.0,862059869.2696636
2025-10-08,2025-10-20,12,direct_own_calendar,853624251.0,877198358.2833524
2025-10-09,2025-10-21,12,direct_own_calendar,795444895.0,875031407.6791712
2025-10-10,2025-10-22,12,direct_own_calendar,783518576.0,871542002.5911751
2025-10-11,2025-10-23,12,direct_own_calendar,783134792.0,872745578.3315903
2025-10-12,2025-10-24,12,direct_own_calendar,786285205.0,882342578.0103197
2025-10-13,2025-10-25,12,direct_own_calendar,787344834.0,878140081.56935
2025-10-14,2025-10-26,12,direct_own_calendar,788309358.0,870859069.5600998
2025-10-15,2025-10-27,12,direct_own_calendar,788347388.0,891002127.6816082
2025-10-16,2025-10-28,12,direct_own_calendar,803213606.0,883594582.5326867
2025-10-17,2025-10-29,12,direct_own_calendar,791815205.0,881019796.3911626
2025-10-18,2025-10-30,12,direct_own_calendar,801523722.0,881889405.3995849
2025-10-19,2025-10-31,12,direct_own_calendar,806599754.0,885871944.1549484
2025-10-20,2025-11-01,12,direct_own_calendar,760921367.0,865177370.8448399
2025-10-21,2025-11-02,12,direct_own_calendar,744828378.0,839287253.5390269
2025-10-22,2025-11-03,12,direct_own_calendar,780447693.0,840060624.5599853
2025-10-23,2025-11-04,12,direct_own_calendar,782600645.0,831397051.7564944
2025-10-24,2025-11-05,12,direct_own_calendar,784108702.0,816861665.8707416
2025-10-25,2025-11-06,12,direct_own_calendar,789959014.0,816573975.9837204
2025-10-26,2025-11-07,12,direct_own_calendar,808798324.0,822835188.1673249
2025-10-27,2025-11-08,12,direct_own_calendar,816286170.0,818133528.7170178
2025-10-28,2025-11-09,12,direct_own_calendar,794671570.0,795190592.8551488
2025-10-29,2025-11-10,12,direct_own_calendar,803150509.0,804112858.0144485
2025-10-30,2025-11-11,12,direct_own_calendar,811031660.0,799608599.6507058
2025-10-31,2025-11-12,12,direct_own_calendar,800371284.0,800163005.8728963
2025-11-01,2025-11-13,12,direct_own_calendar,795412883.0,798921162.0996201
2025-11-02,2025-11-14,12,direct_own_calendar,784929625.0,801279855.9590693
2025-11-03,2025-11-15,12,direct_own_calendar,771969074.0,796681569.712288
2025-11-04,2025-11-16,12,direct_own_calendar,748102925.0,787513869.4887121
2025-11-05,2025-11-17,12,direct_own_calendar,784946049.0,800383787.7390265
2025-11-06,2025-11-18,12,direct_own_calendar,802372785.0,799691008.3864436
2025-11-07,2025-11-19,12,direct_own_calendar,785536331.0,795173387.0320548
2025-11-08,2025-11-20,12,direct_own_calendar,789566797.0,798265934.387315
2025-11-09,2025-11-21,12,direct_own_calendar,781713368.0,806983381.8057783
2025-11-10,2025-11-22,12,direct_own_calendar,777234266.0,802503511.0626339
2025-11-11,2025-11-23,12,direct_own_calendar,763587139.0,789680697.9405128
2025-11-12,2025-11-24,12,direct_own_calendar,787419759.0,804411080.1421163
2025-11-13,2025-11-25,12,direct_own_calendar,779113247.0,801955772.6869361
2025-11-14,2025-11-26,12,direct_own_calendar,779056661.0,800918616.4223711
2025-11-15,2025-11-27,12,direct_own_calendar,785923784.0,803349015.2877018
2025-11-16,2025-11-28,12,direct_own_calendar,793532772.0,801463825.3061085
2025-11-17,2025-11-29,12,direct_own_calendar,775439198.0,790033338.6763479
2025-11-18,2025-11-30,12,direct_own_calendar,752415007.0,775234964.9596558
2025-11-19,2025-12-01,12,direct_own_calendar,752093794.0,787088361.4928402
2025-11-20,2025-12-02,12,direct_own_calendar,774181582.0,784166342.2725675
2025-11-21,2025-12-03,12,direct_own_calendar,779128904.0,781904171.9411533
2025-11-22,2025-12-04,12,direct_own_calendar,780611840.0,780188457.1664566
2025-11-23,2025-12-05,12,direct_own_calendar,790342731.0,785232494.205826
2025-11-24,2025-12-06,12,direct_own_calendar,783475966.0,779273620.3530041
2025-11-25,2025-12-07,12,direct_own_calendar,769662376.0,767594129.2968957
2025-11-26,2025-12-08,12,direct_own_calendar,781993536.0,775749246.9647546
2025-11-27,2025-12-09,12,direct_own_calendar,790459836.0,778793638.212127
2025-11-28,2025-12-10,12,direct_own_calendar,793331038.0,775725549.3826872
2025-11-29,2025-12-11,12,direct_own_calendar,792303023.0,776421220.3241237
2025-11-30,2025-12-12,12,direct_own_calendar,805771337.0,776210456.7357475
2025-12-01,2025-12-13,12,direct_own_calendar,805919635.0,769450488.6192111
2025-12-02,2025-12-14,12,direct_own_calendar,775261923.0,753110293.298716
2025-12-03,2025-12-15,12,direct_own_calendar,800205024.0,771175189.3736831
2025-12-04,2025-12-16,12,direct_own_calendar,791223092.0,770384542.4936472
2025-12-05,2025-12-17,12,direct_own_calendar,797873177.0,767487169.0045924
2025-12-06,2025-12-18,12,direct_own_calendar,807913091.0,771385675.625729
2025-12-07,2025-12-19,12,direct_own_calendar,813412227.0,775135524.0043377
2025-12-08,2025-12-20,12,direct_own_calendar,800554656.0,772345651.9563173
2025-12-09,2025-12-21,12,direct_own_calendar,775722494.0,758987738.5101926
2025-12-10,2025-12-22,12,direct_own_calendar,800416947.0,772661332.8118575
2025-12-11,2025-12-23,12,direct_own_calendar,805434213.0,771512490.1022251
2025-12-12,2025-12-24,12,direct_own_calendar,803732375.0,769412559.6189147
2025-12-13,2025-12-25,12,direct_own_calendar,824337857.0,772332895.7653546
2025-12-14,2025-12-26,12,direct_own_calendar,812520530.0,777660107.7700268
2025-12-15,2025-12-27,12,direct_own_calendar,813024286.0,771953507.2317454
2025-12-16,2025-12-28,12,direct_own_calendar,798511867.0,759851006.3470893
2025-12-17,2025-12-29,12,direct_own_calendar,801303829.0,771207017.4706006
2025-12-18,2025-12-30,12,direct_own_calendar,799723069.0,774522774.1671637
2025-12-19,2025-12-31,12,direct_own_calendar,783373686.0,774102174.7940593
2025-12-20,2026-01-01,12,direct_own_calendar,707758012.0,678773837.7985896
2025-12-21,2026-01-02,12,direct_own_calendar,741910307.0,679491265.7632669
2025-12-22,2026-01-03,12,direct_own_calendar,801935633.0,697317852.5610533
2025-12-23,2026-01-04,12,direct_own_calendar,820839320.0,731674892.3817694
2025-12-24,2026-01-05,12,direct_own_calendar,819629944.0,772090106.7473224
2025-12-25,2026-01-06,12,direct_own_calendar,848208043.0,770844172.2033811
2025-12-26,2026-01-07,12,direct_own_calendar,836618404.0,768502322.220575
2025-12-27,2026-01-08,12,direct_own_calendar,845715705.0,766081173.8735423
2025-12-28,2026-01-09,12,direct_own_calendar,845779172.0,772166366.1201493
2025-09-19,2025-10-01,12,direct_own_weather_holiday,893877447.0,846111046.3727127
2025-09-20,2025-10-02,12,direct_own_weather_holiday,877524402.0,837679764.4613278
2025-09-21,2025-10-03,12,direct_own_weather_holiday,906128774.0,831135765.9594165
2025-09-22,2025-10-04,12,direct_own_weather_holiday,947397946.0,839452821.4889115
2025-09-23,2025-10-05,12,direct_own_weather_holiday,967898095.0,818116779.7647151
2025-09-24,2025-10-06,12,direct_own_weather_holiday,909397624.0,814457114.1453885
2025-09-25,2025-10-07,12,direct_own_weather_holiday,958058211.0,808581889.288123
2025-09-26,2025-10-08,12,direct_own_weather_holiday,1002652065.0,804407765.2362791
2025-09-27,2025-10-09,12,direct_own_weather_holiday,1006596066.0,917327055.3243632
2025-09-28,2025-10-10,12,direct_own_weather_holiday,988218980.0,906692484.3391124
2025-09-29,2025-10-11,12,direct_own_weather_holiday,993216057.0,906277309.0632902
2025-09-30,2025-10-12,12,direct_own_weather_holiday,982996119.0,902609418.9640989
2025-10-01,2025-10-13,12,direct_own_weather_holiday,994158096.0,908515336.1878777
2025-10-02,2025-10-14,12,direct_own_weather_holiday,999440675.0,878483656.5224345
2025-10-03,2025-10-15,12,direct_own_weather_holiday,979563855.0,873530752.5337774
2025-10-04,2025-10-16,12,direct_own_weather_holiday,973453600.0,872861185.1163405
2025-10-05,2025-10-17,12,direct_own_weather_holiday,976535370.0,884658590.0268565
2025-10-06,2025-10-18,12,direct_own_weather_holiday,976325746.0,885394897.1956205
2025-10-07,2025-10-19,12,direct_own_weather_holiday,896789087.0,839943169.9677068
2025-10-08,2025-10-20,12,direct_own_weather_holiday,853624251.0,795514077.9990529
2025-10-09,2025-10-21,12,direct_own_weather_holiday,795444895.0,785078936.8835593
2025-10-10,2025-10-22,12,direct_own_weather_holiday,783518576.0,785755625.2904246
2025-10-11,2025-10-23,12,direct_own_weather_holiday,783134792.0,791161615.8515763
2025-10-12,2025-10-24,12,direct_own_weather_holiday,786285205.0,796858885.2697546
2025-10-13,2025-10-25,12,direct_own_weather_holiday,787344834.0,795657905.2485324
2025-10-14,2025-10-26,12,direct_own_weather_holiday,788309358.0,789046198.6596273
2025-10-15,2025-10-27,12,direct_own_weather_holiday,788347388.0,805992937.7461165
2025-10-16,2025-10-28,12,direct_own_weather_holiday,803213606.0,797082462.4589196
2025-10-17,2025-10-29,12,direct_own_weather_holiday,791815205.0,799544574.7638322
2025-10-18,2025-10-30,12,direct_own_weather_holiday,801523722.0,809801986.8932067
2025-10-19,2025-10-31,12,direct_own_weather_holiday,806599754.0,811681214.0225977
2025-10-20,2025-11-01,12,direct_own_weather_holiday,760921367.0,788138579.2526356
2025-10-21,2025-11-02,12,direct_own_weather_holiday,744828378.0,765179029.1178291
2025-10-22,2025-11-03,12,direct_own_weather_holiday,780447693.0,767269441.9496963
2025-10-23,2025-11-04,12,direct_own_weather_holiday,782600645.0,751430679.045333
2025-10-24,2025-11-05,12,direct_own_weather_holiday,784108702.0,748228329.391173
2025-10-25,2025-11-06,12,direct_own_weather_holiday,789959014.0,758112905.6300894
2025-10-26,2025-11-07,12,direct_own_weather_holiday,808798324.0,769233171.2259682
2025-10-27,2025-11-08,12,direct_own_weather_holiday,816286170.0,770876899.2832402
2025-10-28,2025-11-09,12,direct_own_weather_holiday,794671570.0,749091984.5629281
2025-10-29,2025-11-10,12,direct_own_weather_holiday,803150509.0,753905289.3754983
2025-10-30,2025-11-11,12,direct_own_weather_holiday,811031660.0,744286766.9382179
2025-10-31,2025-11-12,12,direct_own_weather_holiday,800371284.0,746486929.330706
2025-11-01,2025-11-13,12,direct_own_weather_holiday,795412883.0,746158578.3951967
2025-11-02,2025-11-14,12,direct_own_weather_holiday,784929625.0,755645292.3257887
2025-11-03,2025-11-15,12,direct_own_weather_holiday,771969074.0,741894126.0583141
2025-11-04,2025-11-16,12,direct_own_weather_holiday,748102925.0,729542170.4846419
2025-11-05,2025-11-17,12,direct_own_weather_holiday,784946049.0,750498014.0128905
2025-11-06,2025-11-18,12,direct_own_weather_holiday,802372785.0,767860713.7612311
2025-11-07,2025-11-19,12,direct_own_weather_holiday,785536331.0,779256931.2184663
2025-11-08,2025-11-20,12,direct_own_weather_holiday,789566797.0,776604768.6358018
2025-11-09,2025-11-21,12,direct_own_weather_holiday,781713368.0,774796389.5106946
2025-11-10,2025-11-22,12,direct_own_weather_holiday,777234266.0,765979746.3816658
2025-11-11,2025-11-23,12,direct_own_weather_holiday,763587139.0,746827604.1003486
2025-11-12,2025-11-24,12,direct_own_weather_holiday,787419759.0,766517798.1398118
2025-11-13,2025-11-25,12,direct_own_weather_holiday,779113247.0,775886585.0650885
2025-11-14,2025-11-26,12,direct_own_weather_holiday,779056661.0,780572730.6488945
2025-11-15,2025-11-27,12,direct_own_weather_holiday,785923784.0,782940975.7786491
2025-11-16,2025-11-28,12,direct_own_weather_holiday,793532772.0,785895018.0023783
2025-11-17,2025-11-29,12,direct_own_weather_holiday,775439198.0,759354829.155595
2025-11-18,2025-11-30,12,direct_own_weather_holiday,752415007.0,745445977.6991662
2025-11-19,2025-12-01,12,direct_own_weather_holiday,752093794.0,758063552.3470268
2025-11-20,2025-12-02,12,direct_own_weather_holiday,774181582.0,754414718.252173
2025-11-21,2025-12-03,12,direct_own_weather_holiday,779128904.0,764142029.4286599
2025-11-22,2025-12-04,12,direct_own_weather_holiday,780611840.0,771863070.5837692
2025-11-23,2025-12-05,12,direct_own_weather_holiday,790342731.0,768197453.9583958
2025-11-24,2025-12-06,12,direct_own_weather_holiday,783475966.0,753008279.2143797
2025-11-25,2025-12-07,12,direct_own_weather_holiday,769662376.0,736798084.223437
2025-11-26,2025-12-08,12,direct_own_weather_holiday,781993536.0,755684281.8187505
2025-11-27,2025-12-09,12,direct_own_weather_holiday,790459836.0,764290743.68578
2025-11-28,2025-12-10,12,direct_own_weather_holiday,793331038.0,756819603.5325514
2025-11-29,2025-12-11,12,direct_own_weather_holiday,792303023.0,757433673.6979655
2025-11-30,2025-12-12,12,direct_own_weather_holiday,805771337.0,763566752.8735718
2025-12-01,2025-12-13,12,direct_own_weather_holiday,805919635.0,748502261.741928
2025-12-02,2025-12-14,12,direct_own_weather_holiday,775261923.0,755023036.6060988
2025-12-03,2025-12-15,12,direct_own_weather_holiday,800205024.0,765700965.1691906
2025-12-04,2025-12-16,12,direct_own_weather_holiday,791223092.0,758100086.7575314
2025-12-05,2025-12-17,12,direct_own_weather_holiday,797873177.0,760542036.1500131
2025-12-06,2025-12-18,12,direct_own_weather_holiday,807913091.0,768616832.2696264
2025-12-07,2025-12-19,12,direct_own_weather_holiday,813412227.0,762750373.7130812
2025-12-08,2025-12-20,12,direct_own_weather_holiday,800554656.0,755148208.8930683
2025-12-09,2025-12-21,12,direct_own_weather_holiday,775722494.0,746992118.0846511
2025-12-10,2025-12-22,12,direct_own_weather_holiday,800416947.0,765875738.8455414
2025-12-11,2025-12-23,12,direct_own_weather_holiday,805434213.0,758968832.5751029
2025-12-12,2025-12-24,12,direct_own_weather_holiday,803732375.0,761176706.7355587
2025-12-13,2025-12-25,12,direct_own_weather_holiday,824337857.0,770500914.6201013
2025-12-14,2025-12-26,12,direct_own_weather_holiday,812520530.0,794403786.6455042
2025-12-15,2025-12-27,12,direct_own_weather_holiday,813024286.0,772340881.6772141
2025-12-16,2025-12-28,12,direct_own_weather_holiday,798511867.0,756278185.1733568
2025-12-17,2025-12-29,12,direct_own_weather_holiday,801303829.0,767558548.8610848
2025-12-18,2025-12-30,12,direct_own_weather_holiday,799723069.0,771936025.7695361
2025-12-19,2025-12-31,12,direct_own_weather_holiday,783373686.0,780181883.4039226
2025-12-20,2026-01-01,12,direct_own_weather_holiday,707758012.0,694727272.6669846
2025-12-21,2026-01-02,12,direct_own_weather_holiday,741910307.0,703052926.2275487
2025-12-22,2026-01-03,12,direct_own_weather_holiday,801935633.0,727748716.9104898
2025-12-23,2026-01-04,12,direct_own_weather_holiday,820839320.0,744075160.412867
2025-12-24,2026-01-05,12,direct_own_weather_holiday,819629944.0,772931942.362001
2025-12-25,2026-01-06,12,direct_own_weather_holiday,848208043.0,784014272.3049968
2025-12-26,2026-01-07,12,direct_own_weather_holiday,836618404.0,788080413.2765759
2025-12-27,2026-01-08,12,direct_own_weather_holiday,845715705.0,788312006.0184512
2025-12-28,2026-01-09,12,direct_own_weather_holiday,845779172.0,790081197.3682418
2025-09-19,2025-10-01,12,direct_category_weather_holiday,893877447.0,879101485.1909798
2025-09-20,2025-10-02,12,direct_category_weather_holiday,877524402.0,879799978.8895009
2025-09-21,2025-10-03,12,direct_category_weather_holiday,906128774.0,874167201.7317958
2025-09-22,2025-10-04,12,direct_category_weather_holiday,947397946.0,872101855.2494199
2025-09-23,2025-10-05,12,direct_category_weather_holiday,967898095.0,861639376.7242217
2025-09-24,2025-10-06,12,direct_category_weather_holiday,909397624.0,868782795.1388932
2025-09-25,2025-10-07,12,direct_category_weather_holiday,958058211.0,859492187.1765978
2025-09-26,2025-10-08,12,direct_category_weather_holiday,1002652065.0,848063180.9689206
2025-09-27,2025-10-09,12,direct_category_weather_holiday,1006596066.0,944074221.927328
2025-09-28,2025-10-10,12,direct_category_weather_holiday,988218980.0,926173300.2909591
2025-09-29,2025-10-11,12,direct_category_weather_holiday,993216057.0,937382326.4568294
2025-09-30,2025-10-12,12,direct_category_weather_holiday,982996119.0,938301116.0108902
2025-10-01,2025-10-13,12,direct_category_weather_holiday,994158096.0,947283891.7347826
2025-10-02,2025-10-14,12,direct_category_weather_holiday,999440675.0,914003750.3465728
2025-10-03,2025-10-15,12,direct_category_weather_holiday,979563855.0,901432882.7118087
2025-10-04,2025-10-16,12,direct_category_weather_holiday,973453600.0,900836572.4399136
2025-10-05,2025-10-17,12,direct_category_weather_holiday,976535370.0,902921813.9286001
2025-10-06,2025-10-18,12,direct_category_weather_holiday,976325746.0,909862816.747815
2025-10-07,2025-10-19,12,direct_category_weather_holiday,896789087.0,870333712.4021733
2025-10-08,2025-10-20,12,direct_category_weather_holiday,853624251.0,840930616.4024882
2025-10-09,2025-10-21,12,direct_category_weather_holiday,795444895.0,821310075.5958467
2025-10-10,2025-10-22,12,direct_category_weather_holiday,783518576.0,820468810.8326629
2025-10-11,2025-10-23,12,direct_category_weather_holiday,783134792.0,821825787.7993082
2025-10-12,2025-10-24,12,direct_category_weather_holiday,786285205.0,836479264.994948
2025-10-13,2025-10-25,12,direct_category_weather_holiday,787344834.0,856506018.371484
2025-10-14,2025-10-26,12,direct_category_weather_holiday,788309358.0,828061689.9354717
2025-10-15,2025-10-27,12,direct_category_weather_holiday,788347388.0,848578047.4231217
2025-10-16,2025-10-28,12,direct_category_weather_holiday,803213606.0,827074487.1517373
2025-10-17,2025-10-29,12,direct_category_weather_holiday,791815205.0,829404009.3061182
2025-10-18,2025-10-30,12,direct_category_weather_holiday,801523722.0,843158075.032079
2025-10-19,2025-10-31,12,direct_category_weather_holiday,806599754.0,849354333.8759227
2025-10-20,2025-11-01,12,direct_category_weather_holiday,760921367.0,833088741.8751718
2025-10-21,2025-11-02,12,direct_category_weather_holiday,744828378.0,816089679.5125937
2025-10-22,2025-11-03,12,direct_category_weather_holiday,780447693.0,823642412.8430961
2025-10-23,2025-11-04,12,direct_category_weather_holiday,782600645.0,812485210.3861126
2025-10-24,2025-11-05,12,direct_category_weather_holiday,784108702.0,803949896.155914
2025-10-25,2025-11-06,12,direct_category_weather_holiday,789959014.0,812150954.524484
2025-10-26,2025-11-07,12,direct_category_weather_holiday,808798324.0,818373463.2336333
2025-10-27,2025-11-08,12,direct_category_weather_holiday,816286170.0,820786863.5102135
2025-10-28,2025-11-09,12,direct_category_weather_holiday,794671570.0,800202445.210752
2025-10-29,2025-11-10,12,direct_category_weather_holiday,803150509.0,819645203.7697287
2025-10-30,2025-11-11,12,direct_category_weather_holiday,811031660.0,801882274.7649765
2025-10-31,2025-11-12,12,direct_category_weather_holiday,800371284.0,799136631.2565814
2025-11-01,2025-11-13,12,direct_category_weather_holiday,795412883.0,793379020.8981483
2025-11-02,2025-11-14,12,direct_category_weather_holiday,784929625.0,792249098.9703298
2025-11-03,2025-11-15,12,direct_category_weather_holiday,771969074.0,787745042.2591449
2025-11-04,2025-11-16,12,direct_category_weather_holiday,748102925.0,769651418.3233905
2025-11-05,2025-11-17,12,direct_category_weather_holiday,784946049.0,785559505.7335588
2025-11-06,2025-11-18,12,direct_category_weather_holiday,802372785.0,800650892.5530773
2025-11-07,2025-11-19,12,direct_category_weather_holiday,785536331.0,811258949.9103178
2025-11-08,2025-11-20,12,direct_category_weather_holiday,789566797.0,815287981.3816179
2025-11-09,2025-11-21,12,direct_category_weather_holiday,781713368.0,806410780.083287
2025-11-10,2025-11-22,12,direct_category_weather_holiday,777234266.0,801407759.1095998
2025-11-11,2025-11-23,12,direct_category_weather_holiday,763587139.0,789962476.421085
2025-11-12,2025-11-24,12,direct_category_weather_holiday,787419759.0,808836089.6222509
2025-11-13,2025-11-25,12,direct_category_weather_holiday,779113247.0,818095585.9356806
2025-11-14,2025-11-26,12,direct_category_weather_holiday,779056661.0,818988893.1846077
2025-11-15,2025-11-27,12,direct_category_weather_holiday,785923784.0,812454663.6388907
2025-11-16,2025-11-28,12,direct_category_weather_holiday,793532772.0,812029229.7289141
2025-11-17,2025-11-29,12,direct_category_weather_holiday,775439198.0,797968701.1556776
2025-11-18,2025-11-30,12,direct_category_weather_holiday,752415007.0,792232367.5089368
2025-11-19,2025-12-01,12,direct_category_weather_holiday,752093794.0,803244645.4019674
2025-11-20,2025-12-02,12,direct_category_weather_holiday,774181582.0,790266771.9953816
2025-11-21,2025-12-03,12,direct_category_weather_holiday,779128904.0,801564844.5387825
2025-11-22,2025-12-04,12,direct_category_weather_holiday,780611840.0,809763676.7988416
2025-11-23,2025-12-05,12,direct_category_weather_holiday,790342731.0,807720115.6321814
2025-11-24,2025-12-06,12,direct_category_weather_holiday,783475966.0,795721413.955537
2025-11-25,2025-12-07,12,direct_category_weather_holiday,769662376.0,783350327.0767198
2025-11-26,2025-12-08,12,direct_category_weather_holiday,781993536.0,799053745.8151562
2025-11-27,2025-12-09,12,direct_category_weather_holiday,790459836.0,803454251.4093633
2025-11-28,2025-12-10,12,direct_category_weather_holiday,793331038.0,793394656.4642769
2025-11-29,2025-12-11,12,direct_category_weather_holiday,792303023.0,792449354.481971
2025-11-30,2025-12-12,12,direct_category_weather_holiday,805771337.0,794560551.3039187
2025-12-01,2025-12-13,12,direct_category_weather_holiday,805919635.0,783800826.1360265
2025-12-02,2025-12-14,12,direct_category_weather_holiday,775261923.0,792509985.6025672
2025-12-03,2025-12-15,12,direct_category_weather_holiday,800205024.0,801415768.368251
2025-12-04,2025-12-16,12,direct_category_weather_holiday,791223092.0,792668847.7833886
2025-12-05,2025-12-17,12,direct_category_weather_holiday,797873177.0,790398078.8556501
2025-12-06,2025-12-18,12,direct_category_weather_holiday,807913091.0,799164713.4954301
2025-12-07,2025-12-19,12,direct_category_weather_holiday,813412227.0,793583564.0430443
2025-12-08,2025-12-20,12,direct_category_weather_holiday,800554656.0,790081291.7744004
2025-12-09,2025-12-21,12,direct_category_weather_holiday,775722494.0,775865437.208864
2025-12-10,2025-12-22,12,direct_category_weather_holiday,800416947.0,798546506.0505244
2025-12-11,2025-12-23,12,direct_category_weather_holiday,805434213.0,792385532.7567723
2025-12-12,2025-12-24,12,direct_category_weather_holiday,803732375.0,789740795.944541
2025-12-13,2025-12-25,12,direct_category_weather_holiday,824337857.0,803461132.3401656
2025-12-14,2025-12-26,12,direct_category_weather_holiday,812520530.0,829035045.4537773
2025-12-15,2025-12-27,12,direct_category_weather_holiday,813024286.0,801005609.8824066
2025-12-16,2025-12-28,12,direct_category_weather_holiday,798511867.0,783294155.0797895
2025-12-17,2025-12-29,12,direct_category_weather_holiday,801303829.0,792167517.6366732
2025-12-18,2025-12-30,12,direct_category_weather_holiday,799723069.0,797104628.784906
2025-12-19,2025-12-31,12,direct_category_weather_holiday,783373686.0,806384045.3589008
2025-12-20,2026-01-01,12,direct_category_weather_holiday,707758012.0,730125112.0248326
2025-12-21,2026-01-02,12,direct_category_weather_holiday,741910307.0,737305963.5420848
2025-12-22,2026-01-03,12,direct_category_weather_holiday,801935633.0,762002878.2164843
2025-12-23,2026-01-04,12,direct_category_weather_holiday,820839320.0,786691471.2679266
2025-12-24,2026-01-05,12,direct_category_weather_holiday,819629944.0,804990863.0328637
2025-12-25,2026-01-06,12,direct_category_weather_holiday,848208043.0,815726717.9266126
2025-12-26,2026-01-07,12,direct_category_weather_holiday,836618404.0,824501855.1295493
2025-12-27,2026-01-08,12,direct_category_weather_holiday,845715705.0,816872562.350663
2025-12-28,2026-01-09,12,direct_category_weather_holiday,845779172.0,819681574.413539
2025-09-18,2025-10-01,13,direct_own_calendar,893877447.0,752724739.7157649
2025-09-19,2025-10-02,13,direct_own_calendar,877524402.0,756504733.5980158
2025-09-20,2025-10-03,13,direct_own_calendar,906128774.0,760071155.5362537
2025-09-21,2025-10-04,13,direct_own_calendar,947397946.0,770018303.2895252
2025-09-22,2025-10-05,13,direct_own_calendar,967898095.0,737957374.4819992
2025-09-23,2025-10-06,13,direct_own_calendar,909397624.0,713712463.4130875
2025-09-24,2025-10-07,13,direct_own_calendar,958058211.0,712243176.7449679
2025-09-25,2025-10-08,13,direct_own_calendar,1002652065.0,711193163.58399
2025-09-26,2025-10-09,13,direct_own_calendar,1006596066.0,874655099.472941
2025-09-27,2025-10-10,13,direct_own_calendar,988218980.0,876628673.145472
2025-09-28,2025-10-11,13,direct_own_calendar,993216057.0,847626280.5314076
2025-09-29,2025-10-12,13,direct_own_calendar,982996119.0,890892119.7077602
2025-09-30,2025-10-13,13,direct_own_calendar,994158096.0,905046271.7770665
2025-10-01,2025-10-14,13,direct_own_calendar,999440675.0,878968265.9716171
2025-10-02,2025-10-15,13,direct_own_calendar,979563855.0,853051101.7014098
2025-10-03,2025-10-16,13,direct_own_calendar,973453600.0,849929638.5107751
2025-10-04,2025-10-17,13,direct_own_calendar,976535370.0,856940010.6620374
2025-10-05,2025-10-18,13,direct_own_calendar,976325746.0,865616038.2669288
2025-10-06,2025-10-19,13,direct_own_calendar,896789087.0,867532778.5463452
2025-10-07,2025-10-20,13,direct_own_calendar,853624251.0,878072164.6724664
2025-10-08,2025-10-21,13,direct_own_calendar,795444895.0,873928165.0696745
2025-10-09,2025-10-22,13,direct_own_calendar,783518576.0,866876654.8444144
2025-10-10,2025-10-23,13,direct_own_calendar,783134792.0,869847116.4532324
2025-10-11,2025-10-24,13,direct_own_calendar,786285205.0,874378466.8912598
2025-10-12,2025-10-25,13,direct_own_calendar,787344834.0,871226487.7290143
2025-10-13,2025-10-26,13,direct_own_calendar,788309358.0,859181360.7373039
2025-10-14,2025-10-27,13,direct_own_calendar,788347388.0,879496756.7572362
2025-10-15,2025-10-28,13,direct_own_calendar,803213606.0,887974047.0615845
2025-10-16,2025-10-29,13,direct_own_calendar,791815205.0,878497461.8031105
2025-10-17,2025-10-30,13,direct_own_calendar,801523722.0,880490236.95622
2025-10-18,2025-10-31,13,direct_own_calendar,806599754.0,882671169.2740736
2025-10-19,2025-11-01,13,direct_own_calendar,760921367.0,876399087.7541814
2025-10-20,2025-11-02,13,direct_own_calendar,744828378.0,854046124.2516284
2025-10-21,2025-11-03,13,direct_own_calendar,780447693.0,852186002.7469171
2025-10-22,2025-11-04,13,direct_own_calendar,782600645.0,836843354.2316698
2025-10-23,2025-11-05,13,direct_own_calendar,784108702.0,820394175.0841067
2025-10-24,2025-11-06,13,direct_own_calendar,789959014.0,811270113.9772158
2025-10-25,2025-11-07,13,direct_own_calendar,808798324.0,814035507.9879575
2025-10-26,2025-11-08,13,direct_own_calendar,816286170.0,811313568.7362721
2025-10-27,2025-11-09,13,direct_own_calendar,794671570.0,798500141.0005727
2025-10-28,2025-11-10,13,direct_own_calendar,803150509.0,805384848.0661508
2025-10-29,2025-11-11,13,direct_own_calendar,811031660.0,801056574.7781006
2025-10-30,2025-11-12,13,direct_own_calendar,800371284.0,794030770.9170219
2025-10-31,2025-11-13,13,direct_own_calendar,795412883.0,797987149.4142588
2025-11-01,2025-11-14,13,direct_own_calendar,784929625.0,798941623.819733
2025-11-02,2025-11-15,13,direct_own_calendar,771969074.0,795870851.1894882
2025-11-03,2025-11-16,13,direct_own_calendar,748102925.0,784050486.9343202
2025-11-04,2025-11-17,13,direct_own_calendar,784946049.0,801725080.8805375
2025-11-05,2025-11-18,13,direct_own_calendar,802372785.0,800908989.2270452
2025-11-06,2025-11-19,13,direct_own_calendar,785536331.0,795488543.1991426
2025-11-07,2025-11-20,13,direct_own_calendar,789566797.0,796126685.8885534
2025-11-08,2025-11-21,13,direct_own_calendar,781713368.0,801760478.2071027
2025-11-09,2025-11-22,13,direct_own_calendar,777234266.0,800516305.7933099
2025-11-10,2025-11-23,13,direct_own_calendar,763587139.0,788581375.7699071
2025-11-11,2025-11-24,13,direct_own_calendar,787419759.0,801693102.4448329
2025-11-12,2025-11-25,13,direct_own_calendar,779113247.0,801583218.6314085
2025-11-13,2025-11-26,13,direct_own_calendar,779056661.0,795031385.8338776
2025-11-14,2025-11-27,13,direct_own_calendar,785923784.0,798238424.4139088
2025-11-15,2025-11-28,13,direct_own_calendar,793532772.0,805357678.0964152
2025-11-16,2025-11-29,13,direct_own_calendar,775439198.0,795190275.5270059
2025-11-17,2025-11-30,13,direct_own_calendar,752415007.0,775499931.4880514
2025-11-18,2025-12-01,13,direct_own_calendar,752093794.0,787233174.6913661
2025-11-19,2025-12-02,13,direct_own_calendar,774181582.0,785666157.570677
2025-11-20,2025-12-03,13,direct_own_calendar,779128904.0,780451198.1183642
2025-11-21,2025-12-04,13,direct_own_calendar,780611840.0,781895367.2484518
2025-11-22,2025-12-05,13,direct_own_calendar,790342731.0,783648352.8112394
2025-11-23,2025-12-06,13,direct_own_calendar,783475966.0,778962420.9215914
2025-11-24,2025-12-07,13,direct_own_calendar,769662376.0,764634973.1882024
2025-11-25,2025-12-08,13,direct_own_calendar,781993536.0,779005326.4909611
2025-11-26,2025-12-09,13,direct_own_calendar,790459836.0,774778934.559483
2025-11-27,2025-12-10,13,direct_own_calendar,793331038.0,773018818.1672406
2025-11-28,2025-12-11,13,direct_own_calendar,792303023.0,775521201.9901531
2025-11-29,2025-12-12,13,direct_own_calendar,805771337.0,780836081.2580909
2025-11-30,2025-12-13,13,direct_own_calendar,805919635.0,772997588.4350625
2025-12-01,2025-12-14,13,direct_own_calendar,775261923.0,755992410.9950812
2025-12-02,2025-12-15,13,direct_own_calendar,800205024.0,766515515.0684618
2025-12-03,2025-12-16,13,direct_own_calendar,791223092.0,768824666.9439235
2025-12-04,2025-12-17,13,direct_own_calendar,797873177.0,764481627.2858087
2025-12-05,2025-12-18,13,direct_own_calendar,807913091.0,767362344.647013
2025-12-06,2025-12-19,13,direct_own_calendar,813412227.0,774222943.632853
2025-12-07,2025-12-20,13,direct_own_calendar,800554656.0,769572690.8152575
2025-12-08,2025-12-21,13,direct_own_calendar,775722494.0,758016259.770397
2025-12-09,2025-12-22,13,direct_own_calendar,800416947.0,771824842.262041
2025-12-10,2025-12-23,13,direct_own_calendar,805434213.0,770667774.1167496
2025-12-11,2025-12-24,13,direct_own_calendar,803732375.0,765364195.4434168
2025-12-12,2025-12-25,13,direct_own_calendar,824337857.0,768854911.3711799
2025-12-13,2025-12-26,13,direct_own_calendar,812520530.0,775225766.6569427
2025-12-14,2025-12-27,13,direct_own_calendar,813024286.0,772436480.3955705
2025-12-15,2025-12-28,13,direct_own_calendar,798511867.0,759670871.4499161
2025-12-16,2025-12-29,13,direct_own_calendar,801303829.0,771932165.1901962
2025-12-17,2025-12-30,13,direct_own_calendar,799723069.0,770088629.5018895
2025-12-18,2025-12-31,13,direct_own_calendar,783373686.0,768165603.047518
2025-12-19,2026-01-01,13,direct_own_calendar,707758012.0,676760217.1215328
2025-12-20,2026-01-02,13,direct_own_calendar,741910307.0,681283713.8957672
2025-12-21,2026-01-03,13,direct_own_calendar,801935633.0,694728277.3446518
2025-12-22,2026-01-04,13,direct_own_calendar,820839320.0,730632360.5828892
2025-12-23,2026-01-05,13,direct_own_calendar,819629944.0,770669540.6095295
2025-12-24,2026-01-06,13,direct_own_calendar,848208043.0,769777939.760808
2025-12-25,2026-01-07,13,direct_own_calendar,836618404.0,764538336.0150436
2025-12-26,2026-01-08,13,direct_own_calendar,845715705.0,765913118.3486
2025-12-27,2026-01-09,13,direct_own_calendar,845779172.0,769081520.2359855
2025-09-18,2025-10-01,13,direct_own_weather_holiday,893877447.0,842651749.9567355
2025-09-19,2025-10-02,13,direct_own_weather_holiday,877524402.0,837042467.932037
2025-09-20,2025-10-03,13,direct_own_weather_holiday,906128774.0,834213179.3938801
2025-09-21,2025-10-04,13,direct_own_weather_holiday,947397946.0,853236034.7224685
2025-09-22,2025-10-05,13,direct_own_weather_holiday,967898095.0,830378284.1779027
2025-09-23,2025-10-06,13,direct_own_weather_holiday,909397624.0,812224479.8706069
2025-09-24,2025-10-07,13,direct_own_weather_holiday,958058211.0,804104260.2508863
2025-09-25,2025-10-08,13,direct_own_weather_holiday,1002652065.0,797553544.3606446
2025-09-26,2025-10-09,13,direct_own_weather_holiday,1006596066.0,915792478.5768719
2025-09-27,2025-10-10,13,direct_own_weather_holiday,988218980.0,901113742.6074338
2025-09-28,2025-10-11,13,direct_own_weather_holiday,993216057.0,896043821.260559
2025-09-29,2025-10-12,13,direct_own_weather_holiday,982996119.0,900620668.4892274
2025-09-30,2025-10-13,13,direct_own_weather_holiday,994158096.0,928640465.6166129
2025-10-01,2025-10-14,13,direct_own_weather_holiday,999440675.0,896060414.3898348
2025-10-02,2025-10-15,13,direct_own_weather_holiday,979563855.0,874205550.6646816
2025-10-03,2025-10-16,13,direct_own_weather_holiday,973453600.0,866541736.4173672
2025-10-04,2025-10-17,13,direct_own_weather_holiday,976535370.0,870415369.5509462
2025-10-05,2025-10-18,13,direct_own_weather_holiday,976325746.0,870717468.48662
2025-10-06,2025-10-19,13,direct_own_weather_holiday,896789087.0,843217890.2459431
2025-10-07,2025-10-20,13,direct_own_weather_holiday,853624251.0,797348236.259224
2025-10-08,2025-10-21,13,direct_own_weather_holiday,795444895.0,784886868.9068041
2025-10-09,2025-10-22,13,direct_own_weather_holiday,783518576.0,781229589.78871
2025-10-10,2025-10-23,13,direct_own_weather_holiday,783134792.0,787494285.7187678
2025-10-11,2025-10-24,13,direct_own_weather_holiday,786285205.0,789946168.5744138
2025-10-12,2025-10-25,13,direct_own_weather_holiday,787344834.0,788783710.7893841
2025-10-13,2025-10-26,13,direct_own_weather_holiday,788309358.0,778363461.341809
2025-10-14,2025-10-27,13,direct_own_weather_holiday,788347388.0,796787975.2126436
2025-10-15,2025-10-28,13,direct_own_weather_holiday,803213606.0,800637315.9155462
2025-10-16,2025-10-29,13,direct_own_weather_holiday,791815205.0,795890327.4410225
2025-10-17,2025-10-30,13,direct_own_weather_holiday,801523722.0,808076559.842101
2025-10-18,2025-10-31,13,direct_own_weather_holiday,806599754.0,808576897.8207473
2025-10-19,2025-11-01,13,direct_own_weather_holiday,760921367.0,795938518.3515278
2025-10-20,2025-11-02,13,direct_own_weather_holiday,744828378.0,775503782.9666767
2025-10-21,2025-11-03,13,direct_own_weather_holiday,780447693.0,775451586.6014125
2025-10-22,2025-11-04,13,direct_own_weather_holiday,782600645.0,755612832.6640695
2025-10-23,2025-11-05,13,direct_own_weather_holiday,784108702.0,750373635.6909951
2025-10-24,2025-11-06,13,direct_own_weather_holiday,789959014.0,753072314.5220056
2025-10-25,2025-11-07,13,direct_own_weather_holiday,808798324.0,761756165.9123713
2025-10-26,2025-11-08,13,direct_own_weather_holiday,816286170.0,765665459.1866034
2025-10-27,2025-11-09,13,direct_own_weather_holiday,794671570.0,751447580.6860209
2025-10-28,2025-11-10,13,direct_own_weather_holiday,803150509.0,755267664.9028643
2025-10-29,2025-11-11,13,direct_own_weather_holiday,811031660.0,745183793.3075167
2025-10-30,2025-11-12,13,direct_own_weather_holiday,800371284.0,741435707.2351099
2025-10-31,2025-11-13,13,direct_own_weather_holiday,795412883.0,744946470.4796864
2025-11-01,2025-11-14,13,direct_own_weather_holiday,784929625.0,752601547.5946428
2025-11-02,2025-11-15,13,direct_own_weather_holiday,771969074.0,740087444.8713461
2025-11-03,2025-11-16,13,direct_own_weather_holiday,748102925.0,725718657.5865064
2025-11-04,2025-11-17,13,direct_own_weather_holiday,784946049.0,751036396.0456673
2025-11-05,2025-11-18,13,direct_own_weather_holiday,802372785.0,769532001.8615367
2025-11-06,2025-11-19,13,direct_own_weather_holiday,785536331.0,780020249.0982726
2025-11-07,2025-11-20,13,direct_own_weather_holiday,789566797.0,774393702.6403794
2025-11-08,2025-11-21,13,direct_own_weather_holiday,781713368.0,769925100.3908715
2025-11-09,2025-11-22,13,direct_own_weather_holiday,777234266.0,763783791.7056298
2025-11-10,2025-11-23,13,direct_own_weather_holiday,763587139.0,744690996.9339205
2025-11-11,2025-11-24,13,direct_own_weather_holiday,787419759.0,764375040.5932776
2025-11-12,2025-11-25,13,direct_own_weather_holiday,779113247.0,775498936.0578853
2025-11-13,2025-11-26,13,direct_own_weather_holiday,779056661.0,775505848.9032643
2025-11-14,2025-11-27,13,direct_own_weather_holiday,785923784.0,778108084.4238638
2025-11-15,2025-11-28,13,direct_own_weather_holiday,793532772.0,789354996.0914143
2025-11-16,2025-11-29,13,direct_own_weather_holiday,775439198.0,762272376.2258927
2025-11-17,2025-11-30,13,direct_own_weather_holiday,752415007.0,745524132.1371702
2025-11-18,2025-12-01,13,direct_own_weather_holiday,752093794.0,758353789.313085
2025-11-19,2025-12-02,13,direct_own_weather_holiday,774181582.0,754946362.0081053
2025-11-20,2025-12-03,13,direct_own_weather_holiday,779128904.0,763086778.2616162
2025-11-21,2025-12-04,13,direct_own_weather_holiday,780611840.0,772876599.6927118
2025-11-22,2025-12-05,13,direct_own_weather_holiday,790342731.0,766279329.9842408
2025-11-23,2025-12-06,13,direct_own_weather_holiday,783475966.0,751946994.0172725
2025-11-24,2025-12-07,13,direct_own_weather_holiday,769662376.0,733746993.966936
2025-11-25,2025-12-08,13,direct_own_weather_holiday,781993536.0,758192290.5984643
2025-11-26,2025-12-09,13,direct_own_weather_holiday,790459836.0,761470040.5831805
2025-11-27,2025-12-10,13,direct_own_weather_holiday,793331038.0,754422188.588218
2025-11-28,2025-12-11,13,direct_own_weather_holiday,792303023.0,756231216.1818281
2025-11-29,2025-12-12,13,direct_own_weather_holiday,805771337.0,768030707.4165632
2025-11-30,2025-12-13,13,direct_own_weather_holiday,805919635.0,751778895.7095779
2025-12-01,2025-12-14,13,direct_own_weather_holiday,775261923.0,756871489.3608179
2025-12-02,2025-12-15,13,direct_own_weather_holiday,800205024.0,761530321.0257882
2025-12-03,2025-12-16,13,direct_own_weather_holiday,791223092.0,756088563.0838072
2025-12-04,2025-12-17,13,direct_own_weather_holiday,797873177.0,758137800.8701942
2025-12-05,2025-12-18,13,direct_own_weather_holiday,807913091.0,766096763.0145825
2025-12-06,2025-12-19,13,direct_own_weather_holiday,813412227.0,762798618.1735681
2025-12-07,2025-12-20,13,direct_own_weather_holiday,800554656.0,753535823.9295164
2025-12-08,2025-12-21,13,direct_own_weather_holiday,775722494.0,746750631.2459936
2025-12-09,2025-12-22,13,direct_own_weather_holiday,800416947.0,765695139.5965136
2025-12-10,2025-12-23,13,direct_own_weather_holiday,805434213.0,758420583.1482885
2025-12-11,2025-12-24,13,direct_own_weather_holiday,803732375.0,758635672.0300096
2025-12-12,2025-12-25,13,direct_own_weather_holiday,824337857.0,768974773.8465786
2025-12-13,2025-12-26,13,direct_own_weather_holiday,812520530.0,793508269.9136025
2025-12-14,2025-12-27,13,direct_own_weather_holiday,813024286.0,772186432.826693
2025-12-15,2025-12-28,13,direct_own_weather_holiday,798511867.0,756032120.0764846
2025-12-16,2025-12-29,13,direct_own_weather_holiday,801303829.0,767732517.6887492
2025-12-17,2025-12-30,13,direct_own_weather_holiday,799723069.0,768822634.9228197
2025-12-18,2025-12-31,13,direct_own_weather_holiday,783373686.0,776698567.2430617
2025-12-19,2026-01-01,13,direct_own_weather_holiday,707758012.0,694088120.0030009
2025-12-20,2026-01-02,13,direct_own_weather_holiday,741910307.0,705073738.8618456
2025-12-21,2026-01-03,13,direct_own_weather_holiday,801935633.0,725905413.3348492
2025-12-22,2026-01-04,13,direct_own_weather_holiday,820839320.0,742831114.65574
2025-12-23,2026-01-05,13,direct_own_weather_holiday,819629944.0,772038930.3958071
2025-12-24,2026-01-06,13,direct_own_weather_holiday,848208043.0,783596628.1613843
2025-12-25,2026-01-07,13,direct_own_weather_holiday,836618404.0,785391725.4851309
2025-12-26,2026-01-08,13,direct_own_weather_holiday,845715705.0,787923618.1467117
2025-12-27,2026-01-09,13,direct_own_weather_holiday,845779172.0,787902882.7737745
2025-09-18,2025-10-01,13,direct_category_weather_holiday,893877447.0,874450388.1049137
2025-09-19,2025-10-02,13,direct_category_weather_holiday,877524402.0,872417250.0782962
2025-09-20,2025-10-03,13,direct_category_weather_holiday,906128774.0,877856934.1925993
2025-09-21,2025-10-04,13,direct_category_weather_holiday,947397946.0,899039835.1706338
2025-09-22,2025-10-05,13,direct_category_weather_holiday,967898095.0,867781049.9717698
2025-09-23,2025-10-06,13,direct_category_weather_holiday,909397624.0,862671301.1688251
2025-09-24,2025-10-07,13,direct_category_weather_holiday,958058211.0,861404272.4405859
2025-09-25,2025-10-08,13,direct_category_weather_holiday,1002652065.0,851333224.9993572
2025-09-26,2025-10-09,13,direct_category_weather_holiday,1006596066.0,947224677.1039175
2025-09-27,2025-10-10,13,direct_category_weather_holiday,988218980.0,927929903.4763402
2025-09-28,2025-10-11,13,direct_category_weather_holiday,993216057.0,919617696.613647
2025-09-29,2025-10-12,13,direct_category_weather_holiday,982996119.0,932073482.253863
2025-09-30,2025-10-13,13,direct_category_weather_holiday,994158096.0,964499272.3830764
2025-10-01,2025-10-14,13,direct_category_weather_holiday,999440675.0,936502213.9808425
2025-10-02,2025-10-15,13,direct_category_weather_holiday,979563855.0,910677877.2213964
2025-10-03,2025-10-16,13,direct_category_weather_holiday,973453600.0,897099663.3924476
2025-10-04,2025-10-17,13,direct_category_weather_holiday,976535370.0,899983384.7474076
2025-10-05,2025-10-18,13,direct_category_weather_holiday,976325746.0,890037661.6894214
2025-10-06,2025-10-19,13,direct_category_weather_holiday,896789087.0,867633911.5889163
2025-10-07,2025-10-20,13,direct_category_weather_holiday,853624251.0,829148366.2791097
2025-10-08,2025-10-21,13,direct_category_weather_holiday,795444895.0,832664483.5817697
2025-10-09,2025-10-22,13,direct_category_weather_holiday,783518576.0,817378241.8432035
2025-10-10,2025-10-23,13,direct_category_weather_holiday,783134792.0,822228771.0275378
2025-10-11,2025-10-24,13,direct_category_weather_holiday,786285205.0,820258269.861265
2025-10-12,2025-10-25,13,direct_category_weather_holiday,787344834.0,829474905.480668
2025-10-13,2025-10-26,13,direct_category_weather_holiday,788309358.0,840449556.1559534
2025-10-14,2025-10-27,13,direct_category_weather_holiday,788347388.0,836414869.6993101
2025-10-15,2025-10-28,13,direct_category_weather_holiday,803213606.0,843007034.3316609
2025-10-16,2025-10-29,13,direct_category_weather_holiday,791815205.0,827330078.8147361
2025-10-17,2025-10-30,13,direct_category_weather_holiday,801523722.0,836561329.2168736
2025-10-18,2025-10-31,13,direct_category_weather_holiday,806599754.0,840521091.873721
2025-10-19,2025-11-01,13,direct_category_weather_holiday,760921367.0,831857152.5843331
2025-10-20,2025-11-02,13,direct_category_weather_holiday,744828378.0,816838332.8260014
2025-10-21,2025-11-03,13,direct_category_weather_holiday,780447693.0,826847696.1024226
2025-10-22,2025-11-04,13,direct_category_weather_holiday,782600645.0,813954055.7038202
2025-10-23,2025-11-05,13,direct_category_weather_holiday,784108702.0,809520976.407073
2025-10-24,2025-11-06,13,direct_category_weather_holiday,789959014.0,809404464.952908
2025-10-25,2025-11-07,13,direct_category_weather_holiday,808798324.0,816478963.5264052
2025-10-26,2025-11-08,13,direct_category_weather_holiday,816286170.0,814588811.3689603
2025-10-27,2025-11-09,13,direct_category_weather_holiday,794671570.0,800409696.2114278
2025-10-28,2025-11-10,13,direct_category_weather_holiday,803150509.0,806620616.3174292
2025-10-29,2025-11-11,13,direct_category_weather_holiday,811031660.0,812990209.8871801
2025-10-30,2025-11-12,13,direct_category_weather_holiday,800371284.0,801334835.8844028
2025-10-31,2025-11-13,13,direct_category_weather_holiday,795412883.0,799010314.8466593
2025-11-01,2025-11-14,13,direct_category_weather_holiday,784929625.0,799010521.2584606
2025-11-02,2025-11-15,13,direct_category_weather_holiday,771969074.0,780014306.5554444
2025-11-03,2025-11-16,13,direct_category_weather_holiday,748102925.0,774365990.9584605
2025-11-04,2025-11-17,13,direct_category_weather_holiday,784946049.0,792295315.6290529
2025-11-05,2025-11-18,13,direct_category_weather_holiday,802372785.0,806111224.4163188
2025-11-06,2025-11-19,13,direct_category_weather_holiday,785536331.0,814060401.2295483
2025-11-07,2025-11-20,13,direct_category_weather_holiday,789566797.0,809502772.211962
2025-11-08,2025-11-21,13,direct_category_weather_holiday,781713368.0,810329700.6814342
2025-11-09,2025-11-22,13,direct_category_weather_holiday,777234266.0,797153039.106047
2025-11-10,2025-11-23,13,direct_category_weather_holiday,763587139.0,780879402.5303218
2025-11-11,2025-11-24,13,direct_category_weather_holiday,787419759.0,807432222.0120277
2025-11-12,2025-11-25,13,direct_category_weather_holiday,779113247.0,820526983.5929209
2025-11-13,2025-11-26,13,direct_category_weather_holiday,779056661.0,822306818.1303209
2025-11-14,2025-11-27,13,direct_category_weather_holiday,785923784.0,818291777.5624837
2025-11-15,2025-11-28,13,direct_category_weather_holiday,793532772.0,819711443.6010149
2025-11-16,2025-11-29,13,direct_category_weather_holiday,775439198.0,792376772.6544648
2025-11-17,2025-11-30,13,direct_category_weather_holiday,752415007.0,781562001.1552124
2025-11-18,2025-12-01,13,direct_category_weather_holiday,752093794.0,802010537.1819077
2025-11-19,2025-12-02,13,direct_category_weather_holiday,774181582.0,802010912.7933936
2025-11-20,2025-12-03,13,direct_category_weather_holiday,779128904.0,800175884.7373658
2025-11-21,2025-12-04,13,direct_category_weather_holiday,780611840.0,812621422.3828584
2025-11-22,2025-12-05,13,direct_category_weather_holiday,790342731.0,805358455.6622059
2025-11-23,2025-12-06,13,direct_category_weather_holiday,783475966.0,794477616.1357849
2025-11-24,2025-12-07,13,direct_category_weather_holiday,769662376.0,775577446.1534635
2025-11-25,2025-12-08,13,direct_category_weather_holiday,781993536.0,804193397.8935199
2025-11-26,2025-12-09,13,direct_category_weather_holiday,790459836.0,806660140.4391496
2025-11-27,2025-12-10,13,direct_category_weather_holiday,793331038.0,794195815.5144495
2025-11-28,2025-12-11,13,direct_category_weather_holiday,792303023.0,793961649.2577647
2025-11-29,2025-12-12,13,direct_category_weather_holiday,805771337.0,801959171.7848718
2025-11-30,2025-12-13,13,direct_category_weather_holiday,805919635.0,785517287.0639114
2025-12-01,2025-12-14,13,direct_category_weather_holiday,775261923.0,790694555.0315859
2025-12-02,2025-12-15,13,direct_category_weather_holiday,800205024.0,804240303.9620484
2025-12-03,2025-12-16,13,direct_category_weather_holiday,791223092.0,790690333.259685
2025-12-04,2025-12-17,13,direct_category_weather_holiday,797873177.0,790364633.5106944
2025-12-05,2025-12-18,13,direct_category_weather_holiday,807913091.0,796281777.0865542
2025-12-06,2025-12-19,13,direct_category_weather_holiday,813412227.0,791949030.8789717
2025-12-07,2025-12-20,13,direct_category_weather_holiday,800554656.0,781715035.4234928
2025-12-08,2025-12-21,13,direct_category_weather_holiday,775722494.0,783029907.8838894
2025-12-09,2025-12-22,13,direct_category_weather_holiday,800416947.0,796665488.9334011
2025-12-10,2025-12-23,13,direct_category_weather_holiday,805434213.0,790866444.1004674
2025-12-11,2025-12-24,13,direct_category_weather_holiday,803732375.0,789566597.3255339
2025-12-12,2025-12-25,13,direct_category_weather_holiday,824337857.0,800480292.8239645
2025-12-13,2025-12-26,13,direct_category_weather_holiday,812520530.0,824486851.7230835
2025-12-14,2025-12-27,13,direct_category_weather_holiday,813024286.0,808291748.1473358
2025-12-15,2025-12-28,13,direct_category_weather_holiday,798511867.0,784150736.0298421
2025-12-16,2025-12-29,13,direct_category_weather_holiday,801303829.0,795014912.2284849
2025-12-17,2025-12-30,13,direct_category_weather_holiday,799723069.0,793354327.9199952
2025-12-18,2025-12-31,13,direct_category_weather_holiday,783373686.0,801395903.470348
2025-12-19,2026-01-01,13,direct_category_weather_holiday,707758012.0,723692860.2738498
2025-12-20,2026-01-02,13,direct_category_weather_holiday,741910307.0,739690154.7848033
2025-12-21,2026-01-03,13,direct_category_weather_holiday,801935633.0,761832746.4927051
2025-12-22,2026-01-04,13,direct_category_weather_holiday,820839320.0,783542593.1292425
2025-12-23,2026-01-05,13,direct_category_weather_holiday,819629944.0,805711221.8478314
2025-12-24,2026-01-06,13,direct_category_weather_holiday,848208043.0,817278478.0675163
2025-12-25,2026-01-07,13,direct_category_weather_holiday,836618404.0,818476748.3167716
2025-12-26,2026-01-08,13,direct_category_weather_holiday,845715705.0,823605461.6245445
2025-12-27,2026-01-09,13,direct_category_weather_holiday,845779172.0,816293639.493146
2025-09-17,2025-10-01,14,direct_own_calendar,893877447.0,732010714.0800369
2025-09-18,2025-10-02,14,direct_own_calendar,877524402.0,751084185.3285487
2025-09-19,2025-10-03,14,direct_own_calendar,906128774.0,757765552.5253053
2025-09-20,2025-10-04,14,direct_own_calendar,947397946.0,771924358.3286494
2025-09-21,2025-10-05,14,direct_own_calendar,967898095.0,751009690.0381262
2025-09-22,2025-10-06,14,direct_own_calendar,909397624.0,725080892.6737337
2025-09-23,2025-10-07,14,direct_own_calendar,958058211.0,708681729.482266
2025-09-24,2025-10-08,14,direct_own_calendar,1002652065.0,704814195.1247109
2025-09-25,2025-10-09,14,direct_own_calendar,1006596066.0,865673918.2675709
2025-09-26,2025-10-10,14,direct_own_calendar,988218980.0,872703750.461859
2025-09-27,2025-10-11,14,direct_own_calendar,993216057.0,838415331.1473134
2025-09-28,2025-10-12,14,direct_own_calendar,982996119.0,879908234.7676818
2025-09-29,2025-10-13,14,direct_own_calendar,994158096.0,902520572.730129
2025-09-30,2025-10-14,14,direct_own_calendar,999440675.0,903408941.9551948
2025-10-01,2025-10-15,14,direct_own_calendar,979563855.0,869496606.2691133
2025-10-02,2025-10-16,14,direct_own_calendar,973453600.0,846445575.3170089
2025-10-03,2025-10-17,14,direct_own_calendar,976535370.0,846112246.8247571
2025-10-04,2025-10-18,14,direct_own_calendar,976325746.0,849410254.7045189
2025-10-05,2025-10-19,14,direct_own_calendar,896789087.0,853033315.5414687
2025-10-06,2025-10-20,14,direct_own_calendar,853624251.0,883437467.2578895
2025-10-07,2025-10-21,14,direct_own_calendar,795444895.0,877104835.9899495
2025-10-08,2025-10-22,14,direct_own_calendar,783518576.0,865020872.7712512
2025-10-09,2025-10-23,14,direct_own_calendar,783134792.0,867206666.4151446
2025-10-10,2025-10-24,14,direct_own_calendar,786285205.0,871977034.181996
2025-10-11,2025-10-25,14,direct_own_calendar,787344834.0,864844617.5489352
2025-10-12,2025-10-26,14,direct_own_calendar,788309358.0,851696428.692422
2025-10-13,2025-10-27,14,direct_own_calendar,788347388.0,866556261.5165726
2025-10-14,2025-10-28,14,direct_own_calendar,803213606.0,873472048.4574945
2025-10-15,2025-10-29,14,direct_own_calendar,791815205.0,881286016.4354501
2025-10-16,2025-10-30,14,direct_own_calendar,801523722.0,878038881.9251237
2025-10-17,2025-10-31,14,direct_own_calendar,806599754.0,882373357.147586
2025-10-18,2025-11-01,14,direct_own_calendar,760921367.0,874928336.4254858
2025-10-19,2025-11-02,14,direct_own_calendar,744828378.0,859650586.8184549
2025-10-20,2025-11-03,14,direct_own_calendar,780447693.0,866290438.438415
2025-10-21,2025-11-04,14,direct_own_calendar,782600645.0,845649587.6546795
2025-10-22,2025-11-05,14,direct_own_calendar,784108702.0,825050552.6342361
2025-10-23,2025-11-06,14,direct_own_calendar,789959014.0,814456385.7647287
2025-10-24,2025-11-07,14,direct_own_calendar,808798324.0,812180699.5349817
2025-10-25,2025-11-08,14,direct_own_calendar,816286170.0,806348845.1847374
2025-10-26,2025-11-09,14,direct_own_calendar,794671570.0,793927501.1730485
2025-10-27,2025-11-10,14,direct_own_calendar,803150509.0,808108293.4458956
2025-10-28,2025-11-11,14,direct_own_calendar,811031660.0,800176290.5816374
2025-10-29,2025-11-12,14,direct_own_calendar,800371284.0,792872962.6500413
2025-10-30,2025-11-13,14,direct_own_calendar,795412883.0,792354674.4880667
2025-10-31,2025-11-14,14,direct_own_calendar,784929625.0,798388709.9419353
2025-11-01,2025-11-15,14,direct_own_calendar,771969074.0,789624944.0307032
2025-11-02,2025-11-16,14,direct_own_calendar,748102925.0,778486031.5666858
2025-11-03,2025-11-17,14,direct_own_calendar,784946049.0,795745000.1998304
2025-11-04,2025-11-18,14,direct_own_calendar,802372785.0,802642020.5011469
2025-11-05,2025-11-19,14,direct_own_calendar,785536331.0,797371811.2191126
2025-11-06,2025-11-20,14,direct_own_calendar,789566797.0,796278894.144817
2025-11-07,2025-11-21,14,direct_own_calendar,781713368.0,800694072.4166838
2025-11-08,2025-11-22,14,direct_own_calendar,777234266.0,796165885.0524076
2025-11-09,2025-11-23,14,direct_own_calendar,763587139.0,785507264.1052183
2025-11-10,2025-11-24,14,direct_own_calendar,787419759.0,800720085.3707755
2025-11-11,2025-11-25,14,direct_own_calendar,779113247.0,797883249.55934
2025-11-12,2025-11-26,14,direct_own_calendar,779056661.0,794042787.3493534
2025-11-13,2025-11-27,14,direct_own_calendar,785923784.0,792615651.2282703
2025-11-14,2025-11-28,14,direct_own_calendar,793532772.0,798498715.3415134
2025-11-15,2025-11-29,14,direct_own_calendar,775439198.0,797787604.0127517
2025-11-16,2025-11-30,14,direct_own_calendar,752415007.0,779722623.2794815
2025-11-17,2025-12-01,14,direct_own_calendar,752093794.0,787675996.0863804
2025-11-18,2025-12-02,14,direct_own_calendar,774181582.0,786992124.0602571
2025-11-19,2025-12-03,14,direct_own_calendar,779128904.0,782500481.7851841
2025-11-20,2025-12-04,14,direct_own_calendar,780611840.0,781694058.5198379
2025-11-21,2025-12-05,14,direct_own_calendar,790342731.0,784818228.3722805
2025-11-22,2025-12-06,14,direct_own_calendar,783475966.0,777250872.4962046
2025-11-23,2025-12-07,14,direct_own_calendar,769662376.0,763204792.9671752
2025-11-24,2025-12-08,14,direct_own_calendar,781993536.0,777321636.8331453
2025-11-25,2025-12-09,14,direct_own_calendar,790459836.0,777489418.6585333
2025-11-26,2025-12-10,14,direct_own_calendar,793331038.0,769380350.3169576
2025-11-27,2025-12-11,14,direct_own_calendar,792303023.0,772425502.0718613
2025-11-28,2025-12-12,14,direct_own_calendar,805771337.0,779258786.8836915
2025-11-29,2025-12-13,14,direct_own_calendar,805919635.0,776631582.5514269
2025-11-30,2025-12-14,14,direct_own_calendar,775261923.0,760136913.6943127
2025-12-01,2025-12-15,14,direct_own_calendar,800205024.0,768609653.6078863
2025-12-02,2025-12-16,14,direct_own_calendar,791223092.0,764420483.6177915
2025-12-03,2025-12-17,14,direct_own_calendar,797873177.0,763305366.739016
2025-12-04,2025-12-18,14,direct_own_calendar,807913091.0,765541644.3518522
2025-12-05,2025-12-19,14,direct_own_calendar,813412227.0,771401629.5949427
2025-12-06,2025-12-20,14,direct_own_calendar,800554656.0,768518260.0704744
2025-12-07,2025-12-21,14,direct_own_calendar,775722494.0,755209114.8372371
2025-12-08,2025-12-22,14,direct_own_calendar,800416947.0,770016322.5473691
2025-12-09,2025-12-23,14,direct_own_calendar,805434213.0,770119699.755743
2025-12-10,2025-12-24,14,direct_own_calendar,803732375.0,764829565.9507915
2025-12-11,2025-12-25,14,direct_own_calendar,824337857.0,765086271.7686357
2025-12-12,2025-12-26,14,direct_own_calendar,812520530.0,772003927.1007576
2025-12-13,2025-12-27,14,direct_own_calendar,813024286.0,769746889.575095
2025-12-14,2025-12-28,14,direct_own_calendar,798511867.0,759215481.1160455
2025-12-15,2025-12-29,14,direct_own_calendar,801303829.0,773180622.2865953
2025-12-16,2025-12-30,14,direct_own_calendar,799723069.0,769821069.6979588
2025-12-17,2025-12-31,14,direct_own_calendar,783373686.0,764594348.6055368
2025-12-18,2026-01-01,14,direct_own_calendar,707758012.0,671594049.2635596
2025-12-19,2026-01-02,14,direct_own_calendar,741910307.0,680653844.2896999
2025-12-20,2026-01-03,14,direct_own_calendar,801935633.0,698212589.0238556
2025-12-21,2026-01-04,14,direct_own_calendar,820839320.0,726594047.3031214
2025-12-22,2026-01-05,14,direct_own_calendar,819629944.0,770242042.9750255
2025-12-23,2026-01-06,14,direct_own_calendar,848208043.0,768602450.452768
2025-12-24,2026-01-07,14,direct_own_calendar,836618404.0,764147142.5903155
2025-12-25,2026-01-08,14,direct_own_calendar,845715705.0,764038390.399329
2025-12-26,2026-01-09,14,direct_own_calendar,845779172.0,768682956.6414907
2025-09-17,2025-10-01,14,direct_own_weather_holiday,893877447.0,825760458.438211
2025-09-18,2025-10-02,14,direct_own_weather_holiday,877524402.0,832345411.4985803
2025-09-19,2025-10-03,14,direct_own_weather_holiday,906128774.0,832032575.5928326
2025-09-20,2025-10-04,14,direct_own_weather_holiday,947397946.0,854784679.6392316
2025-09-21,2025-10-05,14,direct_own_weather_holiday,967898095.0,841739522.7456044
2025-09-22,2025-10-06,14,direct_own_weather_holiday,909397624.0,822727766.8679807
2025-09-23,2025-10-07,14,direct_own_weather_holiday,958058211.0,801922097.3655087
2025-09-24,2025-10-08,14,direct_own_weather_holiday,1002652065.0,792872664.922912
2025-09-25,2025-10-09,14,direct_own_weather_holiday,1006596066.0,908836954.0935942
2025-09-26,2025-10-10,14,direct_own_weather_holiday,988218980.0,898362615.4682513
2025-09-27,2025-10-11,14,direct_own_weather_holiday,993216057.0,889139569.3575759
2025-09-28,2025-10-12,14,direct_own_weather_holiday,982996119.0,891555044.3150698
2025-09-29,2025-10-13,14,direct_own_weather_holiday,994158096.0,926565497.0421872
2025-09-30,2025-10-14,14,direct_own_weather_holiday,999440675.0,917364412.7324705
2025-10-01,2025-10-15,14,direct_own_weather_holiday,979563855.0,888178295.542922
2025-10-02,2025-10-16,14,direct_own_weather_holiday,973453600.0,863827401.4705896
2025-10-03,2025-10-17,14,direct_own_weather_holiday,976535370.0,861309436.2810084
2025-10-04,2025-10-18,14,direct_own_weather_holiday,976325746.0,857633701.4762938
2025-10-05,2025-10-19,14,direct_own_weather_holiday,896789087.0,831624250.4750559
2025-10-06,2025-10-20,14,direct_own_weather_holiday,853624251.0,801873907.4624083
2025-10-07,2025-10-21,14,direct_own_weather_holiday,795444895.0,789126285.670877
2025-10-08,2025-10-22,14,direct_own_weather_holiday,783518576.0,779371976.9346428
2025-10-09,2025-10-23,14,direct_own_weather_holiday,783134792.0,785408239.7910391
2025-10-10,2025-10-24,14,direct_own_weather_holiday,786285205.0,787972670.9505484
2025-10-11,2025-10-25,14,direct_own_weather_holiday,787344834.0,782936118.7303711
2025-10-12,2025-10-26,14,direct_own_weather_holiday,788309358.0,772165939.8429179
2025-10-13,2025-10-27,14,direct_own_weather_holiday,788347388.0,786415076.1562214
2025-10-14,2025-10-28,14,direct_own_weather_holiday,803213606.0,789446968.3774327
2025-10-15,2025-10-29,14,direct_own_weather_holiday,791815205.0,797870570.5204959
2025-10-16,2025-10-30,14,direct_own_weather_holiday,801523722.0,805973913.055969
2025-10-17,2025-10-31,14,direct_own_weather_holiday,806599754.0,807542565.9279283
2025-10-18,2025-11-01,14,direct_own_weather_holiday,760921367.0,794343213.8487608
2025-10-19,2025-11-02,14,direct_own_weather_holiday,744828378.0,780308090.8591743
2025-10-20,2025-11-03,14,direct_own_weather_holiday,780447693.0,786762929.3499815
2025-10-21,2025-11-04,14,direct_own_weather_holiday,782600645.0,762378460.768265
2025-10-22,2025-11-05,14,direct_own_weather_holiday,784108702.0,753469362.9122905
2025-10-23,2025-11-06,14,direct_own_weather_holiday,789959014.0,755528047.1952147
2025-10-24,2025-11-07,14,direct_own_weather_holiday,808798324.0,759994983.3127936
2025-10-25,2025-11-08,14,direct_own_weather_holiday,816286170.0,761529566.5045656
2025-10-26,2025-11-09,14,direct_own_weather_holiday,794671570.0,748169566.8311317
2025-10-27,2025-11-10,14,direct_own_weather_holiday,803150509.0,758360545.1347157
2025-10-28,2025-11-11,14,direct_own_weather_holiday,811031660.0,746044954.5627099
2025-10-29,2025-11-12,14,direct_own_weather_holiday,800371284.0,740764518.6106972
2025-10-30,2025-11-13,14,direct_own_weather_holiday,795412883.0,739938272.7575685
2025-10-31,2025-11-14,14,direct_own_weather_holiday,784929625.0,751550933.633209
2025-11-01,2025-11-15,14,direct_own_weather_holiday,771969074.0,734403076.8886319
2025-11-02,2025-11-16,14,direct_own_weather_holiday,748102925.0,721067559.597941
2025-11-03,2025-11-17,14,direct_own_weather_holiday,784946049.0,745092275.4576385
2025-11-04,2025-11-18,14,direct_own_weather_holiday,802372785.0,770853602.1101985
2025-11-05,2025-11-19,14,direct_own_weather_holiday,785536331.0,782000451.932339
2025-11-06,2025-11-20,14,direct_own_weather_holiday,789566797.0,774277056.0909218
2025-11-07,2025-11-21,14,direct_own_weather_holiday,781713368.0,768544260.0792664
2025-11-08,2025-11-22,14,direct_own_weather_holiday,777234266.0,759562305.560693
2025-11-09,2025-11-23,14,direct_own_weather_holiday,763587139.0,741302361.0373713
2025-11-10,2025-11-24,14,direct_own_weather_holiday,787419759.0,762929777.8444519
2025-11-11,2025-11-25,14,direct_own_weather_holiday,779113247.0,772307231.3344043
2025-11-12,2025-11-26,14,direct_own_weather_holiday,779056661.0,774518607.2068144
2025-11-13,2025-11-27,14,direct_own_weather_holiday,785923784.0,772794618.9401768
2025-11-14,2025-11-28,14,direct_own_weather_holiday,793532772.0,783652605.9402605
2025-11-15,2025-11-29,14,direct_own_weather_holiday,775439198.0,764029630.3989177
2025-11-16,2025-11-30,14,direct_own_weather_holiday,752415007.0,748493438.7280661
2025-11-17,2025-12-01,14,direct_own_weather_holiday,752093794.0,758490527.725088
2025-11-18,2025-12-02,14,direct_own_weather_holiday,774181582.0,755372713.4707197
2025-11-19,2025-12-03,14,direct_own_weather_holiday,779128904.0,764727569.4896009
2025-11-20,2025-12-04,14,direct_own_weather_holiday,780611840.0,772745767.6372557
2025-11-21,2025-12-05,14,direct_own_weather_holiday,790342731.0,766353522.6100166
2025-11-22,2025-12-06,14,direct_own_weather_holiday,783475966.0,749905109.2232517
2025-11-23,2025-12-07,14,direct_own_weather_holiday,769662376.0,731801077.8243041
2025-11-24,2025-12-08,14,direct_own_weather_holiday,781993536.0,756334923.8947775
2025-11-25,2025-12-09,14,direct_own_weather_holiday,790459836.0,764154621.0730298
2025-11-26,2025-12-10,14,direct_own_weather_holiday,793331038.0,750773401.6446371
2025-11-27,2025-12-11,14,direct_own_weather_holiday,792303023.0,752988384.2777526
2025-11-28,2025-12-12,14,direct_own_weather_holiday,805771337.0,767296555.6721193
2025-11-29,2025-12-13,14,direct_own_weather_holiday,805919635.0,755048858.7733623
2025-11-30,2025-12-14,14,direct_own_weather_holiday,775261923.0,759858354.2574813
2025-12-01,2025-12-15,14,direct_own_weather_holiday,800205024.0,762663729.3927828
2025-12-02,2025-12-16,14,direct_own_weather_holiday,791223092.0,751584756.3065581
2025-12-03,2025-12-17,14,direct_own_weather_holiday,797873177.0,756399784.4854894
2025-12-04,2025-12-18,14,direct_own_weather_holiday,807913091.0,764851871.6421471
2025-12-05,2025-12-19,14,direct_own_weather_holiday,813412227.0,760389144.5849009
2025-12-06,2025-12-20,14,direct_own_weather_holiday,800554656.0,752384786.5142453
2025-12-07,2025-12-21,14,direct_own_weather_holiday,775722494.0,744370511.9498202
2025-12-08,2025-12-22,14,direct_own_weather_holiday,800416947.0,764061961.736315
2025-12-09,2025-12-23,14,direct_own_weather_holiday,805434213.0,757452495.172281
2025-12-10,2025-12-24,14,direct_own_weather_holiday,803732375.0,758152985.4791243
2025-12-11,2025-12-25,14,direct_own_weather_holiday,824337857.0,766460422.8424857
2025-12-12,2025-12-26,14,direct_own_weather_holiday,812520530.0,791660412.1391098
2025-12-13,2025-12-27,14,direct_own_weather_holiday,813024286.0,769638477.1383281
2025-12-14,2025-12-28,14,direct_own_weather_holiday,798511867.0,754978632.3384879
2025-12-15,2025-12-29,14,direct_own_weather_holiday,801303829.0,767973665.9219987
2025-12-16,2025-12-30,14,direct_own_weather_holiday,799723069.0,768053291.5548145
2025-12-17,2025-12-31,14,direct_own_weather_holiday,783373686.0,774292113.0805671
2025-12-18,2026-01-01,14,direct_own_weather_holiday,707758012.0,690026634.145626
2025-12-19,2026-01-02,14,direct_own_weather_holiday,741910307.0,704996639.3321345
2025-12-20,2026-01-03,14,direct_own_weather_holiday,801935633.0,729293816.6927398
2025-12-21,2026-01-04,14,direct_own_weather_holiday,820839320.0,738563855.6558683
2025-12-22,2026-01-05,14,direct_own_weather_holiday,819629944.0,771737511.8028872
2025-12-23,2026-01-06,14,direct_own_weather_holiday,848208043.0,782638300.3124537
2025-12-24,2026-01-07,14,direct_own_weather_holiday,836618404.0,785178118.1949834
2025-12-25,2026-01-08,14,direct_own_weather_holiday,845715705.0,786421516.9394257
2025-12-26,2026-01-09,14,direct_own_weather_holiday,845779172.0,787464394.0509753
2025-09-17,2025-10-01,14,direct_category_weather_holiday,893877447.0,874554693.4248822
2025-09-18,2025-10-02,14,direct_category_weather_holiday,877524402.0,872821837.4045945
2025-09-19,2025-10-03,14,direct_category_weather_holiday,906128774.0,873768908.3237311
2025-09-20,2025-10-04,14,direct_category_weather_holiday,947397946.0,904171279.1529269
2025-09-21,2025-10-05,14,direct_category_weather_holiday,967898095.0,890676824.6290292
2025-09-22,2025-10-06,14,direct_category_weather_holiday,909397624.0,868262863.9824892
2025-09-23,2025-10-07,14,direct_category_weather_holiday,958058211.0,860626007.7933657
2025-09-24,2025-10-08,14,direct_category_weather_holiday,1002652065.0,858727401.4420289
2025-09-25,2025-10-09,14,direct_category_weather_holiday,1006596066.0,946785503.4526052
2025-09-26,2025-10-10,14,direct_category_weather_holiday,988218980.0,929591542.9860381
2025-09-27,2025-10-11,14,direct_category_weather_holiday,993216057.0,919515736.5057555
2025-09-28,2025-10-12,14,direct_category_weather_holiday,982996119.0,920313462.3402947
2025-09-29,2025-10-13,14,direct_category_weather_holiday,994158096.0,960558603.7385727
2025-09-30,2025-10-14,14,direct_category_weather_holiday,999440675.0,954405639.8658466
2025-10-01,2025-10-15,14,direct_category_weather_holiday,979563855.0,930339988.7817501
2025-10-02,2025-10-16,14,direct_category_weather_holiday,973453600.0,908879052.8496642
2025-10-03,2025-10-17,14,direct_category_weather_holiday,976535370.0,898499090.2958913
2025-10-04,2025-10-18,14,direct_category_weather_holiday,976325746.0,893315418.1439449
2025-10-05,2025-10-19,14,direct_category_weather_holiday,896789087.0,856338737.5595568
2025-10-06,2025-10-20,14,direct_category_weather_holiday,853624251.0,830084978.8612438
2025-10-07,2025-10-21,14,direct_category_weather_holiday,795444895.0,829442193.2561412
2025-10-08,2025-10-22,14,direct_category_weather_holiday,783518576.0,831806750.4142896
2025-10-09,2025-10-23,14,direct_category_weather_holiday,783134792.0,825775697.4141816
2025-10-10,2025-10-24,14,direct_category_weather_holiday,786285205.0,825948943.8779689
2025-10-11,2025-10-25,14,direct_category_weather_holiday,787344834.0,816733580.2791938
2025-10-12,2025-10-26,14,direct_category_weather_holiday,788309358.0,815027254.256554
2025-10-13,2025-10-27,14,direct_category_weather_holiday,788347388.0,847014161.4793569
2025-10-14,2025-10-28,14,direct_category_weather_holiday,803213606.0,827478398.7116275
2025-10-15,2025-10-29,14,direct_category_weather_holiday,791815205.0,839050735.8476716
2025-10-16,2025-10-30,14,direct_category_weather_holiday,801523722.0,833779847.0017918
2025-10-17,2025-10-31,14,direct_category_weather_holiday,806599754.0,833253872.0618371
2025-10-18,2025-11-01,14,direct_category_weather_holiday,760921367.0,823196562.9439123
2025-10-19,2025-11-02,14,direct_category_weather_holiday,744828378.0,809318219.9220465
2025-10-20,2025-11-03,14,direct_category_weather_holiday,780447693.0,819829140.9501556
2025-10-21,2025-11-04,14,direct_category_weather_holiday,782600645.0,812980111.8197112
2025-10-22,2025-11-05,14,direct_category_weather_holiday,784108702.0,805571975.7960875
2025-10-23,2025-11-06,14,direct_category_weather_holiday,789959014.0,811582314.5177647
2025-10-24,2025-11-07,14,direct_category_weather_holiday,808798324.0,813724605.6792222
2025-10-25,2025-11-08,14,direct_category_weather_holiday,816286170.0,813566670.3097413
2025-10-26,2025-11-09,14,direct_category_weather_holiday,794671570.0,793197452.9075459
2025-10-27,2025-11-10,14,direct_category_weather_holiday,803150509.0,803139398.1169206
2025-10-28,2025-11-11,14,direct_category_weather_holiday,811031660.0,794502432.7547785
2025-10-29,2025-11-12,14,direct_category_weather_holiday,800371284.0,811856622.5165339
2025-10-30,2025-11-13,14,direct_category_weather_holiday,795412883.0,798962951.54479
2025-10-31,2025-11-14,14,direct_category_weather_holiday,784929625.0,801149696.472042
2025-11-01,2025-11-15,14,direct_category_weather_holiday,771969074.0,781456862.6927156
2025-11-02,2025-11-16,14,direct_category_weather_holiday,748102925.0,763471625.6879038
2025-11-03,2025-11-17,14,direct_category_weather_holiday,784946049.0,797737809.0513345
2025-11-04,2025-11-18,14,direct_category_weather_holiday,802372785.0,814460669.9777987
2025-11-05,2025-11-19,14,direct_category_weather_holiday,785536331.0,823266265.2797322
2025-11-06,2025-11-20,14,direct_category_weather_holiday,789566797.0,815250273.090777
2025-11-07,2025-11-21,14,direct_category_weather_holiday,781713368.0,806634001.6872638
2025-11-08,2025-11-22,14,direct_category_weather_holiday,777234266.0,803140255.6046932
2025-11-09,2025-11-23,14,direct_category_weather_holiday,763587139.0,776887446.7945179
2025-11-10,2025-11-24,14,direct_category_weather_holiday,787419759.0,798599137.3499142
2025-11-11,2025-11-25,14,direct_category_weather_holiday,779113247.0,819504181.7124716
2025-11-12,2025-11-26,14,direct_category_weather_holiday,779056661.0,826291804.3273015
2025-11-13,2025-11-27,14,direct_category_weather_holiday,785923784.0,823688137.0035857
2025-11-14,2025-11-28,14,direct_category_weather_holiday,793532772.0,824623137.3979032
2025-11-15,2025-11-29,14,direct_category_weather_holiday,775439198.0,800801094.3621672
2025-11-16,2025-11-30,14,direct_category_weather_holiday,752415007.0,774562669.5858177
2025-11-17,2025-12-01,14,direct_category_weather_holiday,752093794.0,792435237.2707478
2025-11-18,2025-12-02,14,direct_category_weather_holiday,774181582.0,802298399.7132287
2025-11-19,2025-12-03,14,direct_category_weather_holiday,779128904.0,813318509.9034126
2025-11-20,2025-12-04,14,direct_category_weather_holiday,780611840.0,812304730.439562
2025-11-21,2025-12-05,14,direct_category_weather_holiday,790342731.0,806671703.6965643
2025-11-22,2025-12-06,14,direct_category_weather_holiday,783475966.0,791025620.8409817
2025-11-23,2025-12-07,14,direct_category_weather_holiday,769662376.0,773885729.7314256
2025-11-24,2025-12-08,14,direct_category_weather_holiday,781993536.0,796474505.9366937
2025-11-25,2025-12-09,14,direct_category_weather_holiday,790459836.0,812287881.4579558
2025-11-26,2025-12-10,14,direct_category_weather_holiday,793331038.0,797033613.3839904
2025-11-27,2025-12-11,14,direct_category_weather_holiday,792303023.0,793629143.6169292
2025-11-28,2025-12-12,14,direct_category_weather_holiday,805771337.0,803409932.1449697
2025-11-29,2025-12-13,14,direct_category_weather_holiday,805919635.0,793246806.8554907
2025-11-30,2025-12-14,14,direct_category_weather_holiday,775261923.0,790806994.7101209
2025-12-01,2025-12-15,14,direct_category_weather_holiday,800205024.0,803207794.0074956
2025-12-02,2025-12-16,14,direct_category_weather_holiday,791223092.0,794875343.2201209
2025-12-03,2025-12-17,14,direct_category_weather_holiday,797873177.0,788922146.6332793
2025-12-04,2025-12-18,14,direct_category_weather_holiday,807913091.0,797064698.696081
2025-12-05,2025-12-19,14,direct_category_weather_holiday,813412227.0,789927113.7822008
2025-12-06,2025-12-20,14,direct_category_weather_holiday,800554656.0,780109657.9714298
2025-12-07,2025-12-21,14,direct_category_weather_holiday,775722494.0,774697206.0535653
2025-12-08,2025-12-22,14,direct_category_weather_holiday,800416947.0,804079470.0725478
2025-12-09,2025-12-23,14,direct_category_weather_holiday,805434213.0,790550078.0650595
2025-12-10,2025-12-24,14,direct_category_weather_holiday,803732375.0,789907998.8036081
2025-12-11,2025-12-25,14,direct_category_weather_holiday,824337857.0,801941475.8274224
2025-12-12,2025-12-26,14,direct_category_weather_holiday,812520530.0,820525457.4246781
2025-12-13,2025-12-27,14,direct_category_weather_holiday,813024286.0,803564380.8262084
2025-12-14,2025-12-28,14,direct_category_weather_holiday,798511867.0,790391284.4970961
2025-12-15,2025-12-29,14,direct_category_weather_holiday,801303829.0,795147678.0573535
2025-12-16,2025-12-30,14,direct_category_weather_holiday,799723069.0,796269208.319553
2025-12-17,2025-12-31,14,direct_category_weather_holiday,783373686.0,799382752.6983511
2025-12-18,2026-01-01,14,direct_category_weather_holiday,707758012.0,720945182.2356461
2025-12-19,2026-01-02,14,direct_category_weather_holiday,741910307.0,735943421.3770391
2025-12-20,2026-01-03,14,direct_category_weather_holiday,801935633.0,766942095.3430246
2025-12-21,2026-01-04,14,direct_category_weather_holiday,820839320.0,778968685.4537342
2025-12-22,2026-01-05,14,direct_category_weather_holiday,819629944.0,806666564.1352582
2025-12-23,2026-01-06,14,direct_category_weather_holiday,848208043.0,818252539.1934059
2025-12-24,2026-01-07,14,direct_category_weather_holiday,836618404.0,819548667.2592946
2025-12-25,2026-01-08,14,direct_category_weather_holiday,845715705.0,817633036.1737425
2025-12-26,2026-01-09,14,direct_category_weather_holiday,845779172.0,822227899.9620208
2025-09-16,2025-10-01,15,direct_own_calendar,893877447.0,743905933.5103798
2025-09-17,2025-10-02,15,direct_own_calendar,877524402.0,732248537.2112795
2025-09-18,2025-10-03,15,direct_own_calendar,906128774.0,754806611.6198145
2025-09-19,2025-10-04,15,direct_own_calendar,947397946.0,771960270.9538382
2025-09-20,2025-10-05,15,direct_own_calendar,967898095.0,754197034.8085805
2025-09-21,2025-10-06,15,direct_own_calendar,909397624.0,740212624.052314
2025-09-22,2025-10-07,15,direct_own_calendar,958058211.0,722579214.1182104
2025-09-23,2025-10-08,15,direct_own_calendar,1002652065.0,703591084.379799
2025-09-24,2025-10-09,15,direct_own_calendar,1006596066.0,858694608.1876945
2025-09-25,2025-10-10,15,direct_own_calendar,988218980.0,865298431.3390036
2025-09-26,2025-10-11,15,direct_own_calendar,993216057.0,832477379.0523714
2025-09-27,2025-10-12,15,direct_own_calendar,982996119.0,874635559.1092522
2025-09-28,2025-10-13,15,direct_own_calendar,994158096.0,891045408.807536
2025-09-29,2025-10-14,15,direct_own_calendar,999440675.0,900161158.4950783
2025-09-30,2025-10-15,15,direct_own_calendar,979563855.0,895978999.0364134
2025-10-01,2025-10-16,15,direct_own_calendar,973453600.0,864566732.5514662
2025-10-02,2025-10-17,15,direct_own_calendar,976535370.0,842185203.3232422
2025-10-03,2025-10-18,15,direct_own_calendar,976325746.0,837585746.7924691
2025-10-04,2025-10-19,15,direct_own_calendar,896789087.0,835609484.7129055
2025-10-05,2025-10-20,15,direct_own_calendar,853624251.0,868539715.4259294
2025-10-06,2025-10-21,15,direct_own_calendar,795444895.0,884399843.3977361
2025-10-07,2025-10-22,15,direct_own_calendar,783518576.0,868680528.9414091
2025-10-08,2025-10-23,15,direct_own_calendar,783134792.0,864572951.1697054
2025-10-09,2025-10-24,15,direct_own_calendar,786285205.0,869750465.7347772
2025-10-10,2025-10-25,15,direct_own_calendar,787344834.0,863695145.5762094
2025-10-11,2025-10-26,15,direct_own_calendar,788309358.0,847187787.6939836
2025-10-12,2025-10-27,15,direct_own_calendar,788347388.0,862192037.1617596
2025-10-13,2025-10-28,15,direct_own_calendar,803213606.0,860726989.9614278
2025-10-14,2025-10-29,15,direct_own_calendar,791815205.0,864335686.1404645
2025-10-15,2025-10-30,15,direct_own_calendar,801523722.0,880308966.9481163
2025-10-16,2025-10-31,15,direct_own_calendar,806599754.0,880086873.300063
2025-10-17,2025-11-01,15,direct_own_calendar,760921367.0,875457595.0271659
2025-10-18,2025-11-02,15,direct_own_calendar,744828378.0,859367289.5719893
2025-10-19,2025-11-03,15,direct_own_calendar,780447693.0,870871367.9988935
2025-10-20,2025-11-04,15,direct_own_calendar,782600645.0,861636136.108552
2025-10-21,2025-11-05,15,direct_own_calendar,784108702.0,836316704.9252539
2025-10-22,2025-11-06,15,direct_own_calendar,789959014.0,820355740.0420471
2025-10-23,2025-11-07,15,direct_own_calendar,808798324.0,815595189.7957069
2025-10-24,2025-11-08,15,direct_own_calendar,816286170.0,806265952.3973649
2025-10-25,2025-11-09,15,direct_own_calendar,794671570.0,792469235.7500435
2025-10-26,2025-11-10,15,direct_own_calendar,803150509.0,806127385.0410024
2025-10-27,2025-11-11,15,direct_own_calendar,811031660.0,805398055.0858229
2025-10-28,2025-11-12,15,direct_own_calendar,800371284.0,791034281.5134728
2025-10-29,2025-11-13,15,direct_own_calendar,795412883.0,790594161.722368
2025-10-30,2025-11-14,15,direct_own_calendar,784929625.0,792783632.1998652
2025-10-31,2025-11-15,15,direct_own_calendar,771969074.0,790548858.6384323
2025-11-01,2025-11-16,15,direct_own_calendar,748102925.0,772762192.9459615
2025-11-02,2025-11-17,15,direct_own_calendar,784946049.0,788045753.9143157
2025-11-03,2025-11-18,15,direct_own_calendar,802372785.0,793606639.5654912
2025-11-04,2025-11-19,15,direct_own_calendar,785536331.0,798776558.7617927
2025-11-05,2025-11-20,15,direct_own_calendar,789566797.0,797697001.7654974
2025-11-06,2025-11-21,15,direct_own_calendar,781713368.0,800148702.7271314
2025-11-07,2025-11-22,15,direct_own_calendar,777234266.0,796100055.4640805
2025-11-08,2025-11-23,15,direct_own_calendar,763587139.0,782420394.6277657
2025-11-09,2025-11-24,15,direct_own_calendar,787419759.0,798029018.0639807
2025-11-10,2025-11-25,15,direct_own_calendar,779113247.0,798472673.7885439
2025-11-11,2025-11-26,15,direct_own_calendar,779056661.0,791058402.5638132
2025-11-12,2025-11-27,15,direct_own_calendar,785923784.0,793186016.9462522
2025-11-13,2025-11-28,15,direct_own_calendar,793532772.0,794441922.0156724
2025-11-14,2025-11-29,15,direct_own_calendar,775439198.0,791900617.0739999
2025-11-15,2025-11-30,15,direct_own_calendar,752415007.0,783393597.7410389
2025-11-16,2025-12-01,15,direct_own_calendar,752093794.0,792806065.0982282
2025-11-17,2025-12-02,15,direct_own_calendar,774181582.0,786232976.9880782
2025-11-18,2025-12-03,15,direct_own_calendar,779128904.0,783333007.4569792
2025-11-19,2025-12-04,15,direct_own_calendar,780611840.0,783803348.2668777
2025-11-20,2025-12-05,15,direct_own_calendar,790342731.0,784830220.5141747
2025-11-21,2025-12-06,15,direct_own_calendar,783475966.0,779287562.4289912
2025-11-22,2025-12-07,15,direct_own_calendar,769662376.0,762267515.6173557
2025-11-23,2025-12-08,15,direct_own_calendar,781993536.0,775394714.2109927
2025-11-24,2025-12-09,15,direct_own_calendar,790459836.0,775807288.1187156
2025-11-25,2025-12-10,15,direct_own_calendar,793331038.0,772381914.1747726
2025-11-26,2025-12-11,15,direct_own_calendar,792303023.0,768669899.0431032
2025-11-27,2025-12-12,15,direct_own_calendar,805771337.0,775644858.8577809
2025-11-28,2025-12-13,15,direct_own_calendar,805919635.0,774062480.050737
2025-11-29,2025-12-14,15,direct_own_calendar,775261923.0,763235895.2990291
2025-11-30,2025-12-15,15,direct_own_calendar,800205024.0,773118156.6836882
2025-12-01,2025-12-16,15,direct_own_calendar,791223092.0,766967419.1802154
2025-12-02,2025-12-17,15,direct_own_calendar,797873177.0,758022140.4448078
2025-12-03,2025-12-18,15,direct_own_calendar,807913091.0,763952976.9676458
2025-12-04,2025-12-19,15,direct_own_calendar,813412227.0,769250866.911789
2025-12-05,2025-12-20,15,direct_own_calendar,800554656.0,766297129.936018
2025-12-06,2025-12-21,15,direct_own_calendar,775722494.0,754768984.8745389
2025-12-07,2025-12-22,15,direct_own_calendar,800416947.0,767873236.4940602
2025-12-08,2025-12-23,15,direct_own_calendar,805434213.0,767798490.4646586
2025-12-09,2025-12-24,15,direct_own_calendar,803732375.0,764185754.6876562
2025-12-10,2025-12-25,15,direct_own_calendar,824337857.0,764603220.5473374
2025-12-11,2025-12-26,15,direct_own_calendar,812520530.0,768109473.2283428
2025-12-12,2025-12-27,15,direct_own_calendar,813024286.0,766135448.0469604
2025-12-13,2025-12-28,15,direct_own_calendar,798511867.0,756077446.0983127
2025-12-14,2025-12-29,15,direct_own_calendar,801303829.0,772506235.9203241
2025-12-15,2025-12-30,15,direct_own_calendar,799723069.0,771194032.0059992
2025-12-16,2025-12-31,15,direct_own_calendar,783373686.0,764386190.5834184
2025-12-17,2026-01-01,15,direct_own_calendar,707758012.0,669711164.9071051
2025-12-18,2026-01-02,15,direct_own_calendar,741910307.0,676481014.4515295
2025-12-19,2026-01-03,15,direct_own_calendar,801935633.0,697666426.2620575
2025-12-20,2026-01-04,15,direct_own_calendar,820839320.0,726409766.5164344
2025-12-21,2026-01-05,15,direct_own_calendar,819629944.0,767193413.9234164
2025-12-22,2026-01-06,15,direct_own_calendar,848208043.0,768044592.0575846
2025-12-23,2026-01-07,15,direct_own_calendar,836618404.0,762900477.1843038
2025-12-24,2026-01-08,15,direct_own_calendar,845715705.0,763556679.7689483
2025-12-25,2026-01-09,15,direct_own_calendar,845779172.0,766862307.0608417
2025-09-16,2025-10-01,15,direct_own_weather_holiday,893877447.0,835937815.1891497
2025-09-17,2025-10-02,15,direct_own_weather_holiday,877524402.0,816698825.297416
2025-09-18,2025-10-03,15,direct_own_weather_holiday,906128774.0,829091001.0165483
2025-09-19,2025-10-04,15,direct_own_weather_holiday,947397946.0,853771633.2549005
2025-09-20,2025-10-05,15,direct_own_weather_holiday,967898095.0,843738537.4536245
2025-09-21,2025-10-06,15,direct_own_weather_holiday,909397624.0,834810502.2923774
2025-09-22,2025-10-07,15,direct_own_weather_holiday,958058211.0,813585775.871416
2025-09-23,2025-10-08,15,direct_own_weather_holiday,1002652065.0,791792962.8416351
2025-09-24,2025-10-09,15,direct_own_weather_holiday,1006596066.0,902207475.2745035
2025-09-25,2025-10-10,15,direct_own_weather_holiday,988218980.0,891417205.9250743
2025-09-26,2025-10-11,15,direct_own_weather_holiday,993216057.0,884106131.2896993
2025-09-27,2025-10-12,15,direct_own_weather_holiday,982996119.0,887332765.6647084
2025-09-28,2025-10-13,15,direct_own_weather_holiday,994158096.0,917599654.9051421
2025-09-29,2025-10-14,15,direct_own_weather_holiday,999440675.0,915457586.4924822
2025-09-30,2025-10-15,15,direct_own_weather_holiday,979563855.0,910933350.3293732
2025-10-01,2025-10-16,15,direct_own_weather_holiday,973453600.0,878983849.1512935
2025-10-02,2025-10-17,15,direct_own_weather_holiday,976535370.0,858616924.5890038
2025-10-03,2025-10-18,15,direct_own_weather_holiday,976325746.0,847904811.8950571
2025-10-04,2025-10-19,15,direct_own_weather_holiday,896789087.0,817620051.507689
2025-10-05,2025-10-20,15,direct_own_weather_holiday,853624251.0,790044643.4033917
2025-10-06,2025-10-21,15,direct_own_weather_holiday,795444895.0,795025510.307561
2025-10-07,2025-10-22,15,direct_own_weather_holiday,783518576.0,783125836.1306788
2025-10-08,2025-10-23,15,direct_own_weather_holiday,783134792.0,783975292.6332887
2025-10-09,2025-10-24,15,direct_own_weather_holiday,786285205.0,787123613.3758876
2025-10-10,2025-10-25,15,direct_own_weather_holiday,787344834.0,781674967.9390724
2025-10-11,2025-10-26,15,direct_own_weather_holiday,788309358.0,767562419.6567925
2025-10-12,2025-10-27,15,direct_own_weather_holiday,788347388.0,782695471.0067236
2025-10-13,2025-10-28,15,direct_own_weather_holiday,803213606.0,779715343.6725672
2025-10-14,2025-10-29,15,direct_own_weather_holiday,791815205.0,783745452.0906367
2025-10-15,2025-10-30,15,direct_own_weather_holiday,801523722.0,807590766.5954589
2025-10-16,2025-10-31,15,direct_own_weather_holiday,806599754.0,805171929.8009484
2025-10-17,2025-11-01,15,direct_own_weather_holiday,760921367.0,794286973.8386536
2025-10-18,2025-11-02,15,direct_own_weather_holiday,744828378.0,779972621.5965273
2025-10-19,2025-11-03,15,direct_own_weather_holiday,780447693.0,791666499.345805
2025-10-20,2025-11-04,15,direct_own_weather_holiday,782600645.0,775326387.1587366
2025-10-21,2025-11-05,15,direct_own_weather_holiday,784108702.0,761110270.4133527
2025-10-22,2025-11-06,15,direct_own_weather_holiday,789959014.0,759217564.9963475
2025-10-23,2025-11-07,15,direct_own_weather_holiday,808798324.0,761841928.4576465
2025-10-24,2025-11-08,15,direct_own_weather_holiday,816286170.0,759894295.5175204
2025-10-25,2025-11-09,15,direct_own_weather_holiday,794671570.0,745111828.4265924
2025-10-26,2025-11-10,15,direct_own_weather_holiday,803150509.0,756321654.2041266
2025-10-27,2025-11-11,15,direct_own_weather_holiday,811031660.0,750833853.2745912
2025-10-28,2025-11-12,15,direct_own_weather_holiday,800371284.0,741473382.9969825
2025-10-29,2025-11-13,15,direct_own_weather_holiday,795412883.0,739486973.7115701
2025-10-30,2025-11-14,15,direct_own_weather_holiday,784929625.0,747692099.1752719
2025-10-31,2025-11-15,15,direct_own_weather_holiday,771969074.0,734846493.5820143
2025-11-01,2025-11-16,15,direct_own_weather_holiday,748102925.0,715745856.1492248
2025-11-02,2025-11-17,15,direct_own_weather_holiday,784946049.0,740002352.8840708
2025-11-03,2025-11-18,15,direct_own_weather_holiday,802372785.0,764888586.0929692
2025-11-04,2025-11-19,15,direct_own_weather_holiday,785536331.0,783967706.9938239
2025-11-05,2025-11-20,15,direct_own_weather_holiday,789566797.0,775591488.2138044
2025-11-06,2025-11-21,15,direct_own_weather_holiday,781713368.0,767774102.2517531
2025-11-07,2025-11-22,15,direct_own_weather_holiday,777234266.0,758855100.4405621
2025-11-08,2025-11-23,15,direct_own_weather_holiday,763587139.0,737568658.1411476
2025-11-09,2025-11-24,15,direct_own_weather_holiday,787419759.0,760391332.2960699
2025-11-10,2025-11-25,15,direct_own_weather_holiday,779113247.0,772074531.0771834
2025-11-11,2025-11-26,15,direct_own_weather_holiday,779056661.0,771537081.8003272
2025-11-12,2025-11-27,15,direct_own_weather_holiday,785923784.0,771946419.663696
2025-11-13,2025-11-28,15,direct_own_weather_holiday,793532772.0,779435874.7989148
2025-11-14,2025-11-29,15,direct_own_weather_holiday,775439198.0,757058417.8141898
2025-11-15,2025-11-30,15,direct_own_weather_holiday,752415007.0,750434325.9629602
2025-11-16,2025-12-01,15,direct_own_weather_holiday,752093794.0,762103405.4758458
2025-11-17,2025-12-02,15,direct_own_weather_holiday,774181582.0,754701594.5789311
2025-11-18,2025-12-03,15,direct_own_weather_holiday,779128904.0,765743709.114054
2025-11-19,2025-12-04,15,direct_own_weather_holiday,780611840.0,774828573.2066993
2025-11-20,2025-12-05,15,direct_own_weather_holiday,790342731.0,765993866.9010141
2025-11-21,2025-12-06,15,direct_own_weather_holiday,783475966.0,750657540.8857874
2025-11-22,2025-12-07,15,direct_own_weather_holiday,769662376.0,730319068.7018507
2025-11-23,2025-12-08,15,direct_own_weather_holiday,781993536.0,755044675.7100867
2025-11-24,2025-12-09,15,direct_own_weather_holiday,790459836.0,763067306.876693
2025-11-25,2025-12-10,15,direct_own_weather_holiday,793331038.0,752741604.4068685
2025-11-26,2025-12-11,15,direct_own_weather_holiday,792303023.0,749178022.797501
2025-11-27,2025-12-12,15,direct_own_weather_holiday,805771337.0,764893325.2130497
2025-11-28,2025-12-13,15,direct_own_weather_holiday,805919635.0,753816608.5904869
2025-11-29,2025-12-14,15,direct_own_weather_holiday,775261923.0,763168374.0337018
2025-11-30,2025-12-15,15,direct_own_weather_holiday,800205024.0,766262955.9895116
2025-12-01,2025-12-16,15,direct_own_weather_holiday,791223092.0,752701275.3582543
2025-12-02,2025-12-17,15,direct_own_weather_holiday,797873177.0,751876814.4090252
2025-12-03,2025-12-18,15,direct_own_weather_holiday,807913091.0,763846051.0535301
2025-12-04,2025-12-19,15,direct_own_weather_holiday,813412227.0,758721918.2028829
2025-12-05,2025-12-20,15,direct_own_weather_holiday,800554656.0,750076029.3385562
2025-12-06,2025-12-21,15,direct_own_weather_holiday,775722494.0,743928981.5423843
2025-12-07,2025-12-22,15,direct_own_weather_holiday,800416947.0,762405418.1071365
2025-12-08,2025-12-23,15,direct_own_weather_holiday,805434213.0,755097271.6552439
2025-12-09,2025-12-24,15,direct_own_weather_holiday,803732375.0,757621379.9065183
2025-12-10,2025-12-25,15,direct_own_weather_holiday,824337857.0,766590891.0630862
2025-12-11,2025-12-26,15,direct_own_weather_holiday,812520530.0,789264578.9862137
2025-12-12,2025-12-27,15,direct_own_weather_holiday,813024286.0,766464282.731852
2025-12-13,2025-12-28,15,direct_own_weather_holiday,798511867.0,752126640.7294706
2025-12-14,2025-12-29,15,direct_own_weather_holiday,801303829.0,767048099.2408824
2025-12-15,2025-12-30,15,direct_own_weather_holiday,799723069.0,768823451.8723822
2025-12-16,2025-12-31,15,direct_own_weather_holiday,783373686.0,774470123.1049408
2025-12-17,2026-01-01,15,direct_own_weather_holiday,707758012.0,688866317.6046023
2025-12-18,2026-01-02,15,direct_own_weather_holiday,741910307.0,701879266.7265983
2025-12-19,2026-01-03,15,direct_own_weather_holiday,801935633.0,729276205.3638005
2025-12-20,2026-01-04,15,direct_own_weather_holiday,820839320.0,737668883.1778377
2025-12-21,2026-01-05,15,direct_own_weather_holiday,819629944.0,768976202.1824306
2025-12-22,2026-01-06,15,direct_own_weather_holiday,848208043.0,782303198.0488786
2025-12-23,2026-01-07,15,direct_own_weather_holiday,836618404.0,783993541.7889286
2025-12-24,2026-01-08,15,direct_own_weather_holiday,845715705.0,785896794.5806512
2025-12-25,2026-01-09,15,direct_own_weather_holiday,845779172.0,785749319.8964175
2025-09-16,2025-10-01,15,direct_category_weather_holiday,893877447.0,873990254.2226026
2025-09-17,2025-10-02,15,direct_category_weather_holiday,877524402.0,868189294.1496279
2025-09-18,2025-10-03,15,direct_category_weather_holiday,906128774.0,870377999.8110902
2025-09-19,2025-10-04,15,direct_category_weather_holiday,947397946.0,897630064.028074
2025-09-20,2025-10-05,15,direct_category_weather_holiday,967898095.0,892289540.4316771
2025-09-21,2025-10-06,15,direct_category_weather_holiday,909397624.0,884136993.8483725
2025-09-22,2025-10-07,15,direct_category_weather_holiday,958058211.0,857599665.8021283
2025-09-23,2025-10-08,15,direct_category_weather_holiday,1002652065.0,849851944.2328379
2025-09-24,2025-10-09,15,direct_category_weather_holiday,1006596066.0,944827136.7729633
2025-09-25,2025-10-10,15,direct_category_weather_holiday,988218980.0,930214062.2229633
2025-09-26,2025-10-11,15,direct_category_weather_holiday,993216057.0,918979332.6070334
2025-09-27,2025-10-12,15,direct_category_weather_holiday,982996119.0,923805404.454132
2025-09-28,2025-10-13,15,direct_category_weather_holiday,994158096.0,949223291.6151174
2025-09-29,2025-10-14,15,direct_category_weather_holiday,999440675.0,951370594.183714
2025-09-30,2025-10-15,15,direct_category_weather_holiday,979563855.0,948021224.1746589
2025-10-01,2025-10-16,15,direct_category_weather_holiday,973453600.0,924370955.4495801
2025-10-02,2025-10-17,15,direct_category_weather_holiday,976535370.0,908466193.1619829
2025-10-03,2025-10-18,15,direct_category_weather_holiday,976325746.0,891627871.385676
2025-10-04,2025-10-19,15,direct_category_weather_holiday,896789087.0,859746817.1220996
2025-10-05,2025-10-20,15,direct_category_weather_holiday,853624251.0,819763075.2632201
2025-10-06,2025-10-21,15,direct_category_weather_holiday,795444895.0,828524900.0685415
2025-10-07,2025-10-22,15,direct_category_weather_holiday,783518576.0,830890389.1744181
2025-10-08,2025-10-23,15,direct_category_weather_holiday,783134792.0,845197547.3070008
2025-10-09,2025-10-24,15,direct_category_weather_holiday,786285205.0,833735578.2157291
2025-10-10,2025-10-25,15,direct_category_weather_holiday,787344834.0,822647972.5580412
2025-10-11,2025-10-26,15,direct_category_weather_holiday,788309358.0,804105150.1505295
2025-10-12,2025-10-27,15,direct_category_weather_holiday,788347388.0,825928010.8493112
2025-10-13,2025-10-28,15,direct_category_weather_holiday,803213606.0,845313488.3966677
2025-10-14,2025-10-29,15,direct_category_weather_holiday,791815205.0,827544021.8402873
2025-10-15,2025-10-30,15,direct_category_weather_holiday,801523722.0,848953959.8457526
2025-10-16,2025-10-31,15,direct_category_weather_holiday,806599754.0,830383984.3407457
2025-10-17,2025-11-01,15,direct_category_weather_holiday,760921367.0,815455308.4942784
2025-10-18,2025-11-02,15,direct_category_weather_holiday,744828378.0,805343912.014676
2025-10-19,2025-11-03,15,direct_category_weather_holiday,780447693.0,823791854.6107252
2025-10-20,2025-11-04,15,direct_category_weather_holiday,782600645.0,814000060.4405268
2025-10-21,2025-11-05,15,direct_category_weather_holiday,784108702.0,806795169.6607299
2025-10-22,2025-11-06,15,direct_category_weather_holiday,789959014.0,812662375.2717849
2025-10-23,2025-11-07,15,direct_category_weather_holiday,808798324.0,819346933.9190232
2025-10-24,2025-11-08,15,direct_category_weather_holiday,816286170.0,813527628.4995662
2025-10-25,2025-11-09,15,direct_category_weather_holiday,794671570.0,794898371.6119692
2025-10-26,2025-11-10,15,direct_category_weather_holiday,803150509.0,798246648.7445786
2025-10-27,2025-11-11,15,direct_category_weather_holiday,811031660.0,793299118.4289978
2025-10-28,2025-11-12,15,direct_category_weather_holiday,800371284.0,790797105.6486894
2025-10-29,2025-11-13,15,direct_category_weather_holiday,795412883.0,810351746.369796
2025-10-30,2025-11-14,15,direct_category_weather_holiday,784929625.0,801092723.362334
2025-10-31,2025-11-15,15,direct_category_weather_holiday,771969074.0,783740349.8624822
2025-11-01,2025-11-16,15,direct_category_weather_holiday,748102925.0,758490033.4944682
2025-11-02,2025-11-17,15,direct_category_weather_holiday,784946049.0,777949306.6523478
2025-11-03,2025-11-18,15,direct_category_weather_holiday,802372785.0,817311993.4888815
2025-11-04,2025-11-19,15,direct_category_weather_holiday,785536331.0,828395888.7367331
2025-11-05,2025-11-20,15,direct_category_weather_holiday,789566797.0,820429069.9432471
2025-11-06,2025-11-21,15,direct_category_weather_holiday,781713368.0,809537964.2393293
2025-11-07,2025-11-22,15,direct_category_weather_holiday,777234266.0,796643567.1615872
2025-11-08,2025-11-23,15,direct_category_weather_holiday,763587139.0,779226941.7704178
2025-11-09,2025-11-24,15,direct_category_weather_holiday,787419759.0,791242275.6867055
2025-11-10,2025-11-25,15,direct_category_weather_holiday,779113247.0,808281554.5124098
2025-11-11,2025-11-26,15,direct_category_weather_holiday,779056661.0,823370012.9848021
2025-11-12,2025-11-27,15,direct_category_weather_holiday,785923784.0,822607394.9393908
2025-11-13,2025-11-28,15,direct_category_weather_holiday,793532772.0,828429875.9725783
2025-11-14,2025-11-29,15,direct_category_weather_holiday,775439198.0,802183406.3016142
2025-11-15,2025-11-30,15,direct_category_weather_holiday,752415007.0,782012362.4317132
2025-11-16,2025-12-01,15,direct_category_weather_holiday,752093794.0,783696849.2964724
2025-11-17,2025-12-02,15,direct_category_weather_holiday,774181582.0,794514758.1396946
2025-11-18,2025-12-03,15,direct_category_weather_holiday,779128904.0,816527577.4654927
2025-11-19,2025-12-04,15,direct_category_weather_holiday,780611840.0,827662084.407377
2025-11-20,2025-12-05,15,direct_category_weather_holiday,790342731.0,807012627.0683786
2025-11-21,2025-12-06,15,direct_category_weather_holiday,783475966.0,793709270.6752591
2025-11-22,2025-12-07,15,direct_category_weather_holiday,769662376.0,770093229.1387894
2025-11-23,2025-12-08,15,direct_category_weather_holiday,781993536.0,796074662.1062834
2025-11-24,2025-12-09,15,direct_category_weather_holiday,790459836.0,807505109.4170609
2025-11-25,2025-12-10,15,direct_category_weather_holiday,793331038.0,805252288.8931943
2025-11-26,2025-12-11,15,direct_category_weather_holiday,792303023.0,798485275.7443597
2025-11-27,2025-12-12,15,direct_category_weather_holiday,805771337.0,805671927.4534719
2025-11-28,2025-12-13,15,direct_category_weather_holiday,805919635.0,796738951.471106
2025-11-29,2025-12-14,15,direct_category_weather_holiday,775261923.0,799820481.0153929
2025-11-30,2025-12-15,15,direct_category_weather_holiday,800205024.0,803010552.266989
2025-12-01,2025-12-16,15,direct_category_weather_holiday,791223092.0,792437526.9463924
2025-12-02,2025-12-17,15,direct_category_weather_holiday,797873177.0,794079697.9298271
2025-12-03,2025-12-18,15,direct_category_weather_holiday,807913091.0,798654525.0458103
2025-12-04,2025-12-19,15,direct_category_weather_holiday,813412227.0,792878637.219035
2025-12-05,2025-12-20,15,direct_category_weather_holiday,800554656.0,779713569.3834597
2025-12-06,2025-12-21,15,direct_category_weather_holiday,775722494.0,776531484.80106
2025-12-07,2025-12-22,15,direct_category_weather_holiday,800416947.0,796926042.9530706
2025-12-08,2025-12-23,15,direct_category_weather_holiday,805434213.0,797335260.7935125
2025-12-09,2025-12-24,15,direct_category_weather_holiday,803732375.0,790071571.4331418
2025-12-10,2025-12-25,15,direct_category_weather_holiday,824337857.0,804640456.7037452
2025-12-11,2025-12-26,15,direct_category_weather_holiday,812520530.0,822960162.6795253
2025-12-12,2025-12-27,15,direct_category_weather_holiday,813024286.0,798147881.7226244
2025-12-13,2025-12-28,15,direct_category_weather_holiday,798511867.0,783393285.0212195
2025-12-14,2025-12-29,15,direct_category_weather_holiday,801303829.0,800624786.5164068
2025-12-15,2025-12-30,15,direct_category_weather_holiday,799723069.0,795481946.094812
2025-12-16,2025-12-31,15,direct_category_weather_holiday,783373686.0,803749148.3443735
2025-12-17,2026-01-01,15,direct_category_weather_holiday,707758012.0,720695149.180128
2025-12-18,2026-01-02,15,direct_category_weather_holiday,741910307.0,733300223.7773916
2025-12-19,2026-01-03,15,direct_category_weather_holiday,801935633.0,762847480.4122806
2025-12-20,2026-01-04,15,direct_category_weather_holiday,820839320.0,778929580.5046779
2025-12-21,2026-01-05,15,direct_category_weather_holiday,819629944.0,799999063.4534898
2025-12-22,2026-01-06,15,direct_category_weather_holiday,848208043.0,818658626.2113101
2025-12-23,2026-01-07,15,direct_category_weather_holiday,836618404.0,818761640.1254464
2025-12-24,2026-01-08,15,direct_category_weather_holiday,845715705.0,816445622.208049
2025-12-25,2026-01-09,15,direct_category_weather_holiday,845779172.0,813314890.5894017
2025-09-15,2025-10-01,16,direct_own_calendar,893877447.0,748858597.5213245
2025-09-16,2025-10-02,16,direct_own_calendar,877524402.0,745422813.2225672
2025-09-17,2025-10-03,16,direct_own_calendar,906128774.0,736878029.055195
2025-09-18,2025-10-04,16,direct_own_calendar,947397946.0,770134183.4373143
2025-09-19,2025-10-05,16,direct_own_calendar,967898095.0,758390460.5038055
2025-09-20,2025-10-06,16,direct_own_calendar,909397624.0,747240073.7471431
2025-09-21,2025-10-07,16,direct_own_calendar,958058211.0,739650350.4966376
2025-09-22,2025-10-08,16,direct_own_calendar,1002652065.0,719358160.1667427
2025-09-23,2025-10-09,16,direct_own_calendar,1006596066.0,852760674.0901157
2025-09-24,2025-10-10,16,direct_own_calendar,988218980.0,858929077.7106854
2025-09-25,2025-10-11,16,direct_own_calendar,993216057.0,825120216.4335315
2025-09-26,2025-10-12,16,direct_own_calendar,982996119.0,873896402.97685
2025-09-27,2025-10-13,16,direct_own_calendar,994158096.0,885286652.178275
2025-09-28,2025-10-14,16,direct_own_calendar,999440675.0,886809261.6083487
2025-09-29,2025-10-15,16,direct_own_calendar,979563855.0,891441510.893414
2025-09-30,2025-10-16,16,direct_own_calendar,973453600.0,892413339.6455824
2025-10-01,2025-10-17,16,direct_own_calendar,976535370.0,863236744.9352565
2025-10-02,2025-10-18,16,direct_own_calendar,976325746.0,833201033.8324665
2025-10-03,2025-10-19,16,direct_own_calendar,896789087.0,820999603.5494425
2025-10-04,2025-10-20,16,direct_own_calendar,853624251.0,848480860.5710787
2025-10-05,2025-10-21,16,direct_own_calendar,795444895.0,868688831.6764555
2025-10-06,2025-10-22,16,direct_own_calendar,783518576.0,880089442.680053
2025-10-07,2025-10-23,16,direct_own_calendar,783134792.0,868041894.0533365
2025-10-08,2025-10-24,16,direct_own_calendar,786285205.0,864040960.1706024
2025-10-09,2025-10-25,16,direct_own_calendar,787344834.0,862026135.2088517
2025-10-10,2025-10-26,16,direct_own_calendar,788309358.0,847030708.4885787
2025-10-11,2025-10-27,16,direct_own_calendar,788347388.0,856949037.8166023
2025-10-12,2025-10-28,16,direct_own_calendar,803213606.0,857733053.3863704
2025-10-13,2025-10-29,16,direct_own_calendar,791815205.0,851458166.8153865
2025-10-14,2025-10-30,16,direct_own_calendar,801523722.0,861404308.8255771
2025-10-15,2025-10-31,16,direct_own_calendar,806599754.0,882926875.5376428
2025-10-16,2025-11-01,16,direct_own_calendar,760921367.0,874506282.3817176
2025-10-17,2025-11-02,16,direct_own_calendar,744828378.0,859835673.6675686
2025-10-18,2025-11-03,16,direct_own_calendar,780447693.0,870105997.1021641
2025-10-19,2025-11-04,16,direct_own_calendar,782600645.0,867066450.0015569
2025-10-20,2025-11-05,16,direct_own_calendar,784108702.0,854951737.4298278
2025-10-21,2025-11-06,16,direct_own_calendar,789959014.0,834043254.9818918
2025-10-22,2025-11-07,16,direct_own_calendar,808798324.0,821656222.9385216
2025-10-23,2025-11-08,16,direct_own_calendar,816286170.0,809501010.7743179
2025-10-24,2025-11-09,16,direct_own_calendar,794671570.0,793198285.8794394
2025-10-25,2025-11-10,16,direct_own_calendar,803150509.0,806207885.9932619
2025-10-26,2025-11-11,16,direct_own_calendar,811031660.0,804790529.5838735
2025-10-27,2025-11-12,16,direct_own_calendar,800371284.0,799097584.9868008
2025-10-28,2025-11-13,16,direct_own_calendar,795412883.0,788512455.0810938
2025-10-29,2025-11-14,16,direct_own_calendar,784929625.0,789899602.2885803
2025-10-30,2025-11-15,16,direct_own_calendar,771969074.0,784047509.1712873
2025-10-31,2025-11-16,16,direct_own_calendar,748102925.0,773037705.2204127
2025-11-01,2025-11-17,16,direct_own_calendar,784946049.0,782744189.5775063
2025-11-02,2025-11-18,16,direct_own_calendar,802372785.0,785500846.3351723
2025-11-03,2025-11-19,16,direct_own_calendar,785536331.0,786622535.8327043
2025-11-04,2025-11-20,16,direct_own_calendar,789566797.0,799480985.325228
2025-11-05,2025-11-21,16,direct_own_calendar,781713368.0,802332755.6609417
2025-11-06,2025-11-22,16,direct_own_calendar,777234266.0,796097912.5796794
2025-11-07,2025-11-23,16,direct_own_calendar,763587139.0,783285101.6686612
2025-11-08,2025-11-24,16,direct_own_calendar,787419759.0,795467425.848316
2025-11-09,2025-11-25,16,direct_own_calendar,779113247.0,796907652.8945076
2025-11-10,2025-11-26,16,direct_own_calendar,779056661.0,793801588.6036739
2025-11-11,2025-11-27,16,direct_own_calendar,785923784.0,791256395.0698689
2025-11-12,2025-11-28,16,direct_own_calendar,793532772.0,796922538.1184286
2025-11-13,2025-11-29,16,direct_own_calendar,775439198.0,789969851.5953724
2025-11-14,2025-11-30,16,direct_own_calendar,752415007.0,778965514.7156788
2025-11-15,2025-12-01,16,direct_own_calendar,752093794.0,798236208.5459532
2025-11-16,2025-12-02,16,direct_own_calendar,774181582.0,792961155.1422762
2025-11-17,2025-12-03,16,direct_own_calendar,779128904.0,781796158.076358
2025-11-18,2025-12-04,16,direct_own_calendar,780611840.0,783625241.1221083
2025-11-19,2025-12-05,16,direct_own_calendar,790342731.0,787315602.4357488
2025-11-20,2025-12-06,16,direct_own_calendar,783475966.0,779247430.1011741
2025-11-21,2025-12-07,16,direct_own_calendar,769662376.0,764059400.5910132
2025-11-22,2025-12-08,16,direct_own_calendar,781993536.0,773846636.9426538
2025-11-23,2025-12-09,16,direct_own_calendar,790459836.0,772847483.0068749
2025-11-24,2025-12-10,16,direct_own_calendar,793331038.0,769940488.0456764
2025-11-25,2025-12-11,16,direct_own_calendar,792303023.0,771999325.5493494
2025-11-26,2025-12-12,16,direct_own_calendar,805771337.0,771339026.7078934
2025-11-27,2025-12-13,16,direct_own_calendar,805919635.0,769781285.6365623
2025-11-28,2025-12-14,16,direct_own_calendar,775261923.0,759758959.5702051
2025-11-29,2025-12-15,16,direct_own_calendar,800205024.0,775231155.8504274
2025-11-30,2025-12-16,16,direct_own_calendar,791223092.0,771074177.3723667
2025-12-01,2025-12-17,16,direct_own_calendar,797873177.0,760882400.9310658
2025-12-02,2025-12-18,16,direct_own_calendar,807913091.0,757059149.7239226
2025-12-03,2025-12-19,16,direct_own_calendar,813412227.0,766575049.3743837
2025-12-04,2025-12-20,16,direct_own_calendar,800554656.0,763995570.5086979
2025-12-05,2025-12-21,16,direct_own_calendar,775722494.0,752276053.9061043
2025-12-06,2025-12-22,16,direct_own_calendar,800416947.0,767062915.7836934
2025-12-07,2025-12-23,16,direct_own_calendar,805434213.0,765920351.4940476
2025-12-08,2025-12-24,16,direct_own_calendar,803732375.0,761280595.8815321
2025-12-09,2025-12-25,16,direct_own_calendar,824337857.0,763541284.1936448
2025-12-10,2025-12-26,16,direct_own_calendar,812520530.0,767219387.9497924
2025-12-11,2025-12-27,16,direct_own_calendar,813024286.0,762230991.1653138
2025-12-12,2025-12-28,16,direct_own_calendar,798511867.0,751401072.0608214
2025-12-13,2025-12-29,16,direct_own_calendar,801303829.0,767851920.9378355
2025-12-14,2025-12-30,16,direct_own_calendar,799723069.0,770339253.9092394
2025-12-15,2025-12-31,16,direct_own_calendar,783373686.0,765275273.1842425
2025-12-16,2026-01-01,16,direct_own_calendar,707758012.0,669901204.8415822
2025-12-17,2026-01-02,16,direct_own_calendar,741910307.0,672856555.832404
2025-12-18,2026-01-03,16,direct_own_calendar,801935633.0,690826836.8632829
2025-12-19,2026-01-04,16,direct_own_calendar,820839320.0,724668477.8914343
2025-12-20,2026-01-05,16,direct_own_calendar,819629944.0,770002388.6636426
2025-12-21,2026-01-06,16,direct_own_calendar,848208043.0,764688502.8150448
2025-12-22,2026-01-07,16,direct_own_calendar,836618404.0,761846646.6897334
2025-12-23,2026-01-08,16,direct_own_calendar,845715705.0,761594240.4787738
2025-12-24,2026-01-09,16,direct_own_calendar,845779172.0,765957626.8989812
2025-09-15,2025-10-01,16,direct_own_weather_holiday,893877447.0,839852281.750605
2025-09-16,2025-10-02,16,direct_own_weather_holiday,877524402.0,827651496.7093822
2025-09-17,2025-10-03,16,direct_own_weather_holiday,906128774.0,813975294.4932932
2025-09-18,2025-10-04,16,direct_own_weather_holiday,947397946.0,852371771.8804909
2025-09-19,2025-10-05,16,direct_own_weather_holiday,967898095.0,846557181.5891739
2025-09-20,2025-10-06,16,direct_own_weather_holiday,909397624.0,839553196.4462215
2025-09-21,2025-10-07,16,direct_own_weather_holiday,958058211.0,827180267.8884361
2025-09-22,2025-10-08,16,direct_own_weather_holiday,1002652065.0,804324912.330652
2025-09-23,2025-10-09,16,direct_own_weather_holiday,1006596066.0,897328798.5188441
2025-09-24,2025-10-10,16,direct_own_weather_holiday,988218980.0,885406561.9559463
2025-09-25,2025-10-11,16,direct_own_weather_holiday,993216057.0,877281382.090513
2025-09-26,2025-10-12,16,direct_own_weather_holiday,982996119.0,885879863.3440917
2025-09-27,2025-10-13,16,direct_own_weather_holiday,994158096.0,912551533.9889877
2025-09-28,2025-10-14,16,direct_own_weather_holiday,999440675.0,904649464.5453167
2025-09-29,2025-10-15,16,direct_own_weather_holiday,979563855.0,907366863.0604725
2025-09-30,2025-10-16,16,direct_own_weather_holiday,973453600.0,901880023.605756
2025-10-01,2025-10-17,16,direct_own_weather_holiday,976535370.0,875722740.7938678
2025-10-02,2025-10-18,16,direct_own_weather_holiday,976325746.0,844066735.0712924
2025-10-03,2025-10-19,16,direct_own_weather_holiday,896789087.0,805130725.9640493
2025-10-04,2025-10-20,16,direct_own_weather_holiday,853624251.0,773288747.4205745
2025-10-05,2025-10-21,16,direct_own_weather_holiday,795444895.0,781506224.8975586
2025-10-06,2025-10-22,16,direct_own_weather_holiday,783518576.0,791137691.995025
2025-10-07,2025-10-23,16,direct_own_weather_holiday,783134792.0,785624404.5659257
2025-10-08,2025-10-24,16,direct_own_weather_holiday,786285205.0,782172561.3103759
2025-10-09,2025-10-25,16,direct_own_weather_holiday,787344834.0,780333249.8352954
2025-10-10,2025-10-26,16,direct_own_weather_holiday,788309358.0,766779487.6948457
2025-10-11,2025-10-27,16,direct_own_weather_holiday,788347388.0,777168273.9744978
2025-10-12,2025-10-28,16,direct_own_weather_holiday,803213606.0,774925226.0579847
2025-10-13,2025-10-29,16,direct_own_weather_holiday,791815205.0,772277788.9819244
2025-10-14,2025-10-30,16,direct_own_weather_holiday,801523722.0,790970043.5906419
2025-10-15,2025-10-31,16,direct_own_weather_holiday,806599754.0,806147480.4693778
2025-10-16,2025-11-01,16,direct_own_weather_holiday,760921367.0,792206416.6316012
2025-10-17,2025-11-02,16,direct_own_weather_holiday,744828378.0,779586828.1839901
2025-10-18,2025-11-03,16,direct_own_weather_holiday,780447693.0,790244610.7832794
2025-10-19,2025-11-04,16,direct_own_weather_holiday,782600645.0,779563829.7524858
2025-10-20,2025-11-05,16,direct_own_weather_holiday,784108702.0,775793897.4248775
2025-10-21,2025-11-06,16,direct_own_weather_holiday,789959014.0,768993865.5669767
2025-10-22,2025-11-07,16,direct_own_weather_holiday,808798324.0,765585240.935615
2025-10-23,2025-11-08,16,direct_own_weather_holiday,816286170.0,761402615.3927089
2025-10-24,2025-11-09,16,direct_own_weather_holiday,794671570.0,744218423.8643526
2025-10-25,2025-11-10,16,direct_own_weather_holiday,803150509.0,753916763.5307053
2025-10-26,2025-11-11,16,direct_own_weather_holiday,811031660.0,748373747.53472
2025-10-27,2025-11-12,16,direct_own_weather_holiday,800371284.0,746330411.0488898
2025-10-28,2025-11-13,16,direct_own_weather_holiday,795412883.0,737740432.7892752
2025-10-29,2025-11-14,16,direct_own_weather_holiday,784929625.0,746153254.619451
2025-10-30,2025-11-15,16,direct_own_weather_holiday,771969074.0,730102889.310639
2025-10-31,2025-11-16,16,direct_own_weather_holiday,748102925.0,715916697.306999
2025-11-01,2025-11-17,16,direct_own_weather_holiday,784946049.0,735072091.413554
2025-11-02,2025-11-18,16,direct_own_weather_holiday,802372785.0,758711261.1111228
2025-11-03,2025-11-19,16,direct_own_weather_holiday,785536331.0,775586316.8375459
2025-11-04,2025-11-20,16,direct_own_weather_holiday,789566797.0,777840272.8018957
2025-11-05,2025-11-21,16,direct_own_weather_holiday,781713368.0,769873943.4148817
2025-11-06,2025-11-22,16,direct_own_weather_holiday,777234266.0,758803360.2539774
2025-11-07,2025-11-23,16,direct_own_weather_holiday,763587139.0,737495033.5646547
2025-11-08,2025-11-24,16,direct_own_weather_holiday,787419759.0,757460479.7952787
2025-11-09,2025-11-25,16,direct_own_weather_holiday,779113247.0,770568706.5767741
2025-11-10,2025-11-26,16,direct_own_weather_holiday,779056661.0,772979265.5367514
2025-11-11,2025-11-27,16,direct_own_weather_holiday,785923784.0,769723921.5635275
2025-11-12,2025-11-28,16,direct_own_weather_holiday,793532772.0,780674436.9478651
2025-11-13,2025-11-29,16,direct_own_weather_holiday,775439198.0,754301441.4667222
2025-11-14,2025-11-30,16,direct_own_weather_holiday,752415007.0,745175456.7376124
2025-11-15,2025-12-01,16,direct_own_weather_holiday,752093794.0,764966076.4970393
2025-11-16,2025-12-02,16,direct_own_weather_holiday,774181582.0,759255490.103889
2025-11-17,2025-12-03,16,direct_own_weather_holiday,779128904.0,764472462.597558
2025-11-18,2025-12-04,16,direct_own_weather_holiday,780611840.0,775138260.3599967
2025-11-19,2025-12-05,16,direct_own_weather_holiday,790342731.0,768508823.0512124
2025-11-20,2025-12-06,16,direct_own_weather_holiday,783475966.0,750762639.301953
2025-11-21,2025-12-07,16,direct_own_weather_holiday,769662376.0,731549476.3654101
2025-11-22,2025-12-08,16,direct_own_weather_holiday,781993536.0,753581104.3194864
2025-11-23,2025-12-09,16,direct_own_weather_holiday,790459836.0,761009559.3129194
2025-11-24,2025-12-10,16,direct_own_weather_holiday,793331038.0,750736260.6511849
2025-11-25,2025-12-11,16,direct_own_weather_holiday,792303023.0,751528825.4314473
2025-11-26,2025-12-12,16,direct_own_weather_holiday,805771337.0,761047139.344241
2025-11-27,2025-12-13,16,direct_own_weather_holiday,805919635.0,749924055.3329675
2025-11-28,2025-12-14,16,direct_own_weather_holiday,775261923.0,761250605.4599147
2025-11-29,2025-12-15,16,direct_own_weather_holiday,800205024.0,769088340.0441605
2025-11-30,2025-12-16,16,direct_own_weather_holiday,791223092.0,757022032.8456634
2025-12-01,2025-12-17,16,direct_own_weather_holiday,797873177.0,754323279.0379434
2025-12-02,2025-12-18,16,direct_own_weather_holiday,807913091.0,758428429.4524512
2025-12-03,2025-12-19,16,direct_own_weather_holiday,813412227.0,756357655.735472
2025-12-04,2025-12-20,16,direct_own_weather_holiday,800554656.0,747854121.2827457
2025-12-05,2025-12-21,16,direct_own_weather_holiday,775722494.0,741193460.1051791
2025-12-06,2025-12-22,16,direct_own_weather_holiday,800416947.0,761314524.5668449
2025-12-07,2025-12-23,16,direct_own_weather_holiday,805434213.0,753164926.6523429
2025-12-08,2025-12-24,16,direct_own_weather_holiday,803732375.0,754917614.1729059
2025-12-09,2025-12-25,16,direct_own_weather_holiday,824337857.0,765739713.4695536
2025-12-10,2025-12-26,16,direct_own_weather_holiday,812520530.0,788987105.2712479
2025-12-11,2025-12-27,16,direct_own_weather_holiday,813024286.0,763576952.3737874
2025-12-12,2025-12-28,16,direct_own_weather_holiday,798511867.0,748531663.7953628
2025-12-13,2025-12-29,16,direct_own_weather_holiday,801303829.0,763496297.9173548
2025-12-14,2025-12-30,16,direct_own_weather_holiday,799723069.0,768373842.8628423
2025-12-15,2025-12-31,16,direct_own_weather_holiday,783373686.0,775096957.4226111
2025-12-16,2026-01-01,16,direct_own_weather_holiday,707758012.0,688728829.8347558
2025-12-17,2026-01-02,16,direct_own_weather_holiday,741910307.0,699157603.347042
2025-12-18,2026-01-03,16,direct_own_weather_holiday,801935633.0,724341003.7717569
2025-12-19,2026-01-04,16,direct_own_weather_holiday,820839320.0,736445678.663559
2025-12-20,2026-01-05,16,direct_own_weather_holiday,819629944.0,770940014.0485585
2025-12-21,2026-01-06,16,direct_own_weather_holiday,848208043.0,780046760.5036856
2025-12-22,2026-01-07,16,direct_own_weather_holiday,836618404.0,783680728.8822674
2025-12-23,2026-01-08,16,direct_own_weather_holiday,845715705.0,785082211.0513844
2025-12-24,2026-01-09,16,direct_own_weather_holiday,845779172.0,785717440.0461228
2025-09-15,2025-10-01,16,direct_category_weather_holiday,893877447.0,875106685.2903426
2025-09-16,2025-10-02,16,direct_category_weather_holiday,877524402.0,860724935.1278497
2025-09-17,2025-10-03,16,direct_category_weather_holiday,906128774.0,861663683.6584787
2025-09-18,2025-10-04,16,direct_category_weather_holiday,947397946.0,890858378.3263242
2025-09-19,2025-10-05,16,direct_category_weather_holiday,967898095.0,884325892.0442209
2025-09-20,2025-10-06,16,direct_category_weather_holiday,909397624.0,881910054.2566576
2025-09-21,2025-10-07,16,direct_category_weather_holiday,958058211.0,869818568.6101367
2025-09-22,2025-10-08,16,direct_category_weather_holiday,1002652065.0,842425038.4551516
2025-09-23,2025-10-09,16,direct_category_weather_holiday,1006596066.0,933146007.404961
2025-09-24,2025-10-10,16,direct_category_weather_holiday,988218980.0,932157999.230579
2025-09-25,2025-10-11,16,direct_category_weather_holiday,993216057.0,921056889.097515
2025-09-26,2025-10-12,16,direct_category_weather_holiday,982996119.0,925993926.7328572
2025-09-27,2025-10-13,16,direct_category_weather_holiday,994158096.0,947382598.6785042
2025-09-28,2025-10-14,16,direct_category_weather_holiday,999440675.0,937472622.9031574
2025-09-29,2025-10-15,16,direct_category_weather_holiday,979563855.0,941626154.0753301
2025-09-30,2025-10-16,16,direct_category_weather_holiday,973453600.0,940225661.3332868
2025-10-01,2025-10-17,16,direct_category_weather_holiday,976535370.0,921301358.4945383
2025-10-02,2025-10-18,16,direct_category_weather_holiday,976325746.0,898124484.2083006
2025-10-03,2025-10-19,16,direct_category_weather_holiday,896789087.0,851614260.3206376
2025-10-04,2025-10-20,16,direct_category_weather_holiday,853624251.0,816808180.4310055
2025-10-05,2025-10-21,16,direct_category_weather_holiday,795444895.0,813521360.4833697
2025-10-06,2025-10-22,16,direct_category_weather_holiday,783518576.0,827310795.5044515
2025-10-07,2025-10-23,16,direct_category_weather_holiday,783134792.0,839508673.825675
2025-10-08,2025-10-24,16,direct_category_weather_holiday,786285205.0,844420626.6660272
2025-10-09,2025-10-25,16,direct_category_weather_holiday,787344834.0,829047251.8415887
2025-10-10,2025-10-26,16,direct_category_weather_holiday,788309358.0,808882426.3729408
2025-10-11,2025-10-27,16,direct_category_weather_holiday,788347388.0,811088552.1527686
2025-10-12,2025-10-28,16,direct_category_weather_holiday,803213606.0,817182751.9536437
2025-10-13,2025-10-29,16,direct_category_weather_holiday,791815205.0,839462911.4520878
2025-10-14,2025-10-30,16,direct_category_weather_holiday,801523722.0,835751243.8557845
2025-10-15,2025-10-31,16,direct_category_weather_holiday,806599754.0,847769991.8164418
2025-10-16,2025-11-01,16,direct_category_weather_holiday,760921367.0,816087434.3709846
2025-10-17,2025-11-02,16,direct_category_weather_holiday,744828378.0,800819315.3825889
2025-10-18,2025-11-03,16,direct_category_weather_holiday,780447693.0,820765247.7484753
2025-10-19,2025-11-04,16,direct_category_weather_holiday,782600645.0,820035780.7892276
2025-10-20,2025-11-05,16,direct_category_weather_holiday,784108702.0,815097573.171624
2025-10-21,2025-11-06,16,direct_category_weather_holiday,789959014.0,817364514.8915523
2025-10-22,2025-11-07,16,direct_category_weather_holiday,808798324.0,820330394.6973066
2025-10-23,2025-11-08,16,direct_category_weather_holiday,816286170.0,817966687.6104617
2025-10-24,2025-11-09,16,direct_category_weather_holiday,794671570.0,796303661.8279401
2025-10-25,2025-11-10,16,direct_category_weather_holiday,803150509.0,798585648.7184238
2025-10-26,2025-11-11,16,direct_category_weather_holiday,811031660.0,789979256.1540846
2025-10-27,2025-11-12,16,direct_category_weather_holiday,800371284.0,789721845.6899347
2025-10-28,2025-11-13,16,direct_category_weather_holiday,795412883.0,786430375.8836653
2025-10-29,2025-11-14,16,direct_category_weather_holiday,784929625.0,811294700.1220511
2025-10-30,2025-11-15,16,direct_category_weather_holiday,771969074.0,784917252.9831202
2025-10-31,2025-11-16,16,direct_category_weather_holiday,748102925.0,762996240.2153658
2025-11-01,2025-11-17,16,direct_category_weather_holiday,784946049.0,776048162.1049589
2025-11-02,2025-11-18,16,direct_category_weather_holiday,802372785.0,794572546.1142461
2025-11-03,2025-11-19,16,direct_category_weather_holiday,785536331.0,824396880.7986708
2025-11-04,2025-11-20,16,direct_category_weather_holiday,789566797.0,822189470.682362
2025-11-05,2025-11-21,16,direct_category_weather_holiday,781713368.0,812160019.8930237
2025-11-06,2025-11-22,16,direct_category_weather_holiday,777234266.0,798723377.644246
2025-11-07,2025-11-23,16,direct_category_weather_holiday,763587139.0,773126793.7343907
2025-11-08,2025-11-24,16,direct_category_weather_holiday,787419759.0,795695693.8236562
2025-11-09,2025-11-25,16,direct_category_weather_holiday,779113247.0,799746526.6174687
2025-11-10,2025-11-26,16,direct_category_weather_holiday,779056661.0,810981911.7480162
2025-11-11,2025-11-27,16,direct_category_weather_holiday,785923784.0,818701132.952794
2025-11-12,2025-11-28,16,direct_category_weather_holiday,793532772.0,828952043.1932942
2025-11-13,2025-11-29,16,direct_category_weather_holiday,775439198.0,806026565.0851426
2025-11-14,2025-11-30,16,direct_category_weather_holiday,752415007.0,786334742.7205637
2025-11-15,2025-12-01,16,direct_category_weather_holiday,752093794.0,794611779.8382729
2025-11-16,2025-12-02,16,direct_category_weather_holiday,774181582.0,784977755.3346876
2025-11-17,2025-12-03,16,direct_category_weather_holiday,779128904.0,806198033.9827813
2025-11-18,2025-12-04,16,direct_category_weather_holiday,780611840.0,827970851.7254657
2025-11-19,2025-12-05,16,direct_category_weather_holiday,790342731.0,820747287.0010691
2025-11-20,2025-12-06,16,direct_category_weather_holiday,783475966.0,793896248.7919518
2025-11-21,2025-12-07,16,direct_category_weather_holiday,769662376.0,773470421.8221003
2025-11-22,2025-12-08,16,direct_category_weather_holiday,781993536.0,793468809.2505703
2025-11-23,2025-12-09,16,direct_category_weather_holiday,790459836.0,804351254.3730464
2025-11-24,2025-12-10,16,direct_category_weather_holiday,793331038.0,795984323.208918
2025-11-25,2025-12-11,16,direct_category_weather_holiday,792303023.0,804173493.4756582
2025-11-26,2025-12-12,16,direct_category_weather_holiday,805771337.0,808856836.2625169
2025-11-27,2025-12-13,16,direct_category_weather_holiday,805919635.0,794617717.0387264
2025-11-28,2025-12-14,16,direct_category_weather_holiday,775261923.0,800259780.8373064
2025-11-29,2025-12-15,16,direct_category_weather_holiday,800205024.0,812516454.5008267
2025-11-30,2025-12-16,16,direct_category_weather_holiday,791223092.0,792337785.2963061
2025-12-01,2025-12-17,16,direct_category_weather_holiday,797873177.0,791208929.7921013
2025-12-02,2025-12-18,16,direct_category_weather_holiday,807913091.0,801830794.3521508
2025-12-03,2025-12-19,16,direct_category_weather_holiday,813412227.0,790895152.0711944
2025-12-04,2025-12-20,16,direct_category_weather_holiday,800554656.0,779787368.4292816
2025-12-05,2025-12-21,16,direct_category_weather_holiday,775722494.0,774324327.2016643
2025-12-06,2025-12-22,16,direct_category_weather_holiday,800416947.0,797957439.9096411
2025-12-07,2025-12-23,16,direct_category_weather_holiday,805434213.0,788289466.0361181
2025-12-08,2025-12-24,16,direct_category_weather_holiday,803732375.0,794709335.7191076
2025-12-09,2025-12-25,16,direct_category_weather_holiday,824337857.0,801531060.4582528
2025-12-10,2025-12-26,16,direct_category_weather_holiday,812520530.0,823312231.957432
2025-12-11,2025-12-27,16,direct_category_weather_holiday,813024286.0,798988022.2300808
2025-12-12,2025-12-28,16,direct_category_weather_holiday,798511867.0,778794112.7410583
2025-12-13,2025-12-29,16,direct_category_weather_holiday,801303829.0,794776987.2540009
2025-12-14,2025-12-30,16,direct_category_weather_holiday,799723069.0,802286768.0101613
2025-12-15,2025-12-31,16,direct_category_weather_holiday,783373686.0,803118158.5274687
2025-12-16,2026-01-01,16,direct_category_weather_holiday,707758012.0,722681829.9350904
2025-12-17,2026-01-02,16,direct_category_weather_holiday,741910307.0,729298957.2753403
2025-12-18,2026-01-03,16,direct_category_weather_holiday,801935633.0,756033938.3338857
2025-12-19,2026-01-04,16,direct_category_weather_holiday,820839320.0,770675873.7567387
2025-12-20,2026-01-05,16,direct_category_weather_holiday,819629944.0,804685532.4100221
2025-12-21,2026-01-06,16,direct_category_weather_holiday,848208043.0,810776977.7635319
2025-12-22,2026-01-07,16,direct_category_weather_holiday,836618404.0,818898046.6839626
2025-12-23,2026-01-08,16,direct_category_weather_holiday,845715705.0,816364781.1648736
2025-12-24,2026-01-09,16,direct_category_weather_holiday,845779172.0,813366659.8851149
2025-09-14,2025-10-01,17,direct_own_calendar,893877447.0,755453902.7552003
2025-09-15,2025-10-02,17,direct_own_calendar,877524402.0,749159402.9641489
2025-09-16,2025-10-03,17,direct_own_calendar,906128774.0,749341298.2592124
2025-09-17,2025-10-04,17,direct_own_calendar,947397946.0,753431905.4112123
2025-09-18,2025-10-05,17,direct_own_calendar,967898095.0,757678198.2349926
2025-09-19,2025-10-06,17,direct_own_calendar,909397624.0,751010113.1915878
2025-09-20,2025-10-07,17,direct_own_calendar,958058211.0,746359286.5033051
2025-09-21,2025-10-08,17,direct_own_calendar,1002652065.0,735703883.4213883
2025-09-22,2025-10-09,17,direct_own_calendar,1006596066.0,864654177.0238726
2025-09-23,2025-10-10,17,direct_own_calendar,988218980.0,854283554.8153613
2025-09-24,2025-10-11,17,direct_own_calendar,993216057.0,820667329.5562819
2025-09-25,2025-10-12,17,direct_own_calendar,982996119.0,869428714.1508524
2025-09-26,2025-10-13,17,direct_own_calendar,994158096.0,885279437.5933018
2025-09-27,2025-10-14,17,direct_own_calendar,999440675.0,882641441.040254
2025-09-28,2025-10-15,17,direct_own_calendar,979563855.0,879518654.7702434
2025-09-29,2025-10-16,17,direct_own_calendar,973453600.0,889225745.357465
2025-09-30,2025-10-17,17,direct_own_calendar,976535370.0,892351474.7564484
2025-10-01,2025-10-18,17,direct_own_calendar,976325746.0,854393419.4538053
2025-10-02,2025-10-19,17,direct_own_calendar,896789087.0,815311534.8407212
2025-10-03,2025-10-20,17,direct_own_calendar,853624251.0,832096690.1602314
2025-10-04,2025-10-21,17,direct_own_calendar,795444895.0,847512896.4161171
2025-10-05,2025-10-22,17,direct_own_calendar,783518576.0,863053191.681421
2025-10-06,2025-10-23,17,direct_own_calendar,783134792.0,878219717.9567422
2025-10-07,2025-10-24,17,direct_own_calendar,786285205.0,867425220.343383
2025-10-08,2025-10-25,17,direct_own_calendar,787344834.0,856484483.4217335
2025-10-09,2025-10-26,17,direct_own_calendar,788309358.0,847010341.240176
2025-10-10,2025-10-27,17,direct_own_calendar,788347388.0,858261211.8351063
2025-10-11,2025-10-28,17,direct_own_calendar,803213606.0,853459863.1814237
2025-10-12,2025-10-29,17,direct_own_calendar,791815205.0,850304191.1383375
2025-10-13,2025-10-30,17,direct_own_calendar,801523722.0,850890168.1892068
2025-10-14,2025-10-31,17,direct_own_calendar,806599754.0,863814525.8818719
2025-10-15,2025-11-01,17,direct_own_calendar,760921367.0,876218530.1719701
2025-10-16,2025-11-02,17,direct_own_calendar,744828378.0,858276452.7490842
2025-10-17,2025-11-03,17,direct_own_calendar,780447693.0,870151074.2904245
2025-10-18,2025-11-04,17,direct_own_calendar,782600645.0,866554802.8998231
2025-10-19,2025-11-05,17,direct_own_calendar,784108702.0,859093466.4377396
2025-10-20,2025-11-06,17,direct_own_calendar,789959014.0,851114930.1379758
2025-10-21,2025-11-07,17,direct_own_calendar,808798324.0,834104105.7449647
2025-10-22,2025-11-08,17,direct_own_calendar,816286170.0,814288171.2723398
2025-10-23,2025-11-09,17,direct_own_calendar,794671570.0,794963770.4653659
2025-10-24,2025-11-10,17,direct_own_calendar,803150509.0,805845902.9694833
2025-10-25,2025-11-11,17,direct_own_calendar,811031660.0,804346855.19179
2025-10-26,2025-11-12,17,direct_own_calendar,800371284.0,799621324.4401617
2025-10-27,2025-11-13,17,direct_own_calendar,795412883.0,799624823.4866029
2025-10-28,2025-11-14,17,direct_own_calendar,784929625.0,791773985.86952
2025-10-29,2025-11-15,17,direct_own_calendar,771969074.0,782279003.1335973
2025-10-30,2025-11-16,17,direct_own_calendar,748102925.0,767401868.7524672
2025-10-31,2025-11-17,17,direct_own_calendar,784946049.0,784160697.735125
2025-11-01,2025-11-18,17,direct_own_calendar,802372785.0,781233213.8495306
2025-11-02,2025-11-19,17,direct_own_calendar,785536331.0,780048230.8238627
2025-11-03,2025-11-20,17,direct_own_calendar,789566797.0,785361760.9454885
2025-11-04,2025-11-21,17,direct_own_calendar,781713368.0,802979835.4173768
2025-11-05,2025-11-22,17,direct_own_calendar,777234266.0,798070238.4234902
2025-11-06,2025-11-23,17,direct_own_calendar,763587139.0,782795196.3110179
2025-11-07,2025-11-24,17,direct_own_calendar,787419759.0,796562558.6615105
2025-11-08,2025-11-25,17,direct_own_calendar,779113247.0,795780878.7743168
2025-11-09,2025-11-26,17,direct_own_calendar,779056661.0,793672778.5352252
2025-11-10,2025-11-27,17,direct_own_calendar,785923784.0,795533757.1450741
2025-11-11,2025-11-28,17,direct_own_calendar,793532772.0,796687194.4822052
2025-11-12,2025-11-29,17,direct_own_calendar,775439198.0,793913605.3966278
2025-11-13,2025-11-30,17,direct_own_calendar,752415007.0,778367269.2982489
2025-11-14,2025-12-01,17,direct_own_calendar,752093794.0,794552890.1305697
2025-11-15,2025-12-02,17,direct_own_calendar,774181582.0,800091560.1809895
2025-11-16,2025-12-03,17,direct_own_calendar,779128904.0,789543011.4837652
2025-11-17,2025-12-04,17,direct_own_calendar,780611840.0,782772320.6890408
2025-11-18,2025-12-05,17,direct_own_calendar,790342731.0,786527209.9520383
2025-11-19,2025-12-06,17,direct_own_calendar,783475966.0,781097287.7504935
2025-11-20,2025-12-07,17,direct_own_calendar,769662376.0,763460808.7371188
2025-11-21,2025-12-08,17,direct_own_calendar,781993536.0,775450965.2730643
2025-11-22,2025-12-09,17,direct_own_calendar,790459836.0,771866419.9335288
2025-11-23,2025-12-10,17,direct_own_calendar,793331038.0,767417856.4946251
2025-11-24,2025-12-11,17,direct_own_calendar,792303023.0,769485212.298525
2025-11-25,2025-12-12,17,direct_own_calendar,805771337.0,774876086.4974015
2025-11-26,2025-12-13,17,direct_own_calendar,805919635.0,765080370.4334542
2025-11-27,2025-12-14,17,direct_own_calendar,775261923.0,754905285.0672282
2025-11-28,2025-12-15,17,direct_own_calendar,800205024.0,772134597.7121272
2025-11-29,2025-12-16,17,direct_own_calendar,791223092.0,772636151.3926293
2025-11-30,2025-12-17,17,direct_own_calendar,797873177.0,763975204.9621308
2025-12-01,2025-12-18,17,direct_own_calendar,807913091.0,759648507.1593138
2025-12-02,2025-12-19,17,direct_own_calendar,813412227.0,759473439.335624
2025-12-03,2025-12-20,17,direct_own_calendar,800554656.0,760766363.4975785
2025-12-04,2025-12-21,17,direct_own_calendar,775722494.0,749372933.666227
2025-12-05,2025-12-22,17,direct_own_calendar,800416947.0,764316957.9598048
2025-12-06,2025-12-23,17,direct_own_calendar,805434213.0,765579962.06589
2025-12-07,2025-12-24,17,direct_own_calendar,803732375.0,760275118.7271172
2025-12-08,2025-12-25,17,direct_own_calendar,824337857.0,761187444.921269
2025-12-09,2025-12-26,17,direct_own_calendar,812520530.0,766723610.1224595
2025-12-10,2025-12-27,17,direct_own_calendar,813024286.0,761618049.3907746
2025-12-11,2025-12-28,17,direct_own_calendar,798511867.0,747739589.1977661
2025-12-12,2025-12-29,17,direct_own_calendar,801303829.0,763420781.2098317
2025-12-13,2025-12-30,17,direct_own_calendar,799723069.0,765755209.6020131
2025-12-14,2025-12-31,17,direct_own_calendar,783373686.0,763844438.586877
2025-12-15,2026-01-01,17,direct_own_calendar,707758012.0,670895172.2246462
2025-12-16,2026-01-02,17,direct_own_calendar,741910307.0,672936897.7517883
2025-12-17,2026-01-03,17,direct_own_calendar,801935633.0,688715259.6695044
2025-12-18,2026-01-04,17,direct_own_calendar,820839320.0,719481780.3525374
2025-12-19,2026-01-05,17,direct_own_calendar,819629944.0,768852589.6991518
2025-12-20,2026-01-06,17,direct_own_calendar,848208043.0,767930397.5016742
2025-12-21,2026-01-07,17,direct_own_calendar,836618404.0,758412084.1631807
2025-12-22,2026-01-08,17,direct_own_calendar,845715705.0,761123352.9131913
2025-12-23,2026-01-09,17,direct_own_calendar,845779172.0,764323536.7858086
2025-09-14,2025-10-01,17,direct_own_weather_holiday,893877447.0,845034699.2259223
2025-09-15,2025-10-02,17,direct_own_weather_holiday,877524402.0,831044036.225887
2025-09-16,2025-10-03,17,direct_own_weather_holiday,906128774.0,825259275.0372185
2025-09-17,2025-10-04,17,direct_own_weather_holiday,947397946.0,838868055.3003485
2025-09-18,2025-10-05,17,direct_own_weather_holiday,967898095.0,846597704.6668221
2025-09-19,2025-10-06,17,direct_own_weather_holiday,909397624.0,841921045.4389716
2025-09-20,2025-10-07,17,direct_own_weather_holiday,958058211.0,831430012.7304229
2025-09-21,2025-10-08,17,direct_own_weather_holiday,1002652065.0,817028794.2351538
2025-09-22,2025-10-09,17,direct_own_weather_holiday,1006596066.0,907236730.130187
2025-09-23,2025-10-10,17,direct_own_weather_holiday,988218980.0,882149094.911253
2025-09-24,2025-10-11,17,direct_own_weather_holiday,993216057.0,874311994.5107683
2025-09-25,2025-10-12,17,direct_own_weather_holiday,982996119.0,881334651.8939322
2025-09-26,2025-10-13,17,direct_own_weather_holiday,994158096.0,912070257.7200211
2025-09-27,2025-10-14,17,direct_own_weather_holiday,999440675.0,900201348.7717755
2025-09-28,2025-10-15,17,direct_own_weather_holiday,979563855.0,897728113.834698
2025-09-29,2025-10-16,17,direct_own_weather_holiday,973453600.0,899140473.6944761
2025-09-30,2025-10-17,17,direct_own_weather_holiday,976535370.0,899246746.5879102
2025-10-01,2025-10-18,17,direct_own_weather_holiday,976325746.0,860116357.9378674
2025-10-02,2025-10-19,17,direct_own_weather_holiday,896789087.0,799990424.0047878
2025-10-03,2025-10-20,17,direct_own_weather_holiday,853624251.0,760141548.2502593
2025-10-04,2025-10-21,17,direct_own_weather_holiday,795444895.0,763540974.5231568
2025-10-05,2025-10-22,17,direct_own_weather_holiday,783518576.0,776188299.8850852
2025-10-06,2025-10-23,17,direct_own_weather_holiday,783134792.0,791155445.2196001
2025-10-07,2025-10-24,17,direct_own_weather_holiday,786285205.0,783047803.8709656
2025-10-08,2025-10-25,17,direct_own_weather_holiday,787344834.0,776735665.3328718
2025-10-09,2025-10-26,17,direct_own_weather_holiday,788309358.0,765664568.6092743
2025-10-10,2025-10-27,17,direct_own_weather_holiday,788347388.0,776176948.3738621
2025-10-11,2025-10-28,17,direct_own_weather_holiday,803213606.0,769221653.1091422
2025-10-12,2025-10-29,17,direct_own_weather_holiday,791815205.0,767343734.198357
2025-10-13,2025-10-30,17,direct_own_weather_holiday,801523722.0,779266040.6842167
2025-10-14,2025-10-31,17,direct_own_weather_holiday,806599754.0,788041807.4277604
2025-10-15,2025-11-01,17,direct_own_weather_holiday,760921367.0,791606031.014173
2025-10-16,2025-11-02,17,direct_own_weather_holiday,744828378.0,776382590.6908964
2025-10-17,2025-11-03,17,direct_own_weather_holiday,780447693.0,789347475.3833936
2025-10-18,2025-11-04,17,direct_own_weather_holiday,782600645.0,777490059.7675061
2025-10-19,2025-11-05,17,direct_own_weather_holiday,784108702.0,775941152.0827788
2025-10-20,2025-11-06,17,direct_own_weather_holiday,789959014.0,781937635.4066882
2025-10-21,2025-11-07,17,direct_own_weather_holiday,808798324.0,774420669.7224895
2025-10-22,2025-11-08,17,direct_own_weather_holiday,816286170.0,764345295.0977732
2025-10-23,2025-11-09,17,direct_own_weather_holiday,794671570.0,744353175.1622247
2025-10-24,2025-11-10,17,direct_own_weather_holiday,803150509.0,751957720.4325933
2025-10-25,2025-11-11,17,direct_own_weather_holiday,811031660.0,745037136.5800717
2025-10-26,2025-11-12,17,direct_own_weather_holiday,800371284.0,743376594.6821512
2025-10-27,2025-11-13,17,direct_own_weather_holiday,795412883.0,742318972.765409
2025-10-28,2025-11-14,17,direct_own_weather_holiday,784929625.0,745042608.7867231
2025-10-29,2025-11-15,17,direct_own_weather_holiday,771969074.0,728066521.3481795
2025-10-30,2025-11-16,17,direct_own_weather_holiday,748102925.0,710712648.5597061
2025-10-31,2025-11-17,17,direct_own_weather_holiday,784946049.0,735546209.2583138
2025-11-01,2025-11-18,17,direct_own_weather_holiday,802372785.0,753302854.1220144
2025-11-02,2025-11-19,17,direct_own_weather_holiday,785536331.0,769579461.0641811
2025-11-03,2025-11-20,17,direct_own_weather_holiday,789566797.0,768999542.6189605
2025-11-04,2025-11-21,17,direct_own_weather_holiday,781713368.0,771680342.5207434
2025-11-05,2025-11-22,17,direct_own_weather_holiday,777234266.0,760472576.752838
2025-11-06,2025-11-23,17,direct_own_weather_holiday,763587139.0,736396069.1111847
2025-11-07,2025-11-24,17,direct_own_weather_holiday,787419759.0,757510402.8149843
2025-11-08,2025-11-25,17,direct_own_weather_holiday,779113247.0,769183860.3341962
2025-11-09,2025-11-26,17,direct_own_weather_holiday,779056661.0,771651958.0376247
2025-11-10,2025-11-27,17,direct_own_weather_holiday,785923784.0,771976084.8176453
2025-11-11,2025-11-28,17,direct_own_weather_holiday,793532772.0,779250035.4696829
2025-11-12,2025-11-29,17,direct_own_weather_holiday,775439198.0,755285377.760025
2025-11-13,2025-11-30,17,direct_own_weather_holiday,752415007.0,741893681.9319602
2025-11-14,2025-12-01,17,direct_own_weather_holiday,752093794.0,758816332.9051157
2025-11-15,2025-12-02,17,direct_own_weather_holiday,774181582.0,761207629.8958155
2025-11-16,2025-12-03,17,direct_own_weather_holiday,779128904.0,768721733.7931802
2025-11-17,2025-12-04,17,direct_own_weather_holiday,780611840.0,773912459.2624685
2025-11-18,2025-12-05,17,direct_own_weather_holiday,790342731.0,768621180.8420907
2025-11-19,2025-12-06,17,direct_own_weather_holiday,783475966.0,751961128.2771909
2025-11-20,2025-12-07,17,direct_own_weather_holiday,769662376.0,730452488.2865208
2025-11-21,2025-12-08,17,direct_own_weather_holiday,781993536.0,754734671.6213952
2025-11-22,2025-12-09,17,direct_own_weather_holiday,790459836.0,759373605.0267882
2025-11-23,2025-12-10,17,direct_own_weather_holiday,793331038.0,748103971.9972775
2025-11-24,2025-12-11,17,direct_own_weather_holiday,792303023.0,749047083.9593729
2025-11-25,2025-12-12,17,direct_own_weather_holiday,805771337.0,762779794.6730915
2025-11-26,2025-12-13,17,direct_own_weather_holiday,805919635.0,745574055.6819444
2025-11-27,2025-12-14,17,direct_own_weather_holiday,775261923.0,758090365.7011876
2025-11-28,2025-12-15,17,direct_own_weather_holiday,800205024.0,766657093.0380963
2025-11-29,2025-12-16,17,direct_own_weather_holiday,791223092.0,758906308.0628937
2025-11-30,2025-12-17,17,direct_own_weather_holiday,797873177.0,758336049.1056257
2025-12-01,2025-12-18,17,direct_own_weather_holiday,807913091.0,760498305.969707
2025-12-02,2025-12-19,17,direct_own_weather_holiday,813412227.0,750418909.0452651
2025-12-03,2025-12-20,17,direct_own_weather_holiday,800554656.0,745291207.8236871
2025-12-04,2025-12-21,17,direct_own_weather_holiday,775722494.0,738106868.1768286
2025-12-05,2025-12-22,17,direct_own_weather_holiday,800416947.0,758601622.7773014
2025-12-06,2025-12-23,17,direct_own_weather_holiday,805434213.0,751607191.2621635
2025-12-07,2025-12-24,17,direct_own_weather_holiday,803732375.0,752910882.8866754
2025-12-08,2025-12-25,17,direct_own_weather_holiday,824337857.0,763685875.1062155
2025-12-09,2025-12-26,17,direct_own_weather_holiday,812520530.0,789627412.4824146
2025-12-10,2025-12-27,17,direct_own_weather_holiday,813024286.0,763368683.6787523
2025-12-11,2025-12-28,17,direct_own_weather_holiday,798511867.0,745163482.1861724
2025-12-12,2025-12-29,17,direct_own_weather_holiday,801303829.0,759586194.7770786
2025-12-13,2025-12-30,17,direct_own_weather_holiday,799723069.0,764576147.3469397
2025-12-14,2025-12-31,17,direct_own_weather_holiday,783373686.0,773925966.3378295
2025-12-15,2026-01-01,17,direct_own_weather_holiday,707758012.0,689369043.1506125
2025-12-16,2026-01-02,17,direct_own_weather_holiday,741910307.0,699245385.1062073
2025-12-17,2026-01-03,17,direct_own_weather_holiday,801935633.0,722913651.6953655
2025-12-18,2026-01-04,17,direct_own_weather_holiday,820839320.0,732085575.6877146
2025-12-19,2026-01-05,17,direct_own_weather_holiday,819629944.0,769357317.7695688
2025-12-20,2026-01-06,17,direct_own_weather_holiday,848208043.0,782557289.8972031
2025-12-21,2026-01-07,17,direct_own_weather_holiday,836618404.0,781788568.6889747
2025-12-22,2026-01-08,17,direct_own_weather_holiday,845715705.0,785528166.4790928
2025-12-23,2026-01-09,17,direct_own_weather_holiday,845779172.0,785778914.6442754
2025-09-14,2025-10-01,17,direct_category_weather_holiday,893877447.0,878397009.392877
2025-09-15,2025-10-02,17,direct_category_weather_holiday,877524402.0,866476924.9415588
2025-09-16,2025-10-03,17,direct_category_weather_holiday,906128774.0,857450652.8388016
2025-09-17,2025-10-04,17,direct_category_weather_holiday,947397946.0,884373708.8268105
2025-09-18,2025-10-05,17,direct_category_weather_holiday,967898095.0,880395772.097247
2025-09-19,2025-10-06,17,direct_category_weather_holiday,909397624.0,878671436.0119772
2025-09-20,2025-10-07,17,direct_category_weather_holiday,958058211.0,872567384.6568642
2025-09-21,2025-10-08,17,direct_category_weather_holiday,1002652065.0,857342177.0696691
2025-09-22,2025-10-09,17,direct_category_weather_holiday,1006596066.0,932778664.0735666
2025-09-23,2025-10-10,17,direct_category_weather_holiday,988218980.0,922087118.0731153
2025-09-24,2025-10-11,17,direct_category_weather_holiday,993216057.0,928484109.6439776
2025-09-25,2025-10-12,17,direct_category_weather_holiday,982996119.0,929739178.394058
2025-09-26,2025-10-13,17,direct_category_weather_holiday,994158096.0,951687363.4928181
2025-09-27,2025-10-14,17,direct_category_weather_holiday,999440675.0,936939940.1575087
2025-09-28,2025-10-15,17,direct_category_weather_holiday,979563855.0,929686099.1827441
2025-09-29,2025-10-16,17,direct_category_weather_holiday,973453600.0,933833495.4263436
2025-09-30,2025-10-17,17,direct_category_weather_holiday,976535370.0,939010395.5851839
2025-10-01,2025-10-18,17,direct_category_weather_holiday,976325746.0,906255192.0413582
2025-10-02,2025-10-19,17,direct_category_weather_holiday,896789087.0,858282892.5691603
2025-10-03,2025-10-20,17,direct_category_weather_holiday,853624251.0,811937803.0215818
2025-10-04,2025-10-21,17,direct_category_weather_holiday,795444895.0,811691845.8321453
2025-10-05,2025-10-22,17,direct_category_weather_holiday,783518576.0,811579798.4679438
2025-10-06,2025-10-23,17,direct_category_weather_holiday,783134792.0,831496085.5208244
2025-10-07,2025-10-24,17,direct_category_weather_holiday,786285205.0,844227024.3867098
2025-10-08,2025-10-25,17,direct_category_weather_holiday,787344834.0,841893766.3742534
2025-10-09,2025-10-26,17,direct_category_weather_holiday,788309358.0,818018991.0288082
2025-10-10,2025-10-27,17,direct_category_weather_holiday,788347388.0,818835155.8406503
2025-10-11,2025-10-28,17,direct_category_weather_holiday,803213606.0,805571379.5397028
2025-10-12,2025-10-29,17,direct_category_weather_holiday,791815205.0,814156819.1147691
2025-10-13,2025-10-30,17,direct_category_weather_holiday,801523722.0,847158341.7743516
2025-10-14,2025-10-31,17,direct_category_weather_holiday,806599754.0,832341694.2949011
2025-10-15,2025-11-01,17,direct_category_weather_holiday,760921367.0,832945015.9363091
2025-10-16,2025-11-02,17,direct_category_weather_holiday,744828378.0,801571065.5778291
2025-10-17,2025-11-03,17,direct_category_weather_holiday,780447693.0,817792035.1251903
2025-10-18,2025-11-04,17,direct_category_weather_holiday,782600645.0,816214047.2499712
2025-10-19,2025-11-05,17,direct_category_weather_holiday,784108702.0,815176446.6992819
2025-10-20,2025-11-06,17,direct_category_weather_holiday,789959014.0,827055487.3344026
2025-10-21,2025-11-07,17,direct_category_weather_holiday,808798324.0,825425356.4109147
2025-10-22,2025-11-08,17,direct_category_weather_holiday,816286170.0,818527311.7148094
2025-10-23,2025-11-09,17,direct_category_weather_holiday,794671570.0,800564076.4650655
2025-10-24,2025-11-10,17,direct_category_weather_holiday,803150509.0,802637064.5474461
2025-10-25,2025-11-11,17,direct_category_weather_holiday,811031660.0,791775130.7381153
2025-10-26,2025-11-12,17,direct_category_weather_holiday,800371284.0,787340668.616078
2025-10-27,2025-11-13,17,direct_category_weather_holiday,795412883.0,785909101.1001948
2025-10-28,2025-11-14,17,direct_category_weather_holiday,784929625.0,790931608.3656648
2025-10-29,2025-11-15,17,direct_category_weather_holiday,771969074.0,795560603.4109396
2025-10-30,2025-11-16,17,direct_category_weather_holiday,748102925.0,765888452.6193987
2025-10-31,2025-11-17,17,direct_category_weather_holiday,784946049.0,783289850.7546337
2025-11-01,2025-11-18,17,direct_category_weather_holiday,802372785.0,795524732.6143208
2025-11-02,2025-11-19,17,direct_category_weather_holiday,785536331.0,806760014.8184617
2025-11-03,2025-11-20,17,direct_category_weather_holiday,789566797.0,820145053.3255898
2025-11-04,2025-11-21,17,direct_category_weather_holiday,781713368.0,817286483.5555737
2025-11-05,2025-11-22,17,direct_category_weather_holiday,777234266.0,802796545.733934
2025-11-06,2025-11-23,17,direct_category_weather_holiday,763587139.0,775013104.7268863
2025-11-07,2025-11-24,17,direct_category_weather_holiday,787419759.0,791839349.4164133
2025-11-08,2025-11-25,17,direct_category_weather_holiday,779113247.0,808533030.8646103
2025-11-09,2025-11-26,17,direct_category_weather_holiday,779056661.0,803863237.0460106
2025-11-10,2025-11-27,17,direct_category_weather_holiday,785923784.0,807825764.1781887
2025-11-11,2025-11-28,17,direct_category_weather_holiday,793532772.0,826371380.0087564
2025-11-12,2025-11-29,17,direct_category_weather_holiday,775439198.0,805934020.6313608
2025-11-13,2025-11-30,17,direct_category_weather_holiday,752415007.0,789978310.8502831
2025-11-14,2025-12-01,17,direct_category_weather_holiday,752093794.0,798057907.1674585
2025-11-15,2025-12-02,17,direct_category_weather_holiday,774181582.0,794763052.492807
2025-11-16,2025-12-03,17,direct_category_weather_holiday,779128904.0,797059365.7877276
2025-11-17,2025-12-04,17,direct_category_weather_holiday,780611840.0,817627191.6273074
2025-11-18,2025-12-05,17,direct_category_weather_holiday,790342731.0,821348644.6880121
2025-11-19,2025-12-06,17,direct_category_weather_holiday,783475966.0,805971680.8127711
2025-11-20,2025-12-07,17,direct_category_weather_holiday,769662376.0,772054598.0671172
2025-11-21,2025-12-08,17,direct_category_weather_holiday,781993536.0,796488308.4766334
2025-11-22,2025-12-09,17,direct_category_weather_holiday,790459836.0,802866203.6081574
2025-11-23,2025-12-10,17,direct_category_weather_holiday,793331038.0,791914446.7228944
2025-11-24,2025-12-11,17,direct_category_weather_holiday,792303023.0,794624147.5757569
2025-11-25,2025-12-12,17,direct_category_weather_holiday,805771337.0,814272725.0537513
2025-11-26,2025-12-13,17,direct_category_weather_holiday,805919635.0,796656532.0563253
2025-11-27,2025-12-14,17,direct_category_weather_holiday,775261923.0,798717453.2251045
2025-11-28,2025-12-15,17,direct_category_weather_holiday,800205024.0,811715823.2696134
2025-11-29,2025-12-16,17,direct_category_weather_holiday,791223092.0,800364326.1765665
2025-11-30,2025-12-17,17,direct_category_weather_holiday,797873177.0,791741271.1317186
2025-12-01,2025-12-18,17,direct_category_weather_holiday,807913091.0,799156479.8316782
2025-12-02,2025-12-19,17,direct_category_weather_holiday,813412227.0,794457683.5608143
2025-12-03,2025-12-20,17,direct_category_weather_holiday,800554656.0,776957393.523147
2025-12-04,2025-12-21,17,direct_category_weather_holiday,775722494.0,772707490.9513302
2025-12-05,2025-12-22,17,direct_category_weather_holiday,800416947.0,794559247.0789726
2025-12-06,2025-12-23,17,direct_category_weather_holiday,805434213.0,787822640.8495554
2025-12-07,2025-12-24,17,direct_category_weather_holiday,803732375.0,786392403.2883756
2025-12-08,2025-12-25,17,direct_category_weather_holiday,824337857.0,806367748.1895322
2025-12-09,2025-12-26,17,direct_category_weather_holiday,812520530.0,822467698.9040126
2025-12-10,2025-12-27,17,direct_category_weather_holiday,813024286.0,799192267.5742897
2025-12-11,2025-12-28,17,direct_category_weather_holiday,798511867.0,779277135.0970633
2025-12-12,2025-12-29,17,direct_category_weather_holiday,801303829.0,789574101.5539312
2025-12-13,2025-12-30,17,direct_category_weather_holiday,799723069.0,796314534.3526984
2025-12-14,2025-12-31,17,direct_category_weather_holiday,783373686.0,809299560.02399
2025-12-15,2026-01-01,17,direct_category_weather_holiday,707758012.0,720950032.7955996
2025-12-16,2026-01-02,17,direct_category_weather_holiday,741910307.0,731547135.7281752
2025-12-17,2026-01-03,17,direct_category_weather_holiday,801935633.0,752199078.3624604
2025-12-18,2026-01-04,17,direct_category_weather_holiday,820839320.0,769016583.878838
2025-12-19,2026-01-05,17,direct_category_weather_holiday,819629944.0,798746351.4472723
2025-12-20,2026-01-06,17,direct_category_weather_holiday,848208043.0,817389124.9326223
2025-12-21,2026-01-07,17,direct_category_weather_holiday,836618404.0,812624574.2921278
2025-12-22,2026-01-08,17,direct_category_weather_holiday,845715705.0,818706216.2850881
2025-12-23,2026-01-09,17,direct_category_weather_holiday,845779172.0,816140083.951343
2025-09-13,2025-10-01,18,direct_own_calendar,893877447.0,763458854.9586073
2025-09-14,2025-10-02,18,direct_own_calendar,877524402.0,754011866.9791149
2025-09-15,2025-10-03,18,direct_own_calendar,906128774.0,751673333.2697855
2025-09-16,2025-10-04,18,direct_own_calendar,947397946.0,766518658.9355716
2025-09-17,2025-10-05,18,direct_own_calendar,967898095.0,738741563.1296407
2025-09-18,2025-10-06,18,direct_own_calendar,909397624.0,748397192.7775705
2025-09-19,2025-10-07,18,direct_own_calendar,958058211.0,748426181.2227951
2025-09-20,2025-10-08,18,direct_own_calendar,1002652065.0,741728574.7031591
2025-09-21,2025-10-09,18,direct_own_calendar,1006596066.0,882055283.4275671
2025-09-22,2025-10-10,18,direct_own_calendar,988218980.0,869468385.0121472
2025-09-23,2025-10-11,18,direct_own_calendar,993216057.0,819239086.3788893
2025-09-24,2025-10-12,18,direct_own_calendar,982996119.0,861228303.0243645
2025-09-25,2025-10-13,18,direct_own_calendar,994158096.0,877643246.1725907
2025-09-26,2025-10-14,18,direct_own_calendar,999440675.0,882162491.737728
2025-09-27,2025-10-15,18,direct_own_calendar,979563855.0,874502229.4038572
2025-09-28,2025-10-16,18,direct_own_calendar,973453600.0,877664063.8645921
2025-09-29,2025-10-17,18,direct_own_calendar,976535370.0,890394780.905924
2025-09-30,2025-10-18,18,direct_own_calendar,976325746.0,882991452.1895933
2025-10-01,2025-10-19,18,direct_own_calendar,896789087.0,837895265.9712827
2025-10-02,2025-10-20,18,direct_own_calendar,853624251.0,826814037.5794846
2025-10-03,2025-10-21,18,direct_own_calendar,795444895.0,831639089.2457527
2025-10-04,2025-10-22,18,direct_own_calendar,783518576.0,839126497.3437555
2025-10-05,2025-10-23,18,direct_own_calendar,783134792.0,856512807.6783065
2025-10-06,2025-10-24,18,direct_own_calendar,786285205.0,873499506.648367
2025-10-07,2025-10-25,18,direct_own_calendar,787344834.0,855841352.793997
2025-10-08,2025-10-26,18,direct_own_calendar,788309358.0,843533270.8333454
2025-10-09,2025-10-27,18,direct_own_calendar,788347388.0,857289293.0612196
2025-10-10,2025-10-28,18,direct_own_calendar,803213606.0,853835637.8799788
2025-10-11,2025-10-29,18,direct_own_calendar,791815205.0,845523832.4568568
2025-10-12,2025-10-30,18,direct_own_calendar,801523722.0,847708108.7153552
2025-10-13,2025-10-31,18,direct_own_calendar,806599754.0,853663832.4751042
2025-10-14,2025-11-01,18,direct_own_calendar,760921367.0,856560964.5409235
2025-10-15,2025-11-02,18,direct_own_calendar,744828378.0,858206633.1332798
2025-10-16,2025-11-03,18,direct_own_calendar,780447693.0,866582459.2047467
2025-10-17,2025-11-04,18,direct_own_calendar,782600645.0,865722803.4687934
2025-10-18,2025-11-05,18,direct_own_calendar,784108702.0,857574974.7759762
2025-10-19,2025-11-06,18,direct_own_calendar,789959014.0,855019177.1385455
2025-10-20,2025-11-07,18,direct_own_calendar,808798324.0,849473019.081584
2025-10-21,2025-11-08,18,direct_own_calendar,816286170.0,826819360.0218135
2025-10-22,2025-11-09,18,direct_own_calendar,794671570.0,799215087.1005877
2025-10-23,2025-11-10,18,direct_own_calendar,803150509.0,807012793.0870484
2025-10-24,2025-11-11,18,direct_own_calendar,811031660.0,800558716.4705684
2025-10-25,2025-11-12,18,direct_own_calendar,800371284.0,794052331.3898926
2025-10-26,2025-11-13,18,direct_own_calendar,795412883.0,797177036.9755352
2025-10-27,2025-11-14,18,direct_own_calendar,784929625.0,802064288.7044244
2025-10-28,2025-11-15,18,direct_own_calendar,771969074.0,787015876.9275419
2025-10-29,2025-11-16,18,direct_own_calendar,748102925.0,768728212.1102226
2025-10-30,2025-11-17,18,direct_own_calendar,784946049.0,779884817.4105396
2025-10-31,2025-11-18,18,direct_own_calendar,802372785.0,783630500.3924466
2025-11-01,2025-11-19,18,direct_own_calendar,785536331.0,776405258.1410893
2025-11-02,2025-11-20,18,direct_own_calendar,789566797.0,780558140.9910895
2025-11-03,2025-11-21,18,direct_own_calendar,781713368.0,789855122.1467985
2025-11-04,2025-11-22,18,direct_own_calendar,777234266.0,796598615.2075721
2025-11-05,2025-11-23,18,direct_own_calendar,763587139.0,783075814.3461659
2025-11-06,2025-11-24,18,direct_own_calendar,787419759.0,795382087.7701936
2025-11-07,2025-11-25,18,direct_own_calendar,779113247.0,794368956.7851018
2025-11-08,2025-11-26,18,direct_own_calendar,779056661.0,791398205.5816135
2025-11-09,2025-11-27,18,direct_own_calendar,785923784.0,794896035.314296
2025-11-10,2025-11-28,18,direct_own_calendar,793532772.0,799459142.7775831
2025-11-11,2025-11-29,18,direct_own_calendar,775439198.0,793131314.1950887
2025-11-12,2025-11-30,18,direct_own_calendar,752415007.0,781522604.0574858
2025-11-13,2025-12-01,18,direct_own_calendar,752093794.0,792796532.3867781
2025-11-14,2025-12-02,18,direct_own_calendar,774181582.0,794996929.9933206
2025-11-15,2025-12-03,18,direct_own_calendar,779128904.0,795945736.9727898
2025-11-16,2025-12-04,18,direct_own_calendar,780611840.0,790408552.6584235
2025-11-17,2025-12-05,18,direct_own_calendar,790342731.0,786261219.2933445
2025-11-18,2025-12-06,18,direct_own_calendar,783475966.0,779860275.6666149
2025-11-19,2025-12-07,18,direct_own_calendar,769662376.0,764520257.1052119
2025-11-20,2025-12-08,18,direct_own_calendar,781993536.0,774592888.3526398
2025-11-21,2025-12-09,18,direct_own_calendar,790459836.0,774114309.3957814
2025-11-22,2025-12-10,18,direct_own_calendar,793331038.0,766529565.2382
2025-11-23,2025-12-11,18,direct_own_calendar,792303023.0,768536211.3075497
2025-11-24,2025-12-12,18,direct_own_calendar,805771337.0,772254840.2291048
2025-11-25,2025-12-13,18,direct_own_calendar,805919635.0,768357721.3310487
2025-11-26,2025-12-14,18,direct_own_calendar,775261923.0,749895005.8779912
2025-11-27,2025-12-15,18,direct_own_calendar,800205024.0,767632862.9070662
2025-11-28,2025-12-16,18,direct_own_calendar,791223092.0,770387024.6729636
2025-11-29,2025-12-17,18,direct_own_calendar,797873177.0,766114454.2271589
2025-11-30,2025-12-18,18,direct_own_calendar,807913091.0,762687281.9961716
2025-12-01,2025-12-19,18,direct_own_calendar,813412227.0,762341441.3372083
2025-12-02,2025-12-20,18,direct_own_calendar,800554656.0,753904503.0579112
2025-12-03,2025-12-21,18,direct_own_calendar,775722494.0,746516407.6914916
2025-12-04,2025-12-22,18,direct_own_calendar,800416947.0,760704740.9653903
2025-12-05,2025-12-23,18,direct_own_calendar,805434213.0,761649908.2506019
2025-12-06,2025-12-24,18,direct_own_calendar,803732375.0,759876907.2988135
2025-12-07,2025-12-25,18,direct_own_calendar,824337857.0,760065725.8330002
2025-12-08,2025-12-26,18,direct_own_calendar,812520530.0,765345649.5952368
2025-12-09,2025-12-27,18,direct_own_calendar,813024286.0,761330315.0761559
2025-12-10,2025-12-28,18,direct_own_calendar,798511867.0,747339126.0156362
2025-12-11,2025-12-29,18,direct_own_calendar,801303829.0,760212760.7309694
2025-12-12,2025-12-30,18,direct_own_calendar,799723069.0,761417385.802067
2025-12-13,2025-12-31,18,direct_own_calendar,783373686.0,759797396.3494592
2025-12-14,2026-01-01,18,direct_own_calendar,707758012.0,668746740.2267493
2025-12-15,2026-01-02,18,direct_own_calendar,741910307.0,673016049.2822648
2025-12-16,2026-01-03,18,direct_own_calendar,801935633.0,689873383.1189187
2025-12-17,2026-01-04,18,direct_own_calendar,820839320.0,715838667.0834283
2025-12-18,2026-01-05,18,direct_own_calendar,819629944.0,762798590.3293376
2025-12-19,2026-01-06,18,direct_own_calendar,848208043.0,766456662.7567843
2025-12-20,2026-01-07,18,direct_own_calendar,836618404.0,761198646.4696374
2025-12-21,2026-01-08,18,direct_own_calendar,845715705.0,757887800.799799
2025-12-22,2026-01-09,18,direct_own_calendar,845779172.0,764132898.9760356
2025-09-13,2025-10-01,18,direct_own_weather_holiday,893877447.0,851363057.7899922
2025-09-14,2025-10-02,18,direct_own_weather_holiday,877524402.0,835205381.1424967
2025-09-15,2025-10-03,18,direct_own_weather_holiday,906128774.0,828157399.4307526
2025-09-16,2025-10-04,18,direct_own_weather_holiday,947397946.0,851599166.0616893
2025-09-17,2025-10-05,18,direct_own_weather_holiday,967898095.0,832475281.8370305
2025-09-18,2025-10-06,18,direct_own_weather_holiday,909397624.0,841190591.7925557
2025-09-19,2025-10-07,18,direct_own_weather_holiday,958058211.0,833305768.9250935
2025-09-20,2025-10-08,18,direct_own_weather_holiday,1002652065.0,821446328.8220478
2025-09-21,2025-10-09,18,direct_own_weather_holiday,1006596066.0,921735978.7519846
2025-09-22,2025-10-10,18,direct_own_weather_holiday,988218980.0,895091931.18978
2025-09-23,2025-10-11,18,direct_own_weather_holiday,993216057.0,875263929.9495424
2025-09-24,2025-10-12,18,direct_own_weather_holiday,982996119.0,875125410.7255919
2025-09-25,2025-10-13,18,direct_own_weather_holiday,994158096.0,907279975.9188025
2025-09-26,2025-10-14,18,direct_own_weather_holiday,999440675.0,899754884.2275198
2025-09-27,2025-10-15,18,direct_own_weather_holiday,979563855.0,892430327.8888884
2025-09-28,2025-10-16,18,direct_own_weather_holiday,973453600.0,889545787.7252902
2025-09-29,2025-10-17,18,direct_own_weather_holiday,976535370.0,896631233.0168463
2025-09-30,2025-10-18,18,direct_own_weather_holiday,976325746.0,883104330.3249948
2025-10-01,2025-10-19,18,direct_own_weather_holiday,896789087.0,816102969.020621
2025-10-02,2025-10-20,18,direct_own_weather_holiday,853624251.0,755041699.7940297
2025-10-03,2025-10-21,18,direct_own_weather_holiday,795444895.0,751674016.1809642
2025-10-04,2025-10-22,18,direct_own_weather_holiday,783518576.0,758533381.6163071
2025-10-05,2025-10-23,18,direct_own_weather_holiday,783134792.0,775274787.6089135
2025-10-06,2025-10-24,18,direct_own_weather_holiday,786285205.0,786999570.3082612
2025-10-07,2025-10-25,18,direct_own_weather_holiday,787344834.0,776296278.8485893
2025-10-08,2025-10-26,18,direct_own_weather_holiday,788309358.0,763922673.7641995
2025-10-09,2025-10-27,18,direct_own_weather_holiday,788347388.0,775357672.3689381
2025-10-10,2025-10-28,18,direct_own_weather_holiday,803213606.0,769047467.1635145
2025-10-11,2025-10-29,18,direct_own_weather_holiday,791815205.0,764411089.6667593
2025-10-12,2025-10-30,18,direct_own_weather_holiday,801523722.0,775044683.9690745
2025-10-13,2025-10-31,18,direct_own_weather_holiday,806599754.0,777594241.8868606
2025-10-14,2025-11-01,18,direct_own_weather_holiday,760921367.0,773201690.7577657
2025-10-15,2025-11-02,18,direct_own_weather_holiday,744828378.0,775386889.189316
2025-10-16,2025-11-03,18,direct_own_weather_holiday,780447693.0,786238165.8585488
2025-10-17,2025-11-04,18,direct_own_weather_holiday,782600645.0,778087689.4461181
2025-10-18,2025-11-05,18,direct_own_weather_holiday,784108702.0,774671667.0016748
2025-10-19,2025-11-06,18,direct_own_weather_holiday,789959014.0,781140855.9815962
2025-10-20,2025-11-07,18,direct_own_weather_holiday,808798324.0,786929169.9343143
2025-10-21,2025-11-08,18,direct_own_weather_holiday,816286170.0,773672467.068202
2025-10-22,2025-11-09,18,direct_own_weather_holiday,794671570.0,746830498.5105138
2025-10-23,2025-11-10,18,direct_own_weather_holiday,803150509.0,751556445.3160614
2025-10-24,2025-11-11,18,direct_own_weather_holiday,811031660.0,742429633.1361576
2025-10-25,2025-11-12,18,direct_own_weather_holiday,800371284.0,739240348.2306771
2025-10-26,2025-11-13,18,direct_own_weather_holiday,795412883.0,739171372.7666924
2025-10-27,2025-11-14,18,direct_own_weather_holiday,784929625.0,750513291.0799117
2025-10-28,2025-11-15,18,direct_own_weather_holiday,771969074.0,727840239.7622486
2025-10-29,2025-11-16,18,direct_own_weather_holiday,748102925.0,710183539.4567559
2025-10-30,2025-11-17,18,direct_own_weather_holiday,784946049.0,731671983.4691039
2025-10-31,2025-11-18,18,direct_own_weather_holiday,802372785.0,755702663.8374351
2025-11-01,2025-11-19,18,direct_own_weather_holiday,785536331.0,764885210.768029
2025-11-02,2025-11-20,18,direct_own_weather_holiday,789566797.0,762317357.3204541
2025-11-03,2025-11-21,18,direct_own_weather_holiday,781713368.0,762345509.9504006
2025-11-04,2025-11-22,18,direct_own_weather_holiday,777234266.0,761534448.4970709
2025-11-05,2025-11-23,18,direct_own_weather_holiday,763587139.0,737930773.8438252
2025-11-06,2025-11-24,18,direct_own_weather_holiday,787419759.0,757003191.0684196
2025-11-07,2025-11-25,18,direct_own_weather_holiday,779113247.0,769461379.8555958
2025-11-08,2025-11-26,18,direct_own_weather_holiday,779056661.0,771216112.7863054
2025-11-09,2025-11-27,18,direct_own_weather_holiday,785923784.0,771584109.5125785
2025-11-10,2025-11-28,18,direct_own_weather_holiday,793532772.0,782050906.5070797
2025-11-11,2025-11-29,18,direct_own_weather_holiday,775439198.0,754555691.62644
2025-11-12,2025-11-30,18,direct_own_weather_holiday,752415007.0,744243136.7391168
2025-11-13,2025-12-01,18,direct_own_weather_holiday,752093794.0,756566851.524228
2025-11-14,2025-12-02,18,direct_own_weather_holiday,774181582.0,755117199.9227154
2025-11-15,2025-12-03,18,direct_own_weather_holiday,779128904.0,771535150.4491154
2025-11-16,2025-12-04,18,direct_own_weather_holiday,780611840.0,778818262.6810318
2025-11-17,2025-12-05,18,direct_own_weather_holiday,790342731.0,767470927.8845191
2025-11-18,2025-12-06,18,direct_own_weather_holiday,783475966.0,751510235.7883248
2025-11-19,2025-12-07,18,direct_own_weather_holiday,769662376.0,731059231.6025085
2025-11-20,2025-12-08,18,direct_own_weather_holiday,781993536.0,754051864.5560102
2025-11-21,2025-12-09,18,direct_own_weather_holiday,790459836.0,760819757.4458058
2025-11-22,2025-12-10,18,direct_own_weather_holiday,793331038.0,746699241.5780702
2025-11-23,2025-12-11,18,direct_own_weather_holiday,792303023.0,747188145.3095845
2025-11-24,2025-12-12,18,direct_own_weather_holiday,805771337.0,760389461.1657807
2025-11-25,2025-12-13,18,direct_own_weather_holiday,805919635.0,747107880.6327472
2025-11-26,2025-12-14,18,direct_own_weather_holiday,775261923.0,754557033.0556734
2025-11-27,2025-12-15,18,direct_own_weather_holiday,800205024.0,763024847.9817842
2025-11-28,2025-12-16,18,direct_own_weather_holiday,791223092.0,756327490.7894231
2025-11-29,2025-12-17,18,direct_own_weather_holiday,797873177.0,759717016.8968042
2025-11-30,2025-12-18,18,direct_own_weather_holiday,807913091.0,763886746.785039
2025-12-01,2025-12-19,18,direct_own_weather_holiday,813412227.0,752100190.135516
2025-12-02,2025-12-20,18,direct_own_weather_holiday,800554656.0,739258074.9470191
2025-12-03,2025-12-21,18,direct_own_weather_holiday,775722494.0,735692968.4120178
2025-12-04,2025-12-22,18,direct_own_weather_holiday,800416947.0,755383253.970151
2025-12-05,2025-12-23,18,direct_own_weather_holiday,805434213.0,748576990.8015605
2025-12-06,2025-12-24,18,direct_own_weather_holiday,803732375.0,751553199.158434
2025-12-07,2025-12-25,18,direct_own_weather_holiday,824337857.0,762595866.9446276
2025-12-08,2025-12-26,18,direct_own_weather_holiday,812520530.0,788206980.5353734
2025-12-09,2025-12-27,18,direct_own_weather_holiday,813024286.0,763381138.5620528
2025-12-10,2025-12-28,18,direct_own_weather_holiday,798511867.0,744905829.9031292
2025-12-11,2025-12-29,18,direct_own_weather_holiday,801303829.0,756464582.3956901
2025-12-12,2025-12-30,18,direct_own_weather_holiday,799723069.0,760200092.2123085
2025-12-13,2025-12-31,18,direct_own_weather_holiday,783373686.0,769722978.0498794
2025-12-14,2026-01-01,18,direct_own_weather_holiday,707758012.0,686723201.5414447
2025-12-15,2026-01-02,18,direct_own_weather_holiday,741910307.0,700225015.2709814
2025-12-16,2026-01-03,18,direct_own_weather_holiday,801935633.0,723701391.391039
2025-12-17,2026-01-04,18,direct_own_weather_holiday,820839320.0,729092374.6891812
2025-12-18,2026-01-05,18,direct_own_weather_holiday,819629944.0,764057930.7751973
2025-12-19,2026-01-06,18,direct_own_weather_holiday,848208043.0,781229654.8232086
2025-12-20,2026-01-07,18,direct_own_weather_holiday,836618404.0,784158204.3772045
2025-12-21,2026-01-08,18,direct_own_weather_holiday,845715705.0,783346271.5756146
2025-12-22,2026-01-09,18,direct_own_weather_holiday,845779172.0,785819188.3864295
2025-09-13,2025-10-01,18,direct_category_weather_holiday,893877447.0,886123023.0077064
2025-09-14,2025-10-02,18,direct_category_weather_holiday,877524402.0,867601277.8717209
2025-09-15,2025-10-03,18,direct_category_weather_holiday,906128774.0,865835697.7739718
2025-09-16,2025-10-04,18,direct_category_weather_holiday,947397946.0,885531860.4976171
2025-09-17,2025-10-05,18,direct_category_weather_holiday,967898095.0,879842103.891536
2025-09-18,2025-10-06,18,direct_category_weather_holiday,909397624.0,877316894.6472493
2025-09-19,2025-10-07,18,direct_category_weather_holiday,958058211.0,871622800.5474558
2025-09-20,2025-10-08,18,direct_category_weather_holiday,1002652065.0,863348838.906455
2025-09-21,2025-10-09,18,direct_category_weather_holiday,1006596066.0,952759950.2319453
2025-09-22,2025-10-10,18,direct_category_weather_holiday,988218980.0,925807050.3025566
2025-09-23,2025-10-11,18,direct_category_weather_holiday,993216057.0,920279237.2160574
2025-09-24,2025-10-12,18,direct_category_weather_holiday,982996119.0,929388350.5581942
2025-09-25,2025-10-13,18,direct_category_weather_holiday,994158096.0,955746822.4412111
2025-09-26,2025-10-14,18,direct_category_weather_holiday,999440675.0,943621549.6636333
2025-09-27,2025-10-15,18,direct_category_weather_holiday,979563855.0,930136344.090523
2025-09-28,2025-10-16,18,direct_category_weather_holiday,973453600.0,924117418.3762742
2025-09-29,2025-10-17,18,direct_category_weather_holiday,976535370.0,933647908.2851156
2025-09-30,2025-10-18,18,direct_category_weather_holiday,976325746.0,924978712.7970709
2025-10-01,2025-10-19,18,direct_category_weather_holiday,896789087.0,866999046.8864896
2025-10-02,2025-10-20,18,direct_category_weather_holiday,853624251.0,822129265.4025565
2025-10-03,2025-10-21,18,direct_category_weather_holiday,795444895.0,812391396.7721437
2025-10-04,2025-10-22,18,direct_category_weather_holiday,783518576.0,814349544.2634361
2025-10-05,2025-10-23,18,direct_category_weather_holiday,783134792.0,816276861.9780431
2025-10-06,2025-10-24,18,direct_category_weather_holiday,786285205.0,831739980.3000922
2025-10-07,2025-10-25,18,direct_category_weather_holiday,787344834.0,843164875.7696502
2025-10-08,2025-10-26,18,direct_category_weather_holiday,788309358.0,831580339.7359966
2025-10-09,2025-10-27,18,direct_category_weather_holiday,788347388.0,828104682.7336514
2025-10-10,2025-10-28,18,direct_category_weather_holiday,803213606.0,813722831.8870844
2025-10-11,2025-10-29,18,direct_category_weather_holiday,791815205.0,804872141.8960783
2025-10-12,2025-10-30,18,direct_category_weather_holiday,801523722.0,824869322.2983652
2025-10-13,2025-10-31,18,direct_category_weather_holiday,806599754.0,841560522.3832979
2025-10-14,2025-11-01,18,direct_category_weather_holiday,760921367.0,816375639.4502364
2025-10-15,2025-11-02,18,direct_category_weather_holiday,744828378.0,818901131.3155049
2025-10-16,2025-11-03,18,direct_category_weather_holiday,780447693.0,817694302.1058363
2025-10-17,2025-11-04,18,direct_category_weather_holiday,782600645.0,813213901.1731243
2025-10-18,2025-11-05,18,direct_category_weather_holiday,784108702.0,811431022.0751245
2025-10-19,2025-11-06,18,direct_category_weather_holiday,789959014.0,823639460.4390446
2025-10-20,2025-11-07,18,direct_category_weather_holiday,808798324.0,839025624.8165638
2025-10-21,2025-11-08,18,direct_category_weather_holiday,816286170.0,824647930.329265
2025-10-22,2025-11-09,18,direct_category_weather_holiday,794671570.0,800985625.8723941
2025-10-23,2025-11-10,18,direct_category_weather_holiday,803150509.0,806334890.6838514
2025-10-24,2025-11-11,18,direct_category_weather_holiday,811031660.0,794701040.6066955
2025-10-25,2025-11-12,18,direct_category_weather_holiday,800371284.0,789014431.0252932
2025-10-26,2025-11-13,18,direct_category_weather_holiday,795412883.0,785475385.6271914
2025-10-27,2025-11-14,18,direct_category_weather_holiday,784929625.0,794276176.350133
2025-10-28,2025-11-15,18,direct_category_weather_holiday,771969074.0,780308232.9828551
2025-10-29,2025-11-16,18,direct_category_weather_holiday,748102925.0,782847605.6012007
2025-10-30,2025-11-17,18,direct_category_weather_holiday,784946049.0,791475348.1698866
2025-10-31,2025-11-18,18,direct_category_weather_holiday,802372785.0,808473287.7219033
2025-11-01,2025-11-19,18,direct_category_weather_holiday,785536331.0,812200087.4412918
2025-11-02,2025-11-20,18,direct_category_weather_holiday,789566797.0,805619759.5201944
2025-11-03,2025-11-21,18,direct_category_weather_holiday,781713368.0,822936621.002128
2025-11-04,2025-11-22,18,direct_category_weather_holiday,777234266.0,812166635.0581067
2025-11-05,2025-11-23,18,direct_category_weather_holiday,763587139.0,783403146.6395456
2025-11-06,2025-11-24,18,direct_category_weather_holiday,787419759.0,797932015.6047833
2025-11-07,2025-11-25,18,direct_category_weather_holiday,779113247.0,807981952.9575169
2025-11-08,2025-11-26,18,direct_category_weather_holiday,779056661.0,816727068.7146099
2025-11-09,2025-11-27,18,direct_category_weather_holiday,785923784.0,806491462.050541
2025-11-10,2025-11-28,18,direct_category_weather_holiday,793532772.0,820839148.1239535
2025-11-11,2025-11-29,18,direct_category_weather_holiday,775439198.0,807834382.5233104
2025-11-12,2025-11-30,18,direct_category_weather_holiday,752415007.0,794680264.3957158
2025-11-13,2025-12-01,18,direct_category_weather_holiday,752093794.0,805238041.9286013
2025-11-14,2025-12-02,18,direct_category_weather_holiday,774181582.0,800794632.2467706
2025-11-15,2025-12-03,18,direct_category_weather_holiday,779128904.0,810564880.2225676
2025-11-16,2025-12-04,18,direct_category_weather_holiday,780611840.0,812128152.0506868
2025-11-17,2025-12-05,18,direct_category_weather_holiday,790342731.0,812940032.8212956
2025-11-18,2025-12-06,18,direct_category_weather_holiday,783475966.0,806967365.1509342
2025-11-19,2025-12-07,18,direct_category_weather_holiday,769662376.0,783511409.1608508
2025-11-20,2025-12-08,18,direct_category_weather_holiday,781993536.0,795723078.6015837
2025-11-21,2025-12-09,18,direct_category_weather_holiday,790459836.0,806605961.2343239
2025-11-22,2025-12-10,18,direct_category_weather_holiday,793331038.0,791229731.539753
2025-11-23,2025-12-11,18,direct_category_weather_holiday,792303023.0,791923980.1225166
2025-11-24,2025-12-12,18,direct_category_weather_holiday,805771337.0,807176343.3608133
2025-11-25,2025-12-13,18,direct_category_weather_holiday,805919635.0,803040666.158031
2025-11-26,2025-12-14,18,direct_category_weather_holiday,775261923.0,804695413.4367443
2025-11-27,2025-12-15,18,direct_category_weather_holiday,800205024.0,811627497.8092322
2025-11-28,2025-12-16,18,direct_category_weather_holiday,791223092.0,800091049.6238872
2025-11-29,2025-12-17,18,direct_category_weather_holiday,797873177.0,800419881.624671
2025-11-30,2025-12-18,18,direct_category_weather_holiday,807913091.0,800823881.6134117
2025-12-01,2025-12-19,18,direct_category_weather_holiday,813412227.0,792087319.8269621
2025-12-02,2025-12-20,18,direct_category_weather_holiday,800554656.0,782341793.3796086
2025-12-03,2025-12-21,18,direct_category_weather_holiday,775722494.0,770603574.2716838
2025-12-04,2025-12-22,18,direct_category_weather_holiday,800416947.0,793587208.8606408
2025-12-05,2025-12-23,18,direct_category_weather_holiday,805434213.0,784278055.1073345
2025-12-06,2025-12-24,18,direct_category_weather_holiday,803732375.0,786425442.6869551
2025-12-07,2025-12-25,18,direct_category_weather_holiday,824337857.0,800529360.9915373
2025-12-08,2025-12-26,18,direct_category_weather_holiday,812520530.0,829977848.4834355
2025-12-09,2025-12-27,18,direct_category_weather_holiday,813024286.0,798946052.9046637
2025-12-10,2025-12-28,18,direct_category_weather_holiday,798511867.0,780909708.1380246
2025-12-11,2025-12-29,18,direct_category_weather_holiday,801303829.0,791626566.794204
2025-12-12,2025-12-30,18,direct_category_weather_holiday,799723069.0,791263520.1831745
2025-12-13,2025-12-31,18,direct_category_weather_holiday,783373686.0,802841380.6224806
2025-12-14,2026-01-01,18,direct_category_weather_holiday,707758012.0,723936766.7572439
2025-12-15,2026-01-02,18,direct_category_weather_holiday,741910307.0,733647794.7631235
2025-12-16,2026-01-03,18,direct_category_weather_holiday,801935633.0,759453360.7672501
2025-12-17,2026-01-04,18,direct_category_weather_holiday,820839320.0,766386009.4057579
2025-12-18,2026-01-05,18,direct_category_weather_holiday,819629944.0,794581070.4323108
2025-12-19,2026-01-06,18,direct_category_weather_holiday,848208043.0,812408107.246806
2025-12-20,2026-01-07,18,direct_category_weather_holiday,836618404.0,819636950.6178361
2025-12-21,2026-01-08,18,direct_category_weather_holiday,845715705.0,813872584.528241
2025-12-22,2026-01-09,18,direct_category_weather_holiday,845779172.0,818209152.2113239
2025-09-12,2025-10-01,19,direct_own_calendar,893877447.0,757443916.6870944
2025-09-13,2025-10-02,19,direct_own_calendar,877524402.0,761664124.4946166
2025-09-14,2025-10-03,19,direct_own_calendar,906128774.0,754849553.8615437
2025-09-15,2025-10-04,19,direct_own_calendar,947397946.0,766098093.4911815
2025-09-16,2025-10-05,19,direct_own_calendar,967898095.0,748824393.7126139
2025-09-17,2025-10-06,19,direct_own_calendar,909397624.0,726316156.4497744
2025-09-18,2025-10-07,19,direct_own_calendar,958058211.0,744604282.8180296
2025-09-19,2025-10-08,19,direct_own_calendar,1002652065.0,741798556.67201
2025-09-20,2025-10-09,19,direct_own_calendar,1006596066.0,889804849.4736927
2025-09-21,2025-10-10,19,direct_own_calendar,988218980.0,889642736.2590786
2025-09-22,2025-10-11,19,direct_own_calendar,993216057.0,836558997.8186905
2025-09-23,2025-10-12,19,direct_own_calendar,982996119.0,857513890.4092456
2025-09-24,2025-10-13,19,direct_own_calendar,994158096.0,868924762.6338397
2025-09-25,2025-10-14,19,direct_own_calendar,999440675.0,872508760.3097862
2025-09-26,2025-10-15,19,direct_own_calendar,979563855.0,874459977.1379908
2025-09-27,2025-10-16,19,direct_own_calendar,973453600.0,872730450.6764095
2025-09-28,2025-10-17,19,direct_own_calendar,976535370.0,879854976.2735814
2025-09-29,2025-10-18,19,direct_own_calendar,976325746.0,882672661.6204001
2025-09-30,2025-10-19,19,direct_own_calendar,896789087.0,867114109.5326495
2025-10-01,2025-10-20,19,direct_own_calendar,853624251.0,852053890.5528316
2025-10-02,2025-10-21,19,direct_own_calendar,795444895.0,828617738.5651206
2025-10-03,2025-10-22,19,direct_own_calendar,783518576.0,825018205.2416145
2025-10-04,2025-10-23,19,direct_own_calendar,783134792.0,832704861.4619946
2025-10-05,2025-10-24,19,direct_own_calendar,786285205.0,850274991.1897358
2025-10-06,2025-10-25,19,direct_own_calendar,787344834.0,858976328.8278776
2025-10-07,2025-10-26,19,direct_own_calendar,788309358.0,839831478.7970443
2025-10-08,2025-10-27,19,direct_own_calendar,788347388.0,854406741.2164843
2025-10-09,2025-10-28,19,direct_own_calendar,803213606.0,851933233.2835689
2025-10-10,2025-10-29,19,direct_own_calendar,791815205.0,846476969.0520902
2025-10-11,2025-10-30,19,direct_own_calendar,801523722.0,844741339.1170591
2025-10-12,2025-10-31,19,direct_own_calendar,806599754.0,849413270.1880519
2025-10-13,2025-11-01,19,direct_own_calendar,760921367.0,848706260.9124361
2025-10-14,2025-11-02,19,direct_own_calendar,744828378.0,841429372.4820892
2025-10-15,2025-11-03,19,direct_own_calendar,780447693.0,865150642.2458832
2025-10-16,2025-11-04,19,direct_own_calendar,782600645.0,858801472.3652661
2025-10-17,2025-11-05,19,direct_own_calendar,784108702.0,855251616.2557971
2025-10-18,2025-11-06,19,direct_own_calendar,789959014.0,852984327.21915
2025-10-19,2025-11-07,19,direct_own_calendar,808798324.0,854295600.8258073
2025-10-20,2025-11-08,19,direct_own_calendar,816286170.0,840073678.3605279
2025-10-21,2025-11-09,19,direct_own_calendar,794671570.0,811421372.0994617
2025-10-22,2025-11-10,19,direct_own_calendar,803150509.0,812271451.218021
2025-10-23,2025-11-11,19,direct_own_calendar,811031660.0,803260148.0437428
2025-10-24,2025-11-12,19,direct_own_calendar,800371284.0,790359334.942185
2025-10-25,2025-11-13,19,direct_own_calendar,795412883.0,789682207.6406306
2025-10-26,2025-11-14,19,direct_own_calendar,784929625.0,798989394.6576881
2025-10-27,2025-11-15,19,direct_own_calendar,771969074.0,796702732.1180574
2025-10-28,2025-11-16,19,direct_own_calendar,748102925.0,776659727.671386
2025-10-29,2025-11-17,19,direct_own_calendar,784946049.0,784034379.7328548
2025-10-30,2025-11-18,19,direct_own_calendar,802372785.0,780669963.4097826
2025-10-31,2025-11-19,19,direct_own_calendar,785536331.0,780465879.850805
2025-11-01,2025-11-20,19,direct_own_calendar,789566797.0,778934914.9072319
2025-11-02,2025-11-21,19,direct_own_calendar,781713368.0,786266488.9614704
2025-11-03,2025-11-22,19,direct_own_calendar,777234266.0,783910658.077264
2025-11-04,2025-11-23,19,direct_own_calendar,763587139.0,778261543.2679474
2025-11-05,2025-11-24,19,direct_own_calendar,787419759.0,792888802.4093426
2025-11-06,2025-11-25,19,direct_own_calendar,779113247.0,791023124.227693
2025-11-07,2025-11-26,19,direct_own_calendar,779056661.0,785971305.1463704
2025-11-08,2025-11-27,19,direct_own_calendar,785923784.0,789967585.8233036
2025-11-09,2025-11-28,19,direct_own_calendar,793532772.0,797814555.3178883
2025-11-10,2025-11-29,19,direct_own_calendar,775439198.0,793512026.1346375
2025-11-11,2025-11-30,19,direct_own_calendar,752415007.0,779967931.7593257
2025-11-12,2025-12-01,19,direct_own_calendar,752093794.0,794488317.3133347
2025-11-13,2025-12-02,19,direct_own_calendar,774181582.0,791822117.6090076
2025-11-14,2025-12-03,19,direct_own_calendar,779128904.0,790045946.232597
2025-11-15,2025-12-04,19,direct_own_calendar,780611840.0,795188434.3273228
2025-11-16,2025-12-05,19,direct_own_calendar,790342731.0,792749050.064491
2025-11-17,2025-12-06,19,direct_own_calendar,783475966.0,780074722.4378003
2025-11-18,2025-12-07,19,direct_own_calendar,769662376.0,763304612.4370345
2025-11-19,2025-12-08,19,direct_own_calendar,781993536.0,775007664.8738189
2025-11-20,2025-12-09,19,direct_own_calendar,790459836.0,772503867.9641216
2025-11-21,2025-12-10,19,direct_own_calendar,793331038.0,768915282.1290418
2025-11-22,2025-12-11,19,direct_own_calendar,792303023.0,767633407.4272137
2025-11-23,2025-12-12,19,direct_own_calendar,805771337.0,772967136.7740799
2025-11-24,2025-12-13,19,direct_own_calendar,805919635.0,766313144.0624465
2025-11-25,2025-12-14,19,direct_own_calendar,775261923.0,753493440.0740526
2025-11-26,2025-12-15,19,direct_own_calendar,800205024.0,762881959.6328714
2025-11-27,2025-12-16,19,direct_own_calendar,791223092.0,765762978.850749
2025-11-28,2025-12-17,19,direct_own_calendar,797873177.0,763957550.9189589
2025-11-29,2025-12-18,19,direct_own_calendar,807913091.0,764600103.9068977
2025-11-30,2025-12-19,19,direct_own_calendar,813412227.0,764919535.3621911
2025-12-01,2025-12-20,19,direct_own_calendar,800554656.0,756289269.4873947
2025-12-02,2025-12-21,19,direct_own_calendar,775722494.0,740425928.3179314
2025-12-03,2025-12-22,19,direct_own_calendar,800416947.0,758119265.5730888
2025-12-04,2025-12-23,19,direct_own_calendar,805434213.0,757496382.8683583
2025-12-05,2025-12-24,19,direct_own_calendar,803732375.0,754776932.3065299
2025-12-06,2025-12-25,19,direct_own_calendar,824337857.0,759039644.4611081
2025-12-07,2025-12-26,19,direct_own_calendar,812520530.0,763192148.8580167
2025-12-08,2025-12-27,19,direct_own_calendar,813024286.0,760466525.8639227
2025-12-09,2025-12-28,19,direct_own_calendar,798511867.0,747160534.105601
2025-12-10,2025-12-29,19,direct_own_calendar,801303829.0,759688283.6998913
2025-12-11,2025-12-30,19,direct_own_calendar,799723069.0,757993849.9331163
2025-12-12,2025-12-31,19,direct_own_calendar,783373686.0,755470785.7528378
2025-12-13,2026-01-01,19,direct_own_calendar,707758012.0,665059794.3690251
2025-12-14,2026-01-02,19,direct_own_calendar,741910307.0,670814975.9200441
2025-12-15,2026-01-03,19,direct_own_calendar,801935633.0,688609083.2099189
2025-12-16,2026-01-04,19,direct_own_calendar,820839320.0,716035752.1076449
2025-12-17,2026-01-05,19,direct_own_calendar,819629944.0,757630602.0431498
2025-12-18,2026-01-06,19,direct_own_calendar,848208043.0,760244568.3861433
2025-12-19,2026-01-07,19,direct_own_calendar,836618404.0,759281673.5854443
2025-12-20,2026-01-08,19,direct_own_calendar,845715705.0,759589418.7120732
2025-12-21,2026-01-09,19,direct_own_calendar,845779172.0,760785104.7072634
2025-09-12,2025-10-01,19,direct_own_weather_holiday,893877447.0,847794047.000054
2025-09-13,2025-10-02,19,direct_own_weather_holiday,877524402.0,841463597.1380643
2025-09-14,2025-10-03,19,direct_own_weather_holiday,906128774.0,831620164.7847798
2025-09-15,2025-10-04,19,direct_own_weather_holiday,947397946.0,853061895.5285122
2025-09-16,2025-10-05,19,direct_own_weather_holiday,967898095.0,843704397.5631318
2025-09-17,2025-10-06,19,direct_own_weather_holiday,909397624.0,827160220.3416787
2025-09-18,2025-10-07,19,direct_own_weather_holiday,958058211.0,832481626.8689688
2025-09-19,2025-10-08,19,direct_own_weather_holiday,1002652065.0,822639508.2779992
2025-09-20,2025-10-09,19,direct_own_weather_holiday,1006596066.0,927399164.2930392
2025-09-21,2025-10-10,19,direct_own_weather_holiday,988218980.0,909807579.608175
2025-09-22,2025-10-11,19,direct_own_weather_holiday,993216057.0,888853540.2609962
2025-09-23,2025-10-12,19,direct_own_weather_holiday,982996119.0,873286760.6659784
2025-09-24,2025-10-13,19,direct_own_weather_holiday,994158096.0,901404912.1252772
2025-09-25,2025-10-14,19,direct_own_weather_holiday,999440675.0,895050231.568546
2025-09-26,2025-10-15,19,direct_own_weather_holiday,979563855.0,892686401.815927
2025-09-27,2025-10-16,19,direct_own_weather_holiday,973453600.0,885425438.295917
2025-09-28,2025-10-17,19,direct_own_weather_holiday,976535370.0,889194266.5981616
2025-09-29,2025-10-18,19,direct_own_weather_holiday,976325746.0,882417417.6982611
2025-09-30,2025-10-19,19,direct_own_weather_holiday,896789087.0,839270105.9825959
2025-10-01,2025-10-20,19,direct_own_weather_holiday,853624251.0,772095151.1615428
2025-10-02,2025-10-21,19,direct_own_weather_holiday,795444895.0,748803096.6157793
2025-10-03,2025-10-22,19,direct_own_weather_holiday,783518576.0,748508899.9267285
2025-10-04,2025-10-23,19,direct_own_weather_holiday,783134792.0,759735380.1173953
2025-10-05,2025-10-24,19,direct_own_weather_holiday,786285205.0,772637516.7966704
2025-10-06,2025-10-25,19,direct_own_weather_holiday,787344834.0,779085349.0682243
2025-10-07,2025-10-26,19,direct_own_weather_holiday,788309358.0,762302674.9994669
2025-10-08,2025-10-27,19,direct_own_weather_holiday,788347388.0,775079645.8996782
2025-10-09,2025-10-28,19,direct_own_weather_holiday,803213606.0,770715490.588933
2025-10-10,2025-10-29,19,direct_own_weather_holiday,791815205.0,766725013.2307398
2025-10-11,2025-10-30,19,direct_own_weather_holiday,801523722.0,774468992.0924153
2025-10-12,2025-10-31,19,direct_own_weather_holiday,806599754.0,774690493.4095947
2025-10-13,2025-11-01,19,direct_own_weather_holiday,760921367.0,766346380.2732733
2025-10-14,2025-11-02,19,direct_own_weather_holiday,744828378.0,759716154.6145289
2025-10-15,2025-11-03,19,direct_own_weather_holiday,780447693.0,786005754.2998325
2025-10-16,2025-11-04,19,direct_own_weather_holiday,782600645.0,775179128.0619831
2025-10-17,2025-11-05,19,direct_own_weather_holiday,784108702.0,775208256.4816958
2025-10-18,2025-11-06,19,direct_own_weather_holiday,789959014.0,780533275.8648032
2025-10-19,2025-11-07,19,direct_own_weather_holiday,808798324.0,785359037.0104766
2025-10-20,2025-11-08,19,direct_own_weather_holiday,816286170.0,784759247.5734509
2025-10-21,2025-11-09,19,direct_own_weather_holiday,794671570.0,755187359.1411693
2025-10-22,2025-11-10,19,direct_own_weather_holiday,803150509.0,755294852.9685771
2025-10-23,2025-11-11,19,direct_own_weather_holiday,811031660.0,744031051.8031731
2025-10-24,2025-11-12,19,direct_own_weather_holiday,800371284.0,738515726.2595658
2025-10-25,2025-11-13,19,direct_own_weather_holiday,795412883.0,735442308.3828195
2025-10-26,2025-11-14,19,direct_own_weather_holiday,784929625.0,749045410.8508785
2025-10-27,2025-11-15,19,direct_own_weather_holiday,771969074.0,734436565.0671905
2025-10-28,2025-11-16,19,direct_own_weather_holiday,748102925.0,712985800.7603029
2025-10-29,2025-11-17,19,direct_own_weather_holiday,784946049.0,733022549.4879565
2025-10-30,2025-11-18,19,direct_own_weather_holiday,802372785.0,754197145.6738065
2025-10-31,2025-11-19,19,direct_own_weather_holiday,785536331.0,769291727.8181335
2025-11-01,2025-11-20,19,direct_own_weather_holiday,789566797.0,758548280.2589227
2025-11-02,2025-11-21,19,direct_own_weather_holiday,781713368.0,756002520.4677932
2025-11-03,2025-11-22,19,direct_own_weather_holiday,777234266.0,751204749.345695
2025-11-04,2025-11-23,19,direct_own_weather_holiday,763587139.0,736860106.6156617
2025-11-05,2025-11-24,19,direct_own_weather_holiday,787419759.0,757725267.1309499
2025-11-06,2025-11-25,19,direct_own_weather_holiday,779113247.0,768778891.782438
2025-11-07,2025-11-26,19,direct_own_weather_holiday,779056661.0,770195172.323436
2025-11-08,2025-11-27,19,direct_own_weather_holiday,785923784.0,770677820.8518152
2025-11-09,2025-11-28,19,direct_own_weather_holiday,793532772.0,781733980.8429664
2025-11-10,2025-11-29,19,direct_own_weather_holiday,775439198.0,756707341.1082056
2025-11-11,2025-11-30,19,direct_own_weather_holiday,752415007.0,743618895.5136918
2025-11-12,2025-12-01,19,direct_own_weather_holiday,752093794.0,759104528.5459785
2025-11-13,2025-12-02,19,direct_own_weather_holiday,774181582.0,753696170.6841812
2025-11-14,2025-12-03,19,direct_own_weather_holiday,779128904.0,766307511.2123889
2025-11-15,2025-12-04,19,direct_own_weather_holiday,780611840.0,781948852.4213656
2025-11-16,2025-12-05,19,direct_own_weather_holiday,790342731.0,772229556.5219262
2025-11-17,2025-12-06,19,direct_own_weather_holiday,783475966.0,750534816.0539572
2025-11-18,2025-12-07,19,direct_own_weather_holiday,769662376.0,730095420.0798167
2025-11-19,2025-12-08,19,direct_own_weather_holiday,781993536.0,754396566.6709499
2025-11-20,2025-12-09,19,direct_own_weather_holiday,790459836.0,760262536.351282
2025-11-21,2025-12-10,19,direct_own_weather_holiday,793331038.0,748118554.6915326
2025-11-22,2025-12-11,19,direct_own_weather_holiday,792303023.0,745778983.869165
2025-11-23,2025-12-12,19,direct_own_weather_holiday,805771337.0,759828331.4412764
2025-11-24,2025-12-13,19,direct_own_weather_holiday,805919635.0,746035908.9142369
2025-11-25,2025-12-14,19,direct_own_weather_holiday,775261923.0,756516863.4212298
2025-11-26,2025-12-15,19,direct_own_weather_holiday,800205024.0,759259570.8417416
2025-11-27,2025-12-16,19,direct_own_weather_holiday,791223092.0,751910305.8510494
2025-11-28,2025-12-17,19,direct_own_weather_holiday,797873177.0,756838309.6842706
2025-11-29,2025-12-18,19,direct_own_weather_holiday,807913091.0,764533635.4642066
2025-11-30,2025-12-19,19,direct_own_weather_holiday,813412227.0,755151502.553416
2025-12-01,2025-12-20,19,direct_own_weather_holiday,800554656.0,740955521.0111387
2025-12-02,2025-12-21,19,direct_own_weather_holiday,775722494.0,730600021.8198116
2025-12-03,2025-12-22,19,direct_own_weather_holiday,800416947.0,753539112.5933781
2025-12-04,2025-12-23,19,direct_own_weather_holiday,805434213.0,745388904.0221345
2025-12-05,2025-12-24,19,direct_own_weather_holiday,803732375.0,748411291.0204844
2025-12-06,2025-12-25,19,direct_own_weather_holiday,824337857.0,762060453.7417688
2025-12-07,2025-12-26,19,direct_own_weather_holiday,812520530.0,787106308.4771478
2025-12-08,2025-12-27,19,direct_own_weather_holiday,813024286.0,761861193.6664892
2025-12-09,2025-12-28,19,direct_own_weather_holiday,798511867.0,744629187.1665795
2025-12-10,2025-12-29,19,direct_own_weather_holiday,801303829.0,756063456.4897208
2025-12-11,2025-12-30,19,direct_own_weather_holiday,799723069.0,757203785.1974233
2025-12-12,2025-12-31,19,direct_own_weather_holiday,783373686.0,765851279.5462438
2025-12-13,2026-01-01,19,direct_own_weather_holiday,707758012.0,683720714.7262962
2025-12-14,2026-01-02,19,direct_own_weather_holiday,741910307.0,698640368.457973
2025-12-15,2026-01-03,19,direct_own_weather_holiday,801935633.0,724941744.2558987
2025-12-16,2026-01-04,19,direct_own_weather_holiday,820839320.0,728364965.0157539
2025-12-17,2026-01-05,19,direct_own_weather_holiday,819629944.0,760290617.427454
2025-12-18,2026-01-06,19,direct_own_weather_holiday,848208043.0,776320363.7167957
2025-12-19,2026-01-07,19,direct_own_weather_holiday,836618404.0,782583386.0277046
2025-12-20,2026-01-08,19,direct_own_weather_holiday,845715705.0,784365964.6714298
2025-12-21,2026-01-09,19,direct_own_weather_holiday,845779172.0,782884372.0447438
2025-09-12,2025-10-01,19,direct_category_weather_holiday,893877447.0,879427534.8084047
2025-09-13,2025-10-02,19,direct_category_weather_holiday,877524402.0,877928913.0934196
2025-09-14,2025-10-03,19,direct_category_weather_holiday,906128774.0,865547992.2928634
2025-09-15,2025-10-04,19,direct_category_weather_holiday,947397946.0,892905655.4297527
2025-09-16,2025-10-05,19,direct_category_weather_holiday,967898095.0,878429816.1799102
2025-09-17,2025-10-06,19,direct_category_weather_holiday,909397624.0,876519982.9463714
2025-09-18,2025-10-07,19,direct_category_weather_holiday,958058211.0,871229772.4729952
2025-09-19,2025-10-08,19,direct_category_weather_holiday,1002652065.0,863079778.6886623
2025-09-20,2025-10-09,19,direct_category_weather_holiday,1006596066.0,961509959.2599962
2025-09-21,2025-10-10,19,direct_category_weather_holiday,988218980.0,943295931.521747
2025-09-22,2025-10-11,19,direct_category_weather_holiday,993216057.0,927396227.6146338
2025-09-23,2025-10-12,19,direct_category_weather_holiday,982996119.0,920364202.6997094
2025-09-24,2025-10-13,19,direct_category_weather_holiday,994158096.0,956150123.5085641
2025-09-25,2025-10-14,19,direct_category_weather_holiday,999440675.0,946627319.0482711
2025-09-26,2025-10-15,19,direct_category_weather_holiday,979563855.0,938510583.2207031
2025-09-27,2025-10-16,19,direct_category_weather_holiday,973453600.0,927537728.5033355
2025-09-28,2025-10-17,19,direct_category_weather_holiday,976535370.0,927439208.4613165
2025-09-29,2025-10-18,19,direct_category_weather_holiday,976325746.0,921002262.1632522
2025-09-30,2025-10-19,19,direct_category_weather_holiday,896789087.0,882284578.3779467
2025-10-01,2025-10-20,19,direct_category_weather_holiday,853624251.0,828512471.7590995
2025-10-02,2025-10-21,19,direct_category_weather_holiday,795444895.0,820574708.4798533
2025-10-03,2025-10-22,19,direct_category_weather_holiday,783518576.0,813055522.4678901
2025-10-04,2025-10-23,19,direct_category_weather_holiday,783134792.0,820468070.2722255
2025-10-05,2025-10-24,19,direct_category_weather_holiday,786285205.0,819434756.3986278
2025-10-06,2025-10-25,19,direct_category_weather_holiday,787344834.0,825157923.3075227
2025-10-07,2025-10-26,19,direct_category_weather_holiday,788309358.0,830803501.2579652
2025-10-08,2025-10-27,19,direct_category_weather_holiday,788347388.0,842276592.7438884
2025-10-09,2025-10-28,19,direct_category_weather_holiday,803213606.0,822679386.5111016
2025-10-10,2025-10-29,19,direct_category_weather_holiday,791815205.0,813126420.3098468
2025-10-11,2025-10-30,19,direct_category_weather_holiday,801523722.0,817067557.4191184
2025-10-12,2025-10-31,19,direct_category_weather_holiday,806599754.0,822646251.412749
2025-10-13,2025-11-01,19,direct_category_weather_holiday,760921367.0,825262734.120653
2025-10-14,2025-11-02,19,direct_category_weather_holiday,744828378.0,798842493.9870073
2025-10-15,2025-11-03,19,direct_category_weather_holiday,780447693.0,834492415.575217
2025-10-16,2025-11-04,19,direct_category_weather_holiday,782600645.0,811386405.3039461
2025-10-17,2025-11-05,19,direct_category_weather_holiday,784108702.0,806573268.6110106
2025-10-18,2025-11-06,19,direct_category_weather_holiday,789959014.0,818456680.1032367
2025-10-19,2025-11-07,19,direct_category_weather_holiday,808798324.0,826499284.134701
2025-10-20,2025-11-08,19,direct_category_weather_holiday,816286170.0,836190325.4129034
2025-10-21,2025-11-09,19,direct_category_weather_holiday,794671570.0,805676213.5467321
2025-10-22,2025-11-10,19,direct_category_weather_holiday,803150509.0,809338584.7761835
2025-10-23,2025-11-11,19,direct_category_weather_holiday,811031660.0,799568637.9440497
2025-10-24,2025-11-12,19,direct_category_weather_holiday,800371284.0,793446400.7125204
2025-10-25,2025-11-13,19,direct_category_weather_holiday,795412883.0,786591597.9395494
2025-10-26,2025-11-14,19,direct_category_weather_holiday,784929625.0,796543781.237853
2025-10-27,2025-11-15,19,direct_category_weather_holiday,771969074.0,784533131.0943058
2025-10-28,2025-11-16,19,direct_category_weather_holiday,748102925.0,768282429.9675833
2025-10-29,2025-11-17,19,direct_category_weather_holiday,784946049.0,811441536.8072907
2025-10-30,2025-11-18,19,direct_category_weather_holiday,802372785.0,819222219.0332639
2025-10-31,2025-11-19,19,direct_category_weather_holiday,785536331.0,826074962.5411845
2025-11-01,2025-11-20,19,direct_category_weather_holiday,789566797.0,812242088.0227333
2025-11-02,2025-11-21,19,direct_category_weather_holiday,781713368.0,805896772.1980686
2025-11-03,2025-11-22,19,direct_category_weather_holiday,777234266.0,820514462.5237585
2025-11-04,2025-11-23,19,direct_category_weather_holiday,763587139.0,790940133.1230296
2025-11-05,2025-11-24,19,direct_category_weather_holiday,787419759.0,807312386.9687473
2025-11-06,2025-11-25,19,direct_category_weather_holiday,779113247.0,816800289.0779253
2025-11-07,2025-11-26,19,direct_category_weather_holiday,779056661.0,817176462.095708
2025-11-08,2025-11-27,19,direct_category_weather_holiday,785923784.0,818440863.0721942
2025-11-09,2025-11-28,19,direct_category_weather_holiday,793532772.0,820145722.2913495
2025-11-10,2025-11-29,19,direct_category_weather_holiday,775439198.0,801017729.4071119
2025-11-11,2025-11-30,19,direct_category_weather_holiday,752415007.0,797138279.6248804
2025-11-12,2025-12-01,19,direct_category_weather_holiday,752093794.0,809485800.9095459
2025-11-13,2025-12-02,19,direct_category_weather_holiday,774181582.0,808221669.4238424
2025-11-14,2025-12-03,19,direct_category_weather_holiday,779128904.0,816751502.6424154
2025-11-15,2025-12-04,19,direct_category_weather_holiday,780611840.0,827707785.2373086
2025-11-16,2025-12-05,19,direct_category_weather_holiday,790342731.0,805332822.7372134
2025-11-17,2025-12-06,19,direct_category_weather_holiday,783475966.0,799672130.291524
2025-11-18,2025-12-07,19,direct_category_weather_holiday,769662376.0,784046564.2704175
2025-11-19,2025-12-08,19,direct_category_weather_holiday,781993536.0,806263011.1259086
2025-11-20,2025-12-09,19,direct_category_weather_holiday,790459836.0,804679657.5893193
2025-11-21,2025-12-10,19,direct_category_weather_holiday,793331038.0,791708740.9127837
2025-11-22,2025-12-11,19,direct_category_weather_holiday,792303023.0,789283226.8450722
2025-11-23,2025-12-12,19,direct_category_weather_holiday,805771337.0,804117495.8050991
2025-11-24,2025-12-13,19,direct_category_weather_holiday,805919635.0,795113007.5038176
2025-11-25,2025-12-14,19,direct_category_weather_holiday,775261923.0,811143607.0850683
2025-11-26,2025-12-15,19,direct_category_weather_holiday,800205024.0,817155928.7632056
2025-11-27,2025-12-16,19,direct_category_weather_holiday,791223092.0,798365619.6278611
2025-11-28,2025-12-17,19,direct_category_weather_holiday,797873177.0,798898181.5396003
2025-11-29,2025-12-18,19,direct_category_weather_holiday,807913091.0,808222770.4646778
2025-11-30,2025-12-19,19,direct_category_weather_holiday,813412227.0,790712941.2118634
2025-12-01,2025-12-20,19,direct_category_weather_holiday,800554656.0,778114275.342
2025-12-02,2025-12-21,19,direct_category_weather_holiday,775722494.0,777128740.2771953
2025-12-03,2025-12-22,19,direct_category_weather_holiday,800416947.0,792292491.0766813
2025-12-04,2025-12-23,19,direct_category_weather_holiday,805434213.0,783001008.2962058
2025-12-05,2025-12-24,19,direct_category_weather_holiday,803732375.0,783072934.3950285
2025-12-06,2025-12-25,19,direct_category_weather_holiday,824337857.0,802646286.8862739
2025-12-07,2025-12-26,19,direct_category_weather_holiday,812520530.0,825087314.8017821
2025-12-08,2025-12-27,19,direct_category_weather_holiday,813024286.0,805394046.7533437
2025-12-09,2025-12-28,19,direct_category_weather_holiday,798511867.0,780487085.5800179
2025-12-10,2025-12-29,19,direct_category_weather_holiday,801303829.0,793377384.2572391
2025-12-11,2025-12-30,19,direct_category_weather_holiday,799723069.0,792938705.9550159
2025-12-12,2025-12-31,19,direct_category_weather_holiday,783373686.0,798422213.0040636
2025-12-13,2026-01-01,19,direct_category_weather_holiday,707758012.0,719414087.8909612
2025-12-14,2026-01-02,19,direct_category_weather_holiday,741910307.0,737397882.2843328
2025-12-15,2026-01-03,19,direct_category_weather_holiday,801935633.0,764529901.1864742
2025-12-16,2026-01-04,19,direct_category_weather_holiday,820839320.0,774872504.533812
2025-12-17,2026-01-05,19,direct_category_weather_holiday,819629944.0,792523473.3305765
2025-12-18,2026-01-06,19,direct_category_weather_holiday,848208043.0,809054036.5916556
2025-12-19,2026-01-07,19,direct_category_weather_holiday,836618404.0,814808805.6584857
2025-12-20,2026-01-08,19,direct_category_weather_holiday,845715705.0,818646795.5393214
2025-12-21,2026-01-09,19,direct_category_weather_holiday,845779172.0,812132857.8422555
2025-09-11,2025-10-01,20,direct_own_calendar,893877447.0,754455644.0869898
2025-09-12,2025-10-02,20,direct_own_calendar,877524402.0,756368735.0812554
2025-09-13,2025-10-03,20,direct_own_calendar,906128774.0,763581046.4515023
2025-09-14,2025-10-04,20,direct_own_calendar,947397946.0,767772677.9161004
2025-09-15,2025-10-05,20,direct_own_calendar,967898095.0,748696545.2237693
2025-09-16,2025-10-06,20,direct_own_calendar,909397624.0,735939624.6732402
2025-09-17,2025-10-07,20,direct_own_calendar,958058211.0,721012492.5264485
2025-09-18,2025-10-08,20,direct_own_calendar,1002652065.0,737000115.4671458
2025-09-19,2025-10-09,20,direct_own_calendar,1006596066.0,891518735.2056918
2025-09-20,2025-10-10,20,direct_own_calendar,988218980.0,896410689.2730409
2025-09-21,2025-10-11,20,direct_own_calendar,993216057.0,854690100.9524285
2025-09-22,2025-10-12,20,direct_own_calendar,982996119.0,871418209.1577774
2025-09-23,2025-10-13,20,direct_own_calendar,994158096.0,865287592.818217
2025-09-24,2025-10-14,20,direct_own_calendar,999440675.0,861952814.2179297
2025-09-25,2025-10-15,20,direct_own_calendar,979563855.0,862851472.1052105
2025-09-26,2025-10-16,20,direct_own_calendar,973453600.0,873247646.0701288
2025-09-27,2025-10-17,20,direct_own_calendar,976535370.0,875875694.3126076
2025-09-28,2025-10-18,20,direct_own_calendar,976325746.0,874678829.0728312
2025-09-29,2025-10-19,20,direct_own_calendar,896789087.0,869240359.6038333
2025-09-30,2025-10-20,20,direct_own_calendar,853624251.0,880315070.80256
2025-10-01,2025-10-21,20,direct_own_calendar,795444895.0,852068570.7483178
2025-10-02,2025-10-22,20,direct_own_calendar,783518576.0,822972017.1905262
2025-10-03,2025-10-23,20,direct_own_calendar,783134792.0,820539666.2976208
2025-10-04,2025-10-24,20,direct_own_calendar,786285205.0,828012653.5668932
2025-10-05,2025-10-25,20,direct_own_calendar,787344834.0,835003790.9973117
2025-10-06,2025-10-26,20,direct_own_calendar,788309358.0,837152294.954002
2025-10-07,2025-10-27,20,direct_own_calendar,788347388.0,849276773.1136127
2025-10-08,2025-10-28,20,direct_own_calendar,803213606.0,851636852.884792
2025-10-09,2025-10-29,20,direct_own_calendar,791815205.0,844671833.0273914
2025-10-10,2025-10-30,20,direct_own_calendar,801523722.0,845527296.1640911
2025-10-11,2025-10-31,20,direct_own_calendar,806599754.0,847327143.0242773
2025-10-12,2025-11-01,20,direct_own_calendar,760921367.0,843120236.5119313
2025-10-13,2025-11-02,20,direct_own_calendar,744828378.0,836535038.3596128
2025-10-14,2025-11-03,20,direct_own_calendar,780447693.0,853432687.2842687
2025-10-15,2025-11-04,20,direct_own_calendar,782600645.0,856605286.4157605
2025-10-16,2025-11-05,20,direct_own_calendar,784108702.0,845324328.289833
2025-10-17,2025-11-06,20,direct_own_calendar,789959014.0,849122865.7539647
2025-10-18,2025-11-07,20,direct_own_calendar,808798324.0,851705566.4076874
2025-10-19,2025-11-08,20,direct_own_calendar,816286170.0,845352617.6473453
2025-10-20,2025-11-09,20,direct_own_calendar,794671570.0,819910551.7162585
2025-10-21,2025-11-10,20,direct_own_calendar,803150509.0,819879745.373388
2025-10-22,2025-11-11,20,direct_own_calendar,811031660.0,807777171.0696987
2025-10-23,2025-11-12,20,direct_own_calendar,800371284.0,793560689.2726367
2025-10-24,2025-11-13,20,direct_own_calendar,795412883.0,784079834.5064784
2025-10-25,2025-11-14,20,direct_own_calendar,784929625.0,788301985.6471038
2025-10-26,2025-11-15,20,direct_own_calendar,771969074.0,792552884.965767
2025-10-27,2025-11-16,20,direct_own_calendar,748102925.0,784584573.843584
2025-10-28,2025-11-17,20,direct_own_calendar,784946049.0,794363105.7992324
2025-10-29,2025-11-18,20,direct_own_calendar,802372785.0,786738286.5342536
2025-10-30,2025-11-19,20,direct_own_calendar,785536331.0,778930281.3605723
2025-10-31,2025-11-20,20,direct_own_calendar,789566797.0,784396093.250323
2025-11-01,2025-11-21,20,direct_own_calendar,781713368.0,786388526.9549572
2025-11-02,2025-11-22,20,direct_own_calendar,777234266.0,782314246.8199427
2025-11-03,2025-11-23,20,direct_own_calendar,763587139.0,769118557.785815
2025-11-04,2025-11-24,20,direct_own_calendar,787419759.0,786229691.183326
2025-11-05,2025-11-25,20,direct_own_calendar,779113247.0,787159183.7416768
2025-11-06,2025-11-26,20,direct_own_calendar,779056661.0,781770470.6535298
2025-11-07,2025-11-27,20,direct_own_calendar,785923784.0,782332857.8860896
2025-11-08,2025-11-28,20,direct_own_calendar,793532772.0,792042567.1904917
2025-11-09,2025-11-29,20,direct_own_calendar,775439198.0,792232576.6316065
2025-11-10,2025-11-30,20,direct_own_calendar,752415007.0,778823073.1267679
2025-11-11,2025-12-01,20,direct_own_calendar,752093794.0,793093285.5795288
2025-11-12,2025-12-02,20,direct_own_calendar,774181582.0,792516281.5925134
2025-11-13,2025-12-03,20,direct_own_calendar,779128904.0,786194020.889957
2025-11-14,2025-12-04,20,direct_own_calendar,780611840.0,789733076.0541072
2025-11-15,2025-12-05,20,direct_own_calendar,790342731.0,796472753.9304446
2025-11-16,2025-12-06,20,direct_own_calendar,783475966.0,785104378.7664598
2025-11-17,2025-12-07,20,direct_own_calendar,769662376.0,764857221.2866206
2025-11-18,2025-12-08,20,direct_own_calendar,781993536.0,774078091.8082556
2025-11-19,2025-12-09,20,direct_own_calendar,790459836.0,771864187.5921904
2025-11-20,2025-12-10,20,direct_own_calendar,793331038.0,766752515.7412615
2025-11-21,2025-12-11,20,direct_own_calendar,792303023.0,769898120.7976687
2025-11-22,2025-12-12,20,direct_own_calendar,805771337.0,772789286.0005509
2025-11-23,2025-12-13,20,direct_own_calendar,805919635.0,769120017.5755136
2025-11-24,2025-12-14,20,direct_own_calendar,775261923.0,752571476.2862197
2025-11-25,2025-12-15,20,direct_own_calendar,800205024.0,766285422.7855124
2025-11-26,2025-12-16,20,direct_own_calendar,791223092.0,761637466.7740684
2025-11-27,2025-12-17,20,direct_own_calendar,797873177.0,760390600.518642
2025-11-28,2025-12-18,20,direct_own_calendar,807913091.0,763481788.9111652
2025-11-29,2025-12-19,20,direct_own_calendar,813412227.0,767335655.6484456
2025-11-30,2025-12-20,20,direct_own_calendar,800554656.0,758406555.7179507
2025-12-01,2025-12-21,20,direct_own_calendar,775722494.0,742006975.5956657
2025-12-02,2025-12-22,20,direct_own_calendar,800416947.0,753757343.9858254
2025-12-03,2025-12-23,20,direct_own_calendar,805434213.0,755915216.7578194
2025-12-04,2025-12-24,20,direct_own_calendar,803732375.0,751144563.8545759
2025-12-05,2025-12-25,20,direct_own_calendar,824337857.0,753851686.6930118
2025-12-06,2025-12-26,20,direct_own_calendar,812520530.0,762538521.4129704
2025-12-07,2025-12-27,20,direct_own_calendar,813024286.0,758241217.0188099
2025-12-08,2025-12-28,20,direct_own_calendar,798511867.0,748208622.3521146
2025-12-09,2025-12-29,20,direct_own_calendar,801303829.0,760362836.2511127
2025-12-10,2025-12-30,20,direct_own_calendar,799723069.0,758238697.7281586
2025-12-11,2025-12-31,20,direct_own_calendar,783373686.0,752690684.7130466
2025-12-12,2026-01-01,20,direct_own_calendar,707758012.0,661829743.4761943
2025-12-13,2026-01-02,20,direct_own_calendar,741910307.0,667864822.7053127
2025-12-14,2026-01-03,20,direct_own_calendar,801935633.0,685360461.7504199
2025-12-15,2026-01-04,20,direct_own_calendar,820839320.0,713158185.6786752
2025-12-16,2026-01-05,20,direct_own_calendar,819629944.0,758442105.7918377
2025-12-17,2026-01-06,20,direct_own_calendar,848208043.0,755738020.629183
2025-12-18,2026-01-07,20,direct_own_calendar,836618404.0,754547822.3728476
2025-12-19,2026-01-08,20,direct_own_calendar,845715705.0,758705736.2948779
2025-12-20,2026-01-09,20,direct_own_calendar,845779172.0,762610894.6318071
2025-09-11,2025-10-01,20,direct_own_weather_holiday,893877447.0,846232739.6837316
2025-09-12,2025-10-02,20,direct_own_weather_holiday,877524402.0,837723255.637685
2025-09-13,2025-10-03,20,direct_own_weather_holiday,906128774.0,837592557.9795332
2025-09-14,2025-10-04,20,direct_own_weather_holiday,947397946.0,854144317.8088639
2025-09-15,2025-10-05,20,direct_own_weather_holiday,967898095.0,843508325.6496222
2025-09-16,2025-10-06,20,direct_own_weather_holiday,909397624.0,836255336.2864618
2025-09-17,2025-10-07,20,direct_own_weather_holiday,958058211.0,816637334.586326
2025-09-18,2025-10-08,20,direct_own_weather_holiday,1002652065.0,820434686.5157284
2025-09-19,2025-10-09,20,direct_own_weather_holiday,1006596066.0,928188997.2877934
2025-09-20,2025-10-10,20,direct_own_weather_holiday,988218980.0,914041000.0177203
2025-09-21,2025-10-11,20,direct_own_weather_holiday,993216057.0,900434969.7956971
2025-09-22,2025-10-12,20,direct_own_weather_holiday,982996119.0,883134657.01132
2025-09-23,2025-10-13,20,direct_own_weather_holiday,994158096.0,899337127.2388889
2025-09-24,2025-10-14,20,direct_own_weather_holiday,999440675.0,887381618.8461524
2025-09-25,2025-10-15,20,direct_own_weather_holiday,979563855.0,886292301.6427333
2025-09-26,2025-10-16,20,direct_own_weather_holiday,973453600.0,886362607.8972206
2025-09-27,2025-10-17,20,direct_own_weather_holiday,976535370.0,886173707.7996792
2025-09-28,2025-10-18,20,direct_own_weather_holiday,976325746.0,877233828.754445
2025-09-29,2025-10-19,20,direct_own_weather_holiday,896789087.0,841017936.3093158
2025-09-30,2025-10-20,20,direct_own_weather_holiday,853624251.0,795028651.4065006
2025-10-01,2025-10-21,20,direct_own_weather_holiday,795444895.0,765869043.6571071
2025-10-02,2025-10-22,20,direct_own_weather_holiday,783518576.0,745992995.6358345
2025-10-03,2025-10-23,20,direct_own_weather_holiday,783134792.0,750559102.3876252
2025-10-04,2025-10-24,20,direct_own_weather_holiday,786285205.0,757414381.4342458
2025-10-05,2025-10-25,20,direct_own_weather_holiday,787344834.0,763356719.0169183
2025-10-06,2025-10-26,20,direct_own_weather_holiday,788309358.0,761422316.282584
2025-10-07,2025-10-27,20,direct_own_weather_holiday,788347388.0,772448488.4960065
2025-10-08,2025-10-28,20,direct_own_weather_holiday,803213606.0,772754684.9356176
2025-10-09,2025-10-29,20,direct_own_weather_holiday,791815205.0,768431141.6672416
2025-10-10,2025-10-30,20,direct_own_weather_holiday,801523722.0,777140548.7701746
2025-10-11,2025-10-31,20,direct_own_weather_holiday,806599754.0,775839775.1840397
2025-10-12,2025-11-01,20,direct_own_weather_holiday,760921367.0,764291384.9002974
2025-10-13,2025-11-02,20,direct_own_weather_holiday,744828378.0,756564134.0277919
2025-10-14,2025-11-03,20,direct_own_weather_holiday,780447693.0,774031924.1342229
2025-10-15,2025-11-04,20,direct_own_weather_holiday,782600645.0,773647446.780194
2025-10-16,2025-11-05,20,direct_own_weather_holiday,784108702.0,769845582.4918761
2025-10-17,2025-11-06,20,direct_own_weather_holiday,789959014.0,780236226.4455547
2025-10-18,2025-11-07,20,direct_own_weather_holiday,808798324.0,785151771.8114436
2025-10-19,2025-11-08,20,direct_own_weather_holiday,816286170.0,783983028.4104623
2025-10-20,2025-11-09,20,direct_own_weather_holiday,794671570.0,763193777.2934777
2025-10-21,2025-11-10,20,direct_own_weather_holiday,803150509.0,762414178.1646332
2025-10-22,2025-11-11,20,direct_own_weather_holiday,811031660.0,748250690.973445
2025-10-23,2025-11-12,20,direct_own_weather_holiday,800371284.0,740599514.1101065
2025-10-24,2025-11-13,20,direct_own_weather_holiday,795412883.0,733524915.7239951
2025-10-25,2025-11-14,20,direct_own_weather_holiday,784929625.0,743668137.3844796
2025-10-26,2025-11-15,20,direct_own_weather_holiday,771969074.0,733290467.6864723
2025-10-27,2025-11-16,20,direct_own_weather_holiday,748102925.0,720443760.7275189
2025-10-28,2025-11-17,20,direct_own_weather_holiday,784946049.0,739974191.5990998
2025-10-29,2025-11-18,20,direct_own_weather_holiday,802372785.0,758514786.6541717
2025-10-30,2025-11-19,20,direct_own_weather_holiday,785536331.0,769236004.81747
2025-10-31,2025-11-20,20,direct_own_weather_holiday,789566797.0,764275872.4593096
2025-11-01,2025-11-21,20,direct_own_weather_holiday,781713368.0,754038756.9436032
2025-11-02,2025-11-22,20,direct_own_weather_holiday,777234266.0,746855209.3859172
2025-11-03,2025-11-23,20,direct_own_weather_holiday,763587139.0,727952726.542411
2025-11-04,2025-11-24,20,direct_own_weather_holiday,787419759.0,754240333.6132972
2025-11-05,2025-11-25,20,direct_own_weather_holiday,779113247.0,767429992.2815506
2025-11-06,2025-11-26,20,direct_own_weather_holiday,779056661.0,767870643.1559684
2025-11-07,2025-11-27,20,direct_own_weather_holiday,785923784.0,767036465.5582998
2025-11-08,2025-11-28,20,direct_own_weather_holiday,793532772.0,779823168.8197974
2025-11-09,2025-11-29,20,direct_own_weather_holiday,775439198.0,756327158.212176
2025-11-10,2025-11-30,20,direct_own_weather_holiday,752415007.0,744967583.8868638
2025-11-11,2025-12-01,20,direct_own_weather_holiday,752093794.0,758896015.8245617
2025-11-12,2025-12-02,20,direct_own_weather_holiday,774181582.0,756037359.1833842
2025-11-13,2025-12-03,20,direct_own_weather_holiday,779128904.0,765063919.5862044
2025-11-14,2025-12-04,20,direct_own_weather_holiday,780611840.0,777012327.4120743
2025-11-15,2025-12-05,20,direct_own_weather_holiday,790342731.0,774838685.7345222
2025-11-16,2025-12-06,20,direct_own_weather_holiday,783475966.0,754883441.0860199
2025-11-17,2025-12-07,20,direct_own_weather_holiday,769662376.0,730840523.0164664
2025-11-18,2025-12-08,20,direct_own_weather_holiday,781993536.0,753994175.547189
2025-11-19,2025-12-09,20,direct_own_weather_holiday,790459836.0,760226451.146113
2025-11-20,2025-12-10,20,direct_own_weather_holiday,793331038.0,747501145.2207142
2025-11-21,2025-12-11,20,direct_own_weather_holiday,792303023.0,748050384.3929148
2025-11-22,2025-12-12,20,direct_own_weather_holiday,805771337.0,759808849.6603292
2025-11-23,2025-12-13,20,direct_own_weather_holiday,805919635.0,747540816.3505322
2025-11-24,2025-12-14,20,direct_own_weather_holiday,775261923.0,756213538.4381751
2025-11-25,2025-12-15,20,direct_own_weather_holiday,800205024.0,761194382.8746133
2025-11-26,2025-12-16,20,direct_own_weather_holiday,791223092.0,748906814.1398184
2025-11-27,2025-12-17,20,direct_own_weather_holiday,797873177.0,753533528.3880514
2025-11-28,2025-12-18,20,direct_own_weather_holiday,807913091.0,762885383.2393752
2025-11-29,2025-12-19,20,direct_own_weather_holiday,813412227.0,756107980.7064751
2025-11-30,2025-12-20,20,direct_own_weather_holiday,800554656.0,743655999.4927398
2025-12-01,2025-12-21,20,direct_own_weather_holiday,775722494.0,732256576.1045896
2025-12-02,2025-12-22,20,direct_own_weather_holiday,800416947.0,749803519.8865517
2025-12-03,2025-12-23,20,direct_own_weather_holiday,805434213.0,744556904.799329
2025-12-04,2025-12-24,20,direct_own_weather_holiday,803732375.0,745802281.2410135
2025-12-05,2025-12-25,20,direct_own_weather_holiday,824337857.0,758861153.4416914
2025-12-06,2025-12-26,20,direct_own_weather_holiday,812520530.0,786425957.1119539
2025-12-07,2025-12-27,20,direct_own_weather_holiday,813024286.0,760653366.3941972
2025-12-08,2025-12-28,20,direct_own_weather_holiday,798511867.0,744785952.8203236
2025-12-09,2025-12-29,20,direct_own_weather_holiday,801303829.0,756756541.3566896
2025-12-10,2025-12-30,20,direct_own_weather_holiday,799723069.0,757777065.8404689
2025-12-11,2025-12-31,20,direct_own_weather_holiday,783373686.0,763929916.0226463
2025-12-12,2026-01-01,20,direct_own_weather_holiday,707758012.0,680780087.0689073
2025-12-13,2026-01-02,20,direct_own_weather_holiday,741910307.0,695562460.2668221
2025-12-14,2026-01-03,20,direct_own_weather_holiday,801935633.0,721667065.7304289
2025-12-15,2026-01-04,20,direct_own_weather_holiday,820839320.0,727056917.7615675
2025-12-16,2026-01-05,20,direct_own_weather_holiday,819629944.0,760790341.8019227
2025-12-17,2026-01-06,20,direct_own_weather_holiday,848208043.0,773113750.071788
2025-12-18,2026-01-07,20,direct_own_weather_holiday,836618404.0,778853924.3408446
2025-12-19,2026-01-08,20,direct_own_weather_holiday,845715705.0,783378432.9829462
2025-12-20,2026-01-09,20,direct_own_weather_holiday,845779172.0,783843417.366636
2025-09-11,2025-10-01,20,direct_category_weather_holiday,893877447.0,885475537.165006
2025-09-12,2025-10-02,20,direct_category_weather_holiday,877524402.0,875071423.072523
2025-09-13,2025-10-03,20,direct_category_weather_holiday,906128774.0,879507688.622274
2025-09-14,2025-10-04,20,direct_category_weather_holiday,947397946.0,892981376.7951096
2025-09-15,2025-10-05,20,direct_category_weather_holiday,967898095.0,884238954.2251734
2025-09-16,2025-10-06,20,direct_category_weather_holiday,909397624.0,874641047.1889821
2025-09-17,2025-10-07,20,direct_category_weather_holiday,958058211.0,870145228.8177427
2025-09-18,2025-10-08,20,direct_category_weather_holiday,1002652065.0,863262343.1473516
2025-09-19,2025-10-09,20,direct_category_weather_holiday,1006596066.0,954538696.0220654
2025-09-20,2025-10-10,20,direct_category_weather_holiday,988218980.0,946789895.2246459
2025-09-21,2025-10-11,20,direct_category_weather_holiday,993216057.0,934860390.5633138
2025-09-22,2025-10-12,20,direct_category_weather_holiday,982996119.0,918569289.147188
2025-09-23,2025-10-13,20,direct_category_weather_holiday,994158096.0,946288200.5099348
2025-09-24,2025-10-14,20,direct_category_weather_holiday,999440675.0,943233697.8654627
2025-09-25,2025-10-15,20,direct_category_weather_holiday,979563855.0,937130616.2446293
2025-09-26,2025-10-16,20,direct_category_weather_holiday,973453600.0,932509669.3091806
2025-09-27,2025-10-17,20,direct_category_weather_holiday,976535370.0,928539413.7665528
2025-09-28,2025-10-18,20,direct_category_weather_holiday,976325746.0,915296926.8651534
2025-09-29,2025-10-19,20,direct_category_weather_holiday,896789087.0,880960723.8897518
2025-09-30,2025-10-20,20,direct_category_weather_holiday,853624251.0,838559348.1890922
2025-10-01,2025-10-21,20,direct_category_weather_holiday,795444895.0,819660625.0646763
2025-10-02,2025-10-22,20,direct_category_weather_holiday,783518576.0,814851429.9815445
2025-10-03,2025-10-23,20,direct_category_weather_holiday,783134792.0,812399976.539119
2025-10-04,2025-10-24,20,direct_category_weather_holiday,786285205.0,815756788.7849807
2025-10-05,2025-10-25,20,direct_category_weather_holiday,787344834.0,810862513.2940336
2025-10-06,2025-10-26,20,direct_category_weather_holiday,788309358.0,809455348.705276
2025-10-07,2025-10-27,20,direct_category_weather_holiday,788347388.0,840214461.1614739
2025-10-08,2025-10-28,20,direct_category_weather_holiday,803213606.0,836759183.879604
2025-10-09,2025-10-29,20,direct_category_weather_holiday,791815205.0,820013813.6996647
2025-10-10,2025-10-30,20,direct_category_weather_holiday,801523722.0,822247299.7717917
2025-10-11,2025-10-31,20,direct_category_weather_holiday,806599754.0,816331325.0941454
2025-10-12,2025-11-01,20,direct_category_weather_holiday,760921367.0,808140622.9702218
2025-10-13,2025-11-02,20,direct_category_weather_holiday,744828378.0,811309644.3987495
2025-10-14,2025-11-03,20,direct_category_weather_holiday,780447693.0,812883446.9364392
2025-10-15,2025-11-04,20,direct_category_weather_holiday,782600645.0,820719267.8704443
2025-10-16,2025-11-05,20,direct_category_weather_holiday,784108702.0,801346273.1592492
2025-10-17,2025-11-06,20,direct_category_weather_holiday,789959014.0,812196634.3036814
2025-10-18,2025-11-07,20,direct_category_weather_holiday,808798324.0,822427212.949621
2025-10-19,2025-11-08,20,direct_category_weather_holiday,816286170.0,821802397.1052439
2025-10-20,2025-11-09,20,direct_category_weather_holiday,794671570.0,808837611.5129018
2025-10-21,2025-11-10,20,direct_category_weather_holiday,803150509.0,808297428.8511649
2025-10-22,2025-11-11,20,direct_category_weather_holiday,811031660.0,797571869.8795199
2025-10-23,2025-11-12,20,direct_category_weather_holiday,800371284.0,793371501.8458713
2025-10-24,2025-11-13,20,direct_category_weather_holiday,795412883.0,786740141.7170414
2025-10-25,2025-11-14,20,direct_category_weather_holiday,784929625.0,790986490.8145711
2025-10-26,2025-11-15,20,direct_category_weather_holiday,771969074.0,780686489.0309916
2025-10-27,2025-11-16,20,direct_category_weather_holiday,748102925.0,770531543.4532641
2025-10-28,2025-11-17,20,direct_category_weather_holiday,784946049.0,793166704.9809383
2025-10-29,2025-11-18,20,direct_category_weather_holiday,802372785.0,837734074.9966255
2025-10-30,2025-11-19,20,direct_category_weather_holiday,785536331.0,835590643.1852785
2025-10-31,2025-11-20,20,direct_category_weather_holiday,789566797.0,824793357.248279
2025-11-01,2025-11-21,20,direct_category_weather_holiday,781713368.0,809426993.0471333
2025-11-02,2025-11-22,20,direct_category_weather_holiday,777234266.0,799964664.619688
2025-11-03,2025-11-23,20,direct_category_weather_holiday,763587139.0,799489948.2078733
2025-11-04,2025-11-24,20,direct_category_weather_holiday,787419759.0,810503232.940369
2025-11-05,2025-11-25,20,direct_category_weather_holiday,779113247.0,821073275.7032212
2025-11-06,2025-11-26,20,direct_category_weather_holiday,779056661.0,821328166.1824692
2025-11-07,2025-11-27,20,direct_category_weather_holiday,785923784.0,815409294.1188704
2025-11-08,2025-11-28,20,direct_category_weather_holiday,793532772.0,829287566.3084606
2025-11-09,2025-11-29,20,direct_category_weather_holiday,775439198.0,800094028.5580518
2025-11-10,2025-11-30,20,direct_category_weather_holiday,752415007.0,788387287.5759075
2025-11-11,2025-12-01,20,direct_category_weather_holiday,752093794.0,809253466.0778798
2025-11-12,2025-12-02,20,direct_category_weather_holiday,774181582.0,809791466.2794693
2025-11-13,2025-12-03,20,direct_category_weather_holiday,779128904.0,821777609.2850852
2025-11-14,2025-12-04,20,direct_category_weather_holiday,780611840.0,829598359.8647041
2025-11-15,2025-12-05,20,direct_category_weather_holiday,790342731.0,819673055.8999207
2025-11-16,2025-12-06,20,direct_category_weather_holiday,783475966.0,792412848.9000387
2025-11-17,2025-12-07,20,direct_category_weather_holiday,769662376.0,778643142.3871117
2025-11-18,2025-12-08,20,direct_category_weather_holiday,781993536.0,807686243.3784857
2025-11-19,2025-12-09,20,direct_category_weather_holiday,790459836.0,813956891.6487248
2025-11-20,2025-12-10,20,direct_category_weather_holiday,793331038.0,789630437.356582
2025-11-21,2025-12-11,20,direct_category_weather_holiday,792303023.0,790284830.0440142
2025-11-22,2025-12-12,20,direct_category_weather_holiday,805771337.0,798444096.9281095
2025-11-23,2025-12-13,20,direct_category_weather_holiday,805919635.0,791289309.4553087
2025-11-24,2025-12-14,20,direct_category_weather_holiday,775261923.0,802141805.806475
2025-11-25,2025-12-15,20,direct_category_weather_holiday,800205024.0,820987535.0431563
2025-11-26,2025-12-16,20,direct_category_weather_holiday,791223092.0,801587886.2541327
2025-11-27,2025-12-17,20,direct_category_weather_holiday,797873177.0,794605695.4605883
2025-11-28,2025-12-18,20,direct_category_weather_holiday,807913091.0,803317066.2042551
2025-11-29,2025-12-19,20,direct_category_weather_holiday,813412227.0,794769269.5345591
2025-11-30,2025-12-20,20,direct_category_weather_holiday,800554656.0,771904669.5063539
2025-12-01,2025-12-21,20,direct_category_weather_holiday,775722494.0,769800998.2735642
2025-12-02,2025-12-22,20,direct_category_weather_holiday,800416947.0,797793810.9412142
2025-12-03,2025-12-23,20,direct_category_weather_holiday,805434213.0,780609016.7064822
2025-12-04,2025-12-24,20,direct_category_weather_holiday,803732375.0,778500048.9281124
2025-12-05,2025-12-25,20,direct_category_weather_holiday,824337857.0,795963984.9478537
2025-12-06,2025-12-26,20,direct_category_weather_holiday,812520530.0,823265224.2939774
2025-12-07,2025-12-27,20,direct_category_weather_holiday,813024286.0,798988933.4717113
2025-12-08,2025-12-28,20,direct_category_weather_holiday,798511867.0,786872867.8356953
2025-12-09,2025-12-29,20,direct_category_weather_holiday,801303829.0,791505535.2966958
2025-12-10,2025-12-30,20,direct_category_weather_holiday,799723069.0,793534038.3592541
2025-12-11,2025-12-31,20,direct_category_weather_holiday,783373686.0,799089029.6708442
2025-12-12,2026-01-01,20,direct_category_weather_holiday,707758012.0,715405253.2629768
2025-12-13,2026-01-02,20,direct_category_weather_holiday,741910307.0,732463179.6049811
2025-12-14,2026-01-03,20,direct_category_weather_holiday,801935633.0,765040490.4653195
2025-12-15,2026-01-04,20,direct_category_weather_holiday,820839320.0,768884185.7568104
2025-12-16,2026-01-05,20,direct_category_weather_holiday,819629944.0,795583236.5800132
2025-12-17,2026-01-06,20,direct_category_weather_holiday,848208043.0,807741180.5347564
2025-12-18,2026-01-07,20,direct_category_weather_holiday,836618404.0,814112789.1094583
2025-12-19,2026-01-08,20,direct_category_weather_holiday,845715705.0,815938125.8244197
2025-12-20,2026-01-09,20,direct_category_weather_holiday,845779172.0,818263133.5490752
2025-09-10,2025-10-01,21,direct_own_calendar,893877447.0,753626481.5477029
2025-09-11,2025-10-02,21,direct_own_calendar,877524402.0,754791534.3545412
2025-09-12,2025-10-03,21,direct_own_calendar,906128774.0,760731361.9669547
2025-09-13,2025-10-04,21,direct_own_calendar,947397946.0,778218551.894424
2025-09-14,2025-10-05,21,direct_own_calendar,967898095.0,752273828.3511349
2025-09-15,2025-10-06,21,direct_own_calendar,909397624.0,738725035.2426038
2025-09-16,2025-10-07,21,direct_own_calendar,958058211.0,731302677.833116
2025-09-17,2025-10-08,21,direct_own_calendar,1002652065.0,712974012.5824974
2025-09-18,2025-10-09,21,direct_own_calendar,1006596066.0,888201725.8985256
2025-09-19,2025-10-10,21,direct_own_calendar,988218980.0,895627122.8309419
2025-09-20,2025-10-11,21,direct_own_calendar,993216057.0,860395426.957154
2025-09-21,2025-10-12,21,direct_own_calendar,982996119.0,887907703.8887571
2025-09-22,2025-10-13,21,direct_own_calendar,994158096.0,879912560.3096397
2025-09-23,2025-10-14,21,direct_own_calendar,999440675.0,858243108.6633509
2025-09-24,2025-10-15,21,direct_own_calendar,979563855.0,851870945.1517917
2025-09-25,2025-10-16,21,direct_own_calendar,973453600.0,859483807.5236435
2025-09-26,2025-10-17,21,direct_own_calendar,976535370.0,875011259.014286
2025-09-27,2025-10-18,21,direct_own_calendar,976325746.0,870506247.2693714
2025-09-28,2025-10-19,21,direct_own_calendar,896789087.0,860330937.545565
2025-09-29,2025-10-20,21,direct_own_calendar,853624251.0,882252688.1584499
2025-09-30,2025-10-21,21,direct_own_calendar,795444895.0,879636855.3888739
2025-10-01,2025-10-22,21,direct_own_calendar,783518576.0,845451497.8639376
2025-10-02,2025-10-23,21,direct_own_calendar,783134792.0,817993677.3701323
2025-10-03,2025-10-24,21,direct_own_calendar,786285205.0,814443747.3472944
2025-10-04,2025-10-25,21,direct_own_calendar,787344834.0,814522402.0129322
2025-10-05,2025-10-26,21,direct_own_calendar,788309358.0,813901284.2695304
2025-10-06,2025-10-27,21,direct_own_calendar,788347388.0,845479510.5560824
2025-10-07,2025-10-28,21,direct_own_calendar,803213606.0,845354481.6861092
2025-10-08,2025-10-29,21,direct_own_calendar,791815205.0,841687339.8877579
2025-10-09,2025-10-30,21,direct_own_calendar,801523722.0,844010698.0624553
2025-10-10,2025-10-31,21,direct_own_calendar,806599754.0,848295639.0256368
2025-10-11,2025-11-01,21,direct_own_calendar,760921367.0,838962947.2642773
2025-10-12,2025-11-02,21,direct_own_calendar,744828378.0,825476266.570385
2025-10-13,2025-11-03,21,direct_own_calendar,780447693.0,848783802.0765318
2025-10-14,2025-11-04,21,direct_own_calendar,782600645.0,849580715.8342234
2025-10-15,2025-11-05,21,direct_own_calendar,784108702.0,844367344.9044852
2025-10-16,2025-11-06,21,direct_own_calendar,789959014.0,837734544.7261372
2025-10-17,2025-11-07,21,direct_own_calendar,808798324.0,846190960.766837
2025-10-18,2025-11-08,21,direct_own_calendar,816286170.0,841344137.2937773
2025-10-19,2025-11-09,21,direct_own_calendar,794671570.0,827500479.0906472
2025-10-20,2025-11-10,21,direct_own_calendar,803150509.0,826513641.8215436
2025-10-21,2025-11-11,21,direct_own_calendar,811031660.0,811083927.6473892
2025-10-22,2025-11-12,21,direct_own_calendar,800371284.0,796809779.3358419
2025-10-23,2025-11-13,21,direct_own_calendar,795412883.0,787670959.5993997
2025-10-24,2025-11-14,21,direct_own_calendar,784929625.0,782662409.98395
2025-10-25,2025-11-15,21,direct_own_calendar,771969074.0,779519569.0778065
2025-10-26,2025-11-16,21,direct_own_calendar,748102925.0,778047964.2383796
2025-10-27,2025-11-17,21,direct_own_calendar,784946049.0,799323199.8979932
2025-10-28,2025-11-18,21,direct_own_calendar,802372785.0,796986946.8981687
2025-10-29,2025-11-19,21,direct_own_calendar,785536331.0,783951652.2832447
2025-10-30,2025-11-20,21,direct_own_calendar,789566797.0,781966434.9312136
2025-10-31,2025-11-21,21,direct_own_calendar,781713368.0,790587236.4797646
2025-11-01,2025-11-22,21,direct_own_calendar,777234266.0,783878844.9786737
2025-11-02,2025-11-23,21,direct_own_calendar,763587139.0,768665189.4612912
2025-11-03,2025-11-24,21,direct_own_calendar,787419759.0,779759813.5828998
2025-11-04,2025-11-25,21,direct_own_calendar,779113247.0,781737448.4049152
2025-11-05,2025-11-26,21,direct_own_calendar,779056661.0,779662249.9306902
2025-11-06,2025-11-27,21,direct_own_calendar,785923784.0,778996762.4187857
2025-11-07,2025-11-28,21,direct_own_calendar,793532772.0,783560639.0689768
2025-11-08,2025-11-29,21,direct_own_calendar,775439198.0,785770497.6198143
2025-11-09,2025-11-30,21,direct_own_calendar,752415007.0,778355868.0645633
2025-11-10,2025-12-01,21,direct_own_calendar,752093794.0,791029155.2313355
2025-11-11,2025-12-02,21,direct_own_calendar,774181582.0,791091320.0607526
2025-11-12,2025-12-03,21,direct_own_calendar,779128904.0,786177649.5119013
2025-11-13,2025-12-04,21,direct_own_calendar,780611840.0,785689729.5013236
2025-11-14,2025-12-05,21,direct_own_calendar,790342731.0,792458243.3115547
2025-11-15,2025-12-06,21,direct_own_calendar,783475966.0,789043287.5281845
2025-11-16,2025-12-07,21,direct_own_calendar,769662376.0,768684132.6741972
2025-11-17,2025-12-08,21,direct_own_calendar,781993536.0,776309654.6849742
2025-11-18,2025-12-09,21,direct_own_calendar,790459836.0,771186383.8200551
2025-11-19,2025-12-10,21,direct_own_calendar,793331038.0,766392978.0636483
2025-11-20,2025-12-11,21,direct_own_calendar,792303023.0,766974100.6124257
2025-11-21,2025-12-12,21,direct_own_calendar,805771337.0,773755014.2131265
2025-11-22,2025-12-13,21,direct_own_calendar,805919635.0,768616185.2070365
2025-11-23,2025-12-14,21,direct_own_calendar,775261923.0,755584967.0964392
2025-11-24,2025-12-15,21,direct_own_calendar,800205024.0,765463380.303419
2025-11-25,2025-12-16,21,direct_own_calendar,791223092.0,764989904.7088492
2025-11-26,2025-12-17,21,direct_own_calendar,797873177.0,756630758.7097493
2025-11-27,2025-12-18,21,direct_own_calendar,807913091.0,760065078.539511
2025-11-28,2025-12-19,21,direct_own_calendar,813412227.0,767053724.7956505
2025-11-29,2025-12-20,21,direct_own_calendar,800554656.0,761855329.7583233
2025-11-30,2025-12-21,21,direct_own_calendar,775722494.0,743547183.3901355
2025-12-01,2025-12-22,21,direct_own_calendar,800416947.0,753865616.1857128
2025-12-02,2025-12-23,21,direct_own_calendar,805434213.0,752306463.6252985
2025-12-03,2025-12-24,21,direct_own_calendar,803732375.0,749849794.6002278
2025-12-04,2025-12-25,21,direct_own_calendar,824337857.0,751520960.8281366
2025-12-05,2025-12-26,21,direct_own_calendar,812520530.0,757314394.8576242
2025-12-06,2025-12-27,21,direct_own_calendar,813024286.0,757405739.5560939
2025-12-07,2025-12-28,21,direct_own_calendar,798511867.0,744766557.8110367
2025-12-08,2025-12-29,21,direct_own_calendar,801303829.0,762217344.7400022
2025-12-09,2025-12-30,21,direct_own_calendar,799723069.0,759373400.7120891
2025-12-10,2025-12-31,21,direct_own_calendar,783373686.0,752993234.3334665
2025-12-11,2026-01-01,21,direct_own_calendar,707758012.0,659814088.9943376
2025-12-12,2026-01-02,21,direct_own_calendar,741910307.0,666730494.4230936
2025-12-13,2026-01-03,21,direct_own_calendar,801935633.0,683289068.844085
2025-12-14,2026-01-04,21,direct_own_calendar,820839320.0,714040153.7626202
2025-12-15,2026-01-05,21,direct_own_calendar,819629944.0,758111530.1960677
2025-12-16,2026-01-06,21,direct_own_calendar,848208043.0,756322356.731274
2025-12-17,2026-01-07,21,direct_own_calendar,836618404.0,750541511.2062055
2025-12-18,2026-01-08,21,direct_own_calendar,845715705.0,754204351.9110309
2025-12-19,2026-01-09,21,direct_own_calendar,845779172.0,762804155.8860681
2025-09-10,2025-10-01,21,direct_own_weather_holiday,893877447.0,845229786.013541
2025-09-11,2025-10-02,21,direct_own_weather_holiday,877524402.0,836238314.5456951
2025-09-12,2025-10-03,21,direct_own_weather_holiday,906128774.0,834329671.8524754
2025-09-13,2025-10-04,21,direct_own_weather_holiday,947397946.0,859715360.8025976
2025-09-14,2025-10-05,21,direct_own_weather_holiday,967898095.0,844156714.6482716
2025-09-15,2025-10-06,21,direct_own_weather_holiday,909397624.0,836151734.6781883
2025-09-16,2025-10-07,21,direct_own_weather_holiday,958058211.0,824155503.9397532
2025-09-17,2025-10-08,21,direct_own_weather_holiday,1002652065.0,802746739.473145
2025-09-18,2025-10-09,21,direct_own_weather_holiday,1006596066.0,925914149.9031595
2025-09-19,2025-10-10,21,direct_own_weather_holiday,988218980.0,913406795.2227716
2025-09-20,2025-10-11,21,direct_own_weather_holiday,993216057.0,904138506.2481118
2025-09-21,2025-10-12,21,direct_own_weather_holiday,982996119.0,894857115.6734504
2025-09-22,2025-10-13,21,direct_own_weather_holiday,994158096.0,909508215.6950551
2025-09-23,2025-10-14,21,direct_own_weather_holiday,999440675.0,885139899.2227503
2025-09-24,2025-10-15,21,direct_own_weather_holiday,979563855.0,878410394.5841193
2025-09-25,2025-10-16,21,direct_own_weather_holiday,973453600.0,877643286.8543553
2025-09-26,2025-10-17,21,direct_own_weather_holiday,976535370.0,885900328.4396523
2025-09-27,2025-10-18,21,direct_own_weather_holiday,976325746.0,873978034.6769536
2025-09-28,2025-10-19,21,direct_own_weather_holiday,896789087.0,834931112.114208
2025-09-29,2025-10-20,21,direct_own_weather_holiday,853624251.0,796891657.0565691
2025-09-30,2025-10-21,21,direct_own_weather_holiday,795444895.0,787899306.335831
2025-10-01,2025-10-22,21,direct_own_weather_holiday,783518576.0,764095437.4610792
2025-10-02,2025-10-23,21,direct_own_weather_holiday,783134792.0,748637275.9215078
2025-10-03,2025-10-24,21,direct_own_weather_holiday,786285205.0,747420684.3513333
2025-10-04,2025-10-25,21,direct_own_weather_holiday,787344834.0,748540708.004706
2025-10-05,2025-10-26,21,direct_own_weather_holiday,788309358.0,745382045.7602987
2025-10-06,2025-10-27,21,direct_own_weather_holiday,788347388.0,771393318.3190585
2025-10-07,2025-10-28,21,direct_own_weather_holiday,803213606.0,767839736.2757536
2025-10-08,2025-10-29,21,direct_own_weather_holiday,791815205.0,767309481.1061146
2025-10-09,2025-10-30,21,direct_own_weather_holiday,801523722.0,777369906.3194467
2025-10-10,2025-10-31,21,direct_own_weather_holiday,806599754.0,778427156.133077
2025-10-11,2025-11-01,21,direct_own_weather_holiday,760921367.0,764320235.4097109
2025-10-12,2025-11-02,21,direct_own_weather_holiday,744828378.0,751185304.4691048
2025-10-13,2025-11-03,21,direct_own_weather_holiday,780447693.0,771198604.5053397
2025-10-14,2025-11-04,21,direct_own_weather_holiday,782600645.0,765057429.4812127
2025-10-15,2025-11-05,21,direct_own_weather_holiday,784108702.0,768386459.1450025
2025-10-16,2025-11-06,21,direct_own_weather_holiday,789959014.0,772466007.1826
2025-10-17,2025-11-07,21,direct_own_weather_holiday,808798324.0,782593526.2580484
2025-10-18,2025-11-08,21,direct_own_weather_holiday,816286170.0,782425261.8382038
2025-10-19,2025-11-09,21,direct_own_weather_holiday,794671570.0,765639375.2155117
2025-10-20,2025-11-10,21,direct_own_weather_holiday,803150509.0,769296556.4466593
2025-10-21,2025-11-11,21,direct_own_weather_holiday,811031660.0,753531989.1627729
2025-10-22,2025-11-12,21,direct_own_weather_holiday,800371284.0,744421251.581736
2025-10-23,2025-11-13,21,direct_own_weather_holiday,795412883.0,736643126.6725833
2025-10-24,2025-11-14,21,direct_own_weather_holiday,784929625.0,742141409.2156119
2025-10-25,2025-11-15,21,direct_own_weather_holiday,771969074.0,726753965.0126992
2025-10-26,2025-11-16,21,direct_own_weather_holiday,748102925.0,718317718.6160625
2025-10-27,2025-11-17,21,direct_own_weather_holiday,784946049.0,745954531.451107
2025-10-28,2025-11-18,21,direct_own_weather_holiday,802372785.0,766199112.4354335
2025-10-29,2025-11-19,21,direct_own_weather_holiday,785536331.0,773935544.493265
2025-10-30,2025-11-20,21,direct_own_weather_holiday,789566797.0,764458456.3233373
2025-10-31,2025-11-21,21,direct_own_weather_holiday,781713368.0,759724149.4467278
2025-11-01,2025-11-22,21,direct_own_weather_holiday,777234266.0,747841098.1117944
2025-11-02,2025-11-23,21,direct_own_weather_holiday,763587139.0,726333193.8395823
2025-11-03,2025-11-24,21,direct_own_weather_holiday,787419759.0,747082597.7888224
2025-11-04,2025-11-25,21,direct_own_weather_holiday,779113247.0,763393766.1713759
2025-11-05,2025-11-26,21,direct_own_weather_holiday,779056661.0,766403171.5590858
2025-11-06,2025-11-27,21,direct_own_weather_holiday,785923784.0,764889832.1741995
2025-11-07,2025-11-28,21,direct_own_weather_holiday,793532772.0,774382004.0059735
2025-11-08,2025-11-29,21,direct_own_weather_holiday,775439198.0,753336538.3135424
2025-11-09,2025-11-30,21,direct_own_weather_holiday,752415007.0,745137023.7236924
2025-11-10,2025-12-01,21,direct_own_weather_holiday,752093794.0,759019072.0551773
2025-11-11,2025-12-02,21,direct_own_weather_holiday,774181582.0,755411216.0924234
2025-11-12,2025-12-03,21,direct_own_weather_holiday,779128904.0,766006420.239144
2025-11-13,2025-12-04,21,direct_own_weather_holiday,780611840.0,774849557.3951014
2025-11-14,2025-12-05,21,direct_own_weather_holiday,790342731.0,771202570.6170837
2025-11-15,2025-12-06,21,direct_own_weather_holiday,783475966.0,757828279.6891416
2025-11-16,2025-12-07,21,direct_own_weather_holiday,769662376.0,734840134.8796976
2025-11-17,2025-12-08,21,direct_own_weather_holiday,781993536.0,755228195.2291749
2025-11-18,2025-12-09,21,direct_own_weather_holiday,790459836.0,759463631.1053383
2025-11-19,2025-12-10,21,direct_own_weather_holiday,793331038.0,747968554.2823071
2025-11-20,2025-12-11,21,direct_own_weather_holiday,792303023.0,747044509.3561124
2025-11-21,2025-12-12,21,direct_own_weather_holiday,805771337.0,761183565.2724102
2025-11-22,2025-12-13,21,direct_own_weather_holiday,805919635.0,747303254.7481502
2025-11-23,2025-12-14,21,direct_own_weather_holiday,775261923.0,758556375.4800605
2025-11-24,2025-12-15,21,direct_own_weather_holiday,800205024.0,761206754.1235207
2025-11-25,2025-12-16,21,direct_own_weather_holiday,791223092.0,751849936.9240437
2025-11-26,2025-12-17,21,direct_own_weather_holiday,797873177.0,751288206.4169127
2025-11-27,2025-12-18,21,direct_own_weather_holiday,807913091.0,759614936.2146668
2025-11-28,2025-12-19,21,direct_own_weather_holiday,813412227.0,755074178.495755
2025-11-29,2025-12-20,21,direct_own_weather_holiday,800554656.0,745556603.9688429
2025-11-30,2025-12-21,21,direct_own_weather_holiday,775722494.0,734262856.8584173
2025-12-01,2025-12-22,21,direct_own_weather_holiday,800416947.0,750526531.6145185
2025-12-02,2025-12-23,21,direct_own_weather_holiday,805434213.0,741521726.5357765
2025-12-03,2025-12-24,21,direct_own_weather_holiday,803732375.0,744955984.9190217
2025-12-04,2025-12-25,21,direct_own_weather_holiday,824337857.0,756603473.1915888
2025-12-05,2025-12-26,21,direct_own_weather_holiday,812520530.0,782504796.812824
2025-12-06,2025-12-27,21,direct_own_weather_holiday,813024286.0,760326763.7122893
2025-12-07,2025-12-28,21,direct_own_weather_holiday,798511867.0,743189053.6385429
2025-12-08,2025-12-29,21,direct_own_weather_holiday,801303829.0,757854588.9677025
2025-12-09,2025-12-30,21,direct_own_weather_holiday,799723069.0,758677149.5451242
2025-12-10,2025-12-31,21,direct_own_weather_holiday,783373686.0,763903968.7294676
2025-12-11,2026-01-01,21,direct_own_weather_holiday,707758012.0,679059625.6748462
2025-12-12,2026-01-02,21,direct_own_weather_holiday,741910307.0,693776600.354553
2025-12-13,2026-01-03,21,direct_own_weather_holiday,801935633.0,718644799.2281119
2025-12-14,2026-01-04,21,direct_own_weather_holiday,820839320.0,726983295.0589533
2025-12-15,2026-01-05,21,direct_own_weather_holiday,819629944.0,760738210.9134228
2025-12-16,2026-01-06,21,direct_own_weather_holiday,848208043.0,773428531.053119
2025-12-17,2026-01-07,21,direct_own_weather_holiday,836618404.0,775858880.282594
2025-12-18,2026-01-08,21,direct_own_weather_holiday,845715705.0,780098371.3252795
2025-12-19,2026-01-09,21,direct_own_weather_holiday,845779172.0,783911728.2008747
2025-09-10,2025-10-01,21,direct_category_weather_holiday,893877447.0,887682730.5009031
2025-09-11,2025-10-02,21,direct_category_weather_holiday,877524402.0,878248842.8947312
2025-09-12,2025-10-03,21,direct_category_weather_holiday,906128774.0,873268807.8137127
2025-09-13,2025-10-04,21,direct_category_weather_holiday,947397946.0,903375722.953504
2025-09-14,2025-10-05,21,direct_category_weather_holiday,967898095.0,881648383.5926726
2025-09-15,2025-10-06,21,direct_category_weather_holiday,909397624.0,880450691.5325236
2025-09-16,2025-10-07,21,direct_category_weather_holiday,958058211.0,865805729.1423196
2025-09-17,2025-10-08,21,direct_category_weather_holiday,1002652065.0,859285302.6901175
2025-09-18,2025-10-09,21,direct_category_weather_holiday,1006596066.0,950773670.4150717
2025-09-19,2025-10-10,21,direct_category_weather_holiday,988218980.0,939701392.1712021
2025-09-20,2025-10-11,21,direct_category_weather_holiday,993216057.0,940371976.8432366
2025-09-21,2025-10-12,21,direct_category_weather_holiday,982996119.0,932911088.5146749
2025-09-22,2025-10-13,21,direct_category_weather_holiday,994158096.0,943723494.9333571
2025-09-23,2025-10-14,21,direct_category_weather_holiday,999440675.0,932426602.6799407
2025-09-24,2025-10-15,21,direct_category_weather_holiday,979563855.0,932678688.688905
2025-09-25,2025-10-16,21,direct_category_weather_holiday,973453600.0,929098571.1936641
2025-09-26,2025-10-17,21,direct_category_weather_holiday,976535370.0,931805879.2730848
2025-09-27,2025-10-18,21,direct_category_weather_holiday,976325746.0,917709881.1801292
2025-09-28,2025-10-19,21,direct_category_weather_holiday,896789087.0,874123655.4404902
2025-09-29,2025-10-20,21,direct_category_weather_holiday,853624251.0,837749406.5436087
2025-09-30,2025-10-21,21,direct_category_weather_holiday,795444895.0,832253583.6043559
2025-10-01,2025-10-22,21,direct_category_weather_holiday,783518576.0,817251006.246531
2025-10-02,2025-10-23,21,direct_category_weather_holiday,783134792.0,820938231.869549
2025-10-03,2025-10-24,21,direct_category_weather_holiday,786285205.0,811200399.4364835
2025-10-04,2025-10-25,21,direct_category_weather_holiday,787344834.0,809167053.2994744
2025-10-05,2025-10-26,21,direct_category_weather_holiday,788309358.0,794018225.1679008
2025-10-06,2025-10-27,21,direct_category_weather_holiday,788347388.0,817446963.4215548
2025-10-07,2025-10-28,21,direct_category_weather_holiday,803213606.0,838471012.06176
2025-10-08,2025-10-29,21,direct_category_weather_holiday,791815205.0,831826266.6374544
2025-10-09,2025-10-30,21,direct_category_weather_holiday,801523722.0,825121320.5142194
2025-10-10,2025-10-31,21,direct_category_weather_holiday,806599754.0,819508409.7952452
2025-10-11,2025-11-01,21,direct_category_weather_holiday,760921367.0,799297280.6779077
2025-10-12,2025-11-02,21,direct_category_weather_holiday,744828378.0,788841676.783299
2025-10-13,2025-11-03,21,direct_category_weather_holiday,780447693.0,824537402.4494205
2025-10-14,2025-11-04,21,direct_category_weather_holiday,782600645.0,807008217.2785093
2025-10-15,2025-11-05,21,direct_category_weather_holiday,784108702.0,810514092.7127899
2025-10-16,2025-11-06,21,direct_category_weather_holiday,789959014.0,804169323.9686452
2025-10-17,2025-11-07,21,direct_category_weather_holiday,808798324.0,814684472.541272
2025-10-18,2025-11-08,21,direct_category_weather_holiday,816286170.0,816997958.6409824
2025-10-19,2025-11-09,21,direct_category_weather_holiday,794671570.0,799431041.9937574
2025-10-20,2025-11-10,21,direct_category_weather_holiday,803150509.0,807419187.0623578
2025-10-21,2025-11-11,21,direct_category_weather_holiday,811031660.0,795139967.9407026
2025-10-22,2025-11-12,21,direct_category_weather_holiday,800371284.0,791008977.7938124
2025-10-23,2025-11-13,21,direct_category_weather_holiday,795412883.0,785402589.8149042
2025-10-24,2025-11-14,21,direct_category_weather_holiday,784929625.0,789605439.2584146
2025-10-25,2025-11-15,21,direct_category_weather_holiday,771969074.0,773383249.6062075
2025-10-26,2025-11-16,21,direct_category_weather_holiday,748102925.0,762224195.0836729
2025-10-27,2025-11-17,21,direct_category_weather_holiday,784946049.0,793751873.5679269
2025-10-28,2025-11-18,21,direct_category_weather_holiday,802372785.0,820909836.459087
2025-10-29,2025-11-19,21,direct_category_weather_holiday,785536331.0,857824589.4764545
2025-10-30,2025-11-20,21,direct_category_weather_holiday,789566797.0,837356054.615836
2025-10-31,2025-11-21,21,direct_category_weather_holiday,781713368.0,821788868.5133953
2025-11-01,2025-11-22,21,direct_category_weather_holiday,777234266.0,804881913.0424234
2025-11-02,2025-11-23,21,direct_category_weather_holiday,763587139.0,779981583.8993148
2025-11-03,2025-11-24,21,direct_category_weather_holiday,787419759.0,818032857.2041116
2025-11-04,2025-11-25,21,direct_category_weather_holiday,779113247.0,825673857.4431231
2025-11-05,2025-11-26,21,direct_category_weather_holiday,779056661.0,827941723.6368877
2025-11-06,2025-11-27,21,direct_category_weather_holiday,785923784.0,819359128.4116582
2025-11-07,2025-11-28,21,direct_category_weather_holiday,793532772.0,822262783.8081621
2025-11-08,2025-11-29,21,direct_category_weather_holiday,775439198.0,807347961.0355948
2025-11-09,2025-11-30,21,direct_category_weather_holiday,752415007.0,784869553.086542
2025-11-10,2025-12-01,21,direct_category_weather_holiday,752093794.0,799794832.1675339
2025-11-11,2025-12-02,21,direct_category_weather_holiday,774181582.0,811082969.390479
2025-11-12,2025-12-03,21,direct_category_weather_holiday,779128904.0,824418552.8653897
2025-11-13,2025-12-04,21,direct_category_weather_holiday,780611840.0,838341840.8099786
2025-11-14,2025-12-05,21,direct_category_weather_holiday,790342731.0,824867178.112747
2025-11-15,2025-12-06,21,direct_category_weather_holiday,783475966.0,805706492.5804542
2025-11-16,2025-12-07,21,direct_category_weather_holiday,769662376.0,770967521.2851506
2025-11-17,2025-12-08,21,direct_category_weather_holiday,781993536.0,801981975.2707981
2025-11-18,2025-12-09,21,direct_category_weather_holiday,790459836.0,816513134.9744493
2025-11-19,2025-12-10,21,direct_category_weather_holiday,793331038.0,801658936.9606777
2025-11-20,2025-12-11,21,direct_category_weather_holiday,792303023.0,788527012.4222572
2025-11-21,2025-12-12,21,direct_category_weather_holiday,805771337.0,799840896.6641896
2025-11-22,2025-12-13,21,direct_category_weather_holiday,805919635.0,788642841.3120209
2025-11-23,2025-12-14,21,direct_category_weather_holiday,775261923.0,799399388.4793342
2025-11-24,2025-12-15,21,direct_category_weather_holiday,800205024.0,814284982.3675994
2025-11-25,2025-12-16,21,direct_category_weather_holiday,791223092.0,807375678.9309627
2025-11-26,2025-12-17,21,direct_category_weather_holiday,797873177.0,798451953.8784833
2025-11-27,2025-12-18,21,direct_category_weather_holiday,807913091.0,800557675.8182569
2025-11-28,2025-12-19,21,direct_category_weather_holiday,813412227.0,792174266.7515998
2025-11-29,2025-12-20,21,direct_category_weather_holiday,800554656.0,778770096.9491769
2025-11-30,2025-12-21,21,direct_category_weather_holiday,775722494.0,765025219.5741861
2025-12-01,2025-12-22,21,direct_category_weather_holiday,800416947.0,791142709.1556836
2025-12-02,2025-12-23,21,direct_category_weather_holiday,805434213.0,788926938.7495248
2025-12-03,2025-12-24,21,direct_category_weather_holiday,803732375.0,776882977.7763668
2025-12-04,2025-12-25,21,direct_category_weather_holiday,824337857.0,795310038.4570568
2025-12-05,2025-12-26,21,direct_category_weather_holiday,812520530.0,818479481.1763309
2025-12-06,2025-12-27,21,direct_category_weather_holiday,813024286.0,798285350.7233766
2025-12-07,2025-12-28,21,direct_category_weather_holiday,798511867.0,778438132.2448251
2025-12-08,2025-12-29,21,direct_category_weather_holiday,801303829.0,797035305.5828865
2025-12-09,2025-12-30,21,direct_category_weather_holiday,799723069.0,791081736.7919514
2025-12-10,2025-12-31,21,direct_category_weather_holiday,783373686.0,799284533.3575706
2025-12-11,2026-01-01,21,direct_category_weather_holiday,707758012.0,718175632.1027191
2025-12-12,2026-01-02,21,direct_category_weather_holiday,741910307.0,729420952.7555383
2025-12-13,2026-01-03,21,direct_category_weather_holiday,801935633.0,758131573.4524837
2025-12-14,2026-01-04,21,direct_category_weather_holiday,820839320.0,776704128.855331
2025-12-15,2026-01-05,21,direct_category_weather_holiday,819629944.0,794939250.2200623
2025-12-16,2026-01-06,21,direct_category_weather_holiday,848208043.0,810464277.7601031
2025-12-17,2026-01-07,21,direct_category_weather_holiday,836618404.0,812402818.4911947
2025-12-18,2026-01-08,21,direct_category_weather_holiday,845715705.0,813648985.2219521
2025-12-19,2026-01-09,21,direct_category_weather_holiday,845779172.0,814835667.9824436
2025-09-09,2025-10-01,22,direct_own_calendar,893877447.0,757746593.7750049
2025-09-10,2025-10-02,22,direct_own_calendar,877524402.0,755382283.2064552
2025-09-11,2025-10-03,22,direct_own_calendar,906128774.0,760909178.8075181
2025-09-12,2025-10-04,22,direct_own_calendar,947397946.0,776299964.4964349
2025-09-13,2025-10-05,22,direct_own_calendar,967898095.0,765277218.3398691
2025-09-14,2025-10-06,22,direct_own_calendar,909397624.0,747503985.4949752
2025-09-15,2025-10-07,22,direct_own_calendar,958058211.0,738113997.9545716
2025-09-16,2025-10-08,22,direct_own_calendar,1002652065.0,725994125.6341916
2025-09-17,2025-10-09,22,direct_own_calendar,1006596066.0,862129394.368774
2025-09-18,2025-10-10,22,direct_own_calendar,988218980.0,891460647.1322192
2025-09-19,2025-10-11,22,direct_own_calendar,993216057.0,861804441.9508059
2025-09-20,2025-10-12,22,direct_own_calendar,982996119.0,888153544.9096338
2025-09-21,2025-10-13,22,direct_own_calendar,994158096.0,896117478.146641
2025-09-22,2025-10-14,22,direct_own_calendar,999440675.0,874194126.0541092
2025-09-23,2025-10-15,22,direct_own_calendar,979563855.0,848086608.0771216
2025-09-24,2025-10-16,22,direct_own_calendar,973453600.0,848497125.7646383
2025-09-25,2025-10-17,22,direct_own_calendar,976535370.0,860042481.6101744
2025-09-26,2025-10-18,22,direct_own_calendar,976325746.0,867673509.7790847
2025-09-27,2025-10-19,22,direct_own_calendar,896789087.0,855324367.0619226
2025-09-28,2025-10-20,22,direct_own_calendar,853624251.0,871272280.3110328
2025-09-29,2025-10-21,22,direct_own_calendar,795444895.0,880375492.5661458
2025-09-30,2025-10-22,22,direct_own_calendar,783518576.0,873071046.5870541
2025-10-01,2025-10-23,22,direct_own_calendar,783134792.0,838615421.1329383
2025-10-02,2025-10-24,22,direct_own_calendar,786285205.0,809361595.0246099
2025-10-03,2025-10-25,22,direct_own_calendar,787344834.0,797576051.657584
2025-10-04,2025-10-26,22,direct_own_calendar,788309358.0,795088458.3875109
2025-10-05,2025-10-27,22,direct_own_calendar,788347388.0,824685973.5943011
2025-10-06,2025-10-28,22,direct_own_calendar,803213606.0,843892435.2390013
2025-10-07,2025-10-29,22,direct_own_calendar,791815205.0,835868599.342177
2025-10-08,2025-10-30,22,direct_own_calendar,801523722.0,837047452.5345523
2025-10-09,2025-10-31,22,direct_own_calendar,806599754.0,847322771.9061366
2025-10-10,2025-11-01,22,direct_own_calendar,760921367.0,839975350.1583273
2025-10-11,2025-11-02,22,direct_own_calendar,744828378.0,818353578.6358341
2025-10-12,2025-11-03,22,direct_own_calendar,780447693.0,831795866.1693888
2025-10-13,2025-11-04,22,direct_own_calendar,782600645.0,842972650.9514655
2025-10-14,2025-11-05,22,direct_own_calendar,784108702.0,839216809.4945955
2025-10-15,2025-11-06,22,direct_own_calendar,789959014.0,839250962.0849789
2025-10-16,2025-11-07,22,direct_own_calendar,808798324.0,835481144.6173562
2025-10-17,2025-11-08,22,direct_own_calendar,816286170.0,835314687.7015681
2025-10-18,2025-11-09,22,direct_own_calendar,794671570.0,822555360.207407
2025-10-19,2025-11-10,22,direct_own_calendar,803150509.0,836072687.0612941
2025-10-20,2025-11-11,22,direct_own_calendar,811031660.0,818679477.7968194
2025-10-21,2025-11-12,22,direct_own_calendar,800371284.0,796686928.4382188
2025-10-22,2025-11-13,22,direct_own_calendar,795412883.0,789078912.8223232
2025-10-23,2025-11-14,22,direct_own_calendar,784929625.0,785930648.0879982
2025-10-24,2025-11-15,22,direct_own_calendar,771969074.0,774698551.3398774
2025-10-25,2025-11-16,22,direct_own_calendar,748102925.0,763895654.38461
2025-10-26,2025-11-17,22,direct_own_calendar,784946049.0,790788733.4406685
2025-10-27,2025-11-18,22,direct_own_calendar,802372785.0,799432089.2079874
2025-10-28,2025-11-19,22,direct_own_calendar,785536331.0,792201389.9881445
2025-10-29,2025-11-20,22,direct_own_calendar,789566797.0,783527578.0700461
2025-10-30,2025-11-21,22,direct_own_calendar,781713368.0,785382877.2340806
2025-10-31,2025-11-22,22,direct_own_calendar,777234266.0,784979606.1219928
2025-11-01,2025-11-23,22,direct_own_calendar,763587139.0,769399267.125868
2025-11-02,2025-11-24,22,direct_own_calendar,787419759.0,779373245.5974529
2025-11-03,2025-11-25,22,direct_own_calendar,779113247.0,776796537.4885569
2025-11-04,2025-11-26,22,direct_own_calendar,779056661.0,777471938.0154552
2025-11-05,2025-11-27,22,direct_own_calendar,785923784.0,780703012.1885277
2025-11-06,2025-11-28,22,direct_own_calendar,793532772.0,782603470.3138083
2025-11-07,2025-11-29,22,direct_own_calendar,775439198.0,778442369.105804
2025-11-08,2025-11-30,22,direct_own_calendar,752415007.0,772330949.5972579
2025-11-09,2025-12-01,22,direct_own_calendar,752093794.0,791965002.1995776
2025-11-10,2025-12-02,22,direct_own_calendar,774181582.0,789617986.7329515
2025-11-11,2025-12-03,22,direct_own_calendar,779128904.0,784774300.4221884
2025-11-12,2025-12-04,22,direct_own_calendar,780611840.0,785485939.8448246
2025-11-13,2025-12-05,22,direct_own_calendar,790342731.0,788479407.1737653
2025-11-14,2025-12-06,22,direct_own_calendar,783475966.0,786127404.4925015
2025-11-15,2025-12-07,22,direct_own_calendar,769662376.0,774110172.0891986
2025-11-16,2025-12-08,22,direct_own_calendar,781993536.0,780294165.484127
2025-11-17,2025-12-09,22,direct_own_calendar,790459836.0,774262700.7486414
2025-11-18,2025-12-10,22,direct_own_calendar,793331038.0,766009071.9246651
2025-11-19,2025-12-11,22,direct_own_calendar,792303023.0,767305537.123582
2025-11-20,2025-12-12,22,direct_own_calendar,805771337.0,770104553.665537
2025-11-21,2025-12-13,22,direct_own_calendar,805919635.0,767588655.8333585
2025-11-22,2025-12-14,22,direct_own_calendar,775261923.0,753889053.9288945
2025-11-23,2025-12-15,22,direct_own_calendar,800205024.0,767497720.1537417
2025-11-24,2025-12-16,22,direct_own_calendar,791223092.0,763883147.3027099
2025-11-25,2025-12-17,22,direct_own_calendar,797873177.0,759643303.0671757
2025-11-26,2025-12-18,22,direct_own_calendar,807913091.0,755937625.0214075
2025-11-27,2025-12-19,22,direct_own_calendar,813412227.0,762956533.0418963
2025-11-28,2025-12-20,22,direct_own_calendar,800554656.0,761954837.3758888
2025-11-29,2025-12-21,22,direct_own_calendar,775722494.0,747964512.7858781
2025-11-30,2025-12-22,22,direct_own_calendar,800416947.0,755416381.1176925
2025-12-01,2025-12-23,22,direct_own_calendar,805434213.0,751212528.191222
2025-12-02,2025-12-24,22,direct_own_calendar,803732375.0,745878576.7725644
2025-12-03,2025-12-25,22,direct_own_calendar,824337857.0,749897321.6806976
2025-12-04,2025-12-26,22,direct_own_calendar,812520530.0,756175656.8044077
2025-12-05,2025-12-27,22,direct_own_calendar,813024286.0,752263310.556138
2025-12-06,2025-12-28,22,direct_own_calendar,798511867.0,743659628.2249892
2025-12-07,2025-12-29,22,direct_own_calendar,801303829.0,757740980.3754789
2025-12-08,2025-12-30,22,direct_own_calendar,799723069.0,761334801.2520629
2025-12-09,2025-12-31,22,direct_own_calendar,783373686.0,754255014.1276342
2025-12-10,2026-01-01,22,direct_own_calendar,707758012.0,661238787.8942869
2025-12-11,2026-01-02,22,direct_own_calendar,741910307.0,665153249.1654572
2025-12-12,2026-01-03,22,direct_own_calendar,801935633.0,681149802.758744
2025-12-13,2026-01-04,22,direct_own_calendar,820839320.0,714877149.7091596
2025-12-14,2026-01-05,22,direct_own_calendar,819629944.0,757438636.2946675
2025-12-15,2026-01-06,22,direct_own_calendar,848208043.0,756591287.0153806
2025-12-16,2026-01-07,22,direct_own_calendar,836618404.0,750621172.7712113
2025-12-17,2026-01-08,22,direct_own_calendar,845715705.0,750484216.0907701
2025-12-18,2026-01-09,22,direct_own_calendar,845779172.0,757815657.6254476
2025-09-09,2025-10-01,22,direct_own_weather_holiday,893877447.0,846756887.888677
2025-09-10,2025-10-02,22,direct_own_weather_holiday,877524402.0,836254198.0313824
2025-09-11,2025-10-03,22,direct_own_weather_holiday,906128774.0,833661885.0917438
2025-09-12,2025-10-04,22,direct_own_weather_holiday,947397946.0,856828509.6286627
2025-09-13,2025-10-05,22,direct_own_weather_holiday,967898095.0,851567074.4875691
2025-09-14,2025-10-06,22,direct_own_weather_holiday,909397624.0,840212775.7751998
2025-09-15,2025-10-07,22,direct_own_weather_holiday,958058211.0,826584778.6860865
2025-09-16,2025-10-08,22,direct_own_weather_holiday,1002652065.0,811432002.4765667
2025-09-17,2025-10-09,22,direct_own_weather_holiday,1006596066.0,907527251.9545012
2025-09-18,2025-10-10,22,direct_own_weather_holiday,988218980.0,910324560.7524579
2025-09-19,2025-10-11,22,direct_own_weather_holiday,993216057.0,904524770.519395
2025-09-20,2025-10-12,22,direct_own_weather_holiday,982996119.0,895371293.9210954
2025-09-21,2025-10-13,22,direct_own_weather_holiday,994158096.0,921319114.1463325
2025-09-22,2025-10-14,22,direct_own_weather_holiday,999440675.0,896098007.5799674
2025-09-23,2025-10-15,22,direct_own_weather_holiday,979563855.0,876226161.9994785
2025-09-24,2025-10-16,22,direct_own_weather_holiday,973453600.0,869650521.4547427
2025-09-25,2025-10-17,22,direct_own_weather_holiday,976535370.0,875939507.6617197
2025-09-26,2025-10-18,22,direct_own_weather_holiday,976325746.0,872977597.2620945
2025-09-27,2025-10-19,22,direct_own_weather_holiday,896789087.0,831691148.2727773
2025-09-28,2025-10-20,22,direct_own_weather_holiday,853624251.0,790918576.8344723
2025-09-29,2025-10-21,22,direct_own_weather_holiday,795444895.0,789973461.0976727
2025-09-30,2025-10-22,22,direct_own_weather_holiday,783518576.0,785996113.9983662
2025-10-01,2025-10-23,22,direct_own_weather_holiday,783134792.0,765819799.8258433
2025-10-02,2025-10-24,22,direct_own_weather_holiday,786285205.0,745547290.5733157
2025-10-03,2025-10-25,22,direct_own_weather_holiday,787344834.0,738740666.2590195
2025-10-04,2025-10-26,22,direct_own_weather_holiday,788309358.0,732550731.6872934
2025-10-05,2025-10-27,22,direct_own_weather_holiday,788347388.0,757330537.3336827
2025-10-06,2025-10-28,22,direct_own_weather_holiday,803213606.0,767284363.5358661
2025-10-07,2025-10-29,22,direct_own_weather_holiday,791815205.0,763486739.74771
2025-10-08,2025-10-30,22,direct_own_weather_holiday,801523722.0,774787393.9336035
2025-10-09,2025-10-31,22,direct_own_weather_holiday,806599754.0,779321291.5965257
2025-10-10,2025-11-01,22,direct_own_weather_holiday,760921367.0,767468086.7505386
2025-10-11,2025-11-02,22,direct_own_weather_holiday,744828378.0,750075638.6518792
2025-10-12,2025-11-03,22,direct_own_weather_holiday,780447693.0,762541787.1387827
2025-10-13,2025-11-04,22,direct_own_weather_holiday,782600645.0,762168419.4647365
2025-10-14,2025-11-05,22,direct_own_weather_holiday,784108702.0,763830990.8897755
2025-10-15,2025-11-06,22,direct_own_weather_holiday,789959014.0,773102358.4053495
2025-10-16,2025-11-07,22,direct_own_weather_holiday,808798324.0,775289925.2875289
2025-10-17,2025-11-08,22,direct_own_weather_holiday,816286170.0,779457868.5723275
2025-10-18,2025-11-09,22,direct_own_weather_holiday,794671570.0,763380857.0137128
2025-10-19,2025-11-10,22,direct_own_weather_holiday,803150509.0,774415879.6540291
2025-10-20,2025-11-11,22,direct_own_weather_holiday,811031660.0,760098744.5428772
2025-10-21,2025-11-12,22,direct_own_weather_holiday,800371284.0,746926465.9266194
2025-10-22,2025-11-13,22,direct_own_weather_holiday,795412883.0,739434294.8928937
2025-10-23,2025-11-14,22,direct_own_weather_holiday,784929625.0,745659104.918809
2025-10-24,2025-11-15,22,direct_own_weather_holiday,771969074.0,725171676.8037511
2025-10-25,2025-11-16,22,direct_own_weather_holiday,748102925.0,710314941.1634692
2025-10-26,2025-11-17,22,direct_own_weather_holiday,784946049.0,742134287.0727217
2025-10-27,2025-11-18,22,direct_own_weather_holiday,802372785.0,769887349.6471908
2025-10-28,2025-11-19,22,direct_own_weather_holiday,785536331.0,781475573.420198
2025-10-29,2025-11-20,22,direct_own_weather_holiday,789566797.0,767812339.1612309
2025-10-30,2025-11-21,22,direct_own_weather_holiday,781713368.0,758348114.8545429
2025-10-31,2025-11-22,22,direct_own_weather_holiday,777234266.0,751579539.0239624
2025-11-01,2025-11-23,22,direct_own_weather_holiday,763587139.0,727908870.308192
2025-11-02,2025-11-24,22,direct_own_weather_holiday,787419759.0,746969462.8559161
2025-11-03,2025-11-25,22,direct_own_weather_holiday,779113247.0,758851040.0564213
2025-11-04,2025-11-26,22,direct_own_weather_holiday,779056661.0,764263432.7117769
2025-11-05,2025-11-27,22,direct_own_weather_holiday,785923784.0,766246207.022395
2025-11-06,2025-11-28,22,direct_own_weather_holiday,793532772.0,773914303.2812977
2025-11-07,2025-11-29,22,direct_own_weather_holiday,775439198.0,749087769.527156
2025-11-08,2025-11-30,22,direct_own_weather_holiday,752415007.0,742447861.7022187
2025-11-09,2025-12-01,22,direct_own_weather_holiday,752093794.0,760740471.057111
2025-11-10,2025-12-02,22,direct_own_weather_holiday,774181582.0,755733477.2497503
2025-11-11,2025-12-03,22,direct_own_weather_holiday,779128904.0,765719040.2337389
2025-11-12,2025-12-04,22,direct_own_weather_holiday,780611840.0,775703255.0806289
2025-11-13,2025-12-05,22,direct_own_weather_holiday,790342731.0,769667397.9369501
2025-11-14,2025-12-06,22,direct_own_weather_holiday,783475966.0,755767515.970524
2025-11-15,2025-12-07,22,direct_own_weather_holiday,769662376.0,739128761.8636497
2025-11-16,2025-12-08,22,direct_own_weather_holiday,781993536.0,759125832.2243983
2025-11-17,2025-12-09,22,direct_own_weather_holiday,790459836.0,761325245.1071962
2025-11-18,2025-12-10,22,direct_own_weather_holiday,793331038.0,747985034.5446259
2025-11-19,2025-12-11,22,direct_own_weather_holiday,792303023.0,747499854.0300362
2025-11-20,2025-12-12,22,direct_own_weather_holiday,805771337.0,758833208.4212288
2025-11-21,2025-12-13,22,direct_own_weather_holiday,805919635.0,747338648.3382006
2025-11-22,2025-12-14,22,direct_own_weather_holiday,775261923.0,757885401.8152215
2025-11-23,2025-12-15,22,direct_own_weather_holiday,800205024.0,763375382.2509435
2025-11-24,2025-12-16,22,direct_own_weather_holiday,791223092.0,752017264.3536733
2025-11-25,2025-12-17,22,direct_own_weather_holiday,797873177.0,753897719.5442485
2025-11-26,2025-12-18,22,direct_own_weather_holiday,807913091.0,756663587.4632062
2025-11-27,2025-12-19,22,direct_own_weather_holiday,813412227.0,751952844.1279187
2025-11-28,2025-12-20,22,direct_own_weather_holiday,800554656.0,745531521.835573
2025-11-29,2025-12-21,22,direct_own_weather_holiday,775722494.0,736628751.0924171
2025-11-30,2025-12-22,22,direct_own_weather_holiday,800416947.0,752124036.2981911
2025-12-01,2025-12-23,22,direct_own_weather_holiday,805434213.0,741540150.368562
2025-12-02,2025-12-24,22,direct_own_weather_holiday,803732375.0,741997297.7647359
2025-12-03,2025-12-25,22,direct_own_weather_holiday,824337857.0,755233757.1111423
2025-12-04,2025-12-26,22,direct_own_weather_holiday,812520530.0,780841804.8443186
2025-12-05,2025-12-27,22,direct_own_weather_holiday,813024286.0,756946930.8783032
2025-12-06,2025-12-28,22,direct_own_weather_holiday,798511867.0,742840035.9320179
2025-12-07,2025-12-29,22,direct_own_weather_holiday,801303829.0,755635311.7762444
2025-12-08,2025-12-30,22,direct_own_weather_holiday,799723069.0,760074886.1507761
2025-12-09,2025-12-31,22,direct_own_weather_holiday,783373686.0,764507444.8493477
2025-12-10,2026-01-01,22,direct_own_weather_holiday,707758012.0,679661352.6995298
2025-12-11,2026-01-02,22,direct_own_weather_holiday,741910307.0,692342343.9483713
2025-12-12,2026-01-03,22,direct_own_weather_holiday,801935633.0,716239255.4049708
2025-12-13,2026-01-04,22,direct_own_weather_holiday,820839320.0,727350009.3170964
2025-12-14,2026-01-05,22,direct_own_weather_holiday,819629944.0,759375200.1627672
2025-12-15,2026-01-06,22,direct_own_weather_holiday,848208043.0,773537999.0561112
2025-12-16,2026-01-07,22,direct_own_weather_holiday,836618404.0,776161236.8164517
2025-12-17,2026-01-08,22,direct_own_weather_holiday,845715705.0,777395976.2121136
2025-12-18,2026-01-09,22,direct_own_weather_holiday,845779172.0,780735603.5135003
2025-09-09,2025-10-01,22,direct_category_weather_holiday,893877447.0,887085869.0223166
2025-09-10,2025-10-02,22,direct_category_weather_holiday,877524402.0,879237646.4278158
2025-09-11,2025-10-03,22,direct_category_weather_holiday,906128774.0,874595324.5361799
2025-09-12,2025-10-04,22,direct_category_weather_holiday,947397946.0,896987968.2617323
2025-09-13,2025-10-05,22,direct_category_weather_holiday,967898095.0,894772434.1503849
2025-09-14,2025-10-06,22,direct_category_weather_holiday,909397624.0,880941851.5155498
2025-09-15,2025-10-07,22,direct_category_weather_holiday,958058211.0,871761369.728059
2025-09-16,2025-10-08,22,direct_category_weather_holiday,1002652065.0,852994025.8080631
2025-09-17,2025-10-09,22,direct_category_weather_holiday,1006596066.0,945369536.1604302
2025-09-18,2025-10-10,22,direct_category_weather_holiday,988218980.0,938423927.4554367
2025-09-19,2025-10-11,22,direct_category_weather_holiday,993216057.0,936633572.7599131
2025-09-20,2025-10-12,22,direct_category_weather_holiday,982996119.0,934221417.5173388
2025-09-21,2025-10-13,22,direct_category_weather_holiday,994158096.0,959012709.5456172
2025-09-22,2025-10-14,22,direct_category_weather_holiday,999440675.0,932249705.8348613
2025-09-23,2025-10-15,22,direct_category_weather_holiday,979563855.0,922385720.7711914
2025-09-24,2025-10-16,22,direct_category_weather_holiday,973453600.0,924161291.5357116
2025-09-25,2025-10-17,22,direct_category_weather_holiday,976535370.0,926011599.1364026
2025-09-26,2025-10-18,22,direct_category_weather_holiday,976325746.0,920626309.8891717
2025-09-27,2025-10-19,22,direct_category_weather_holiday,896789087.0,878758662.2685969
2025-09-28,2025-10-20,22,direct_category_weather_holiday,853624251.0,831659439.4345571
2025-09-29,2025-10-21,22,direct_category_weather_holiday,795444895.0,831786119.9406483
2025-09-30,2025-10-22,22,direct_category_weather_holiday,783518576.0,829704486.7551687
2025-10-01,2025-10-23,22,direct_category_weather_holiday,783134792.0,820707658.361206
2025-10-02,2025-10-24,22,direct_category_weather_holiday,786285205.0,819006769.7725377
2025-10-03,2025-10-25,22,direct_category_weather_holiday,787344834.0,803757589.9753418
2025-10-04,2025-10-26,22,direct_category_weather_holiday,788309358.0,795468404.0244615
2025-10-05,2025-10-27,22,direct_category_weather_holiday,788347388.0,804774350.9360417
2025-10-06,2025-10-28,22,direct_category_weather_holiday,803213606.0,813111734.052041
2025-10-07,2025-10-29,22,direct_category_weather_holiday,791815205.0,835902227.1692724
2025-10-08,2025-10-30,22,direct_category_weather_holiday,801523722.0,837347396.5918111
2025-10-09,2025-10-31,22,direct_category_weather_holiday,806599754.0,820014087.905762
2025-10-10,2025-11-01,22,direct_category_weather_holiday,760921367.0,799633563.313441
2025-10-11,2025-11-02,22,direct_category_weather_holiday,744828378.0,778319860.9671217
2025-10-12,2025-11-03,22,direct_category_weather_holiday,780447693.0,804346920.2430813
2025-10-13,2025-11-04,22,direct_category_weather_holiday,782600645.0,821767129.9814713
2025-10-14,2025-11-05,22,direct_category_weather_holiday,784108702.0,802297211.253488
2025-10-15,2025-11-06,22,direct_category_weather_holiday,789959014.0,820423509.7374958
2025-10-16,2025-11-07,22,direct_category_weather_holiday,808798324.0,810868314.8024427
2025-10-17,2025-11-08,22,direct_category_weather_holiday,816286170.0,812796602.8743037
2025-10-18,2025-11-09,22,direct_category_weather_holiday,794671570.0,796901553.4386998
2025-10-19,2025-11-10,22,direct_category_weather_holiday,803150509.0,806715533.7011381
2025-10-20,2025-11-11,22,direct_category_weather_holiday,811031660.0,799743382.8538883
2025-10-21,2025-11-12,22,direct_category_weather_holiday,800371284.0,790802105.3090088
2025-10-22,2025-11-13,22,direct_category_weather_holiday,795412883.0,785310937.8714513
2025-10-23,2025-11-14,22,direct_category_weather_holiday,784929625.0,789794804.2010102
2025-10-24,2025-11-15,22,direct_category_weather_holiday,771969074.0,773378859.6364211
2025-10-25,2025-11-16,22,direct_category_weather_holiday,748102925.0,753735003.6415222
2025-10-26,2025-11-17,22,direct_category_weather_holiday,784946049.0,782346466.6938579
2025-10-27,2025-11-18,22,direct_category_weather_holiday,802372785.0,819452355.9288423
2025-10-28,2025-11-19,22,direct_category_weather_holiday,785536331.0,838453196.108485
2025-10-29,2025-11-20,22,direct_category_weather_holiday,789566797.0,854456335.3907791
2025-10-30,2025-11-21,22,direct_category_weather_holiday,781713368.0,830045613.3902397
2025-10-31,2025-11-22,22,direct_category_weather_holiday,777234266.0,812580042.0110633
2025-11-01,2025-11-23,22,direct_category_weather_holiday,763587139.0,781493388.2986159
2025-11-02,2025-11-24,22,direct_category_weather_holiday,787419759.0,796340540.0932385
2025-11-03,2025-11-25,22,direct_category_weather_holiday,779113247.0,832166850.012392
2025-11-04,2025-11-26,22,direct_category_weather_holiday,779056661.0,830642225.201313
2025-11-05,2025-11-27,22,direct_category_weather_holiday,785923784.0,823437548.4985914
2025-11-06,2025-11-28,22,direct_category_weather_holiday,793532772.0,824294915.4371259
2025-11-07,2025-11-29,22,direct_category_weather_holiday,775439198.0,797863357.5874703
2025-11-08,2025-11-30,22,direct_category_weather_holiday,752415007.0,787135488.5951798
2025-11-09,2025-12-01,22,direct_category_weather_holiday,752093794.0,793583570.403839
2025-11-10,2025-12-02,22,direct_category_weather_holiday,774181582.0,801191688.6086302
2025-11-11,2025-12-03,22,direct_category_weather_holiday,779128904.0,824300952.8155302
2025-11-12,2025-12-04,22,direct_category_weather_holiday,780611840.0,836831637.411997
2025-11-13,2025-12-05,22,direct_category_weather_holiday,790342731.0,829263211.445758
2025-11-14,2025-12-06,22,direct_category_weather_holiday,783475966.0,809756877.4607975
2025-11-15,2025-12-07,22,direct_category_weather_holiday,769662376.0,782868531.1015404
2025-11-16,2025-12-08,22,direct_category_weather_holiday,781993536.0,792659722.1643907
2025-11-17,2025-12-09,22,direct_category_weather_holiday,790459836.0,812281856.2396252
2025-11-18,2025-12-10,22,direct_category_weather_holiday,793331038.0,804494528.0147519
2025-11-19,2025-12-11,22,direct_category_weather_holiday,792303023.0,800911064.4130132
2025-11-20,2025-12-12,22,direct_category_weather_holiday,805771337.0,798225771.8334874
2025-11-21,2025-12-13,22,direct_category_weather_holiday,805919635.0,790025725.6914847
2025-11-22,2025-12-14,22,direct_category_weather_holiday,775261923.0,795665116.0820085
2025-11-23,2025-12-15,22,direct_category_weather_holiday,800205024.0,809450796.1972147
2025-11-24,2025-12-16,22,direct_category_weather_holiday,791223092.0,799459017.5681412
2025-11-25,2025-12-17,22,direct_category_weather_holiday,797873177.0,804386408.2312021
2025-11-26,2025-12-18,22,direct_category_weather_holiday,807913091.0,805230744.7435917
2025-11-27,2025-12-19,22,direct_category_weather_holiday,813412227.0,790870082.9155422
2025-11-28,2025-12-20,22,direct_category_weather_holiday,800554656.0,777104829.2552984
2025-11-29,2025-12-21,22,direct_category_weather_holiday,775722494.0,773215963.4902582
2025-11-30,2025-12-22,22,direct_category_weather_holiday,800416947.0,787048001.3141369
2025-12-01,2025-12-23,22,direct_category_weather_holiday,805434213.0,781341543.2572037
2025-12-02,2025-12-24,22,direct_category_weather_holiday,803732375.0,785850772.1647363
2025-12-03,2025-12-25,22,direct_category_weather_holiday,824337857.0,793693746.5895175
2025-12-04,2025-12-26,22,direct_category_weather_holiday,812520530.0,817164577.0900089
2025-12-05,2025-12-27,22,direct_category_weather_holiday,813024286.0,792802876.8747795
2025-12-06,2025-12-28,22,direct_category_weather_holiday,798511867.0,775253350.3451053
2025-12-07,2025-12-29,22,direct_category_weather_holiday,801303829.0,786787862.9372464
2025-12-08,2025-12-30,22,direct_category_weather_holiday,799723069.0,796996802.1672858
2025-12-09,2025-12-31,22,direct_category_weather_holiday,783373686.0,797047461.0403599
2025-12-10,2026-01-01,22,direct_category_weather_holiday,707758012.0,717554434.2964205
2025-12-11,2026-01-02,22,direct_category_weather_holiday,741910307.0,730020584.0047201
2025-12-12,2026-01-03,22,direct_category_weather_holiday,801935633.0,754328059.9967947
2025-12-13,2026-01-04,22,direct_category_weather_holiday,820839320.0,770355775.1284838
2025-12-14,2026-01-05,22,direct_category_weather_holiday,819629944.0,797461116.5195405
2025-12-15,2026-01-06,22,direct_category_weather_holiday,848208043.0,809573518.4590596
2025-12-16,2026-01-07,22,direct_category_weather_holiday,836618404.0,812155384.4723511
2025-12-17,2026-01-08,22,direct_category_weather_holiday,845715705.0,809233769.0980939
2025-12-18,2026-01-09,22,direct_category_weather_holiday,845779172.0,809310058.8879133
2025-09-08,2025-10-01,23,direct_own_calendar,893877447.0,759383068.1294476
2025-09-09,2025-10-02,23,direct_own_calendar,877524402.0,758555335.9233296
2025-09-10,2025-10-03,23,direct_own_calendar,906128774.0,760255708.6810919
2025-09-11,2025-10-04,23,direct_own_calendar,947397946.0,776007848.584025
2025-09-12,2025-10-05,23,direct_own_calendar,967898095.0,763995009.9416162
2025-09-13,2025-10-06,23,direct_own_calendar,909397624.0,762066373.3067987
2025-09-14,2025-10-07,23,direct_own_calendar,958058211.0,746787024.4500691
2025-09-15,2025-10-08,23,direct_own_calendar,1002652065.0,732913678.9688579
2025-09-16,2025-10-09,23,direct_own_calendar,1006596066.0,875228635.5864855
2025-09-17,2025-10-10,23,direct_own_calendar,988218980.0,863676090.0195407
2025-09-18,2025-10-11,23,direct_own_calendar,993216057.0,860227292.5197566
2025-09-19,2025-10-12,23,direct_own_calendar,982996119.0,885301605.4762852
2025-09-20,2025-10-13,23,direct_own_calendar,994158096.0,896745634.0904989
2025-09-21,2025-10-14,23,direct_own_calendar,999440675.0,891870545.1653639
2025-09-22,2025-10-15,23,direct_own_calendar,979563855.0,865973072.8405411
2025-09-23,2025-10-16,23,direct_own_calendar,973453600.0,844987335.893566
2025-09-24,2025-10-17,23,direct_own_calendar,976535370.0,849261423.2946045
2025-09-25,2025-10-18,23,direct_own_calendar,976325746.0,851458381.9106784
2025-09-26,2025-10-19,23,direct_own_calendar,896789087.0,851437149.1859449
2025-09-27,2025-10-20,23,direct_own_calendar,853624251.0,865359974.7183102
2025-09-28,2025-10-21,23,direct_own_calendar,795444895.0,867033106.0174956
2025-09-29,2025-10-22,23,direct_own_calendar,783518576.0,872876614.375335
2025-09-30,2025-10-23,23,direct_own_calendar,783134792.0,868942356.6642634
2025-10-01,2025-10-24,23,direct_own_calendar,786285205.0,834377039.6288536
2025-10-02,2025-10-25,23,direct_own_calendar,787344834.0,793375991.8186417
2025-10-03,2025-10-26,23,direct_own_calendar,788309358.0,777376719.5221425
2025-10-04,2025-10-27,23,direct_own_calendar,788347388.0,805118748.0254236
2025-10-05,2025-10-28,23,direct_own_calendar,803213606.0,822327120.6799476
2025-10-06,2025-10-29,23,direct_own_calendar,791815205.0,837725382.6275222
2025-10-07,2025-10-30,23,direct_own_calendar,801523722.0,831288900.7602944
2025-10-08,2025-10-31,23,direct_own_calendar,806599754.0,839648636.422686
2025-10-09,2025-11-01,23,direct_own_calendar,760921367.0,839336109.6605556
2025-10-10,2025-11-02,23,direct_own_calendar,744828378.0,820389918.4135989
2025-10-11,2025-11-03,23,direct_own_calendar,780447693.0,824731584.9008317
2025-10-12,2025-11-04,23,direct_own_calendar,782600645.0,824702243.6957392
2025-10-13,2025-11-05,23,direct_own_calendar,784108702.0,831831206.8981066
2025-10-14,2025-11-06,23,direct_own_calendar,789959014.0,833700259.261336
2025-10-15,2025-11-07,23,direct_own_calendar,808798324.0,839657178.4179105
2025-10-16,2025-11-08,23,direct_own_calendar,816286170.0,825925557.0511425
2025-10-17,2025-11-09,23,direct_own_calendar,794671570.0,816856004.0703067
2025-10-18,2025-11-10,23,direct_own_calendar,803150509.0,830991545.6776156
2025-10-19,2025-11-11,23,direct_own_calendar,811031660.0,830011384.7391267
2025-10-20,2025-11-12,23,direct_own_calendar,800371284.0,807768453.0388181
2025-10-21,2025-11-13,23,direct_own_calendar,795412883.0,791199629.327357
2025-10-22,2025-11-14,23,direct_own_calendar,784929625.0,787685809.2578795
2025-10-23,2025-11-15,23,direct_own_calendar,771969074.0,777968398.8841171
2025-10-24,2025-11-16,23,direct_own_calendar,748102925.0,758769976.8798044
2025-10-25,2025-11-17,23,direct_own_calendar,784946049.0,775851590.2910856
2025-10-26,2025-11-18,23,direct_own_calendar,802372785.0,789693853.7435533
2025-10-27,2025-11-19,23,direct_own_calendar,785536331.0,794998349.8135383
2025-10-28,2025-11-20,23,direct_own_calendar,789566797.0,791130468.4043496
2025-10-29,2025-11-21,23,direct_own_calendar,781713368.0,785792029.3729805
2025-10-30,2025-11-22,23,direct_own_calendar,777234266.0,777500786.0625235
2025-10-31,2025-11-23,23,direct_own_calendar,763587139.0,768907473.2272016
2025-11-01,2025-11-24,23,direct_own_calendar,787419759.0,780227153.0351526
2025-11-02,2025-11-25,23,direct_own_calendar,779113247.0,776399592.6569517
2025-11-03,2025-11-26,23,direct_own_calendar,779056661.0,772115274.9868277
2025-11-04,2025-11-27,23,direct_own_calendar,785923784.0,780361720.2502351
2025-11-05,2025-11-28,23,direct_own_calendar,793532772.0,786744283.9079672
2025-11-06,2025-11-29,23,direct_own_calendar,775439198.0,779214396.5890845
2025-11-07,2025-11-30,23,direct_own_calendar,752415007.0,765754830.9542587
2025-11-08,2025-12-01,23,direct_own_calendar,752093794.0,786923973.7268745
2025-11-09,2025-12-02,23,direct_own_calendar,774181582.0,791909240.6765354
2025-11-10,2025-12-03,23,direct_own_calendar,779128904.0,785065000.4472084
2025-11-11,2025-12-04,23,direct_own_calendar,780611840.0,785160770.4873515
2025-11-12,2025-12-05,23,direct_own_calendar,790342731.0,789776709.5667567
2025-11-13,2025-12-06,23,direct_own_calendar,783475966.0,782728103.5419434
2025-11-14,2025-12-07,23,direct_own_calendar,769662376.0,771677750.5996199
2025-11-15,2025-12-08,23,direct_own_calendar,781993536.0,787807783.8919669
2025-11-16,2025-12-09,23,direct_own_calendar,790459836.0,779521105.0335993
2025-11-17,2025-12-10,23,direct_own_calendar,793331038.0,768887740.3734611
2025-11-18,2025-12-11,23,direct_own_calendar,792303023.0,766246873.7514223
2025-11-19,2025-12-12,23,direct_own_calendar,805771337.0,770438468.4557159
2025-11-20,2025-12-13,23,direct_own_calendar,805919635.0,762787902.3893592
2025-11-21,2025-12-14,23,direct_own_calendar,775261923.0,751671626.9243797
2025-11-22,2025-12-15,23,direct_own_calendar,800205024.0,764693486.7844993
2025-11-23,2025-12-16,23,direct_own_calendar,791223092.0,764869355.64282
2025-11-24,2025-12-17,23,direct_own_calendar,797873177.0,757506472.6257854
2025-11-25,2025-12-18,23,direct_own_calendar,807913091.0,758779459.3840886
2025-11-26,2025-12-19,23,direct_own_calendar,813412227.0,757831867.3752006
2025-11-27,2025-12-20,23,direct_own_calendar,800554656.0,756468171.6617815
2025-11-28,2025-12-21,23,direct_own_calendar,775722494.0,746906442.3167423
2025-11-29,2025-12-22,23,direct_own_calendar,800416947.0,759859152.4736369
2025-11-30,2025-12-23,23,direct_own_calendar,805434213.0,752591010.3337327
2025-12-01,2025-12-24,23,direct_own_calendar,803732375.0,744636395.3982519
2025-12-02,2025-12-25,23,direct_own_calendar,824337857.0,744356629.8351783
2025-12-03,2025-12-26,23,direct_own_calendar,812520530.0,753617435.322543
2025-12-04,2025-12-27,23,direct_own_calendar,813024286.0,750161019.9616228
2025-12-05,2025-12-28,23,direct_own_calendar,798511867.0,737220765.9486645
2025-12-06,2025-12-29,23,direct_own_calendar,801303829.0,756229914.0800763
2025-12-07,2025-12-30,23,direct_own_calendar,799723069.0,755818149.3852061
2025-12-08,2025-12-31,23,direct_own_calendar,783373686.0,755616324.9435301
2025-12-09,2026-01-01,23,direct_own_calendar,707758012.0,662353750.0852131
2025-12-10,2026-01-02,23,direct_own_calendar,741910307.0,664833943.9601339
2025-12-11,2026-01-03,23,direct_own_calendar,801935633.0,678481384.57846
2025-12-12,2026-01-04,23,direct_own_calendar,820839320.0,714471430.262557
2025-12-13,2026-01-05,23,direct_own_calendar,819629944.0,754789413.9040297
2025-12-14,2026-01-06,23,direct_own_calendar,848208043.0,755341852.8346523
2025-12-15,2026-01-07,23,direct_own_calendar,836618404.0,750508848.2604256
2025-12-16,2026-01-08,23,direct_own_calendar,845715705.0,750325753.8114682
2025-12-17,2026-01-09,23,direct_own_calendar,845779172.0,752987589.3410331
2025-09-08,2025-10-01,23,direct_own_weather_holiday,893877447.0,848163529.6693387
2025-09-09,2025-10-02,23,direct_own_weather_holiday,877524402.0,838911355.2684668
2025-09-10,2025-10-03,23,direct_own_weather_holiday,906128774.0,834181574.8592539
2025-09-11,2025-10-04,23,direct_own_weather_holiday,947397946.0,857068207.0852774
2025-09-12,2025-10-05,23,direct_own_weather_holiday,967898095.0,850925169.3874662
2025-09-13,2025-10-06,23,direct_own_weather_holiday,909397624.0,850203078.7440178
2025-09-14,2025-10-07,23,direct_own_weather_holiday,958058211.0,831658659.8567886
2025-09-15,2025-10-08,23,direct_own_weather_holiday,1002652065.0,814914998.1791335
2025-09-16,2025-10-09,23,direct_own_weather_holiday,1006596066.0,916966640.3592823
2025-09-17,2025-10-10,23,direct_own_weather_holiday,988218980.0,891665764.9891616
2025-09-18,2025-10-11,23,direct_own_weather_holiday,993216057.0,903750506.5815277
2025-09-19,2025-10-12,23,direct_own_weather_holiday,982996119.0,893379497.4530535
2025-09-20,2025-10-13,23,direct_own_weather_holiday,994158096.0,922315525.7916692
2025-09-21,2025-10-14,23,direct_own_weather_holiday,999440675.0,908796816.1630945
2025-09-22,2025-10-15,23,direct_own_weather_holiday,979563855.0,888662530.0697757
2025-09-23,2025-10-16,23,direct_own_weather_holiday,973453600.0,867928360.9866266
2025-09-24,2025-10-17,23,direct_own_weather_holiday,976535370.0,867891195.3698684
2025-09-25,2025-10-18,23,direct_own_weather_holiday,976325746.0,862221939.9810625
2025-09-26,2025-10-19,23,direct_own_weather_holiday,896789087.0,829812658.0478483
2025-09-27,2025-10-20,23,direct_own_weather_holiday,853624251.0,787203083.485614
2025-09-28,2025-10-21,23,direct_own_weather_holiday,795444895.0,782182092.012162
2025-09-29,2025-10-22,23,direct_own_weather_holiday,783518576.0,787400216.7297157
2025-09-30,2025-10-23,23,direct_own_weather_holiday,783134792.0,787629258.3586674
2025-10-01,2025-10-24,23,direct_own_weather_holiday,786285205.0,763316104.5821906
2025-10-02,2025-10-25,23,direct_own_weather_holiday,787344834.0,736473544.7091415
2025-10-03,2025-10-26,23,direct_own_weather_holiday,788309358.0,721093929.1602968
2025-10-04,2025-10-27,23,direct_own_weather_holiday,788347388.0,744107353.3969857
2025-10-05,2025-10-28,23,direct_own_weather_holiday,803213606.0,752673094.4833496
2025-10-06,2025-10-29,23,direct_own_weather_holiday,791815205.0,764266811.4603171
2025-10-07,2025-10-30,23,direct_own_weather_holiday,801523722.0,769929540.0975496
2025-10-08,2025-10-31,23,direct_own_weather_holiday,806599754.0,775491492.5047504
2025-10-09,2025-11-01,23,direct_own_weather_holiday,760921367.0,768106474.1778792
2025-10-10,2025-11-02,23,direct_own_weather_holiday,744828378.0,752943276.748643
2025-10-11,2025-11-03,23,direct_own_weather_holiday,780447693.0,759831045.274104
2025-10-12,2025-11-04,23,direct_own_weather_holiday,782600645.0,751108580.4609094
2025-10-13,2025-11-05,23,direct_own_weather_holiday,784108702.0,761079151.7068535
2025-10-14,2025-11-06,23,direct_own_weather_holiday,789959014.0,769386920.5567029
2025-10-15,2025-11-07,23,direct_own_weather_holiday,808798324.0,777405371.9805708
2025-10-16,2025-11-08,23,direct_own_weather_holiday,816286170.0,772545131.7931082
2025-10-17,2025-11-09,23,direct_own_weather_holiday,794671570.0,759649307.5542102
2025-10-18,2025-11-10,23,direct_own_weather_holiday,803150509.0,771678404.7744603
2025-10-19,2025-11-11,23,direct_own_weather_holiday,811031660.0,766729800.8708707
2025-10-20,2025-11-12,23,direct_own_weather_holiday,800371284.0,753935211.7907066
2025-10-21,2025-11-13,23,direct_own_weather_holiday,795412883.0,741764029.53319
2025-10-22,2025-11-14,23,direct_own_weather_holiday,784929625.0,747942082.1070588
2025-10-23,2025-11-15,23,direct_own_weather_holiday,771969074.0,728605504.8008546
2025-10-24,2025-11-16,23,direct_own_weather_holiday,748102925.0,708263039.0951134
2025-10-25,2025-11-17,23,direct_own_weather_holiday,784946049.0,732680239.5264273
2025-10-26,2025-11-18,23,direct_own_weather_holiday,802372785.0,764334191.2585732
2025-10-27,2025-11-19,23,direct_own_weather_holiday,785536331.0,784522119.9377568
2025-10-28,2025-11-20,23,direct_own_weather_holiday,789566797.0,775563338.1871798
2025-10-29,2025-11-21,23,direct_own_weather_holiday,781713368.0,760437254.0782509
2025-10-30,2025-11-22,23,direct_own_weather_holiday,777234266.0,748123330.1361572
2025-10-31,2025-11-23,23,direct_own_weather_holiday,763587139.0,730140956.4276484
2025-11-01,2025-11-24,23,direct_own_weather_holiday,787419759.0,748605275.3918818
2025-11-02,2025-11-25,23,direct_own_weather_holiday,779113247.0,759627502.2848095
2025-11-03,2025-11-26,23,direct_own_weather_holiday,779056661.0,759870313.457574
2025-11-04,2025-11-27,23,direct_own_weather_holiday,785923784.0,765550307.3259515
2025-11-05,2025-11-28,23,direct_own_weather_holiday,793532772.0,776508318.3906194
2025-11-06,2025-11-29,23,direct_own_weather_holiday,775439198.0,750504711.5686027
2025-11-07,2025-11-30,23,direct_own_weather_holiday,752415007.0,738444214.1513947
2025-11-08,2025-12-01,23,direct_own_weather_holiday,752093794.0,758673958.0938967
2025-11-09,2025-12-02,23,direct_own_weather_holiday,774181582.0,758776973.8623621
2025-11-10,2025-12-03,23,direct_own_weather_holiday,779128904.0,766583250.6392691
2025-11-11,2025-12-04,23,direct_own_weather_holiday,780611840.0,776199090.6010306
2025-11-12,2025-12-05,23,direct_own_weather_holiday,790342731.0,771904722.5936497
2025-11-13,2025-12-06,23,direct_own_weather_holiday,783475966.0,755025155.5166447
2025-11-14,2025-12-07,23,direct_own_weather_holiday,769662376.0,738573637.129614
2025-11-15,2025-12-08,23,direct_own_weather_holiday,781993536.0,765313968.9056889
2025-11-16,2025-12-09,23,direct_own_weather_holiday,790459836.0,765693509.0478121
2025-11-17,2025-12-10,23,direct_own_weather_holiday,793331038.0,751224977.4116297
2025-11-18,2025-12-11,23,direct_own_weather_holiday,792303023.0,747460720.2650942
2025-11-19,2025-12-12,23,direct_own_weather_holiday,805771337.0,758474984.4941843
2025-11-20,2025-12-13,23,direct_own_weather_holiday,805919635.0,744027268.4116638
2025-11-21,2025-12-14,23,direct_own_weather_holiday,775261923.0,756791053.3799831
2025-11-22,2025-12-15,23,direct_own_weather_holiday,800205024.0,761891881.2365925
2025-11-23,2025-12-16,23,direct_own_weather_holiday,791223092.0,754525740.6441257
2025-11-24,2025-12-17,23,direct_own_weather_holiday,797873177.0,753524792.8791007
2025-11-25,2025-12-18,23,direct_own_weather_holiday,807913091.0,758665361.7682434
2025-11-26,2025-12-19,23,direct_own_weather_holiday,813412227.0,748696309.6810385
2025-11-27,2025-12-20,23,direct_own_weather_holiday,800554656.0,742288355.371687
2025-11-28,2025-12-21,23,direct_own_weather_holiday,775722494.0,736277875.9085634
2025-11-29,2025-12-22,23,direct_own_weather_holiday,800416947.0,754742227.3970253
2025-11-30,2025-12-23,23,direct_own_weather_holiday,805434213.0,743210843.1126295
2025-12-01,2025-12-24,23,direct_own_weather_holiday,803732375.0,741492700.7550992
2025-12-02,2025-12-25,23,direct_own_weather_holiday,824337857.0,751326652.8170522
2025-12-03,2025-12-26,23,direct_own_weather_holiday,812520530.0,778741658.7569146
2025-12-04,2025-12-27,23,direct_own_weather_holiday,813024286.0,755661704.7887135
2025-12-05,2025-12-28,23,direct_own_weather_holiday,798511867.0,738946058.6342759
2025-12-06,2025-12-29,23,direct_own_weather_holiday,801303829.0,755494824.4944947
2025-12-07,2025-12-30,23,direct_own_weather_holiday,799723069.0,757312317.9532816
2025-12-08,2025-12-31,23,direct_own_weather_holiday,783373686.0,765457204.8770391
2025-12-09,2026-01-01,23,direct_own_weather_holiday,707758012.0,680509613.924823
2025-12-10,2026-01-02,23,direct_own_weather_holiday,741910307.0,692189154.2039589
2025-12-11,2026-01-03,23,direct_own_weather_holiday,801935633.0,714582003.5419022
2025-12-12,2026-01-04,23,direct_own_weather_holiday,820839320.0,727858609.1418611
2025-12-13,2026-01-05,23,direct_own_weather_holiday,819629944.0,757688697.8452722
2025-12-14,2026-01-06,23,direct_own_weather_holiday,848208043.0,772119567.1637306
2025-12-15,2026-01-07,23,direct_own_weather_holiday,836618404.0,776284346.8693911
2025-12-16,2026-01-08,23,direct_own_weather_holiday,845715705.0,777838744.1037323
2025-12-17,2026-01-09,23,direct_own_weather_holiday,845779172.0,777870958.429905
2025-09-08,2025-10-01,23,direct_category_weather_holiday,893877447.0,896532506.22878
2025-09-09,2025-10-02,23,direct_category_weather_holiday,877524402.0,879111611.4743074
2025-09-10,2025-10-03,23,direct_category_weather_holiday,906128774.0,876327997.9680879
2025-09-11,2025-10-04,23,direct_category_weather_holiday,947397946.0,898766887.6433302
2025-09-12,2025-10-05,23,direct_category_weather_holiday,967898095.0,888271419.2832965
2025-09-13,2025-10-06,23,direct_category_weather_holiday,909397624.0,891079118.9695293
2025-09-14,2025-10-07,23,direct_category_weather_holiday,958058211.0,872391256.556612
2025-09-15,2025-10-08,23,direct_category_weather_holiday,1002652065.0,862108996.8778925
2025-09-16,2025-10-09,23,direct_category_weather_holiday,1006596066.0,941163676.8918233
2025-09-17,2025-10-10,23,direct_category_weather_holiday,988218980.0,934613357.0616121
2025-09-18,2025-10-11,23,direct_category_weather_holiday,993216057.0,936357048.1687503
2025-09-19,2025-10-12,23,direct_category_weather_holiday,982996119.0,929579664.5775868
2025-09-20,2025-10-13,23,direct_category_weather_holiday,994158096.0,958061688.1175314
2025-09-21,2025-10-14,23,direct_category_weather_holiday,999440675.0,946772497.5252112
2025-09-22,2025-10-15,23,direct_category_weather_holiday,979563855.0,923235416.1913916
2025-09-23,2025-10-16,23,direct_category_weather_holiday,973453600.0,912019818.684748
2025-09-24,2025-10-17,23,direct_category_weather_holiday,976535370.0,920082512.242474
2025-09-25,2025-10-18,23,direct_category_weather_holiday,976325746.0,910929569.9729851
2025-09-26,2025-10-19,23,direct_category_weather_holiday,896789087.0,877647899.2933602
2025-09-27,2025-10-20,23,direct_category_weather_holiday,853624251.0,833456849.3533448
2025-09-28,2025-10-21,23,direct_category_weather_holiday,795444895.0,823183405.0041388
2025-09-29,2025-10-22,23,direct_category_weather_holiday,783518576.0,825715337.527188
2025-09-30,2025-10-23,23,direct_category_weather_holiday,783134792.0,831033415.2959563
2025-10-01,2025-10-24,23,direct_category_weather_holiday,786285205.0,818415999.5191191
2025-10-02,2025-10-25,23,direct_category_weather_holiday,787344834.0,809213560.9242105
2025-10-03,2025-10-26,23,direct_category_weather_holiday,788309358.0,785033896.6855896
2025-10-04,2025-10-27,23,direct_category_weather_holiday,788347388.0,802698056.62858
2025-10-05,2025-10-28,23,direct_category_weather_holiday,803213606.0,798266167.4158577
2025-10-06,2025-10-29,23,direct_category_weather_holiday,791815205.0,812596931.0012954
2025-10-07,2025-10-30,23,direct_category_weather_holiday,801523722.0,843723984.1427234
2025-10-08,2025-10-31,23,direct_category_weather_holiday,806599754.0,833531846.1739813
2025-10-09,2025-11-01,23,direct_category_weather_holiday,760921367.0,802852968.170616
2025-10-10,2025-11-02,23,direct_category_weather_holiday,744828378.0,779689480.945012
2025-10-11,2025-11-03,23,direct_category_weather_holiday,780447693.0,791087658.7805079
2025-10-12,2025-11-04,23,direct_category_weather_holiday,782600645.0,800949972.9682504
2025-10-13,2025-11-05,23,direct_category_weather_holiday,784108702.0,817441360.8199781
2025-10-14,2025-11-06,23,direct_category_weather_holiday,789959014.0,811962678.1473986
2025-10-15,2025-11-07,23,direct_category_weather_holiday,808798324.0,826971098.9313964
2025-10-16,2025-11-08,23,direct_category_weather_holiday,816286170.0,807734572.9088277
2025-10-17,2025-11-09,23,direct_category_weather_holiday,794671570.0,791205598.6470022
2025-10-18,2025-11-10,23,direct_category_weather_holiday,803150509.0,799966503.1562971
2025-10-19,2025-11-11,23,direct_category_weather_holiday,811031660.0,800222355.0128092
2025-10-20,2025-11-12,23,direct_category_weather_holiday,800371284.0,796033237.1480635
2025-10-21,2025-11-13,23,direct_category_weather_holiday,795412883.0,782337225.9896618
2025-10-22,2025-11-14,23,direct_category_weather_holiday,784929625.0,785250272.5741552
2025-10-23,2025-11-15,23,direct_category_weather_holiday,771969074.0,774339983.456157
2025-10-24,2025-11-16,23,direct_category_weather_holiday,748102925.0,753950818.7020643
2025-10-25,2025-11-17,23,direct_category_weather_holiday,784946049.0,773382304.2515808
2025-10-26,2025-11-18,23,direct_category_weather_holiday,802372785.0,802306663.5903529
2025-10-27,2025-11-19,23,direct_category_weather_holiday,785536331.0,831308947.48974
2025-10-28,2025-11-20,23,direct_category_weather_holiday,789566797.0,833909547.8884114
2025-10-29,2025-11-21,23,direct_category_weather_holiday,781713368.0,843607396.9324094
2025-10-30,2025-11-22,23,direct_category_weather_holiday,777234266.0,819961984.5847175
2025-10-31,2025-11-23,23,direct_category_weather_holiday,763587139.0,790068335.7291824
2025-11-01,2025-11-24,23,direct_category_weather_holiday,787419759.0,799997253.7010685
2025-11-02,2025-11-25,23,direct_category_weather_holiday,779113247.0,807820244.8247083
2025-11-03,2025-11-26,23,direct_category_weather_holiday,779056661.0,832645433.9701384
2025-11-04,2025-11-27,23,direct_category_weather_holiday,785923784.0,825043773.8096906
2025-11-05,2025-11-28,23,direct_category_weather_holiday,793532772.0,827002844.0957729
2025-11-06,2025-11-29,23,direct_category_weather_holiday,775439198.0,799131718.0943686
2025-11-07,2025-11-30,23,direct_category_weather_holiday,752415007.0,777848162.8882065
2025-11-08,2025-12-01,23,direct_category_weather_holiday,752093794.0,795560758.9731902
2025-11-09,2025-12-02,23,direct_category_weather_holiday,774181582.0,794425047.6076247
2025-11-10,2025-12-03,23,direct_category_weather_holiday,779128904.0,814058973.9798177
2025-11-11,2025-12-04,23,direct_category_weather_holiday,780611840.0,836322006.1976055
2025-11-12,2025-12-05,23,direct_category_weather_holiday,790342731.0,828579073.7720128
2025-11-13,2025-12-06,23,direct_category_weather_holiday,783475966.0,814651847.6171541
2025-11-14,2025-12-07,23,direct_category_weather_holiday,769662376.0,788553067.7213441
2025-11-15,2025-12-08,23,direct_category_weather_holiday,781993536.0,806511659.3235754
2025-11-16,2025-12-09,23,direct_category_weather_holiday,790459836.0,803479615.6918474
2025-11-17,2025-12-10,23,direct_category_weather_holiday,793331038.0,798028484.1625406
2025-11-18,2025-12-11,23,direct_category_weather_holiday,792303023.0,801141448.6896905
2025-11-19,2025-12-12,23,direct_category_weather_holiday,805771337.0,808041703.7952882
2025-11-20,2025-12-13,23,direct_category_weather_holiday,805919635.0,785500125.2879089
2025-11-21,2025-12-14,23,direct_category_weather_holiday,775261923.0,793125100.8825412
2025-11-22,2025-12-15,23,direct_category_weather_holiday,800205024.0,807954139.3697003
2025-11-23,2025-12-16,23,direct_category_weather_holiday,791223092.0,794006113.1302077
2025-11-24,2025-12-17,23,direct_category_weather_holiday,797873177.0,794551819.6194636
2025-11-25,2025-12-18,23,direct_category_weather_holiday,807913091.0,809055895.590736
2025-11-26,2025-12-19,23,direct_category_weather_holiday,813412227.0,793078587.7074484
2025-11-27,2025-12-20,23,direct_category_weather_holiday,800554656.0,772882429.9063717
2025-11-28,2025-12-21,23,direct_category_weather_holiday,775722494.0,769202668.869483
2025-11-29,2025-12-22,23,direct_category_weather_holiday,800416947.0,793661223.532617
2025-11-30,2025-12-23,23,direct_category_weather_holiday,805434213.0,776042271.0219537
2025-12-01,2025-12-24,23,direct_category_weather_holiday,803732375.0,775866782.2727424
2025-12-02,2025-12-25,23,direct_category_weather_holiday,824337857.0,799214808.456508
2025-12-03,2025-12-26,23,direct_category_weather_holiday,812520530.0,810744482.296904
2025-12-04,2025-12-27,23,direct_category_weather_holiday,813024286.0,788944101.3166416
2025-12-05,2025-12-28,23,direct_category_weather_holiday,798511867.0,768607819.0913361
2025-12-06,2025-12-29,23,direct_category_weather_holiday,801303829.0,783010655.7635156
2025-12-07,2025-12-30,23,direct_category_weather_holiday,799723069.0,785543106.7259697
2025-12-08,2025-12-31,23,direct_category_weather_holiday,783373686.0,801108587.550007
2025-12-09,2026-01-01,23,direct_category_weather_holiday,707758012.0,709539652.8482505
2025-12-10,2026-01-02,23,direct_category_weather_holiday,741910307.0,722676536.1639607
2025-12-11,2026-01-03,23,direct_category_weather_holiday,801935633.0,750075466.5069784
2025-12-12,2026-01-04,23,direct_category_weather_holiday,820839320.0,766381006.5659286
2025-12-13,2026-01-05,23,direct_category_weather_holiday,819629944.0,790417863.9218789
2025-12-14,2026-01-06,23,direct_category_weather_holiday,848208043.0,809764747.164312
2025-12-15,2026-01-07,23,direct_category_weather_holiday,836618404.0,808990954.7944528
2025-12-16,2026-01-08,23,direct_category_weather_holiday,845715705.0,805863748.2499379
2025-12-17,2026-01-09,23,direct_category_weather_holiday,845779172.0,802744904.8403056
2025-09-07,2025-10-01,24,direct_own_calendar,893877447.0,759522854.6482238
2025-09-08,2025-10-02,24,direct_own_calendar,877524402.0,759598418.3043302
2025-09-09,2025-10-03,24,direct_own_calendar,906128774.0,762146256.5749261
2025-09-10,2025-10-04,24,direct_own_calendar,947397946.0,777045012.5307553
2025-09-11,2025-10-05,24,direct_own_calendar,967898095.0,764521852.064647
2025-09-12,2025-10-06,24,direct_own_calendar,909397624.0,759195296.4187669
2025-09-13,2025-10-07,24,direct_own_calendar,958058211.0,761611352.1376727
2025-09-14,2025-10-08,24,direct_own_calendar,1002652065.0,742544167.0943102
2025-09-15,2025-10-09,24,direct_own_calendar,1006596066.0,879010095.6231067
2025-09-16,2025-10-10,24,direct_own_calendar,988218980.0,876025923.162791
2025-09-17,2025-10-11,24,direct_own_calendar,993216057.0,830482420.728511
2025-09-18,2025-10-12,24,direct_own_calendar,982996119.0,878224530.8918777
2025-09-19,2025-10-13,24,direct_own_calendar,994158096.0,894712183.2763866
2025-09-20,2025-10-14,24,direct_own_calendar,999440675.0,892186604.3178408
2025-09-21,2025-10-15,24,direct_own_calendar,979563855.0,883584821.8439583
2025-09-22,2025-10-16,24,direct_own_calendar,973453600.0,863889435.4585087
2025-09-23,2025-10-17,24,direct_own_calendar,976535370.0,846333097.2243158
2025-09-24,2025-10-18,24,direct_own_calendar,976325746.0,841233128.0709256
2025-09-25,2025-10-19,24,direct_own_calendar,896789087.0,835465832.5727847
2025-09-26,2025-10-20,24,direct_own_calendar,853624251.0,861579596.7637196
2025-09-27,2025-10-21,24,direct_own_calendar,795444895.0,860790006.8657237
2025-09-28,2025-10-22,24,direct_own_calendar,783518576.0,857890465.994607
2025-09-29,2025-10-23,24,direct_own_calendar,783134792.0,868262322.1479994
2025-09-30,2025-10-24,24,direct_own_calendar,786285205.0,867635661.7466037
2025-10-01,2025-10-25,24,direct_own_calendar,787344834.0,821109803.9202058
2025-10-02,2025-10-26,24,direct_own_calendar,788309358.0,772801624.6164286
2025-10-03,2025-10-27,24,direct_own_calendar,788347388.0,785919218.2264266
2025-10-04,2025-10-28,24,direct_own_calendar,803213606.0,801892267.7807677
2025-10-05,2025-10-29,24,direct_own_calendar,791815205.0,816343536.650634
2025-10-06,2025-10-30,24,direct_own_calendar,801523722.0,836866971.1795603
2025-10-07,2025-10-31,24,direct_own_calendar,806599754.0,834035498.2081454
2025-10-08,2025-11-01,24,direct_own_calendar,760921367.0,829012555.7417955
2025-10-09,2025-11-02,24,direct_own_calendar,744828378.0,820056439.3550196
2025-10-10,2025-11-03,24,direct_own_calendar,780447693.0,827897001.7839891
2025-10-11,2025-11-04,24,direct_own_calendar,782600645.0,817155465.9989405
2025-10-12,2025-11-05,24,direct_own_calendar,784108702.0,812470079.7354206
2025-10-13,2025-11-06,24,direct_own_calendar,789959014.0,824360324.4286138
2025-10-14,2025-11-07,24,direct_own_calendar,808798324.0,830881331.3187326
2025-10-15,2025-11-08,24,direct_own_calendar,816286170.0,829873033.4275866
2025-10-16,2025-11-09,24,direct_own_calendar,794671570.0,808042452.1270403
2025-10-17,2025-11-10,24,direct_own_calendar,803150509.0,826080675.8184216
2025-10-18,2025-11-11,24,direct_own_calendar,811031660.0,825249208.8039643
2025-10-19,2025-11-12,24,direct_own_calendar,800371284.0,819799176.7986604
2025-10-20,2025-11-13,24,direct_own_calendar,795412883.0,805555104.0781802
2025-10-21,2025-11-14,24,direct_own_calendar,784929625.0,791919726.952705
2025-10-22,2025-11-15,24,direct_own_calendar,771969074.0,779866507.8331089
2025-10-23,2025-11-16,24,direct_own_calendar,748102925.0,762362923.2250993
2025-10-24,2025-11-17,24,direct_own_calendar,784946049.0,772827250.9858801
2025-10-25,2025-11-18,24,direct_own_calendar,802372785.0,775733365.1268269
2025-10-26,2025-11-19,24,direct_own_calendar,785536331.0,785002213.9347078
2025-10-27,2025-11-20,24,direct_own_calendar,789566797.0,794774108.8350807
2025-10-28,2025-11-21,24,direct_own_calendar,781713368.0,793455821.9084358
2025-10-29,2025-11-22,24,direct_own_calendar,777234266.0,777419663.8578126
2025-10-30,2025-11-23,24,direct_own_calendar,763587139.0,760947747.9904369
2025-10-31,2025-11-24,24,direct_own_calendar,787419759.0,779655936.5151684
2025-11-01,2025-11-25,24,direct_own_calendar,779113247.0,776374680.7463611
2025-11-02,2025-11-26,24,direct_own_calendar,779056661.0,770786605.1873945
2025-11-03,2025-11-27,24,direct_own_calendar,785923784.0,772489358.1026036
2025-11-04,2025-11-28,24,direct_own_calendar,793532772.0,786359071.5700917
2025-11-05,2025-11-29,24,direct_own_calendar,775439198.0,783174263.0187768
2025-11-06,2025-11-30,24,direct_own_calendar,752415007.0,766190021.3184911
2025-11-07,2025-12-01,24,direct_own_calendar,752093794.0,780344785.2510161
2025-11-08,2025-12-02,24,direct_own_calendar,774181582.0,785771655.5153805
2025-11-09,2025-12-03,24,direct_own_calendar,779128904.0,786091358.9945686
2025-11-10,2025-12-04,24,direct_own_calendar,780611840.0,784809484.7202075
2025-11-11,2025-12-05,24,direct_own_calendar,790342731.0,787724140.4822909
2025-11-12,2025-12-06,24,direct_own_calendar,783475966.0,782661411.2876637
2025-11-13,2025-12-07,24,direct_own_calendar,769662376.0,766860921.3831676
2025-11-14,2025-12-08,24,direct_own_calendar,781993536.0,783712677.2424208
2025-11-15,2025-12-09,24,direct_own_calendar,790459836.0,786783021.344921
2025-11-16,2025-12-10,24,direct_own_calendar,793331038.0,774404078.9417969
2025-11-17,2025-12-11,24,direct_own_calendar,792303023.0,768847825.485501
2025-11-18,2025-12-12,24,direct_own_calendar,805771337.0,769389053.6054164
2025-11-19,2025-12-13,24,direct_own_calendar,805919635.0,763735846.0621933
2025-11-20,2025-12-14,24,direct_own_calendar,775261923.0,747033798.6310165
2025-11-21,2025-12-15,24,direct_own_calendar,800205024.0,762765658.4930156
2025-11-22,2025-12-16,24,direct_own_calendar,791223092.0,761433791.4346788
2025-11-23,2025-12-17,24,direct_own_calendar,797873177.0,757526673.0451409
2025-11-24,2025-12-18,24,direct_own_calendar,807913091.0,756153094.6618677
2025-11-25,2025-12-19,24,direct_own_calendar,813412227.0,760922174.3847342
2025-11-26,2025-12-20,24,direct_own_calendar,800554656.0,750372575.3866453
2025-11-27,2025-12-21,24,direct_own_calendar,775722494.0,740225532.1692073
2025-11-28,2025-12-22,24,direct_own_calendar,800416947.0,758881036.1963648
2025-11-29,2025-12-23,24,direct_own_calendar,805434213.0,757350228.2649775
2025-11-30,2025-12-24,24,direct_own_calendar,803732375.0,746402467.1074488
2025-12-01,2025-12-25,24,direct_own_calendar,824337857.0,743384505.9997922
2025-12-02,2025-12-26,24,direct_own_calendar,812520530.0,746776529.8000745
2025-12-03,2025-12-27,24,direct_own_calendar,813024286.0,746489725.3956329
2025-12-04,2025-12-28,24,direct_own_calendar,798511867.0,734713817.4715258
2025-12-05,2025-12-29,24,direct_own_calendar,801303829.0,749535508.1602697
2025-12-06,2025-12-30,24,direct_own_calendar,799723069.0,753612110.1324096
2025-12-07,2025-12-31,24,direct_own_calendar,783373686.0,749191139.9424978
2025-12-08,2026-01-01,24,direct_own_calendar,707758012.0,662218577.515804
2025-12-09,2026-01-02,24,direct_own_calendar,741910307.0,664507777.3519427
2025-12-10,2026-01-03,24,direct_own_calendar,801935633.0,679018878.8655756
2025-12-11,2026-01-04,24,direct_own_calendar,820839320.0,710656110.0273114
2025-12-12,2026-01-05,24,direct_own_calendar,819629944.0,750646994.7863607
2025-12-13,2026-01-06,24,direct_own_calendar,848208043.0,751547256.8837074
2025-12-14,2026-01-07,24,direct_own_calendar,836618404.0,748455250.1458466
2025-12-15,2026-01-08,24,direct_own_calendar,845715705.0,749453907.5864853
2025-12-16,2026-01-09,24,direct_own_calendar,845779172.0,751973867.6838783
2025-09-07,2025-10-01,24,direct_own_weather_holiday,893877447.0,849701104.2552787
2025-09-08,2025-10-02,24,direct_own_weather_holiday,877524402.0,841193839.2468132
2025-09-09,2025-10-03,24,direct_own_weather_holiday,906128774.0,837819370.6787571
2025-09-10,2025-10-04,24,direct_own_weather_holiday,947397946.0,860479117.0692114
2025-09-11,2025-10-05,24,direct_own_weather_holiday,967898095.0,853202170.3328254
2025-09-12,2025-10-06,24,direct_own_weather_holiday,909397624.0,850619352.0718111
2025-09-13,2025-10-07,24,direct_own_weather_holiday,958058211.0,843625433.5158743
2025-09-14,2025-10-08,24,direct_own_weather_holiday,1002652065.0,822260460.7497729
2025-09-15,2025-10-09,24,direct_own_weather_holiday,1006596066.0,920247325.8608608
2025-09-16,2025-10-10,24,direct_own_weather_holiday,988218980.0,901049288.9138379
2025-09-17,2025-10-11,24,direct_own_weather_holiday,993216057.0,884418985.6535548
2025-09-18,2025-10-12,24,direct_own_weather_holiday,982996119.0,889133159.540991
2025-09-19,2025-10-13,24,direct_own_weather_holiday,994158096.0,920751454.8971106
2025-09-20,2025-10-14,24,direct_own_weather_holiday,999440675.0,909059765.8282464
2025-09-21,2025-10-15,24,direct_own_weather_holiday,979563855.0,901377872.2920939
2025-09-22,2025-10-16,24,direct_own_weather_holiday,973453600.0,881305547.2532519
2025-09-23,2025-10-17,24,direct_own_weather_holiday,976535370.0,866210629.568814
2025-09-24,2025-10-18,24,direct_own_weather_holiday,976325746.0,853957634.1277126
2025-09-25,2025-10-19,24,direct_own_weather_holiday,896789087.0,818085375.3329294
2025-09-26,2025-10-20,24,direct_own_weather_holiday,853624251.0,784496038.9123472
2025-09-27,2025-10-21,24,direct_own_weather_holiday,795444895.0,778292016.7960238
2025-09-28,2025-10-22,24,direct_own_weather_holiday,783518576.0,779003378.753165
2025-09-29,2025-10-23,24,direct_own_weather_holiday,783134792.0,788650489.0640562
2025-09-30,2025-10-24,24,direct_own_weather_holiday,786285205.0,785846782.6860031
2025-10-01,2025-10-25,24,direct_own_weather_holiday,787344834.0,753822814.286961
2025-10-02,2025-10-26,24,direct_own_weather_holiday,788309358.0,716464061.6371076
2025-10-03,2025-10-27,24,direct_own_weather_holiday,788347388.0,729929558.7274057
2025-10-04,2025-10-28,24,direct_own_weather_holiday,803213606.0,738454640.6006575
2025-10-05,2025-10-29,24,direct_own_weather_holiday,791815205.0,748935603.713078
2025-10-06,2025-10-30,24,direct_own_weather_holiday,801523722.0,770286399.0571746
2025-10-07,2025-10-31,24,direct_own_weather_holiday,806599754.0,769969967.8737739
2025-10-08,2025-11-01,24,direct_own_weather_holiday,760921367.0,761623263.0436667
2025-10-09,2025-11-02,24,direct_own_weather_holiday,744828378.0,753486679.3855668
2025-10-10,2025-11-03,24,direct_own_weather_holiday,780447693.0,762217062.4424309
2025-10-11,2025-11-04,24,direct_own_weather_holiday,782600645.0,746116521.7165755
2025-10-12,2025-11-05,24,direct_own_weather_holiday,784108702.0,747368021.3879051
2025-10-13,2025-11-06,24,direct_own_weather_holiday,789959014.0,764376921.0088868
2025-10-14,2025-11-07,24,direct_own_weather_holiday,808798324.0,771698477.9970758
2025-10-15,2025-11-08,24,direct_own_weather_holiday,816286170.0,773524179.1752461
2025-10-16,2025-11-09,24,direct_own_weather_holiday,794671570.0,751774109.4205751
2025-10-17,2025-11-10,24,direct_own_weather_holiday,803150509.0,767854147.274332
2025-10-18,2025-11-11,24,direct_own_weather_holiday,811031660.0,763758887.9020853
2025-10-19,2025-11-12,24,direct_own_weather_holiday,800371284.0,761350118.7797481
2025-10-20,2025-11-13,24,direct_own_weather_holiday,795412883.0,749570060.6221392
2025-10-21,2025-11-14,24,direct_own_weather_holiday,784929625.0,749109459.1362936
2025-10-22,2025-11-15,24,direct_own_weather_holiday,771969074.0,729523013.964953
2025-10-23,2025-11-16,24,direct_own_weather_holiday,748102925.0,710777755.5154313
2025-10-24,2025-11-17,24,direct_own_weather_holiday,784946049.0,730272457.9152788
2025-10-25,2025-11-18,24,direct_own_weather_holiday,802372785.0,753016164.6693258
2025-10-26,2025-11-19,24,direct_own_weather_holiday,785536331.0,777431599.770235
2025-10-27,2025-11-20,24,direct_own_weather_holiday,789566797.0,778145031.683069
2025-10-28,2025-11-21,24,direct_own_weather_holiday,781713368.0,768709089.0981522
2025-10-29,2025-11-22,24,direct_own_weather_holiday,777234266.0,749639508.6929953
2025-10-30,2025-11-23,24,direct_own_weather_holiday,763587139.0,726437235.6152102
2025-10-31,2025-11-24,24,direct_own_weather_holiday,787419759.0,749799007.7578996
2025-11-01,2025-11-25,24,direct_own_weather_holiday,779113247.0,760159708.8538039
2025-11-02,2025-11-26,24,direct_own_weather_holiday,779056661.0,760289398.7716402
2025-11-03,2025-11-27,24,direct_own_weather_holiday,785923784.0,760096046.6241615
2025-11-04,2025-11-28,24,direct_own_weather_holiday,793532772.0,774697179.0826547
2025-11-05,2025-11-29,24,direct_own_weather_holiday,775439198.0,752730145.885272
2025-11-06,2025-11-30,24,direct_own_weather_holiday,752415007.0,738559901.7731005
2025-11-07,2025-12-01,24,direct_own_weather_holiday,752093794.0,753670416.4013758
2025-11-08,2025-12-02,24,direct_own_weather_holiday,774181582.0,755150476.2277385
2025-11-09,2025-12-03,24,direct_own_weather_holiday,779128904.0,768142614.5629754
2025-11-10,2025-12-04,24,direct_own_weather_holiday,780611840.0,775415110.4463431
2025-11-11,2025-12-05,24,direct_own_weather_holiday,790342731.0,770930949.1323905
2025-11-12,2025-12-06,24,direct_own_weather_holiday,783475966.0,755085143.3576348
2025-11-13,2025-12-07,24,direct_own_weather_holiday,769662376.0,735874446.5856699
2025-11-14,2025-12-08,24,direct_own_weather_holiday,781993536.0,762653176.5187167
2025-11-15,2025-12-09,24,direct_own_weather_holiday,790459836.0,770854875.6451516
2025-11-16,2025-12-10,24,direct_own_weather_holiday,793331038.0,755825754.8040673
2025-11-17,2025-12-11,24,direct_own_weather_holiday,792303023.0,750861785.5606265
2025-11-18,2025-12-12,24,direct_own_weather_holiday,805771337.0,758170268.929825
2025-11-19,2025-12-13,24,direct_own_weather_holiday,805919635.0,744475058.5927179
2025-11-20,2025-12-14,24,direct_own_weather_holiday,775261923.0,753519391.1256372
2025-11-21,2025-12-15,24,direct_own_weather_holiday,800205024.0,760377383.0371265
2025-11-22,2025-12-16,24,direct_own_weather_holiday,791223092.0,752954538.8891943
2025-11-23,2025-12-17,24,direct_own_weather_holiday,797873177.0,755575259.5117323
2025-11-24,2025-12-18,24,direct_own_weather_holiday,807913091.0,757725563.050923
2025-11-25,2025-12-19,24,direct_own_weather_holiday,813412227.0,751379598.9579736
2025-11-26,2025-12-20,24,direct_own_weather_holiday,800554656.0,739210178.4660133
2025-11-27,2025-12-21,24,direct_own_weather_holiday,775722494.0,732380868.2146513
2025-11-28,2025-12-22,24,direct_own_weather_holiday,800416947.0,755181735.9703323
2025-11-29,2025-12-23,24,direct_own_weather_holiday,805434213.0,747120002.2848403
2025-11-30,2025-12-24,24,direct_own_weather_holiday,803732375.0,743449084.8218939
2025-12-01,2025-12-25,24,direct_own_weather_holiday,824337857.0,750400131.2270224
2025-12-02,2025-12-26,24,direct_own_weather_holiday,812520530.0,774533667.6590972
2025-12-03,2025-12-27,24,direct_own_weather_holiday,813024286.0,753646646.6550866
2025-12-04,2025-12-28,24,direct_own_weather_holiday,798511867.0,737683514.0571078
2025-12-05,2025-12-29,24,direct_own_weather_holiday,801303829.0,751244214.1488959
2025-12-06,2025-12-30,24,direct_own_weather_holiday,799723069.0,756542753.8124877
2025-12-07,2025-12-31,24,direct_own_weather_holiday,783373686.0,762009148.9217107
2025-12-08,2026-01-01,24,direct_own_weather_holiday,707758012.0,681006084.7432061
2025-12-09,2026-01-02,24,direct_own_weather_holiday,741910307.0,692117732.8129793
2025-12-10,2026-01-03,24,direct_own_weather_holiday,801935633.0,714995687.3381233
2025-12-11,2026-01-04,24,direct_own_weather_holiday,820839320.0,725945104.665062
2025-12-12,2026-01-05,24,direct_own_weather_holiday,819629944.0,755791669.1617625
2025-12-13,2026-01-06,24,direct_own_weather_holiday,848208043.0,770007221.6697619
2025-12-14,2026-01-07,24,direct_own_weather_holiday,836618404.0,774760950.9770743
2025-12-15,2026-01-08,24,direct_own_weather_holiday,845715705.0,777482688.8846122
2025-12-16,2026-01-09,24,direct_own_weather_holiday,845779172.0,777590588.1815357
2025-09-07,2025-10-01,24,direct_category_weather_holiday,893877447.0,893018516.6446344
2025-09-08,2025-10-02,24,direct_category_weather_holiday,877524402.0,889138917.6685506
2025-09-09,2025-10-03,24,direct_category_weather_holiday,906128774.0,878138331.1271305
2025-09-10,2025-10-04,24,direct_category_weather_holiday,947397946.0,905155624.2306981
2025-09-11,2025-10-05,24,direct_category_weather_holiday,967898095.0,892336350.9597323
2025-09-12,2025-10-06,24,direct_category_weather_holiday,909397624.0,886456050.5449251
2025-09-13,2025-10-07,24,direct_category_weather_holiday,958058211.0,884336695.8290691
2025-09-14,2025-10-08,24,direct_category_weather_holiday,1002652065.0,861007063.83769
2025-09-15,2025-10-09,24,direct_category_weather_holiday,1006596066.0,948841441.4034789
2025-09-16,2025-10-10,24,direct_category_weather_holiday,988218980.0,926318516.8275126
2025-09-17,2025-10-11,24,direct_category_weather_holiday,993216057.0,926048232.5811603
2025-09-18,2025-10-12,24,direct_category_weather_holiday,982996119.0,923855392.1183844
2025-09-19,2025-10-13,24,direct_category_weather_holiday,994158096.0,954821728.4414858
2025-09-20,2025-10-14,24,direct_category_weather_holiday,999440675.0,945634319.2358526
2025-09-21,2025-10-15,24,direct_category_weather_holiday,979563855.0,937043180.2962139
2025-09-22,2025-10-16,24,direct_category_weather_holiday,973453600.0,916506782.689039
2025-09-23,2025-10-17,24,direct_category_weather_holiday,976535370.0,910720149.6233482
2025-09-24,2025-10-18,24,direct_category_weather_holiday,976325746.0,905434959.1595901
2025-09-25,2025-10-19,24,direct_category_weather_holiday,896789087.0,867597170.2305434
2025-09-26,2025-10-20,24,direct_category_weather_holiday,853624251.0,834325208.9209207
2025-09-27,2025-10-21,24,direct_category_weather_holiday,795444895.0,826961764.3550624
2025-09-28,2025-10-22,24,direct_category_weather_holiday,783518576.0,816274431.9604517
2025-09-29,2025-10-23,24,direct_category_weather_holiday,783134792.0,826482550.1187595
2025-09-30,2025-10-24,24,direct_category_weather_holiday,786285205.0,829918047.2618737
2025-10-01,2025-10-25,24,direct_category_weather_holiday,787344834.0,808056280.9817904
2025-10-02,2025-10-26,24,direct_category_weather_holiday,788309358.0,790776288.2895869
2025-10-03,2025-10-27,24,direct_category_weather_holiday,788347388.0,793530442.5342247
2025-10-04,2025-10-28,24,direct_category_weather_holiday,803213606.0,799294374.956251
2025-10-05,2025-10-29,24,direct_category_weather_holiday,791815205.0,797185196.4883149
2025-10-06,2025-10-30,24,direct_category_weather_holiday,801523722.0,822156491.9045146
2025-10-07,2025-10-31,24,direct_category_weather_holiday,806599754.0,842356317.069091
2025-10-08,2025-11-01,24,direct_category_weather_holiday,760921367.0,821222903.6515207
2025-10-09,2025-11-02,24,direct_category_weather_holiday,744828378.0,790154427.3574926
2025-10-10,2025-11-03,24,direct_category_weather_holiday,780447693.0,799081647.2821798
2025-10-11,2025-11-04,24,direct_category_weather_holiday,782600645.0,786424347.6585885
2025-10-12,2025-11-05,24,direct_category_weather_holiday,784108702.0,793963993.2787819
2025-10-13,2025-11-06,24,direct_category_weather_holiday,789959014.0,825729574.784438
2025-10-14,2025-11-07,24,direct_category_weather_holiday,808798324.0,817017682.0152649
2025-10-15,2025-11-08,24,direct_category_weather_holiday,816286170.0,818159081.7263131
2025-10-16,2025-11-09,24,direct_category_weather_holiday,794671570.0,782481521.3979731
2025-10-17,2025-11-10,24,direct_category_weather_holiday,803150509.0,793651077.6247656
2025-10-18,2025-11-11,24,direct_category_weather_holiday,811031660.0,789892221.3552545
2025-10-19,2025-11-12,24,direct_category_weather_holiday,800371284.0,795232840.5060456
2025-10-20,2025-11-13,24,direct_category_weather_holiday,795412883.0,786272276.9623051
2025-10-21,2025-11-14,24,direct_category_weather_holiday,784929625.0,782189899.4213239
2025-10-22,2025-11-15,24,direct_category_weather_holiday,771969074.0,767020611.4804077
2025-10-23,2025-11-16,24,direct_category_weather_holiday,748102925.0,754390737.3743255
2025-10-24,2025-11-17,24,direct_category_weather_holiday,784946049.0,774896848.8211592
2025-10-25,2025-11-18,24,direct_category_weather_holiday,802372785.0,795654373.203991
2025-10-26,2025-11-19,24,direct_category_weather_holiday,785536331.0,815691355.4412969
2025-10-27,2025-11-20,24,direct_category_weather_holiday,789566797.0,828578525.1171573
2025-10-28,2025-11-21,24,direct_category_weather_holiday,781713368.0,828436017.8015449
2025-10-29,2025-11-22,24,direct_category_weather_holiday,777234266.0,836024097.2806036
2025-10-30,2025-11-23,24,direct_category_weather_holiday,763587139.0,798737400.906195
2025-10-31,2025-11-24,24,direct_category_weather_holiday,787419759.0,810874329.3377268
2025-11-01,2025-11-25,24,direct_category_weather_holiday,779113247.0,816653359.5232946
2025-11-02,2025-11-26,24,direct_category_weather_holiday,779056661.0,816863432.5750371
2025-11-03,2025-11-27,24,direct_category_weather_holiday,785923784.0,834418102.4036123
2025-11-04,2025-11-28,24,direct_category_weather_holiday,793532772.0,838103310.0075846
2025-11-05,2025-11-29,24,direct_category_weather_holiday,775439198.0,809118254.7604011
2025-11-06,2025-11-30,24,direct_category_weather_holiday,752415007.0,784528885.0388383
2025-11-07,2025-12-01,24,direct_category_weather_holiday,752093794.0,792037571.1990678
2025-11-08,2025-12-02,24,direct_category_weather_holiday,774181582.0,802839589.7143601
2025-11-09,2025-12-03,24,direct_category_weather_holiday,779128904.0,811379644.7637005
2025-11-10,2025-12-04,24,direct_category_weather_holiday,780611840.0,831056538.1390852
2025-11-11,2025-12-05,24,direct_category_weather_holiday,790342731.0,831177953.772005
2025-11-12,2025-12-06,24,direct_category_weather_holiday,783475966.0,816401897.8376858
2025-11-13,2025-12-07,24,direct_category_weather_holiday,769662376.0,794730902.0500581
2025-11-14,2025-12-08,24,direct_category_weather_holiday,781993536.0,814156046.9461012
2025-11-15,2025-12-09,24,direct_category_weather_holiday,790459836.0,819465980.0321391
2025-11-16,2025-12-10,24,direct_category_weather_holiday,793331038.0,793111391.9903564
2025-11-17,2025-12-11,24,direct_category_weather_holiday,792303023.0,797010240.3471546
2025-11-18,2025-12-12,24,direct_category_weather_holiday,805771337.0,810107860.426019
2025-11-19,2025-12-13,24,direct_category_weather_holiday,805919635.0,796434553.12626
2025-11-20,2025-12-14,24,direct_category_weather_holiday,775261923.0,788686955.2273285
2025-11-21,2025-12-15,24,direct_category_weather_holiday,800205024.0,805205640.4931462
2025-11-22,2025-12-16,24,direct_category_weather_holiday,791223092.0,793456580.5818354
2025-11-23,2025-12-17,24,direct_category_weather_holiday,797873177.0,791218376.4134259
2025-11-24,2025-12-18,24,direct_category_weather_holiday,807913091.0,802324460.961938
2025-11-25,2025-12-19,24,direct_category_weather_holiday,813412227.0,798620158.1144941
2025-11-26,2025-12-20,24,direct_category_weather_holiday,800554656.0,776543460.4478886
2025-11-27,2025-12-21,24,direct_category_weather_holiday,775722494.0,767198897.5304451
2025-11-28,2025-12-22,24,direct_category_weather_holiday,800416947.0,791580720.8146113
2025-11-29,2025-12-23,24,direct_category_weather_holiday,805434213.0,783812630.0627317
2025-11-30,2025-12-24,24,direct_category_weather_holiday,803732375.0,773173461.2857949
2025-12-01,2025-12-25,24,direct_category_weather_holiday,824337857.0,790171194.2130426
2025-12-02,2025-12-26,24,direct_category_weather_holiday,812520530.0,818692144.0144914
2025-12-03,2025-12-27,24,direct_category_weather_holiday,813024286.0,784466261.4087359
2025-12-04,2025-12-28,24,direct_category_weather_holiday,798511867.0,766797401.9815801
2025-12-05,2025-12-29,24,direct_category_weather_holiday,801303829.0,778118994.1057721
2025-12-06,2025-12-30,24,direct_category_weather_holiday,799723069.0,783839002.6813568
2025-12-07,2025-12-31,24,direct_category_weather_holiday,783373686.0,793342699.4643404
2025-12-08,2026-01-01,24,direct_category_weather_holiday,707758012.0,715179324.7068316
2025-12-09,2026-01-02,24,direct_category_weather_holiday,741910307.0,716811820.3597792
2025-12-10,2026-01-03,24,direct_category_weather_holiday,801935633.0,745759293.707761
2025-12-11,2026-01-04,24,direct_category_weather_holiday,820839320.0,763718246.1572863
2025-12-12,2026-01-05,24,direct_category_weather_holiday,819629944.0,786288993.2267004
2025-12-13,2026-01-06,24,direct_category_weather_holiday,848208043.0,802547567.1477679
2025-12-14,2026-01-07,24,direct_category_weather_holiday,836618404.0,810377398.390364
2025-12-15,2026-01-08,24,direct_category_weather_holiday,845715705.0,804608336.6656168
2025-12-16,2026-01-09,24,direct_category_weather_holiday,845779172.0,800790400.6650519
2025-09-06,2025-10-01,25,direct_own_calendar,893877447.0,765123065.2800114
2025-09-07,2025-10-02,25,direct_own_calendar,877524402.0,760608630.9861859
2025-09-08,2025-10-03,25,direct_own_calendar,906128774.0,763644767.0929247
2025-09-09,2025-10-04,25,direct_own_calendar,947397946.0,777104317.7652222
2025-09-10,2025-10-05,25,direct_own_calendar,967898095.0,762214255.6209332
2025-09-11,2025-10-06,25,direct_own_calendar,909397624.0,757014932.194511
2025-09-12,2025-10-07,25,direct_own_calendar,958058211.0,758874382.0179378
2025-09-13,2025-10-08,25,direct_own_calendar,1002652065.0,757282048.260432
2025-09-14,2025-10-09,25,direct_own_calendar,1006596066.0,884134086.9370366
2025-09-15,2025-10-10,25,direct_own_calendar,988218980.0,878615381.9038337
2025-09-16,2025-10-11,25,direct_own_calendar,993216057.0,842054661.5733354
2025-09-17,2025-10-12,25,direct_own_calendar,982996119.0,848193596.1369694
2025-09-18,2025-10-13,25,direct_own_calendar,994158096.0,888072292.2528024
2025-09-19,2025-10-14,25,direct_own_calendar,999440675.0,889632470.6438669
2025-09-20,2025-10-15,25,direct_own_calendar,979563855.0,883517947.6064417
2025-09-21,2025-10-16,25,direct_own_calendar,973453600.0,881118246.4395729
2025-09-22,2025-10-17,25,direct_own_calendar,976535370.0,865969098.5497426
2025-09-23,2025-10-18,25,direct_own_calendar,976325746.0,839554661.5064545
2025-09-24,2025-10-19,25,direct_own_calendar,896789087.0,826505088.0176733
2025-09-25,2025-10-20,25,direct_own_calendar,853624251.0,848045246.2762549
2025-09-26,2025-10-21,25,direct_own_calendar,795444895.0,858674518.0672046
2025-09-27,2025-10-22,25,direct_own_calendar,783518576.0,853429260.9402221
2025-09-28,2025-10-23,25,direct_own_calendar,783134792.0,855064747.1035397
2025-09-29,2025-10-24,25,direct_own_calendar,786285205.0,868322672.7835083
2025-09-30,2025-10-25,25,direct_own_calendar,787344834.0,857498477.4272963
2025-10-01,2025-10-26,25,direct_own_calendar,788309358.0,802196794.3134141
2025-10-02,2025-10-27,25,direct_own_calendar,788347388.0,782937108.734676
2025-10-03,2025-10-28,25,direct_own_calendar,803213606.0,783257352.8453716
2025-10-04,2025-10-29,25,direct_own_calendar,791815205.0,796580052.2916846
2025-10-05,2025-10-30,25,direct_own_calendar,801523722.0,816181268.2379075
2025-10-06,2025-10-31,25,direct_own_calendar,806599754.0,838903974.7133567
2025-10-07,2025-11-01,25,direct_own_calendar,760921367.0,825556924.7337751
2025-10-08,2025-11-02,25,direct_own_calendar,744828378.0,811488179.8649373
2025-10-09,2025-11-03,25,direct_own_calendar,780447693.0,829769303.2141554
2025-10-10,2025-11-04,25,direct_own_calendar,782600645.0,821605478.7528356
2025-10-11,2025-11-05,25,direct_own_calendar,784108702.0,807052299.4424944
2025-10-12,2025-11-06,25,direct_own_calendar,789959014.0,808438906.5943741
2025-10-13,2025-11-07,25,direct_own_calendar,808798324.0,822791256.636212
2025-10-14,2025-11-08,25,direct_own_calendar,816286170.0,819963995.4200293
2025-10-15,2025-11-09,25,direct_own_calendar,794671570.0,810923243.5940468
2025-10-16,2025-11-10,25,direct_own_calendar,803150509.0,816985781.4191375
2025-10-17,2025-11-11,25,direct_own_calendar,811031660.0,820217427.0581003
2025-10-18,2025-11-12,25,direct_own_calendar,800371284.0,816007887.947685
2025-10-19,2025-11-13,25,direct_own_calendar,795412883.0,816091681.2494079
2025-10-20,2025-11-14,25,direct_own_calendar,784929625.0,805480287.1145979
2025-10-21,2025-11-15,25,direct_own_calendar,771969074.0,783845946.0251479
2025-10-22,2025-11-16,25,direct_own_calendar,748102925.0,765503022.5173047
2025-10-23,2025-11-17,25,direct_own_calendar,784946049.0,777450569.5041702
2025-10-24,2025-11-18,25,direct_own_calendar,802372785.0,773895137.10496
2025-10-25,2025-11-19,25,direct_own_calendar,785536331.0,773158283.5714852
2025-10-26,2025-11-20,25,direct_own_calendar,789566797.0,786908928.7615533
2025-10-27,2025-11-21,25,direct_own_calendar,781713368.0,799169389.7426498
2025-10-28,2025-11-22,25,direct_own_calendar,777234266.0,787322997.9930133
2025-10-29,2025-11-23,25,direct_own_calendar,763587139.0,762992086.2652874
2025-10-30,2025-11-24,25,direct_own_calendar,787419759.0,774243309.4317615
2025-10-31,2025-11-25,25,direct_own_calendar,779113247.0,777895612.030257
2025-11-01,2025-11-26,25,direct_own_calendar,779056661.0,770627587.310098
2025-11-02,2025-11-27,25,direct_own_calendar,785923784.0,770470859.8738064
2025-11-03,2025-11-28,25,direct_own_calendar,793532772.0,776073594.8659438
2025-11-04,2025-11-29,25,direct_own_calendar,775439198.0,780598540.4446555
2025-11-05,2025-11-30,25,direct_own_calendar,752415007.0,768528668.2573837
2025-11-06,2025-12-01,25,direct_own_calendar,752093794.0,779134770.8955591
2025-11-07,2025-12-02,25,direct_own_calendar,774181582.0,778311736.3838342
2025-11-08,2025-12-03,25,direct_own_calendar,779128904.0,779034991.4249195
2025-11-09,2025-12-04,25,direct_own_calendar,780611840.0,784210807.6159595
2025-11-10,2025-12-05,25,direct_own_calendar,790342731.0,786194846.0299587
2025-11-11,2025-12-06,25,direct_own_calendar,783475966.0,779492186.3299325
2025-11-12,2025-12-07,25,direct_own_calendar,769662376.0,766263712.1526109
2025-11-13,2025-12-08,25,direct_own_calendar,781993536.0,778288208.7189652
2025-11-14,2025-12-09,25,direct_own_calendar,790459836.0,780482033.9252272
2025-11-15,2025-12-10,25,direct_own_calendar,793331038.0,779940452.2610857
2025-11-16,2025-12-11,25,direct_own_calendar,792303023.0,773288707.4356271
2025-11-17,2025-12-12,25,direct_own_calendar,805771337.0,771587835.4682195
2025-11-18,2025-12-13,25,direct_own_calendar,805919635.0,762837545.9738787
2025-11-19,2025-12-14,25,direct_own_calendar,775261923.0,748442962.4576205
2025-11-20,2025-12-15,25,direct_own_calendar,800205024.0,759035479.020119
2025-11-21,2025-12-16,25,direct_own_calendar,791223092.0,759762762.2879409
2025-11-22,2025-12-17,25,direct_own_calendar,797873177.0,754600000.7275956
2025-11-23,2025-12-18,25,direct_own_calendar,807913091.0,756015566.9701097
2025-11-24,2025-12-19,25,direct_own_calendar,813412227.0,758464155.3539749
2025-11-25,2025-12-20,25,direct_own_calendar,800554656.0,753739167.2053531
2025-11-26,2025-12-21,25,direct_own_calendar,775722494.0,734629066.6515187
2025-11-27,2025-12-22,25,direct_own_calendar,800416947.0,752297676.4563094
2025-11-28,2025-12-23,25,direct_own_calendar,805434213.0,755899359.8222451
2025-11-29,2025-12-24,25,direct_own_calendar,803732375.0,750363076.570218
2025-11-30,2025-12-25,25,direct_own_calendar,824337857.0,744726987.108958
2025-12-01,2025-12-26,25,direct_own_calendar,812520530.0,745512287.3462535
2025-12-02,2025-12-27,25,direct_own_calendar,813024286.0,739595936.8480163
2025-12-03,2025-12-28,25,direct_own_calendar,798511867.0,731209418.0202758
2025-12-04,2025-12-29,25,direct_own_calendar,801303829.0,747052639.7886511
2025-12-05,2025-12-30,25,direct_own_calendar,799723069.0,746641994.6133838
2025-12-06,2025-12-31,25,direct_own_calendar,783373686.0,746486666.709937
2025-12-07,2026-01-01,25,direct_own_calendar,707758012.0,656853038.0174319
2025-12-08,2026-01-02,25,direct_own_calendar,741910307.0,664688322.0883
2025-12-09,2026-01-03,25,direct_own_calendar,801935633.0,678426021.8320656
2025-12-10,2026-01-04,25,direct_own_calendar,820839320.0,708339946.2785431
2025-12-11,2026-01-05,25,direct_own_calendar,819629944.0,745446993.7976738
2025-12-12,2026-01-06,25,direct_own_calendar,848208043.0,747039942.5861045
2025-12-13,2026-01-07,25,direct_own_calendar,836618404.0,743917340.0446063
2025-12-14,2026-01-08,25,direct_own_calendar,845715705.0,745996084.5515019
2025-12-15,2026-01-09,25,direct_own_calendar,845779172.0,750239503.6367732
2025-09-06,2025-10-01,25,direct_own_weather_holiday,893877447.0,855094797.9278119
2025-09-07,2025-10-02,25,direct_own_weather_holiday,877524402.0,843256603.1558242
2025-09-08,2025-10-03,25,direct_own_weather_holiday,906128774.0,840632623.8570842
2025-09-09,2025-10-04,25,direct_own_weather_holiday,947397946.0,864135263.0571735
2025-09-10,2025-10-05,25,direct_own_weather_holiday,967898095.0,854429502.4712317
2025-09-11,2025-10-06,25,direct_own_weather_holiday,909397624.0,851643362.4245863
2025-09-12,2025-10-07,25,direct_own_weather_holiday,958058211.0,843967960.8505747
2025-09-13,2025-10-08,25,direct_own_weather_holiday,1002652065.0,834790464.6153375
2025-09-14,2025-10-09,25,direct_own_weather_holiday,1006596066.0,924702488.6126384
2025-09-15,2025-10-10,25,direct_own_weather_holiday,988218980.0,903709416.7939637
2025-09-16,2025-10-11,25,direct_own_weather_holiday,993216057.0,894143324.4389005
2025-09-17,2025-10-12,25,direct_own_weather_holiday,982996119.0,868506811.7124099
2025-09-18,2025-10-13,25,direct_own_weather_holiday,994158096.0,917249663.0929271
2025-09-19,2025-10-14,25,direct_own_weather_holiday,999440675.0,906674125.2275946
2025-09-20,2025-10-15,25,direct_own_weather_holiday,979563855.0,900800115.3493799
2025-09-21,2025-10-16,25,direct_own_weather_holiday,973453600.0,894128578.1869596
2025-09-22,2025-10-17,25,direct_own_weather_holiday,976535370.0,880135653.0454789
2025-09-23,2025-10-18,25,direct_own_weather_holiday,976325746.0,853347286.2733767
2025-09-24,2025-10-19,25,direct_own_weather_holiday,896789087.0,809987344.7046608
2025-09-25,2025-10-20,25,direct_own_weather_holiday,853624251.0,771700636.7737122
2025-09-26,2025-10-21,25,direct_own_weather_holiday,795444895.0,774315936.3682995
2025-09-27,2025-10-22,25,direct_own_weather_holiday,783518576.0,774793769.4281367
2025-09-28,2025-10-23,25,direct_own_weather_holiday,783134792.0,780130527.3573382
2025-09-29,2025-10-24,25,direct_own_weather_holiday,786285205.0,786849818.2693187
2025-09-30,2025-10-25,25,direct_own_weather_holiday,787344834.0,778727586.9950525
2025-10-01,2025-10-26,25,direct_own_weather_holiday,788309358.0,736471225.2516164
2025-10-02,2025-10-27,25,direct_own_weather_holiday,788347388.0,727215839.8406208
2025-10-03,2025-10-28,25,direct_own_weather_holiday,803213606.0,725008258.7737601
2025-10-04,2025-10-29,25,direct_own_weather_holiday,791815205.0,736065283.679211
2025-10-05,2025-10-30,25,direct_own_weather_holiday,801523722.0,754649780.3291813
2025-10-06,2025-10-31,25,direct_own_weather_holiday,806599754.0,770324554.013476
2025-10-07,2025-11-01,25,direct_own_weather_holiday,760921367.0,756707535.4336047
2025-10-08,2025-11-02,25,direct_own_weather_holiday,744828378.0,748052700.9182137
2025-10-09,2025-11-03,25,direct_own_weather_holiday,780447693.0,762666451.082996
2025-10-10,2025-11-04,25,direct_own_weather_holiday,782600645.0,748365371.9533278
2025-10-11,2025-11-05,25,direct_own_weather_holiday,784108702.0,743845185.9572706
2025-10-12,2025-11-06,25,direct_own_weather_holiday,789959014.0,750888166.2969844
2025-10-13,2025-11-07,25,direct_own_weather_holiday,808798324.0,767009043.0409932
2025-10-14,2025-11-08,25,direct_own_weather_holiday,816286170.0,768066186.385519
2025-10-15,2025-11-09,25,direct_own_weather_holiday,794671570.0,752802109.9159701
2025-10-16,2025-11-10,25,direct_own_weather_holiday,803150509.0,759250004.1625121
2025-10-17,2025-11-11,25,direct_own_weather_holiday,811031660.0,758697108.3252158
2025-10-18,2025-11-12,25,direct_own_weather_holiday,800371284.0,757209114.5952879
2025-10-19,2025-11-13,25,direct_own_weather_holiday,795412883.0,756423060.2500883
2025-10-20,2025-11-14,25,direct_own_weather_holiday,784929625.0,756889622.6041257
2025-10-21,2025-11-15,25,direct_own_weather_holiday,771969074.0,730961473.6685675
2025-10-22,2025-11-16,25,direct_own_weather_holiday,748102925.0,712727062.4322777
2025-10-23,2025-11-17,25,direct_own_weather_holiday,784946049.0,733207294.1478897
2025-10-24,2025-11-18,25,direct_own_weather_holiday,802372785.0,749511603.9995456
2025-10-25,2025-11-19,25,direct_own_weather_holiday,785536331.0,765193991.1857939
2025-10-26,2025-11-20,25,direct_own_weather_holiday,789566797.0,771098773.5237433
2025-10-27,2025-11-21,25,direct_own_weather_holiday,781713368.0,771634453.8406714
2025-10-28,2025-11-22,25,direct_own_weather_holiday,777234266.0,758991861.9709293
2025-10-29,2025-11-23,25,direct_own_weather_holiday,763587139.0,730433813.2166111
2025-10-30,2025-11-24,25,direct_own_weather_holiday,787419759.0,747283828.9011922
2025-10-31,2025-11-25,25,direct_own_weather_holiday,779113247.0,762042062.0498544
2025-11-01,2025-11-26,25,direct_own_weather_holiday,779056661.0,761065389.1710508
2025-11-02,2025-11-27,25,direct_own_weather_holiday,785923784.0,761564002.4805287
2025-11-03,2025-11-28,25,direct_own_weather_holiday,793532772.0,769464945.001527
2025-11-04,2025-11-29,25,direct_own_weather_holiday,775439198.0,752064599.7966686
2025-11-05,2025-11-30,25,direct_own_weather_holiday,752415007.0,741473915.0039284
2025-11-06,2025-12-01,25,direct_own_weather_holiday,752093794.0,753970474.1149861
2025-11-07,2025-12-02,25,direct_own_weather_holiday,774181582.0,749469649.4641063
2025-11-08,2025-12-03,25,direct_own_weather_holiday,779128904.0,763020376.1531185
2025-11-09,2025-12-04,25,direct_own_weather_holiday,780611840.0,775396133.635509
2025-11-10,2025-12-05,25,direct_own_weather_holiday,790342731.0,769834933.3288676
2025-11-11,2025-12-06,25,direct_own_weather_holiday,783475966.0,753826214.3567616
2025-11-12,2025-12-07,25,direct_own_weather_holiday,769662376.0,736001352.8722157
2025-11-13,2025-12-08,25,direct_own_weather_holiday,781993536.0,758736728.195771
2025-11-14,2025-12-09,25,direct_own_weather_holiday,790459836.0,765567410.9810859
2025-11-15,2025-12-10,25,direct_own_weather_holiday,793331038.0,760157502.5036368
2025-11-16,2025-12-11,25,direct_own_weather_holiday,792303023.0,754699332.6548054
2025-11-17,2025-12-12,25,direct_own_weather_holiday,805771337.0,759753572.8285884
2025-11-18,2025-12-13,25,direct_own_weather_holiday,805919635.0,743250211.8611294
2025-11-19,2025-12-14,25,direct_own_weather_holiday,775261923.0,754035428.9324427
2025-11-20,2025-12-15,25,direct_own_weather_holiday,800205024.0,757512841.3242146
2025-11-21,2025-12-16,25,direct_own_weather_holiday,791223092.0,752723264.1698877
2025-11-22,2025-12-17,25,direct_own_weather_holiday,797873177.0,754288807.6393447
2025-11-23,2025-12-18,25,direct_own_weather_holiday,807913091.0,758688084.9924488
2025-11-24,2025-12-19,25,direct_own_weather_holiday,813412227.0,749710009.236954
2025-11-25,2025-12-20,25,direct_own_weather_holiday,800554656.0,741516819.6171658
2025-11-26,2025-12-21,25,direct_own_weather_holiday,775722494.0,728382638.7219876
2025-11-27,2025-12-22,25,direct_own_weather_holiday,800416947.0,750532446.1736513
2025-11-28,2025-12-23,25,direct_own_weather_holiday,805434213.0,747608143.3996834
2025-11-29,2025-12-24,25,direct_own_weather_holiday,803732375.0,746732040.7373933
2025-11-30,2025-12-25,25,direct_own_weather_holiday,824337857.0,751034163.5374103
2025-12-01,2025-12-26,25,direct_own_weather_holiday,812520530.0,772571980.3016446
2025-12-02,2025-12-27,25,direct_own_weather_holiday,813024286.0,750228124.8556411
2025-12-03,2025-12-28,25,direct_own_weather_holiday,798511867.0,736504101.0082016
2025-12-04,2025-12-29,25,direct_own_weather_holiday,801303829.0,750402454.1624851
2025-12-05,2025-12-30,25,direct_own_weather_holiday,799723069.0,751653913.0054365
2025-12-06,2025-12-31,25,direct_own_weather_holiday,783373686.0,759465411.1096518
2025-12-07,2026-01-01,25,direct_own_weather_holiday,707758012.0,676574801.5126526
2025-12-08,2026-01-02,25,direct_own_weather_holiday,741910307.0,692684833.7350209
2025-12-09,2026-01-03,25,direct_own_weather_holiday,801935633.0,714785626.5350422
2025-12-10,2026-01-04,25,direct_own_weather_holiday,820839320.0,725690110.8638221
2025-12-11,2026-01-05,25,direct_own_weather_holiday,819629944.0,752510365.9757112
2025-12-12,2026-01-06,25,direct_own_weather_holiday,848208043.0,767297568.6897421
2025-12-13,2026-01-07,25,direct_own_weather_holiday,836618404.0,772752919.9165343
2025-12-14,2026-01-08,25,direct_own_weather_holiday,845715705.0,775958410.9053586
2025-12-15,2026-01-09,25,direct_own_weather_holiday,845779172.0,777326958.8286439
2025-09-06,2025-10-01,25,direct_category_weather_holiday,893877447.0,891577185.2698658
2025-09-07,2025-10-02,25,direct_category_weather_holiday,877524402.0,884188365.923476
2025-09-08,2025-10-03,25,direct_category_weather_holiday,906128774.0,888679732.0570627
2025-09-09,2025-10-04,25,direct_category_weather_holiday,947397946.0,906367570.6173772
2025-09-10,2025-10-05,25,direct_category_weather_holiday,967898095.0,897583250.8500928
2025-09-11,2025-10-06,25,direct_category_weather_holiday,909397624.0,888618102.1551987
2025-09-12,2025-10-07,25,direct_category_weather_holiday,958058211.0,881311677.0545409
2025-09-13,2025-10-08,25,direct_category_weather_holiday,1002652065.0,876073174.2898388
2025-09-14,2025-10-09,25,direct_category_weather_holiday,1006596066.0,943678001.5660594
2025-09-15,2025-10-10,25,direct_category_weather_holiday,988218980.0,930894788.373101
2025-09-16,2025-10-11,25,direct_category_weather_holiday,993216057.0,923752905.1866093
2025-09-17,2025-10-12,25,direct_category_weather_holiday,982996119.0,916038277.0714369
2025-09-18,2025-10-13,25,direct_category_weather_holiday,994158096.0,951191820.1116289
2025-09-19,2025-10-14,25,direct_category_weather_holiday,999440675.0,944188702.5045261
2025-09-20,2025-10-15,25,direct_category_weather_holiday,979563855.0,934546092.3118831
2025-09-21,2025-10-16,25,direct_category_weather_holiday,973453600.0,929303929.1462501
2025-09-22,2025-10-17,25,direct_category_weather_holiday,976535370.0,914539239.320476
2025-09-23,2025-10-18,25,direct_category_weather_holiday,976325746.0,897805544.1941075
2025-09-24,2025-10-19,25,direct_category_weather_holiday,896789087.0,862285820.6621485
2025-09-25,2025-10-20,25,direct_category_weather_holiday,853624251.0,823203144.3147892
2025-09-26,2025-10-21,25,direct_category_weather_holiday,795444895.0,828017954.9484649
2025-09-27,2025-10-22,25,direct_category_weather_holiday,783518576.0,820807951.7376461
2025-09-28,2025-10-23,25,direct_category_weather_holiday,783134792.0,815546780.3721135
2025-09-29,2025-10-24,25,direct_category_weather_holiday,786285205.0,828089424.4074812
2025-09-30,2025-10-25,25,direct_category_weather_holiday,787344834.0,822706201.0772636
2025-10-01,2025-10-26,25,direct_category_weather_holiday,788309358.0,794575766.2653451
2025-10-02,2025-10-27,25,direct_category_weather_holiday,788347388.0,802631164.6205862
2025-10-03,2025-10-28,25,direct_category_weather_holiday,803213606.0,791012136.1233085
2025-10-04,2025-10-29,25,direct_category_weather_holiday,791815205.0,799765489.058627
2025-10-05,2025-10-30,25,direct_category_weather_holiday,801523722.0,808674524.9106025
2025-10-06,2025-10-31,25,direct_category_weather_holiday,806599754.0,824157881.5743124
2025-10-07,2025-11-01,25,direct_category_weather_holiday,760921367.0,829379190.3677801
2025-10-08,2025-11-02,25,direct_category_weather_holiday,744828378.0,811611945.521664
2025-10-09,2025-11-03,25,direct_category_weather_holiday,780447693.0,811369562.13968
2025-10-10,2025-11-04,25,direct_category_weather_holiday,782600645.0,798454113.081743
2025-10-11,2025-11-05,25,direct_category_weather_holiday,784108702.0,783274871.3348393
2025-10-12,2025-11-06,25,direct_category_weather_holiday,789959014.0,804419648.8775793
2025-10-13,2025-11-07,25,direct_category_weather_holiday,808798324.0,837473162.298956
2025-10-14,2025-11-08,25,direct_category_weather_holiday,816286170.0,814806875.0194155
2025-10-15,2025-11-09,25,direct_category_weather_holiday,794671570.0,790985950.6837368
2025-10-16,2025-11-10,25,direct_category_weather_holiday,803150509.0,785209606.11844
2025-10-17,2025-11-11,25,direct_category_weather_holiday,811031660.0,783834583.390371
2025-10-18,2025-11-12,25,direct_category_weather_holiday,800371284.0,785702068.3745819
2025-10-19,2025-11-13,25,direct_category_weather_holiday,795412883.0,789270055.77192
2025-10-20,2025-11-14,25,direct_category_weather_holiday,784929625.0,781322058.3675245
2025-10-21,2025-11-15,25,direct_category_weather_holiday,771969074.0,766543281.3781012
2025-10-22,2025-11-16,25,direct_category_weather_holiday,748102925.0,748045080.020167
2025-10-23,2025-11-17,25,direct_category_weather_holiday,784946049.0,776015390.9771247
2025-10-24,2025-11-18,25,direct_category_weather_holiday,802372785.0,796648906.0095195
2025-10-25,2025-11-19,25,direct_category_weather_holiday,785536331.0,807030217.9207515
2025-10-26,2025-11-20,25,direct_category_weather_holiday,789566797.0,809780853.9769324
2025-10-27,2025-11-21,25,direct_category_weather_holiday,781713368.0,822271492.9999644
2025-10-28,2025-11-22,25,direct_category_weather_holiday,777234266.0,817181178.2103246
2025-10-29,2025-11-23,25,direct_category_weather_holiday,763587139.0,816686149.8613203
2025-10-30,2025-11-24,25,direct_category_weather_holiday,787419759.0,818790362.6728631
2025-10-31,2025-11-25,25,direct_category_weather_holiday,779113247.0,825365353.3503814
2025-11-01,2025-11-26,25,direct_category_weather_holiday,779056661.0,823801232.0287975
2025-11-02,2025-11-27,25,direct_category_weather_holiday,785923784.0,818337438.0991981
2025-11-03,2025-11-28,25,direct_category_weather_holiday,793532772.0,847949170.1457571
2025-11-04,2025-11-29,25,direct_category_weather_holiday,775439198.0,822225456.2836266
2025-11-05,2025-11-30,25,direct_category_weather_holiday,752415007.0,795385992.5951425
2025-11-06,2025-12-01,25,direct_category_weather_holiday,752093794.0,798298646.9148324
2025-11-07,2025-12-02,25,direct_category_weather_holiday,774181582.0,797193145.7051651
2025-11-08,2025-12-03,25,direct_category_weather_holiday,779128904.0,820098723.543274
2025-11-09,2025-12-04,25,direct_category_weather_holiday,780611840.0,826673196.6634995
2025-11-10,2025-12-05,25,direct_category_weather_holiday,790342731.0,826762292.638506
2025-11-11,2025-12-06,25,direct_category_weather_holiday,783475966.0,819918152.6869923
2025-11-12,2025-12-07,25,direct_category_weather_holiday,769662376.0,797621531.2789873
2025-11-13,2025-12-08,25,direct_category_weather_holiday,781993536.0,820527943.7846066
2025-11-14,2025-12-09,25,direct_category_weather_holiday,790459836.0,825161677.485302
2025-11-15,2025-12-10,25,direct_category_weather_holiday,793331038.0,808090068.9495934
2025-11-16,2025-12-11,25,direct_category_weather_holiday,792303023.0,795296284.3610632
2025-11-17,2025-12-12,25,direct_category_weather_holiday,805771337.0,807992005.6734942
2025-11-18,2025-12-13,25,direct_category_weather_holiday,805919635.0,799578782.4610565
2025-11-19,2025-12-14,25,direct_category_weather_holiday,775261923.0,800432405.386845
2025-11-20,2025-12-15,25,direct_category_weather_holiday,800205024.0,801333975.7683257
2025-11-21,2025-12-16,25,direct_category_weather_holiday,791223092.0,791212490.8269283
2025-11-22,2025-12-17,25,direct_category_weather_holiday,797873177.0,789996203.9449325
2025-11-23,2025-12-18,25,direct_category_weather_holiday,807913091.0,798556529.3291888
2025-11-24,2025-12-19,25,direct_category_weather_holiday,813412227.0,791875412.9414396
2025-11-25,2025-12-20,25,direct_category_weather_holiday,800554656.0,780682387.3365995
2025-11-26,2025-12-21,25,direct_category_weather_holiday,775722494.0,767410063.3842251
2025-11-27,2025-12-22,25,direct_category_weather_holiday,800416947.0,787479878.3353484
2025-11-28,2025-12-23,25,direct_category_weather_holiday,805434213.0,780816918.0116614
2025-11-29,2025-12-24,25,direct_category_weather_holiday,803732375.0,780897982.7835748
2025-11-30,2025-12-25,25,direct_category_weather_holiday,824337857.0,785886001.085035
2025-12-01,2025-12-26,25,direct_category_weather_holiday,812520530.0,807564642.6718311
2025-12-02,2025-12-27,25,direct_category_weather_holiday,813024286.0,791886919.6713798
2025-12-03,2025-12-28,25,direct_category_weather_holiday,798511867.0,762873153.8506418
2025-12-04,2025-12-29,25,direct_category_weather_holiday,801303829.0,776752442.5527447
2025-12-05,2025-12-30,25,direct_category_weather_holiday,799723069.0,778062754.4520826
2025-12-06,2025-12-31,25,direct_category_weather_holiday,783373686.0,788993906.7728716
2025-12-07,2026-01-01,25,direct_category_weather_holiday,707758012.0,705220675.2735205
2025-12-08,2026-01-02,25,direct_category_weather_holiday,741910307.0,725266500.9869639
2025-12-09,2026-01-03,25,direct_category_weather_holiday,801935633.0,743006476.8703909
2025-12-10,2026-01-04,25,direct_category_weather_holiday,820839320.0,767600947.5756197
2025-12-11,2026-01-05,25,direct_category_weather_holiday,819629944.0,785460797.8174977
2025-12-12,2026-01-06,25,direct_category_weather_holiday,848208043.0,798759171.6117188
2025-12-13,2026-01-07,25,direct_category_weather_holiday,836618404.0,804143484.7834203
2025-12-14,2026-01-08,25,direct_category_weather_holiday,845715705.0,808615332.730395
2025-12-15,2026-01-09,25,direct_category_weather_holiday,845779172.0,798460191.3216096
2025-09-05,2025-10-01,26,direct_own_calendar,893877447.0,762465312.8183999
2025-09-06,2025-10-02,26,direct_own_calendar,877524402.0,766315217.2403617
2025-09-07,2025-10-03,26,direct_own_calendar,906128774.0,765109239.5283465
2025-09-08,2025-10-04,26,direct_own_calendar,947397946.0,774506269.9578285
2025-09-09,2025-10-05,26,direct_own_calendar,967898095.0,757619056.7669317
2025-09-10,2025-10-06,26,direct_own_calendar,909397624.0,754857339.8443978
2025-09-11,2025-10-07,26,direct_own_calendar,958058211.0,756266018.9929389
2025-09-12,2025-10-08,26,direct_own_calendar,1002652065.0,754574995.8097016
2025-09-13,2025-10-09,26,direct_own_calendar,1006596066.0,893358699.3545293
2025-09-14,2025-10-10,26,direct_own_calendar,988218980.0,883081483.8749841
2025-09-15,2025-10-11,26,direct_own_calendar,993216057.0,845795740.9264729
2025-09-16,2025-10-12,26,direct_own_calendar,982996119.0,860788840.030947
2025-09-17,2025-10-13,26,direct_own_calendar,994158096.0,858686573.7657294
2025-09-18,2025-10-14,26,direct_own_calendar,999440675.0,882614917.5253154
2025-09-19,2025-10-15,26,direct_own_calendar,979563855.0,880813549.0194523
2025-09-20,2025-10-16,26,direct_own_calendar,973453600.0,881510430.6334516
2025-09-21,2025-10-17,26,direct_own_calendar,976535370.0,883361444.2208945
2025-09-22,2025-10-18,26,direct_own_calendar,976325746.0,859716846.1636503
2025-09-23,2025-10-19,26,direct_own_calendar,896789087.0,825566142.2373027
2025-09-24,2025-10-20,26,direct_own_calendar,853624251.0,840713749.4493866
2025-09-25,2025-10-21,26,direct_own_calendar,795444895.0,847253452.3549595
2025-09-26,2025-10-22,26,direct_own_calendar,783518576.0,851883718.1873479
2025-09-27,2025-10-23,26,direct_own_calendar,783134792.0,850682237.3619238
2025-09-28,2025-10-24,26,direct_own_calendar,786285205.0,854993869.6244483
2025-09-29,2025-10-25,26,direct_own_calendar,787344834.0,857626819.1750522
2025-09-30,2025-10-26,26,direct_own_calendar,788309358.0,837993171.0473044
2025-10-01,2025-10-27,26,direct_own_calendar,788347388.0,810564373.9391669
2025-10-02,2025-10-28,26,direct_own_calendar,803213606.0,780378182.6258733
2025-10-03,2025-10-29,26,direct_own_calendar,791815205.0,778474235.1011603
2025-10-04,2025-10-30,26,direct_own_calendar,801523722.0,796698356.0012724
2025-10-05,2025-10-31,26,direct_own_calendar,806599754.0,820089735.6380376
2025-10-06,2025-11-01,26,direct_own_calendar,760921367.0,832405041.6141725
2025-10-07,2025-11-02,26,direct_own_calendar,744828378.0,811154559.5228078
2025-10-08,2025-11-03,26,direct_own_calendar,780447693.0,820850023.822172
2025-10-09,2025-11-04,26,direct_own_calendar,782600645.0,821383162.394205
2025-10-10,2025-11-05,26,direct_own_calendar,784108702.0,809302741.7070981
2025-10-11,2025-11-06,26,direct_own_calendar,789959014.0,802640903.2022377
2025-10-12,2025-11-07,26,direct_own_calendar,808798324.0,809267862.7629156
2025-10-13,2025-11-08,26,direct_own_calendar,816286170.0,810363633.6548145
2025-10-14,2025-11-09,26,direct_own_calendar,794671570.0,800385023.8302029
2025-10-15,2025-11-10,26,direct_own_calendar,803150509.0,820274750.661856
2025-10-16,2025-11-11,26,direct_own_calendar,811031660.0,812256842.8891052
2025-10-17,2025-11-12,26,direct_own_calendar,800371284.0,810987243.634142
2025-10-18,2025-11-13,26,direct_own_calendar,795412883.0,812834502.2779847
2025-10-19,2025-11-14,26,direct_own_calendar,784929625.0,816925161.2484336
2025-10-20,2025-11-15,26,direct_own_calendar,771969074.0,798034538.8822943
2025-10-21,2025-11-16,26,direct_own_calendar,748102925.0,770648198.2537014
2025-10-22,2025-11-17,26,direct_own_calendar,784946049.0,781529185.0125846
2025-10-23,2025-11-18,26,direct_own_calendar,802372785.0,779853726.3869364
2025-10-24,2025-11-19,26,direct_own_calendar,785536331.0,772653311.676163
2025-10-25,2025-11-20,26,direct_own_calendar,789566797.0,778357344.6199094
2025-10-26,2025-11-21,26,direct_own_calendar,781713368.0,793623838.8235049
2025-10-27,2025-11-22,26,direct_own_calendar,777234266.0,793893823.56849
2025-10-28,2025-11-23,26,direct_own_calendar,763587139.0,771541572.7981646
2025-10-29,2025-11-24,26,direct_own_calendar,787419759.0,774857211.8486505
2025-10-30,2025-11-25,26,direct_own_calendar,779113247.0,771335429.0015336
2025-10-31,2025-11-26,26,direct_own_calendar,779056661.0,770625094.4773574
2025-11-01,2025-11-27,26,direct_own_calendar,785923784.0,768769747.1795758
2025-11-02,2025-11-28,26,direct_own_calendar,793532772.0,773692613.1834149
2025-11-03,2025-11-29,26,direct_own_calendar,775439198.0,769893434.1260935
2025-11-04,2025-11-30,26,direct_own_calendar,752415007.0,765298433.692397
2025-11-05,2025-12-01,26,direct_own_calendar,752093794.0,780093089.2530279
2025-11-06,2025-12-02,26,direct_own_calendar,774181582.0,776623268.0204186
2025-11-07,2025-12-03,26,direct_own_calendar,779128904.0,771734574.0397348
2025-11-08,2025-12-04,26,direct_own_calendar,780611840.0,775905041.619975
2025-11-09,2025-12-05,26,direct_own_calendar,790342731.0,784189962.9511056
2025-11-10,2025-12-06,26,direct_own_calendar,783475966.0,777374971.638223
2025-11-11,2025-12-07,26,direct_own_calendar,769662376.0,762311049.092291
2025-11-12,2025-12-08,26,direct_own_calendar,781993536.0,776663710.7523471
2025-11-13,2025-12-09,26,direct_own_calendar,790459836.0,774309775.4910779
2025-11-14,2025-12-10,26,direct_own_calendar,793331038.0,773188490.0987191
2025-11-15,2025-12-11,26,direct_own_calendar,792303023.0,778888139.4853421
2025-11-16,2025-12-12,26,direct_own_calendar,805771337.0,776540782.3994718
2025-11-17,2025-12-13,26,direct_own_calendar,805919635.0,765694830.2751665
2025-11-18,2025-12-14,26,direct_own_calendar,775261923.0,748534933.6024793
2025-11-19,2025-12-15,26,direct_own_calendar,800205024.0,760819764.1324648
2025-11-20,2025-12-16,26,direct_own_calendar,791223092.0,756843927.6356684
2025-11-21,2025-12-17,26,direct_own_calendar,797873177.0,753069883.5694011
2025-11-22,2025-12-18,26,direct_own_calendar,807913091.0,753154739.9384532
2025-11-23,2025-12-19,26,direct_own_calendar,813412227.0,758014406.8980582
2025-11-24,2025-12-20,26,direct_own_calendar,800554656.0,751675755.6340857
2025-11-25,2025-12-21,26,direct_own_calendar,775722494.0,738733900.7550561
2025-11-26,2025-12-22,26,direct_own_calendar,800416947.0,746846359.5991944
2025-11-27,2025-12-23,26,direct_own_calendar,805434213.0,750052408.1097574
2025-11-28,2025-12-24,26,direct_own_calendar,803732375.0,748712773.2760302
2025-11-29,2025-12-25,26,direct_own_calendar,824337857.0,748626336.6424896
2025-11-30,2025-12-26,26,direct_own_calendar,812520530.0,747118217.7850313
2025-12-01,2025-12-27,26,direct_own_calendar,813024286.0,739121680.7455928
2025-12-02,2025-12-28,26,direct_own_calendar,798511867.0,724605323.5718426
2025-12-03,2025-12-29,26,direct_own_calendar,801303829.0,743530827.7607263
2025-12-04,2025-12-30,26,direct_own_calendar,799723069.0,744453223.9341372
2025-12-05,2025-12-31,26,direct_own_calendar,783373686.0,740043299.6308835
2025-12-06,2026-01-01,26,direct_own_calendar,707758012.0,656029187.018914
2025-12-07,2026-01-02,26,direct_own_calendar,741910307.0,660147304.5289779
2025-12-08,2026-01-03,26,direct_own_calendar,801935633.0,674550355.3473926
2025-12-09,2026-01-04,26,direct_own_calendar,820839320.0,709101183.4400136
2025-12-10,2026-01-05,26,direct_own_calendar,819629944.0,743588934.8278736
2025-12-11,2026-01-06,26,direct_own_calendar,848208043.0,741854924.5928708
2025-12-12,2026-01-07,26,direct_own_calendar,836618404.0,739519772.3370329
2025-12-13,2026-01-08,26,direct_own_calendar,845715705.0,741612364.8715016
2025-12-14,2026-01-09,26,direct_own_calendar,845779172.0,747168589.0296255
2025-09-05,2025-10-01,26,direct_own_weather_holiday,893877447.0,853815706.186868
2025-09-06,2025-10-02,26,direct_own_weather_holiday,877524402.0,848804042.6569138
2025-09-07,2025-10-03,26,direct_own_weather_holiday,906128774.0,843002097.2982358
2025-09-08,2025-10-04,26,direct_own_weather_holiday,947397946.0,864431857.3105606
2025-09-09,2025-10-05,26,direct_own_weather_holiday,967898095.0,855385333.5230422
2025-09-10,2025-10-06,26,direct_own_weather_holiday,909397624.0,853228640.5734082
2025-09-11,2025-10-07,26,direct_own_weather_holiday,958058211.0,844475894.8147963
2025-09-12,2025-10-08,26,direct_own_weather_holiday,1002652065.0,834626034.7664113
2025-09-13,2025-10-09,26,direct_own_weather_holiday,1006596066.0,932559629.0411168
2025-09-14,2025-10-10,26,direct_own_weather_holiday,988218980.0,907342522.4429104
2025-09-15,2025-10-11,26,direct_own_weather_holiday,993216057.0,897588008.6703323
2025-09-16,2025-10-12,26,direct_own_weather_holiday,982996119.0,878348907.6420172
2025-09-17,2025-10-13,26,direct_own_weather_holiday,994158096.0,896918380.1912302
2025-09-18,2025-10-14,26,direct_own_weather_holiday,999440675.0,902522568.6205457
2025-09-19,2025-10-15,26,direct_own_weather_holiday,979563855.0,898458295.954236
2025-09-20,2025-10-16,26,direct_own_weather_holiday,973453600.0,893771366.1767522
2025-09-21,2025-10-17,26,direct_own_weather_holiday,976535370.0,892772300.419851
2025-09-22,2025-10-18,26,direct_own_weather_holiday,976325746.0,867964369.0287039
2025-09-23,2025-10-19,26,direct_own_weather_holiday,896789087.0,809341994.0354613
2025-09-24,2025-10-20,26,direct_own_weather_holiday,853624251.0,763246141.3889426
2025-09-25,2025-10-21,26,direct_own_weather_holiday,795444895.0,761214416.9803267
2025-09-26,2025-10-22,26,direct_own_weather_holiday,783518576.0,771802625.6771953
2025-09-27,2025-10-23,26,direct_own_weather_holiday,783134792.0,776110989.286478
2025-09-28,2025-10-24,26,direct_own_weather_holiday,786285205.0,777760937.7494569
2025-09-29,2025-10-25,26,direct_own_weather_holiday,787344834.0,780326892.912376
2025-09-30,2025-10-26,26,direct_own_weather_holiday,788309358.0,761269039.1887412
2025-10-01,2025-10-27,26,direct_own_weather_holiday,788347388.0,746744156.8543243
2025-10-02,2025-10-28,26,direct_own_weather_holiday,803213606.0,722323441.6983883
2025-10-03,2025-10-29,26,direct_own_weather_holiday,791815205.0,724110653.5336705
2025-10-04,2025-10-30,26,direct_own_weather_holiday,801523722.0,741039797.4836473
2025-10-05,2025-10-31,26,direct_own_weather_holiday,806599754.0,755983314.4372922
2025-10-06,2025-11-01,26,direct_own_weather_holiday,760921367.0,758105652.8693131
2025-10-07,2025-11-02,26,direct_own_weather_holiday,744828378.0,743447734.227167
2025-10-08,2025-11-03,26,direct_own_weather_holiday,780447693.0,755255067.7501984
2025-10-09,2025-11-04,26,direct_own_weather_holiday,782600645.0,747555969.3106215
2025-10-10,2025-11-05,26,direct_own_weather_holiday,784108702.0,746576916.2044933
2025-10-11,2025-11-06,26,direct_own_weather_holiday,789959014.0,747371892.2145988
2025-10-12,2025-11-07,26,direct_own_weather_holiday,808798324.0,754357103.860775
2025-10-13,2025-11-08,26,direct_own_weather_holiday,816286170.0,763083199.04638
2025-10-14,2025-11-09,26,direct_own_weather_holiday,794671570.0,746888472.9276174
2025-10-15,2025-11-10,26,direct_own_weather_holiday,803150509.0,759330463.7890798
2025-10-16,2025-11-11,26,direct_own_weather_holiday,811031660.0,749294329.3627418
2025-10-17,2025-11-12,26,direct_own_weather_holiday,800371284.0,751598677.9640828
2025-10-18,2025-11-13,26,direct_own_weather_holiday,795412883.0,752732010.1281886
2025-10-19,2025-11-14,26,direct_own_weather_holiday,784929625.0,764526840.5327716
2025-10-20,2025-11-15,26,direct_own_weather_holiday,771969074.0,739554891.2259978
2025-10-21,2025-11-16,26,direct_own_weather_holiday,748102925.0,714852050.0409455
2025-10-22,2025-11-17,26,direct_own_weather_holiday,784946049.0,735140016.2447237
2025-10-23,2025-11-18,26,direct_own_weather_holiday,802372785.0,752220443.5015588
2025-10-24,2025-11-19,26,direct_own_weather_holiday,785536331.0,763298754.7924421
2025-10-25,2025-11-20,26,direct_own_weather_holiday,789566797.0,761597258.1252384
2025-10-26,2025-11-21,26,direct_own_weather_holiday,781713368.0,765891720.5739117
2025-10-27,2025-11-22,26,direct_own_weather_holiday,777234266.0,762224940.6650172
2025-10-28,2025-11-23,26,direct_own_weather_holiday,763587139.0,739617240.5778152
2025-10-29,2025-11-24,26,direct_own_weather_holiday,787419759.0,750117824.5687509
2025-10-30,2025-11-25,26,direct_own_weather_holiday,779113247.0,759271360.4892508
2025-10-31,2025-11-26,26,direct_own_weather_holiday,779056661.0,762892178.7164218
2025-11-01,2025-11-27,26,direct_own_weather_holiday,785923784.0,763244013.7715791
2025-11-02,2025-11-28,26,direct_own_weather_holiday,793532772.0,769617991.3843896
2025-11-03,2025-11-29,26,direct_own_weather_holiday,775439198.0,747711052.9022938
2025-11-04,2025-11-30,26,direct_own_weather_holiday,752415007.0,739590141.5541512
2025-11-05,2025-12-01,26,direct_own_weather_holiday,752093794.0,755491794.7152205
2025-11-06,2025-12-02,26,direct_own_weather_holiday,774181582.0,748621545.0534264
2025-11-07,2025-12-03,26,direct_own_weather_holiday,779128904.0,755663080.7818588
2025-11-08,2025-12-04,26,direct_own_weather_holiday,780611840.0,768834693.8446323
2025-11-09,2025-12-05,26,direct_own_weather_holiday,790342731.0,769825033.347635
2025-11-10,2025-12-06,26,direct_own_weather_holiday,783475966.0,752184940.3245541
2025-11-11,2025-12-07,26,direct_own_weather_holiday,769662376.0,733781611.242537
2025-11-12,2025-12-08,26,direct_own_weather_holiday,781993536.0,757173856.37847
2025-11-13,2025-12-09,26,direct_own_weather_holiday,790459836.0,759973925.1824121
2025-11-14,2025-12-10,26,direct_own_weather_holiday,793331038.0,755512436.467199
2025-11-15,2025-12-11,26,direct_own_weather_holiday,792303023.0,758147362.5894198
2025-11-16,2025-12-12,26,direct_own_weather_holiday,805771337.0,761473954.9995778
2025-11-17,2025-12-13,26,direct_own_weather_holiday,805919635.0,744721615.7962013
2025-11-18,2025-12-14,26,direct_own_weather_holiday,775261923.0,753970090.1782478
2025-11-19,2025-12-15,26,direct_own_weather_holiday,800205024.0,758618758.2487488
2025-11-20,2025-12-16,26,direct_own_weather_holiday,791223092.0,751238434.4778733
2025-11-21,2025-12-17,26,direct_own_weather_holiday,797873177.0,753909845.7109092
2025-11-22,2025-12-18,26,direct_own_weather_holiday,807913091.0,756148581.4062021
2025-11-23,2025-12-19,26,direct_own_weather_holiday,813412227.0,750460310.9241154
2025-11-24,2025-12-20,26,direct_own_weather_holiday,800554656.0,740512544.312829
2025-11-25,2025-12-21,26,direct_own_weather_holiday,775722494.0,730406577.4162096
2025-11-26,2025-12-22,26,direct_own_weather_holiday,800416947.0,746678829.4518422
2025-11-27,2025-12-23,26,direct_own_weather_holiday,805434213.0,743764917.2767934
2025-11-28,2025-12-24,26,direct_own_weather_holiday,803732375.0,746011242.8034958
2025-11-29,2025-12-25,26,direct_own_weather_holiday,824337857.0,753439874.713176
2025-11-30,2025-12-26,26,direct_own_weather_holiday,812520530.0,773642143.299366
2025-12-01,2025-12-27,26,direct_own_weather_holiday,813024286.0,750253567.1737684
2025-12-02,2025-12-28,26,direct_own_weather_holiday,798511867.0,733385654.5506734
2025-12-03,2025-12-29,26,direct_own_weather_holiday,801303829.0,749233635.0688347
2025-12-04,2025-12-30,26,direct_own_weather_holiday,799723069.0,750560653.3760797
2025-12-05,2025-12-31,26,direct_own_weather_holiday,783373686.0,753481743.9778367
2025-12-06,2026-01-01,26,direct_own_weather_holiday,707758012.0,675323612.6023676
2025-12-07,2026-01-02,26,direct_own_weather_holiday,741910307.0,689296131.1173824
2025-12-08,2026-01-03,26,direct_own_weather_holiday,801935633.0,713786525.1716194
2025-12-09,2026-01-04,26,direct_own_weather_holiday,820839320.0,727750264.4743502
2025-12-10,2026-01-05,26,direct_own_weather_holiday,819629944.0,751343477.2074503
2025-12-11,2026-01-06,26,direct_own_weather_holiday,848208043.0,764075166.522228
2025-12-12,2026-01-07,26,direct_own_weather_holiday,836618404.0,770807798.6002557
2025-12-13,2026-01-08,26,direct_own_weather_holiday,845715705.0,774235234.8106009
2025-12-14,2026-01-09,26,direct_own_weather_holiday,845779172.0,776295750.594744
2025-09-05,2025-10-01,26,direct_category_weather_holiday,893877447.0,890409314.5320259
2025-09-06,2025-10-02,26,direct_category_weather_holiday,877524402.0,883083255.8283255
2025-09-07,2025-10-03,26,direct_category_weather_holiday,906128774.0,880744086.92786
2025-09-08,2025-10-04,26,direct_category_weather_holiday,947397946.0,914241323.786517
2025-09-09,2025-10-05,26,direct_category_weather_holiday,967898095.0,893098801.5361477
2025-09-10,2025-10-06,26,direct_category_weather_holiday,909397624.0,892502845.6841378
2025-09-11,2025-10-07,26,direct_category_weather_holiday,958058211.0,881435755.382082
2025-09-12,2025-10-08,26,direct_category_weather_holiday,1002652065.0,872626352.2668024
2025-09-13,2025-10-09,26,direct_category_weather_holiday,1006596066.0,961316018.984677
2025-09-14,2025-10-10,26,direct_category_weather_holiday,988218980.0,931507723.4673406
2025-09-15,2025-10-11,26,direct_category_weather_holiday,993216057.0,928931970.016179
2025-09-16,2025-10-12,26,direct_category_weather_holiday,982996119.0,911875619.928688
2025-09-17,2025-10-13,26,direct_category_weather_holiday,994158096.0,943948668.7466768
2025-09-18,2025-10-14,26,direct_category_weather_holiday,999440675.0,940403303.9221822
2025-09-19,2025-10-15,26,direct_category_weather_holiday,979563855.0,936786342.783048
2025-09-20,2025-10-16,26,direct_category_weather_holiday,973453600.0,929653182.8280404
2025-09-21,2025-10-17,26,direct_category_weather_holiday,976535370.0,929496605.5916295
2025-09-22,2025-10-18,26,direct_category_weather_holiday,976325746.0,902113236.5083959
2025-09-23,2025-10-19,26,direct_category_weather_holiday,896789087.0,855528657.3717347
2025-09-24,2025-10-20,26,direct_category_weather_holiday,853624251.0,818083737.0461402
2025-09-25,2025-10-21,26,direct_category_weather_holiday,795444895.0,818289010.4723305
2025-09-26,2025-10-22,26,direct_category_weather_holiday,783518576.0,823554661.5302293
2025-09-27,2025-10-23,26,direct_category_weather_holiday,783134792.0,820695107.4553999
2025-09-28,2025-10-24,26,direct_category_weather_holiday,786285205.0,812311501.4357921
2025-09-29,2025-10-25,26,direct_category_weather_holiday,787344834.0,820016176.730896
2025-09-30,2025-10-26,26,direct_category_weather_holiday,788309358.0,807676294.1615058
2025-10-01,2025-10-27,26,direct_category_weather_holiday,788347388.0,803601898.7652892
2025-10-02,2025-10-28,26,direct_category_weather_holiday,803213606.0,797388374.2806362
2025-10-03,2025-10-29,26,direct_category_weather_holiday,791815205.0,789498898.245712
2025-10-04,2025-10-30,26,direct_category_weather_holiday,801523722.0,802331391.7030729
2025-10-05,2025-10-31,26,direct_category_weather_holiday,806599754.0,802881552.6369076
2025-10-06,2025-11-01,26,direct_category_weather_holiday,760921367.0,807653730.7688669
2025-10-07,2025-11-02,26,direct_category_weather_holiday,744828378.0,811148194.49432
2025-10-08,2025-11-03,26,direct_category_weather_holiday,780447693.0,828048136.274983
2025-10-09,2025-11-04,26,direct_category_weather_holiday,782600645.0,804777583.0224441
2025-10-10,2025-11-05,26,direct_category_weather_holiday,784108702.0,792476489.5381414
2025-10-11,2025-11-06,26,direct_category_weather_holiday,789959014.0,788928205.3532261
2025-10-12,2025-11-07,26,direct_category_weather_holiday,808798324.0,810535067.7086318
2025-10-13,2025-11-08,26,direct_category_weather_holiday,816286170.0,839085984.318359
2025-10-14,2025-11-09,26,direct_category_weather_holiday,794671570.0,794009483.0162379
2025-10-15,2025-11-10,26,direct_category_weather_holiday,803150509.0,793566355.7641654
2025-10-16,2025-11-11,26,direct_category_weather_holiday,811031660.0,774304151.2988766
2025-10-17,2025-11-12,26,direct_category_weather_holiday,800371284.0,778580801.5630305
2025-10-18,2025-11-13,26,direct_category_weather_holiday,795412883.0,781659746.0319029
2025-10-19,2025-11-14,26,direct_category_weather_holiday,784929625.0,794504580.1567426
2025-10-20,2025-11-15,26,direct_category_weather_holiday,771969074.0,766439410.825302
2025-10-21,2025-11-16,26,direct_category_weather_holiday,748102925.0,750718107.0680631
2025-10-22,2025-11-17,26,direct_category_weather_holiday,784946049.0,769553512.9815896
2025-10-23,2025-11-18,26,direct_category_weather_holiday,802372785.0,796360358.5976958
2025-10-24,2025-11-19,26,direct_category_weather_holiday,785536331.0,808940308.4047811
2025-10-25,2025-11-20,26,direct_category_weather_holiday,789566797.0,805910362.9431977
2025-10-26,2025-11-21,26,direct_category_weather_holiday,781713368.0,804537883.9902083
2025-10-27,2025-11-22,26,direct_category_weather_holiday,777234266.0,812116342.889318
2025-10-28,2025-11-23,26,direct_category_weather_holiday,763587139.0,795428006.4565475
2025-10-29,2025-11-24,26,direct_category_weather_holiday,787419759.0,832989517.6999482
2025-10-30,2025-11-25,26,direct_category_weather_holiday,779113247.0,832968228.2428083
2025-10-31,2025-11-26,26,direct_category_weather_holiday,779056661.0,832470481.1459999
2025-11-01,2025-11-27,26,direct_category_weather_holiday,785923784.0,822762629.0636181
2025-11-02,2025-11-28,26,direct_category_weather_holiday,793532772.0,824547877.5793412
2025-11-03,2025-11-29,26,direct_category_weather_holiday,775439198.0,825824114.4513696
2025-11-04,2025-11-30,26,direct_category_weather_holiday,752415007.0,802235644.3471133
2025-11-05,2025-12-01,26,direct_category_weather_holiday,752093794.0,802085407.644207
2025-11-06,2025-12-02,26,direct_category_weather_holiday,774181582.0,798282876.1149448
2025-11-07,2025-12-03,26,direct_category_weather_holiday,779128904.0,805746593.5365897
2025-11-08,2025-12-04,26,direct_category_weather_holiday,780611840.0,830069276.1788181
2025-11-09,2025-12-05,26,direct_category_weather_holiday,790342731.0,817313348.4352218
2025-11-10,2025-12-06,26,direct_category_weather_holiday,783475966.0,813324017.3619311
2025-11-11,2025-12-07,26,direct_category_weather_holiday,769662376.0,797771019.7466141
2025-11-12,2025-12-08,26,direct_category_weather_holiday,781993536.0,818225853.7813102
2025-11-13,2025-12-09,26,direct_category_weather_holiday,790459836.0,826559354.5495291
2025-11-14,2025-12-10,26,direct_category_weather_holiday,793331038.0,812822536.3982683
2025-11-15,2025-12-11,26,direct_category_weather_holiday,792303023.0,805911089.9681683
2025-11-16,2025-12-12,26,direct_category_weather_holiday,805771337.0,801443408.4913752
2025-11-17,2025-12-13,26,direct_category_weather_holiday,805919635.0,796595594.3175579
2025-11-18,2025-12-14,26,direct_category_weather_holiday,775261923.0,801985557.132411
2025-11-19,2025-12-15,26,direct_category_weather_holiday,800205024.0,815210605.1652458
2025-11-20,2025-12-16,26,direct_category_weather_holiday,791223092.0,788446187.323387
2025-11-21,2025-12-17,26,direct_category_weather_holiday,797873177.0,786704056.6606824
2025-11-22,2025-12-18,26,direct_category_weather_holiday,807913091.0,795131963.0127277
2025-11-23,2025-12-19,26,direct_category_weather_holiday,813412227.0,788232797.8874061
2025-11-24,2025-12-20,26,direct_category_weather_holiday,800554656.0,775000943.5297619
2025-11-25,2025-12-21,26,direct_category_weather_holiday,775722494.0,773312569.5288304
2025-11-26,2025-12-22,26,direct_category_weather_holiday,800416947.0,788882309.6331643
2025-11-27,2025-12-23,26,direct_category_weather_holiday,805434213.0,778078660.6326056
2025-11-28,2025-12-24,26,direct_category_weather_holiday,803732375.0,775849255.9445524
2025-11-29,2025-12-25,26,direct_category_weather_holiday,824337857.0,793662139.1902504
2025-11-30,2025-12-26,26,direct_category_weather_holiday,812520530.0,803336043.9907337
2025-12-01,2025-12-27,26,direct_category_weather_holiday,813024286.0,783713491.0288587
2025-12-02,2025-12-28,26,direct_category_weather_holiday,798511867.0,770760606.5965354
2025-12-03,2025-12-29,26,direct_category_weather_holiday,801303829.0,773758957.2038914
2025-12-04,2025-12-30,26,direct_category_weather_holiday,799723069.0,776513552.7049425
2025-12-05,2025-12-31,26,direct_category_weather_holiday,783373686.0,780828071.516193
2025-12-06,2026-01-01,26,direct_category_weather_holiday,707758012.0,703505164.9931686
2025-12-07,2026-01-02,26,direct_category_weather_holiday,741910307.0,718368395.2356595
2025-12-08,2026-01-03,26,direct_category_weather_holiday,801935633.0,754208655.7588806
2025-12-09,2026-01-04,26,direct_category_weather_holiday,820839320.0,764351013.0589913
2025-12-10,2026-01-05,26,direct_category_weather_holiday,819629944.0,780468092.8075676
2025-12-11,2026-01-06,26,direct_category_weather_holiday,848208043.0,796075049.4000367
2025-12-12,2026-01-07,26,direct_category_weather_holiday,836618404.0,799564435.5828228
2025-12-13,2026-01-08,26,direct_category_weather_holiday,845715705.0,800848308.0775197
2025-12-14,2026-01-09,26,direct_category_weather_holiday,845779172.0,804958617.2947364
2025-09-04,2025-10-01,27,direct_own_calendar,893877447.0,762101862.3973489
2025-09-05,2025-10-02,27,direct_own_calendar,877524402.0,762956219.2691511
2025-09-06,2025-10-03,27,direct_own_calendar,906128774.0,767734187.0589156
2025-09-07,2025-10-04,27,direct_own_calendar,947397946.0,773007069.6637286
2025-09-08,2025-10-05,27,direct_own_calendar,967898095.0,754121347.5590708
2025-09-09,2025-10-06,27,direct_own_calendar,909397624.0,747658768.1725188
2025-09-10,2025-10-07,27,direct_own_calendar,958058211.0,750103394.1777481
2025-09-11,2025-10-08,27,direct_own_calendar,1002652065.0,747519468.1087058
2025-09-12,2025-10-09,27,direct_own_calendar,1006596066.0,889140845.1522672
2025-09-13,2025-10-10,27,direct_own_calendar,988218980.0,895932038.1006607
2025-09-14,2025-10-11,27,direct_own_calendar,993216057.0,852202208.4027126
2025-09-15,2025-10-12,27,direct_own_calendar,982996119.0,866224416.3342499
2025-09-16,2025-10-13,27,direct_own_calendar,994158096.0,871821788.1043506
2025-09-17,2025-10-14,27,direct_own_calendar,999440675.0,855194711.3536335
2025-09-18,2025-10-15,27,direct_own_calendar,979563855.0,873224640.072462
2025-09-19,2025-10-16,27,direct_own_calendar,973453600.0,877928142.9726032
2025-09-20,2025-10-17,27,direct_own_calendar,976535370.0,883570928.2515961
2025-09-21,2025-10-18,27,direct_own_calendar,976325746.0,875944746.411612
2025-09-22,2025-10-19,27,direct_own_calendar,896789087.0,844999749.3892845
2025-09-23,2025-10-20,27,direct_own_calendar,853624251.0,839037749.6889437
2025-09-24,2025-10-21,27,direct_own_calendar,795444895.0,840564526.8842764
2025-09-25,2025-10-22,27,direct_own_calendar,783518576.0,843002090.1062213
2025-09-26,2025-10-23,27,direct_own_calendar,783134792.0,848662948.5389212
2025-09-27,2025-10-24,27,direct_own_calendar,786285205.0,850369231.5285877
2025-09-28,2025-10-25,27,direct_own_calendar,787344834.0,844426043.3303156
2025-09-29,2025-10-26,27,direct_own_calendar,788309358.0,836468570.6198069
2025-09-30,2025-10-27,27,direct_own_calendar,788347388.0,844808627.0825249
2025-10-01,2025-10-28,27,direct_own_calendar,803213606.0,802023481.5183948
2025-10-02,2025-10-29,27,direct_own_calendar,791815205.0,772909667.1918172
2025-10-03,2025-10-30,27,direct_own_calendar,801523722.0,778302593.6973349
2025-10-04,2025-10-31,27,direct_own_calendar,806599754.0,802119896.3580174
2025-10-05,2025-11-01,27,direct_own_calendar,760921367.0,817173515.2204062
2025-10-06,2025-11-02,27,direct_own_calendar,744828378.0,819301356.3106551
2025-10-07,2025-11-03,27,direct_own_calendar,780447693.0,826256027.5201931
2025-10-08,2025-11-04,27,direct_own_calendar,782600645.0,813958331.5949401
2025-10-09,2025-11-05,27,direct_own_calendar,784108702.0,808414765.3799943
2025-10-10,2025-11-06,27,direct_own_calendar,789959014.0,801747577.5733792
2025-10-11,2025-11-07,27,direct_own_calendar,808798324.0,800654673.1623081
2025-10-12,2025-11-08,27,direct_own_calendar,816286170.0,797711177.3135743
2025-10-13,2025-11-09,27,direct_own_calendar,794671570.0,785970071.9064577
2025-10-14,2025-11-10,27,direct_own_calendar,803150509.0,806196581.5661175
2025-10-15,2025-11-11,27,direct_own_calendar,811031660.0,817152502.3568656
2025-10-16,2025-11-12,27,direct_own_calendar,800371284.0,806714258.1870562
2025-10-17,2025-11-13,27,direct_own_calendar,795412883.0,809543921.3212385
2025-10-18,2025-11-14,27,direct_own_calendar,784929625.0,814573368.9451256
2025-10-19,2025-11-15,27,direct_own_calendar,771969074.0,808568916.9611952
2025-10-20,2025-11-16,27,direct_own_calendar,748102925.0,786027975.1806209
2025-10-21,2025-11-17,27,direct_own_calendar,784946049.0,785870585.6886908
2025-10-22,2025-11-18,27,direct_own_calendar,802372785.0,783174629.3155658
2025-10-23,2025-11-19,27,direct_own_calendar,785536331.0,777314852.418887
2025-10-24,2025-11-20,27,direct_own_calendar,789566797.0,777436600.2639762
2025-10-25,2025-11-21,27,direct_own_calendar,781713368.0,786931135.2085614
2025-10-26,2025-11-22,27,direct_own_calendar,777234266.0,788847234.153206
2025-10-27,2025-11-23,27,direct_own_calendar,763587139.0,776538250.1938485
2025-10-28,2025-11-24,27,direct_own_calendar,787419759.0,779366121.1571271
2025-10-29,2025-11-25,27,direct_own_calendar,779113247.0,768929322.6293359
2025-10-30,2025-11-26,27,direct_own_calendar,779056661.0,762211432.9103476
2025-10-31,2025-11-27,27,direct_own_calendar,785923784.0,765743265.6582074
2025-11-01,2025-11-28,27,direct_own_calendar,793532772.0,767229766.1894442
2025-11-02,2025-11-29,27,direct_own_calendar,775439198.0,766797319.8098334
2025-11-03,2025-11-30,27,direct_own_calendar,752415007.0,755735403.2549591
2025-11-04,2025-12-01,27,direct_own_calendar,752093794.0,780230578.309974
2025-11-05,2025-12-02,27,direct_own_calendar,774181582.0,780005816.1845974
2025-11-06,2025-12-03,27,direct_own_calendar,779128904.0,771888697.2551047
2025-11-07,2025-12-04,27,direct_own_calendar,780611840.0,772472727.9942306
2025-11-08,2025-12-05,27,direct_own_calendar,790342731.0,777240514.8461523
2025-11-09,2025-12-06,27,direct_own_calendar,783475966.0,774730779.0816697
2025-11-10,2025-12-07,27,direct_own_calendar,769662376.0,760237434.0146419
2025-11-11,2025-12-08,27,direct_own_calendar,781993536.0,771577548.3005733
2025-11-12,2025-12-09,27,direct_own_calendar,790459836.0,771908135.813688
2025-11-13,2025-12-10,27,direct_own_calendar,793331038.0,765525919.0871354
2025-11-14,2025-12-11,27,direct_own_calendar,792303023.0,770316913.1021194
2025-11-15,2025-12-12,27,direct_own_calendar,805771337.0,782284777.3568625
2025-11-16,2025-12-13,27,direct_own_calendar,805919635.0,771479760.8009769
2025-11-17,2025-12-14,27,direct_own_calendar,775261923.0,751786025.3161954
2025-11-18,2025-12-15,27,direct_own_calendar,800205024.0,762220896.2638768
2025-11-19,2025-12-16,27,direct_own_calendar,791223092.0,759671536.6750335
2025-11-20,2025-12-17,27,direct_own_calendar,797873177.0,751389130.5688206
2025-11-21,2025-12-18,27,direct_own_calendar,807913091.0,751310128.6631848
2025-11-22,2025-12-19,27,direct_own_calendar,813412227.0,755072558.9494201
2025-11-23,2025-12-20,27,direct_own_calendar,800554656.0,750019175.5669407
2025-11-24,2025-12-21,27,direct_own_calendar,775722494.0,736239622.4571422
2025-11-25,2025-12-22,27,direct_own_calendar,800416947.0,750560197.5242038
2025-11-26,2025-12-23,27,direct_own_calendar,805434213.0,744706463.9309744
2025-11-27,2025-12-24,27,direct_own_calendar,803732375.0,743451227.269961
2025-11-28,2025-12-25,27,direct_own_calendar,824337857.0,747495839.8380201
2025-11-29,2025-12-26,27,direct_own_calendar,812520530.0,752034586.8708887
2025-11-30,2025-12-27,27,direct_own_calendar,813024286.0,742242190.6628795
2025-12-01,2025-12-28,27,direct_own_calendar,798511867.0,724648283.6504902
2025-12-02,2025-12-29,27,direct_own_calendar,801303829.0,737128750.1316329
2025-12-03,2025-12-30,27,direct_own_calendar,799723069.0,741491761.5641289
2025-12-04,2025-12-31,27,direct_own_calendar,783373686.0,738440006.5378579
2025-12-05,2026-01-01,27,direct_own_calendar,707758012.0,652780846.8222524
2025-12-06,2026-01-02,27,direct_own_calendar,741910307.0,660039843.9747283
2025-12-07,2026-01-03,27,direct_own_calendar,801935633.0,671006529.8089749
2025-12-08,2026-01-04,27,direct_own_calendar,820839320.0,703501901.7932945
2025-12-09,2026-01-05,27,direct_own_calendar,819629944.0,742447754.1432769
2025-12-10,2026-01-06,27,direct_own_calendar,848208043.0,740399274.2535024
2025-12-11,2026-01-07,27,direct_own_calendar,836618404.0,734183972.2711629
2025-12-12,2026-01-08,27,direct_own_calendar,845715705.0,737692619.9924439
2025-12-13,2026-01-09,27,direct_own_calendar,845779172.0,743660422.1752567
2025-09-04,2025-10-01,27,direct_own_weather_holiday,893877447.0,855690391.175064
2025-09-05,2025-10-02,27,direct_own_weather_holiday,877524402.0,847528371.8493333
2025-09-06,2025-10-03,27,direct_own_weather_holiday,906128774.0,846457716.2526388
2025-09-07,2025-10-04,27,direct_own_weather_holiday,947397946.0,864353506.5073569
2025-09-08,2025-10-05,27,direct_own_weather_holiday,967898095.0,853907966.8602971
2025-09-09,2025-10-06,27,direct_own_weather_holiday,909397624.0,851395201.0833178
2025-09-10,2025-10-07,27,direct_own_weather_holiday,958058211.0,842229325.959807
2025-09-11,2025-10-08,27,direct_own_weather_holiday,1002652065.0,831726378.3899974
2025-09-12,2025-10-09,27,direct_own_weather_holiday,1006596066.0,930538962.163108
2025-09-13,2025-10-10,27,direct_own_weather_holiday,988218980.0,917187936.4788058
2025-09-14,2025-10-11,27,direct_own_weather_holiday,993216057.0,902526312.5676619
2025-09-15,2025-10-12,27,direct_own_weather_holiday,982996119.0,882424363.011286
2025-09-16,2025-10-13,27,direct_own_weather_holiday,994158096.0,907061493.8138764
2025-09-17,2025-10-14,27,direct_own_weather_holiday,999440675.0,882520390.1042905
2025-09-18,2025-10-15,27,direct_own_weather_holiday,979563855.0,893910802.9301257
2025-09-19,2025-10-16,27,direct_own_weather_holiday,973453600.0,890885047.8427347
2025-09-20,2025-10-17,27,direct_own_weather_holiday,976535370.0,892172876.8696615
2025-09-21,2025-10-18,27,direct_own_weather_holiday,976325746.0,880077644.422322
2025-09-22,2025-10-19,27,direct_own_weather_holiday,896789087.0,823588541.644143
2025-09-23,2025-10-20,27,direct_own_weather_holiday,853624251.0,763151337.0252295
2025-09-24,2025-10-21,27,direct_own_weather_holiday,795444895.0,755363988.9930751
2025-09-25,2025-10-22,27,direct_own_weather_holiday,783518576.0,763972943.1984844
2025-09-26,2025-10-23,27,direct_own_weather_holiday,783134792.0,774639800.4067401
2025-09-27,2025-10-24,27,direct_own_weather_holiday,786285205.0,774281894.0932326
2025-09-28,2025-10-25,27,direct_own_weather_holiday,787344834.0,772236587.8704375
2025-09-29,2025-10-26,27,direct_own_weather_holiday,788309358.0,761222365.6863755
2025-09-30,2025-10-27,27,direct_own_weather_holiday,788347388.0,770274031.2821267
2025-10-01,2025-10-28,27,direct_own_weather_holiday,803213606.0,736912748.5295594
2025-10-02,2025-10-29,27,direct_own_weather_holiday,791815205.0,719796585.5081563
2025-10-03,2025-10-30,27,direct_own_weather_holiday,801523722.0,728002033.4832754
2025-10-04,2025-10-31,27,direct_own_weather_holiday,806599754.0,744829234.203174
2025-10-05,2025-11-01,27,direct_own_weather_holiday,760921367.0,748221452.8591595
2025-10-06,2025-11-02,27,direct_own_weather_holiday,744828378.0,747449354.9141257
2025-10-07,2025-11-03,27,direct_own_weather_holiday,780447693.0,755843982.7190197
2025-10-08,2025-11-04,27,direct_own_weather_holiday,782600645.0,741162026.3641173
2025-10-09,2025-11-05,27,direct_own_weather_holiday,784108702.0,745558318.0451247
2025-10-10,2025-11-06,27,direct_own_weather_holiday,789959014.0,746868979.7649093
2025-10-11,2025-11-07,27,direct_own_weather_holiday,808798324.0,748594947.423657
2025-10-12,2025-11-08,27,direct_own_weather_holiday,816286170.0,750131023.8257984
2025-10-13,2025-11-09,27,direct_own_weather_holiday,794671570.0,737818432.1380446
2025-10-14,2025-11-10,27,direct_own_weather_holiday,803150509.0,752242853.3217309
2025-10-15,2025-11-11,27,direct_own_weather_holiday,811031660.0,752576251.908754
2025-10-16,2025-11-12,27,direct_own_weather_holiday,800371284.0,746650944.3619934
2025-10-17,2025-11-13,27,direct_own_weather_holiday,795412883.0,750009345.6718844
2025-10-18,2025-11-14,27,direct_own_weather_holiday,784929625.0,763500125.300009
2025-10-19,2025-11-15,27,direct_own_weather_holiday,771969074.0,746985401.7979996
2025-10-20,2025-11-16,27,direct_own_weather_holiday,748102925.0,724194052.8196064
2025-10-21,2025-11-17,27,direct_own_weather_holiday,784946049.0,736509873.7656868
2025-10-22,2025-11-18,27,direct_own_weather_holiday,802372785.0,755192924.7080042
2025-10-23,2025-11-19,27,direct_own_weather_holiday,785536331.0,768681489.424817
2025-10-24,2025-11-20,27,direct_own_weather_holiday,789566797.0,762277301.688709
2025-10-25,2025-11-21,27,direct_own_weather_holiday,781713368.0,759556547.433051
2025-10-26,2025-11-22,27,direct_own_weather_holiday,777234266.0,757768438.5491965
2025-10-27,2025-11-23,27,direct_own_weather_holiday,763587139.0,741381498.8517027
2025-10-28,2025-11-24,27,direct_own_weather_holiday,787419759.0,755155065.3359319
2025-10-29,2025-11-25,27,direct_own_weather_holiday,779113247.0,759579556.4985209
2025-10-30,2025-11-26,27,direct_own_weather_holiday,779056661.0,758215260.4760844
2025-10-31,2025-11-27,27,direct_own_weather_holiday,785923784.0,762887898.618548
2025-11-01,2025-11-28,27,direct_own_weather_holiday,793532772.0,767127240.3750002
2025-11-02,2025-11-29,27,direct_own_weather_holiday,775439198.0,746022414.8935063
2025-11-03,2025-11-30,27,direct_own_weather_holiday,752415007.0,735340209.147435
2025-11-04,2025-12-01,27,direct_own_weather_holiday,752093794.0,756354502.907768
2025-11-05,2025-12-02,27,direct_own_weather_holiday,774181582.0,751399582.27128
2025-11-06,2025-12-03,27,direct_own_weather_holiday,779128904.0,755972566.9144208
2025-11-07,2025-12-04,27,direct_own_weather_holiday,780611840.0,764497627.8849869
2025-11-08,2025-12-05,27,direct_own_weather_holiday,790342731.0,764472656.6597245
2025-11-09,2025-12-06,27,direct_own_weather_holiday,783475966.0,750381129.7964126
2025-11-10,2025-12-07,27,direct_own_weather_holiday,769662376.0,731037135.8268704
2025-11-11,2025-12-08,27,direct_own_weather_holiday,781993536.0,753637160.1333854
2025-11-12,2025-12-09,27,direct_own_weather_holiday,790459836.0,757370520.2711586
2025-11-13,2025-12-10,27,direct_own_weather_holiday,793331038.0,749706634.8459713
2025-11-14,2025-12-11,27,direct_own_weather_holiday,792303023.0,751971475.980087
2025-11-15,2025-12-12,27,direct_own_weather_holiday,805771337.0,764793922.2904663
2025-11-16,2025-12-13,27,direct_own_weather_holiday,805919635.0,747697198.4837929
2025-11-17,2025-12-14,27,direct_own_weather_holiday,775261923.0,758140138.501563
2025-11-18,2025-12-15,27,direct_own_weather_holiday,800205024.0,759668196.082826
2025-11-19,2025-12-16,27,direct_own_weather_holiday,791223092.0,753139700.615932
2025-11-20,2025-12-17,27,direct_own_weather_holiday,797873177.0,753049253.9102825
2025-11-21,2025-12-18,27,direct_own_weather_holiday,807913091.0,754839281.1211134
2025-11-22,2025-12-19,27,direct_own_weather_holiday,813412227.0,748320243.688749
2025-11-23,2025-12-20,27,direct_own_weather_holiday,800554656.0,741537993.9491351
2025-11-24,2025-12-21,27,direct_own_weather_holiday,775722494.0,729806251.5901673
2025-11-25,2025-12-22,27,direct_own_weather_holiday,800416947.0,749034556.5544566
2025-11-26,2025-12-23,27,direct_own_weather_holiday,805434213.0,740408422.9087199
2025-11-27,2025-12-24,27,direct_own_weather_holiday,803732375.0,742694606.8306992
2025-11-28,2025-12-25,27,direct_own_weather_holiday,824337857.0,753114407.105925
2025-11-29,2025-12-26,27,direct_own_weather_holiday,812520530.0,778477177.045898
2025-11-30,2025-12-27,27,direct_own_weather_holiday,813024286.0,753296807.818634
2025-12-01,2025-12-28,27,direct_own_weather_holiday,798511867.0,733209036.039671
2025-12-02,2025-12-29,27,direct_own_weather_holiday,801303829.0,746090578.0326383
2025-12-03,2025-12-30,27,direct_own_weather_holiday,799723069.0,749556213.6984801
2025-12-04,2025-12-31,27,direct_own_weather_holiday,783373686.0,753068395.027712
2025-12-05,2026-01-01,27,direct_own_weather_holiday,707758012.0,672455118.9939688
2025-12-06,2026-01-02,27,direct_own_weather_holiday,741910307.0,689307175.7585189
2025-12-07,2026-01-03,27,direct_own_weather_holiday,801935633.0,710822471.8338107
2025-12-08,2026-01-04,27,direct_own_weather_holiday,820839320.0,724266149.7161403
2025-12-09,2026-01-05,27,direct_own_weather_holiday,819629944.0,750782938.9091368
2025-12-10,2026-01-06,27,direct_own_weather_holiday,848208043.0,763344658.1022112
2025-12-11,2026-01-07,27,direct_own_weather_holiday,836618404.0,767803856.1043428
2025-12-12,2026-01-08,27,direct_own_weather_holiday,845715705.0,772894207.7857797
2025-12-13,2026-01-09,27,direct_own_weather_holiday,845779172.0,775595431.72864
2025-09-04,2025-10-01,27,direct_category_weather_holiday,893877447.0,891582627.928939
2025-09-05,2025-10-02,27,direct_category_weather_holiday,877524402.0,880777586.4694822
2025-09-06,2025-10-03,27,direct_category_weather_holiday,906128774.0,878073950.1314421
2025-09-07,2025-10-04,27,direct_category_weather_holiday,947397946.0,902224391.1538982
2025-09-08,2025-10-05,27,direct_category_weather_holiday,967898095.0,895334094.8178092
2025-09-09,2025-10-06,27,direct_category_weather_holiday,909397624.0,884933962.1688905
2025-09-10,2025-10-07,27,direct_category_weather_holiday,958058211.0,881049906.9144317
2025-09-11,2025-10-08,27,direct_category_weather_holiday,1002652065.0,868575688.9815674
2025-09-12,2025-10-09,27,direct_category_weather_holiday,1006596066.0,959024838.6241649
2025-09-13,2025-10-10,27,direct_category_weather_holiday,988218980.0,952762465.8664954
2025-09-14,2025-10-11,27,direct_category_weather_holiday,993216057.0,932659475.5562924
2025-09-15,2025-10-12,27,direct_category_weather_holiday,982996119.0,917425016.7024224
2025-09-16,2025-10-13,27,direct_category_weather_holiday,994158096.0,937009229.4146928
2025-09-17,2025-10-14,27,direct_category_weather_holiday,999440675.0,931967571.3314288
2025-09-18,2025-10-15,27,direct_category_weather_holiday,979563855.0,929758811.0752448
2025-09-19,2025-10-16,27,direct_category_weather_holiday,973453600.0,929735723.2180728
2025-09-20,2025-10-17,27,direct_category_weather_holiday,976535370.0,930129500.4413418
2025-09-21,2025-10-18,27,direct_category_weather_holiday,976325746.0,918588685.0130178
2025-09-22,2025-10-19,27,direct_category_weather_holiday,896789087.0,859452493.46106
2025-09-23,2025-10-20,27,direct_category_weather_holiday,853624251.0,811987108.543019
2025-09-24,2025-10-21,27,direct_category_weather_holiday,795444895.0,817996548.5307806
2025-09-25,2025-10-22,27,direct_category_weather_holiday,783518576.0,820266616.4990277
2025-09-26,2025-10-23,27,direct_category_weather_holiday,783134792.0,825657836.2518255
2025-09-27,2025-10-24,27,direct_category_weather_holiday,786285205.0,820713613.924935
2025-09-28,2025-10-25,27,direct_category_weather_holiday,787344834.0,805985974.4314685
2025-09-29,2025-10-26,27,direct_category_weather_holiday,788309358.0,803922541.9576865
2025-09-30,2025-10-27,27,direct_category_weather_holiday,788347388.0,816305404.6231242
2025-10-01,2025-10-28,27,direct_category_weather_holiday,803213606.0,795583125.5275967
2025-10-02,2025-10-29,27,direct_category_weather_holiday,791815205.0,794036095.7862278
2025-10-03,2025-10-30,27,direct_category_weather_holiday,801523722.0,790557898.4190993
2025-10-04,2025-10-31,27,direct_category_weather_holiday,806599754.0,799805176.5340267
2025-10-05,2025-11-01,27,direct_category_weather_holiday,760921367.0,788143815.3756433
2025-10-06,2025-11-02,27,direct_category_weather_holiday,744828378.0,790510950.7767006
2025-10-07,2025-11-03,27,direct_category_weather_holiday,780447693.0,827677932.8881444
2025-10-08,2025-11-04,27,direct_category_weather_holiday,782600645.0,820356967.687898
2025-10-09,2025-11-05,27,direct_category_weather_holiday,784108702.0,796465344.4641732
2025-10-10,2025-11-06,27,direct_category_weather_holiday,789959014.0,794227170.9793158
2025-10-11,2025-11-07,27,direct_category_weather_holiday,808798324.0,790846565.0522598
2025-10-12,2025-11-08,27,direct_category_weather_holiday,816286170.0,805596192.2698606
2025-10-13,2025-11-09,27,direct_category_weather_holiday,794671570.0,809552155.778748
2025-10-14,2025-11-10,27,direct_category_weather_holiday,803150509.0,798192283.2625092
2025-10-15,2025-11-11,27,direct_category_weather_holiday,811031660.0,792387776.3262588
2025-10-16,2025-11-12,27,direct_category_weather_holiday,800371284.0,778222046.4537803
2025-10-17,2025-11-13,27,direct_category_weather_holiday,795412883.0,780367946.0116134
2025-10-18,2025-11-14,27,direct_category_weather_holiday,784929625.0,790044211.3968716
2025-10-19,2025-11-15,27,direct_category_weather_holiday,771969074.0,785292266.8755342
2025-10-20,2025-11-16,27,direct_category_weather_holiday,748102925.0,758219161.5238547
2025-10-21,2025-11-17,27,direct_category_weather_holiday,784946049.0,776900593.8659192
2025-10-22,2025-11-18,27,direct_category_weather_holiday,802372785.0,796385878.0931093
2025-10-23,2025-11-19,27,direct_category_weather_holiday,785536331.0,816577756.4572597
2025-10-24,2025-11-20,27,direct_category_weather_holiday,789566797.0,815706337.9129697
2025-10-25,2025-11-21,27,direct_category_weather_holiday,781713368.0,809483138.5494804
2025-10-26,2025-11-22,27,direct_category_weather_holiday,777234266.0,800839947.0663786
2025-10-27,2025-11-23,27,direct_category_weather_holiday,763587139.0,791227920.182292
2025-10-28,2025-11-24,27,direct_category_weather_holiday,787419759.0,809448894.3159153
2025-10-29,2025-11-25,27,direct_category_weather_holiday,779113247.0,844924026.3096274
2025-10-30,2025-11-26,27,direct_category_weather_holiday,779056661.0,838831448.667294
2025-10-31,2025-11-27,27,direct_category_weather_holiday,785923784.0,829109005.6468272
2025-11-01,2025-11-28,27,direct_category_weather_holiday,793532772.0,825716997.6018232
2025-11-02,2025-11-29,27,direct_category_weather_holiday,775439198.0,804956596.6091177
2025-11-03,2025-11-30,27,direct_category_weather_holiday,752415007.0,805325956.6943842
2025-11-04,2025-12-01,27,direct_category_weather_holiday,752093794.0,809660342.52926
2025-11-05,2025-12-02,27,direct_category_weather_holiday,774181582.0,802679884.5938962
2025-11-06,2025-12-03,27,direct_category_weather_holiday,779128904.0,806237979.3436635
2025-11-07,2025-12-04,27,direct_category_weather_holiday,780611840.0,816647929.0866258
2025-11-08,2025-12-05,27,direct_category_weather_holiday,790342731.0,820479515.3555074
2025-11-09,2025-12-06,27,direct_category_weather_holiday,783475966.0,800736281.6806403
2025-11-10,2025-12-07,27,direct_category_weather_holiday,769662376.0,786194144.0140041
2025-11-11,2025-12-08,27,direct_category_weather_holiday,781993536.0,812467584.3494912
2025-11-12,2025-12-09,27,direct_category_weather_holiday,790459836.0,821703765.5193238
2025-11-13,2025-12-10,27,direct_category_weather_holiday,793331038.0,812285280.4186833
2025-11-14,2025-12-11,27,direct_category_weather_holiday,792303023.0,807999642.9981027
2025-11-15,2025-12-12,27,direct_category_weather_holiday,805771337.0,809804576.4056363
2025-11-16,2025-12-13,27,direct_category_weather_holiday,805919635.0,791857862.3647333
2025-11-17,2025-12-14,27,direct_category_weather_holiday,775261923.0,799679411.9142317
2025-11-18,2025-12-15,27,direct_category_weather_holiday,800205024.0,818506351.3985115
2025-11-19,2025-12-16,27,direct_category_weather_holiday,791223092.0,803599519.3581058
2025-11-20,2025-12-17,27,direct_category_weather_holiday,797873177.0,784355104.8304021
2025-11-21,2025-12-18,27,direct_category_weather_holiday,807913091.0,792071315.643975
2025-11-22,2025-12-19,27,direct_category_weather_holiday,813412227.0,786377911.4561898
2025-11-23,2025-12-20,27,direct_category_weather_holiday,800554656.0,771990985.7535237
2025-11-24,2025-12-21,27,direct_category_weather_holiday,775722494.0,769773556.9551934
2025-11-25,2025-12-22,27,direct_category_weather_holiday,800416947.0,796830404.1981586
2025-11-26,2025-12-23,27,direct_category_weather_holiday,805434213.0,781585822.8127283
2025-11-27,2025-12-24,27,direct_category_weather_holiday,803732375.0,773532295.2581127
2025-11-28,2025-12-25,27,direct_category_weather_holiday,824337857.0,789888821.1666322
2025-11-29,2025-12-26,27,direct_category_weather_holiday,812520530.0,813378968.6292831
2025-11-30,2025-12-27,27,direct_category_weather_holiday,813024286.0,785166809.0331461
2025-12-01,2025-12-28,27,direct_category_weather_holiday,798511867.0,764453301.1116111
2025-12-02,2025-12-29,27,direct_category_weather_holiday,801303829.0,782921878.4205316
2025-12-03,2025-12-30,27,direct_category_weather_holiday,799723069.0,775026292.9149414
2025-12-04,2025-12-31,27,direct_category_weather_holiday,783373686.0,782423287.9752238
2025-12-05,2026-01-01,27,direct_category_weather_holiday,707758012.0,697744776.6517354
2025-12-06,2026-01-02,27,direct_category_weather_holiday,741910307.0,713084809.2654814
2025-12-07,2026-01-03,27,direct_category_weather_holiday,801935633.0,742054333.3883883
2025-12-08,2026-01-04,27,direct_category_weather_holiday,820839320.0,773336002.573559
2025-12-09,2026-01-05,27,direct_category_weather_holiday,819629944.0,780102587.9482527
2025-12-10,2026-01-06,27,direct_category_weather_holiday,848208043.0,794664490.2590392
2025-12-11,2026-01-07,27,direct_category_weather_holiday,836618404.0,799278287.4448769
2025-12-12,2026-01-08,27,direct_category_weather_holiday,845715705.0,798041740.3485491
2025-12-13,2026-01-09,27,direct_category_weather_holiday,845779172.0,798685428.1659167
2025-09-03,2025-10-01,28,direct_own_calendar,893877447.0,754541990.2227527
2025-09-04,2025-10-02,28,direct_own_calendar,877524402.0,758813450.5263174
2025-09-05,2025-10-03,28,direct_own_calendar,906128774.0,762144959.8041643
2025-09-06,2025-10-04,28,direct_own_calendar,947397946.0,774644786.8774537
2025-09-07,2025-10-05,28,direct_own_calendar,967898095.0,754063454.5196075
2025-09-08,2025-10-06,28,direct_own_calendar,909397624.0,740996923.1030341
2025-09-09,2025-10-07,28,direct_own_calendar,958058211.0,736880982.9079975
2025-09-10,2025-10-08,28,direct_own_calendar,1002652065.0,737227323.4661173
2025-09-11,2025-10-09,28,direct_own_calendar,1006596066.0,883785039.4605994
2025-09-12,2025-10-10,28,direct_own_calendar,988218980.0,892882003.4112608
2025-09-13,2025-10-11,28,direct_own_calendar,993216057.0,862496974.2313688
2025-09-14,2025-10-12,28,direct_own_calendar,982996119.0,873698881.8901186
2025-09-15,2025-10-13,28,direct_own_calendar,994158096.0,878228784.2773994
2025-09-16,2025-10-14,28,direct_own_calendar,999440675.0,870751525.2276405
2025-09-17,2025-10-15,28,direct_own_calendar,979563855.0,849491414.2429905
2025-09-18,2025-10-16,28,direct_own_calendar,973453600.0,871080596.5197884
2025-09-19,2025-10-17,28,direct_own_calendar,976535370.0,879405600.6001791
2025-09-20,2025-10-18,28,direct_own_calendar,976325746.0,876276048.468867
2025-09-21,2025-10-19,28,direct_own_calendar,896789087.0,860561245.0381435
2025-09-22,2025-10-20,28,direct_own_calendar,853624251.0,858642536.3356612
2025-09-23,2025-10-21,28,direct_own_calendar,795444895.0,840066467.8208334
2025-09-24,2025-10-22,28,direct_own_calendar,783518576.0,836926538.2030805
2025-09-25,2025-10-23,28,direct_own_calendar,783134792.0,844167961.3334154
2025-09-26,2025-10-24,28,direct_own_calendar,786285205.0,850822795.8811239
2025-09-27,2025-10-25,28,direct_own_calendar,787344834.0,841662646.2461269
2025-09-28,2025-10-26,28,direct_own_calendar,788309358.0,826478755.1829383
2025-09-29,2025-10-27,28,direct_own_calendar,788347388.0,844483288.3774028
2025-09-30,2025-10-28,28,direct_own_calendar,803213606.0,838654569.9997748
2025-10-01,2025-10-29,28,direct_own_calendar,791815205.0,792258426.7225863
2025-10-02,2025-10-30,28,direct_own_calendar,801523722.0,773397714.1203136
2025-10-03,2025-10-31,28,direct_own_calendar,806599754.0,786588843.0775104
2025-10-04,2025-11-01,28,direct_own_calendar,760921367.0,801423719.4508097
2025-10-05,2025-11-02,28,direct_own_calendar,744828378.0,806860851.1648666
2025-10-06,2025-11-03,28,direct_own_calendar,780447693.0,833411365.8841604
2025-10-07,2025-11-04,28,direct_own_calendar,782600645.0,825409480.305677
2025-10-08,2025-11-05,28,direct_own_calendar,784108702.0,807143213.421231
2025-10-09,2025-11-06,28,direct_own_calendar,789959014.0,804904021.3544812
2025-10-10,2025-11-07,28,direct_own_calendar,808798324.0,801469279.4388478
2025-10-11,2025-11-08,28,direct_own_calendar,816286170.0,791886781.2571816
2025-10-12,2025-11-09,28,direct_own_calendar,794671570.0,779811387.6296331
2025-10-13,2025-11-10,28,direct_own_calendar,803150509.0,792690522.6750444
2025-10-14,2025-11-11,28,direct_own_calendar,811031660.0,800934421.4581017
2025-10-15,2025-11-12,28,direct_own_calendar,800371284.0,812336877.858253
2025-10-16,2025-11-13,28,direct_own_calendar,795412883.0,808797131.5304389
2025-10-17,2025-11-14,28,direct_own_calendar,784929625.0,814419153.9964981
2025-10-18,2025-11-15,28,direct_own_calendar,771969074.0,808546385.000002
2025-10-19,2025-11-16,28,direct_own_calendar,748102925.0,792482561.5544921
2025-10-20,2025-11-17,28,direct_own_calendar,784946049.0,801304505.9940373
2025-10-21,2025-11-18,28,direct_own_calendar,802372785.0,787758676.1674155
2025-10-22,2025-11-19,28,direct_own_calendar,785536331.0,780874237.050785
2025-10-23,2025-11-20,28,direct_own_calendar,789566797.0,781267238.1970578
2025-10-24,2025-11-21,28,direct_own_calendar,781713368.0,786018517.3118702
2025-10-25,2025-11-22,28,direct_own_calendar,777234266.0,784523178.2455878
2025-10-26,2025-11-23,28,direct_own_calendar,763587139.0,774190177.4444013
2025-10-27,2025-11-24,28,direct_own_calendar,787419759.0,786351012.6210073
2025-10-28,2025-11-25,28,direct_own_calendar,779113247.0,773510854.180943
2025-10-29,2025-11-26,28,direct_own_calendar,779056661.0,759946737.2806326
2025-10-30,2025-11-27,28,direct_own_calendar,785923784.0,759218867.9342542
2025-10-31,2025-11-28,28,direct_own_calendar,793532772.0,766142773.7152205
2025-11-01,2025-11-29,28,direct_own_calendar,775439198.0,757525667.0883409
2025-11-02,2025-11-30,28,direct_own_calendar,752415007.0,751300779.0692548
2025-11-03,2025-12-01,28,direct_own_calendar,752093794.0,770013466.4904491
2025-11-04,2025-12-02,28,direct_own_calendar,774181582.0,782168634.0210956
2025-11-05,2025-12-03,28,direct_own_calendar,779128904.0,776757484.9532756
2025-11-06,2025-12-04,28,direct_own_calendar,780611840.0,773992249.9590867
2025-11-07,2025-12-05,28,direct_own_calendar,790342731.0,778136268.402854
2025-11-08,2025-12-06,28,direct_own_calendar,783475966.0,771126146.1371423
2025-11-09,2025-12-07,28,direct_own_calendar,769662376.0,758257384.2639867
2025-11-10,2025-12-08,28,direct_own_calendar,781993536.0,771689969.004395
2025-11-11,2025-12-09,28,direct_own_calendar,790459836.0,768513941.31428
2025-11-12,2025-12-10,28,direct_own_calendar,793331038.0,764987715.3637006
2025-11-13,2025-12-11,28,direct_own_calendar,792303023.0,764008115.814109
2025-11-14,2025-12-12,28,direct_own_calendar,805771337.0,772859636.5862197
2025-11-15,2025-12-13,28,direct_own_calendar,805919635.0,776950569.396468
2025-11-16,2025-12-14,28,direct_own_calendar,775261923.0,757960400.0532883
2025-11-17,2025-12-15,28,direct_own_calendar,800205024.0,765133216.8929484
2025-11-18,2025-12-16,28,direct_own_calendar,791223092.0,761820918.534696
2025-11-19,2025-12-17,28,direct_own_calendar,797873177.0,754053460.6441008
2025-11-20,2025-12-18,28,direct_own_calendar,807913091.0,750937599.2267829
2025-11-21,2025-12-19,28,direct_own_calendar,813412227.0,753864316.3526416
2025-11-22,2025-12-20,28,direct_own_calendar,800554656.0,747569437.0918565
2025-11-23,2025-12-21,28,direct_own_calendar,775722494.0,733805038.5877513
2025-11-24,2025-12-22,28,direct_own_calendar,800416947.0,748128136.8277875
2025-11-25,2025-12-23,28,direct_own_calendar,805434213.0,748239527.8171117
2025-11-26,2025-12-24,28,direct_own_calendar,803732375.0,738307025.3264313
2025-11-27,2025-12-25,28,direct_own_calendar,824337857.0,742779342.8441095
2025-11-28,2025-12-26,28,direct_own_calendar,812520530.0,750731324.9124165
2025-11-29,2025-12-27,28,direct_own_calendar,813024286.0,746022650.3320831
2025-11-30,2025-12-28,28,direct_own_calendar,798511867.0,728197948.1716985
2025-12-01,2025-12-29,28,direct_own_calendar,801303829.0,737449955.1980797
2025-12-02,2025-12-30,28,direct_own_calendar,799723069.0,735555987.3815054
2025-12-03,2025-12-31,28,direct_own_calendar,783373686.0,735957096.5758439
2025-12-04,2026-01-01,28,direct_own_calendar,707758012.0,651961296.1991034
2025-12-05,2026-01-02,28,direct_own_calendar,741910307.0,657143528.7476885
2025-12-06,2026-01-03,28,direct_own_calendar,801935633.0,673943492.7069939
2025-12-07,2026-01-04,28,direct_own_calendar,820839320.0,697914367.7946827
2025-12-08,2026-01-05,28,direct_own_calendar,819629944.0,739103490.2272092
2025-12-09,2026-01-06,28,direct_own_calendar,848208043.0,739779806.8553833
2025-12-10,2026-01-07,28,direct_own_calendar,836618404.0,733617699.2283591
2025-12-11,2026-01-08,28,direct_own_calendar,845715705.0,732709291.3768966
2025-12-12,2026-01-09,28,direct_own_calendar,845779172.0,740033566.4789424
2025-09-03,2025-10-01,28,direct_own_weather_holiday,893877447.0,852967871.5752614
2025-09-04,2025-10-02,28,direct_own_weather_holiday,877524402.0,846188005.9810276
2025-09-05,2025-10-03,28,direct_own_weather_holiday,906128774.0,843569252.9470814
2025-09-06,2025-10-04,28,direct_own_weather_holiday,947397946.0,866023909.9664685
2025-09-07,2025-10-05,28,direct_own_weather_holiday,967898095.0,854233817.8902086
2025-09-08,2025-10-06,28,direct_own_weather_holiday,909397624.0,846556435.900597
2025-09-09,2025-10-07,28,direct_own_weather_holiday,958058211.0,834328371.3839244
2025-09-10,2025-10-08,28,direct_own_weather_holiday,1002652065.0,825085277.2599368
2025-09-11,2025-10-09,28,direct_own_weather_holiday,1006596066.0,927215233.19907
2025-09-12,2025-10-10,28,direct_own_weather_holiday,988218980.0,915511725.925318
2025-09-13,2025-10-11,28,direct_own_weather_holiday,993216057.0,911211604.6662552
2025-09-14,2025-10-12,28,direct_own_weather_holiday,982996119.0,888470569.2225714
2025-09-15,2025-10-13,28,direct_own_weather_holiday,994158096.0,911900381.0031319
2025-09-16,2025-10-14,28,direct_own_weather_holiday,999440675.0,893008532.6162026
2025-09-17,2025-10-15,28,direct_own_weather_holiday,979563855.0,875942720.3498831
2025-09-18,2025-10-16,28,direct_own_weather_holiday,973453600.0,886080964.8908689
2025-09-19,2025-10-17,28,direct_own_weather_holiday,976535370.0,889123538.2329042
2025-09-20,2025-10-18,28,direct_own_weather_holiday,976325746.0,879527052.2177962
2025-09-21,2025-10-19,28,direct_own_weather_holiday,896789087.0,835093141.9043022
2025-09-22,2025-10-20,28,direct_own_weather_holiday,853624251.0,777660266.4316659
2025-09-23,2025-10-21,28,direct_own_weather_holiday,795444895.0,755309354.8264868
2025-09-24,2025-10-22,28,direct_own_weather_holiday,783518576.0,759709006.647882
2025-09-25,2025-10-23,28,direct_own_weather_holiday,783134792.0,770574526.2399702
2025-09-26,2025-10-24,28,direct_own_weather_holiday,786285205.0,773969627.1674659
2025-09-27,2025-10-25,28,direct_own_weather_holiday,787344834.0,770130188.7089854
2025-09-28,2025-10-26,28,direct_own_weather_holiday,788309358.0,754197203.1122371
2025-09-29,2025-10-27,28,direct_own_weather_holiday,788347388.0,770140045.5684748
2025-09-30,2025-10-28,28,direct_own_weather_holiday,803213606.0,761995928.4774477
2025-10-01,2025-10-29,28,direct_own_weather_holiday,791815205.0,732193476.1492249
2025-10-02,2025-10-30,28,direct_own_weather_holiday,801523722.0,723576426.663458
2025-10-03,2025-10-31,28,direct_own_weather_holiday,806599754.0,732887795.6935908
2025-10-04,2025-11-01,28,direct_own_weather_holiday,760921367.0,738452965.899835
2025-10-05,2025-11-02,28,direct_own_weather_holiday,744828378.0,740202483.6925957
2025-10-06,2025-11-03,28,direct_own_weather_holiday,780447693.0,759970440.7619458
2025-10-07,2025-11-04,28,direct_own_weather_holiday,782600645.0,746538242.2840598
2025-10-08,2025-11-05,28,direct_own_weather_holiday,784108702.0,741953801.8999541
2025-10-09,2025-11-06,28,direct_own_weather_holiday,789959014.0,748086863.9395732
2025-10-10,2025-11-07,28,direct_own_weather_holiday,808798324.0,748812804.1794984
2025-10-11,2025-11-08,28,direct_own_weather_holiday,816286170.0,745516647.6833134
2025-10-12,2025-11-09,28,direct_own_weather_holiday,794671570.0,730324398.118007
2025-10-13,2025-11-10,28,direct_own_weather_holiday,803150509.0,742858782.6282189
2025-10-14,2025-11-11,28,direct_own_weather_holiday,811031660.0,742905779.6160567
2025-10-15,2025-11-12,28,direct_own_weather_holiday,800371284.0,750081962.4663779
2025-10-16,2025-11-13,28,direct_own_weather_holiday,795412883.0,747232195.0048935
2025-10-17,2025-11-14,28,direct_own_weather_holiday,784929625.0,762796160.04078
2025-10-18,2025-11-15,28,direct_own_weather_holiday,771969074.0,746342683.2156457
2025-10-19,2025-11-16,28,direct_own_weather_holiday,748102925.0,729193545.7941658
2025-10-20,2025-11-17,28,direct_own_weather_holiday,784946049.0,746331301.125812
2025-10-21,2025-11-18,28,direct_own_weather_holiday,802372785.0,757046784.0538877
2025-10-22,2025-11-19,28,direct_own_weather_holiday,785536331.0,772828025.2629207
2025-10-23,2025-11-20,28,direct_own_weather_holiday,789566797.0,767097660.6759964
2025-10-24,2025-11-21,28,direct_own_weather_holiday,781713368.0,760950405.7128378
2025-10-25,2025-11-22,28,direct_own_weather_holiday,777234266.0,754915274.6717384
2025-10-26,2025-11-23,28,direct_own_weather_holiday,763587139.0,739591215.3165419
2025-10-27,2025-11-24,28,direct_own_weather_holiday,787419759.0,758672198.6677197
2025-10-28,2025-11-25,28,direct_own_weather_holiday,779113247.0,763365768.4716163
2025-10-29,2025-11-26,28,direct_own_weather_holiday,779056661.0,756987599.3501788
2025-10-30,2025-11-27,28,direct_own_weather_holiday,785923784.0,759099288.7939655
2025-10-31,2025-11-28,28,direct_own_weather_holiday,793532772.0,767536361.7423925
2025-11-01,2025-11-29,28,direct_own_weather_holiday,775439198.0,740287644.2469827
2025-11-02,2025-11-30,28,direct_own_weather_holiday,752415007.0,732452077.8464464
2025-11-03,2025-12-01,28,direct_own_weather_holiday,752093794.0,750423229.5530266
2025-11-04,2025-12-02,28,direct_own_weather_holiday,774181582.0,752224756.6545906
2025-11-05,2025-12-03,28,direct_own_weather_holiday,779128904.0,759424328.8277661
2025-11-06,2025-12-04,28,direct_own_weather_holiday,780611840.0,765531739.0026121
2025-11-07,2025-12-05,28,direct_own_weather_holiday,790342731.0,763721154.1520902
2025-11-08,2025-12-06,28,direct_own_weather_holiday,783475966.0,746362224.5258564
2025-11-09,2025-12-07,28,direct_own_weather_holiday,769662376.0,729215608.9624392
2025-11-10,2025-12-08,28,direct_own_weather_holiday,781993536.0,752535227.6150287
2025-11-11,2025-12-09,28,direct_own_weather_holiday,790459836.0,754032379.8756866
2025-11-12,2025-12-10,28,direct_own_weather_holiday,793331038.0,747956628.9590847
2025-11-13,2025-12-11,28,direct_own_weather_holiday,792303023.0,746578047.5747534
2025-11-14,2025-12-12,28,direct_own_weather_holiday,805771337.0,758240471.2688881
2025-11-15,2025-12-13,28,direct_own_weather_holiday,805919635.0,750505906.6374216
2025-11-16,2025-12-14,28,direct_own_weather_holiday,775261923.0,763242218.2712748
2025-11-17,2025-12-15,28,direct_own_weather_holiday,800205024.0,762548754.0708271
2025-11-18,2025-12-16,28,direct_own_weather_holiday,791223092.0,755114217.2090422
2025-11-19,2025-12-17,28,direct_own_weather_holiday,797873177.0,755549646.1667613
2025-11-20,2025-12-18,28,direct_own_weather_holiday,807913091.0,754563982.6571977
2025-11-21,2025-12-19,28,direct_own_weather_holiday,813412227.0,746835951.3598588
2025-11-22,2025-12-20,28,direct_own_weather_holiday,800554656.0,739744714.317501
2025-11-23,2025-12-21,28,direct_own_weather_holiday,775722494.0,728965488.1337951
2025-11-24,2025-12-22,28,direct_own_weather_holiday,800416947.0,748172766.7876843
2025-11-25,2025-12-23,28,direct_own_weather_holiday,805434213.0,742609250.5195398
2025-11-26,2025-12-24,28,direct_own_weather_holiday,803732375.0,739370680.4003197
2025-11-27,2025-12-25,28,direct_own_weather_holiday,824337857.0,749911468.9979591
2025-11-28,2025-12-26,28,direct_own_weather_holiday,812520530.0,779272705.6988505
2025-11-29,2025-12-27,28,direct_own_weather_holiday,813024286.0,757116759.8370507
2025-11-30,2025-12-28,28,direct_own_weather_holiday,798511867.0,736763023.5946479
2025-12-01,2025-12-29,28,direct_own_weather_holiday,801303829.0,746067236.8008736
2025-12-02,2025-12-30,28,direct_own_weather_holiday,799723069.0,746167044.4764817
2025-12-03,2025-12-31,28,direct_own_weather_holiday,783373686.0,752061751.433597
2025-12-04,2026-01-01,28,direct_own_weather_holiday,707758012.0,672819726.254456
2025-12-05,2026-01-02,28,direct_own_weather_holiday,741910307.0,688198336.9197961
2025-12-06,2026-01-03,28,direct_own_weather_holiday,801935633.0,713221812.9527556
2025-12-07,2026-01-04,28,direct_own_weather_holiday,820839320.0,720041068.2003447
2025-12-08,2026-01-05,28,direct_own_weather_holiday,819629944.0,748996933.7363068
2025-12-09,2026-01-06,28,direct_own_weather_holiday,848208043.0,763909154.7414223
2025-12-10,2026-01-07,28,direct_own_weather_holiday,836618404.0,768648390.1600666
2025-12-11,2026-01-08,28,direct_own_weather_holiday,845715705.0,770917424.8328794
2025-12-12,2026-01-09,28,direct_own_weather_holiday,845779172.0,775057313.0091301
2025-09-03,2025-10-01,28,direct_category_weather_holiday,893877447.0,882187428.3740706
2025-09-04,2025-10-02,28,direct_category_weather_holiday,877524402.0,880743610.3627996
2025-09-05,2025-10-03,28,direct_category_weather_holiday,906128774.0,875620647.387591
2025-09-06,2025-10-04,28,direct_category_weather_holiday,947397946.0,900550729.6883355
2025-09-07,2025-10-05,28,direct_category_weather_holiday,967898095.0,891329457.2196512
2025-09-08,2025-10-06,28,direct_category_weather_holiday,909397624.0,889255096.7246188
2025-09-09,2025-10-07,28,direct_category_weather_holiday,958058211.0,870210731.1901802
2025-09-10,2025-10-08,28,direct_category_weather_holiday,1002652065.0,864876172.5617305
2025-09-11,2025-10-09,28,direct_category_weather_holiday,1006596066.0,957397437.3822247
2025-09-12,2025-10-10,28,direct_category_weather_holiday,988218980.0,949399604.4269879
2025-09-13,2025-10-11,28,direct_category_weather_holiday,993216057.0,953367792.0662835
2025-09-14,2025-10-12,28,direct_category_weather_holiday,982996119.0,923081463.1045418
2025-09-15,2025-10-13,28,direct_category_weather_holiday,994158096.0,949992910.5883503
2025-09-16,2025-10-14,28,direct_category_weather_holiday,999440675.0,928783970.5534639
2025-09-17,2025-10-15,28,direct_category_weather_holiday,979563855.0,927884973.0791492
2025-09-18,2025-10-16,28,direct_category_weather_holiday,973453600.0,925489192.1349041
2025-09-19,2025-10-17,28,direct_category_weather_holiday,976535370.0,931032016.3083483
2025-09-20,2025-10-18,28,direct_category_weather_holiday,976325746.0,920286791.255299
2025-09-21,2025-10-19,28,direct_category_weather_holiday,896789087.0,876902401.4244714
2025-09-22,2025-10-20,28,direct_category_weather_holiday,853624251.0,816227215.3256596
2025-09-23,2025-10-21,28,direct_category_weather_holiday,795444895.0,811118036.0223011
2025-09-24,2025-10-22,28,direct_category_weather_holiday,783518576.0,820254552.3437577
2025-09-25,2025-10-23,28,direct_category_weather_holiday,783134792.0,827299770.6776195
2025-09-26,2025-10-24,28,direct_category_weather_holiday,786285205.0,827427919.8032278
2025-09-27,2025-10-25,28,direct_category_weather_holiday,787344834.0,814461605.147494
2025-09-28,2025-10-26,28,direct_category_weather_holiday,788309358.0,791576683.5617971
2025-09-29,2025-10-27,28,direct_category_weather_holiday,788347388.0,812381785.4288732
2025-09-30,2025-10-28,28,direct_category_weather_holiday,803213606.0,813052982.1201023
2025-10-01,2025-10-29,28,direct_category_weather_holiday,791815205.0,793979025.9928273
2025-10-02,2025-10-30,28,direct_category_weather_holiday,801523722.0,800026054.7695678
2025-10-03,2025-10-31,28,direct_category_weather_holiday,806599754.0,790322428.9942895
2025-10-04,2025-11-01,28,direct_category_weather_holiday,760921367.0,790823078.0033771
2025-10-05,2025-11-02,28,direct_category_weather_holiday,744828378.0,775735127.4662244
2025-10-06,2025-11-03,28,direct_category_weather_holiday,780447693.0,810614227.3837016
2025-10-07,2025-11-04,28,direct_category_weather_holiday,782600645.0,830608777.2691733
2025-10-08,2025-11-05,28,direct_category_weather_holiday,784108702.0,815418420.39483
2025-10-09,2025-11-06,28,direct_category_weather_holiday,789959014.0,802354194.1846982
2025-10-10,2025-11-07,28,direct_category_weather_holiday,808798324.0,796598891.284162
2025-10-11,2025-11-08,28,direct_category_weather_holiday,816286170.0,787650333.5035315
2025-10-12,2025-11-09,28,direct_category_weather_holiday,794671570.0,785214748.2719594
2025-10-13,2025-11-10,28,direct_category_weather_holiday,803150509.0,814932537.0163447
2025-10-14,2025-11-11,28,direct_category_weather_holiday,811031660.0,792140333.2277677
2025-10-15,2025-11-12,28,direct_category_weather_holiday,800371284.0,797953008.5988146
2025-10-16,2025-11-13,28,direct_category_weather_holiday,795412883.0,781553080.6415964
2025-10-17,2025-11-14,28,direct_category_weather_holiday,784929625.0,788227019.22486
2025-10-18,2025-11-15,28,direct_category_weather_holiday,771969074.0,779969979.4116085
2025-10-19,2025-11-16,28,direct_category_weather_holiday,748102925.0,770879658.7832572
2025-10-20,2025-11-17,28,direct_category_weather_holiday,784946049.0,785637222.8275582
2025-10-21,2025-11-18,28,direct_category_weather_holiday,802372785.0,800704743.2596394
2025-10-22,2025-11-19,28,direct_category_weather_holiday,785536331.0,815364600.874607
2025-10-23,2025-11-20,28,direct_category_weather_holiday,789566797.0,823234323.5419143
2025-10-24,2025-11-21,28,direct_category_weather_holiday,781713368.0,818613064.6212428
2025-10-25,2025-11-22,28,direct_category_weather_holiday,777234266.0,808224154.7263322
2025-10-26,2025-11-23,28,direct_category_weather_holiday,763587139.0,781636923.6897676
2025-10-27,2025-11-24,28,direct_category_weather_holiday,787419759.0,804860144.2962075
2025-10-28,2025-11-25,28,direct_category_weather_holiday,779113247.0,820011469.9034873
2025-10-29,2025-11-26,28,direct_category_weather_holiday,779056661.0,848994143.577764
2025-10-30,2025-11-27,28,direct_category_weather_holiday,785923784.0,836079209.6623515
2025-10-31,2025-11-28,28,direct_category_weather_holiday,793532772.0,833241092.9906273
2025-11-01,2025-11-29,28,direct_category_weather_holiday,775439198.0,806122992.8118914
2025-11-02,2025-11-30,28,direct_category_weather_holiday,752415007.0,780924887.77791
2025-11-03,2025-12-01,28,direct_category_weather_holiday,752093794.0,811429176.0209652
2025-11-04,2025-12-02,28,direct_category_weather_holiday,774181582.0,812654141.2260375
2025-11-05,2025-12-03,28,direct_category_weather_holiday,779128904.0,813756193.2574278
2025-11-06,2025-12-04,28,direct_category_weather_holiday,780611840.0,818398311.5412325
2025-11-07,2025-12-05,28,direct_category_weather_holiday,790342731.0,810763773.1576852
2025-11-08,2025-12-06,28,direct_category_weather_holiday,783475966.0,804367645.739396
2025-11-09,2025-12-07,28,direct_category_weather_holiday,769662376.0,775215600.9039156
2025-11-10,2025-12-08,28,direct_category_weather_holiday,781993536.0,802461267.9189408
2025-11-11,2025-12-09,28,direct_category_weather_holiday,790459836.0,818212384.0538906
2025-11-12,2025-12-10,28,direct_category_weather_holiday,793331038.0,810125955.8457946
2025-11-13,2025-12-11,28,direct_category_weather_holiday,792303023.0,810059770.960975
2025-11-14,2025-12-12,28,direct_category_weather_holiday,805771337.0,813457124.2093047
2025-11-15,2025-12-13,28,direct_category_weather_holiday,805919635.0,800793309.7035539
2025-11-16,2025-12-14,28,direct_category_weather_holiday,775261923.0,796578538.5653483
2025-11-17,2025-12-15,28,direct_category_weather_holiday,800205024.0,816052518.6297439
2025-11-18,2025-12-16,28,direct_category_weather_holiday,791223092.0,809029947.9547615
2025-11-19,2025-12-17,28,direct_category_weather_holiday,797873177.0,802196759.0943841
2025-11-20,2025-12-18,28,direct_category_weather_holiday,807913091.0,792630537.1593733
2025-11-21,2025-12-19,28,direct_category_weather_holiday,813412227.0,785281379.7256079
2025-11-22,2025-12-20,28,direct_category_weather_holiday,800554656.0,772566288.3888047
2025-11-23,2025-12-21,28,direct_category_weather_holiday,775722494.0,765874965.7212976
2025-11-24,2025-12-22,28,direct_category_weather_holiday,800416947.0,794750116.5268009
2025-11-25,2025-12-23,28,direct_category_weather_holiday,805434213.0,791435281.6882082
2025-11-26,2025-12-24,28,direct_category_weather_holiday,803732375.0,779577147.6818016
2025-11-27,2025-12-25,28,direct_category_weather_holiday,824337857.0,789709270.2362318
2025-11-28,2025-12-26,28,direct_category_weather_holiday,812520530.0,809678331.5855052
2025-11-29,2025-12-27,28,direct_category_weather_holiday,813024286.0,794251884.8002142
2025-11-30,2025-12-28,28,direct_category_weather_holiday,798511867.0,766785045.3404235
2025-12-01,2025-12-29,28,direct_category_weather_holiday,801303829.0,776535337.3562748
2025-12-02,2025-12-30,28,direct_category_weather_holiday,799723069.0,785887610.1718973
2025-12-03,2025-12-31,28,direct_category_weather_holiday,783373686.0,781336980.8431326
2025-12-04,2026-01-01,28,direct_category_weather_holiday,707758012.0,698573315.7245408
2025-12-05,2026-01-02,28,direct_category_weather_holiday,741910307.0,708687250.8862385
2025-12-06,2026-01-03,28,direct_category_weather_holiday,801935633.0,738501377.0575882
2025-12-07,2026-01-04,28,direct_category_weather_holiday,820839320.0,768399652.9696122
2025-12-08,2026-01-05,28,direct_category_weather_holiday,819629944.0,791169832.4545913
2025-12-09,2026-01-06,28,direct_category_weather_holiday,848208043.0,793004663.4373372
2025-12-10,2026-01-07,28,direct_category_weather_holiday,836618404.0,797267008.0073029
2025-12-11,2026-01-08,28,direct_category_weather_holiday,845715705.0,797926811.9729455
2025-12-12,2026-01-09,28,direct_category_weather_holiday,845779172.0,796780006.2695823
2025-09-02,2025-10-01,29,direct_own_calendar,893877447.0,745414966.2252351
2025-09-03,2025-10-02,29,direct_own_calendar,877524402.0,750008275.5649724
2025-09-04,2025-10-03,29,direct_own_calendar,906128774.0,757665899.8228314
2025-09-05,2025-10-04,29,direct_own_calendar,947397946.0,773543331.3234806
2025-09-06,2025-10-05,29,direct_own_calendar,967898095.0,755814526.0179963
2025-09-07,2025-10-06,29,direct_own_calendar,909397624.0,739326497.6288943
2025-09-08,2025-10-07,29,direct_own_calendar,958058211.0,732153009.6924955
2025-09-09,2025-10-08,29,direct_own_calendar,1002652065.0,724898935.9110215
2025-09-10,2025-10-09,29,direct_own_calendar,1006596066.0,880277050.38749
2025-09-11,2025-10-10,29,direct_own_calendar,988218980.0,886273820.7470151
2025-09-12,2025-10-11,29,direct_own_calendar,993216057.0,858103167.9277661
2025-09-13,2025-10-12,29,direct_own_calendar,982996119.0,883709852.534825
2025-09-14,2025-10-13,29,direct_own_calendar,994158096.0,885112040.6774945
2025-09-15,2025-10-14,29,direct_own_calendar,999440675.0,876469183.2219042
2025-09-16,2025-10-15,29,direct_own_calendar,979563855.0,865452960.3001615
2025-09-17,2025-10-16,29,direct_own_calendar,973453600.0,849546800.2770946
2025-09-18,2025-10-17,29,direct_own_calendar,976535370.0,873505350.70112
2025-09-19,2025-10-18,29,direct_own_calendar,976325746.0,871671755.0727131
2025-09-20,2025-10-19,29,direct_own_calendar,896789087.0,861162242.3742787
2025-09-21,2025-10-20,29,direct_own_calendar,853624251.0,873700410.480945
2025-09-22,2025-10-21,29,direct_own_calendar,795444895.0,859034341.9569174
2025-09-23,2025-10-22,29,direct_own_calendar,783518576.0,836390127.3262796
2025-09-24,2025-10-23,29,direct_own_calendar,783134792.0,837212731.1314198
2025-09-25,2025-10-24,29,direct_own_calendar,786285205.0,848092399.6314219
2025-09-26,2025-10-25,29,direct_own_calendar,787344834.0,843126179.3461791
2025-09-27,2025-10-26,29,direct_own_calendar,788309358.0,825472147.326034
2025-09-28,2025-10-27,29,direct_own_calendar,788347388.0,837627687.5335624
2025-09-29,2025-10-28,29,direct_own_calendar,803213606.0,840207465.71909
2025-09-30,2025-10-29,29,direct_own_calendar,791815205.0,830004390.7184323
2025-10-01,2025-10-30,29,direct_own_calendar,801523722.0,791380760.124875
2025-10-02,2025-10-31,29,direct_own_calendar,806599754.0,780459913.4712638
2025-10-03,2025-11-01,29,direct_own_calendar,760921367.0,785038211.8001654
2025-10-04,2025-11-02,29,direct_own_calendar,744828378.0,791278770.2628286
2025-10-05,2025-11-03,29,direct_own_calendar,780447693.0,821362855.9397182
2025-10-06,2025-11-04,29,direct_own_calendar,782600645.0,830646357.0620109
2025-10-07,2025-11-05,29,direct_own_calendar,784108702.0,819177201.5372818
2025-10-08,2025-11-06,29,direct_own_calendar,789959014.0,806541789.4141381
2025-10-09,2025-11-07,29,direct_own_calendar,808798324.0,808233309.3465556
2025-10-10,2025-11-08,29,direct_own_calendar,816286170.0,794579187.5747666
2025-10-11,2025-11-09,29,direct_own_calendar,794671570.0,776561649.5686312
2025-10-12,2025-11-10,29,direct_own_calendar,803150509.0,790486713.3943688
2025-10-13,2025-11-11,29,direct_own_calendar,811031660.0,790407009.9494088
2025-10-14,2025-11-12,29,direct_own_calendar,800371284.0,794740837.6544644
2025-10-15,2025-11-13,29,direct_own_calendar,795412883.0,813041967.1139398
2025-10-16,2025-11-14,29,direct_own_calendar,784929625.0,814162772.0429927
2025-10-17,2025-11-15,29,direct_own_calendar,771969074.0,809181042.9577932
2025-10-18,2025-11-16,29,direct_own_calendar,748102925.0,793820273.3197875
2025-10-19,2025-11-17,29,direct_own_calendar,784946049.0,804005757.0053064
2025-10-20,2025-11-18,29,direct_own_calendar,802372785.0,801986679.6553926
2025-10-21,2025-11-19,29,direct_own_calendar,785536331.0,784616644.6779078
2025-10-22,2025-11-20,29,direct_own_calendar,789566797.0,784136975.1014553
2025-10-23,2025-11-21,29,direct_own_calendar,781713368.0,788213382.6965162
2025-10-24,2025-11-22,29,direct_own_calendar,777234266.0,782561575.0887183
2025-10-25,2025-11-23,29,direct_own_calendar,763587139.0,770398260.123145
2025-10-26,2025-11-24,29,direct_own_calendar,787419759.0,786143221.3078873
2025-10-27,2025-11-25,29,direct_own_calendar,779113247.0,783283306.2894167
2025-10-28,2025-11-26,29,direct_own_calendar,779056661.0,766817153.8211741
2025-10-29,2025-11-27,29,direct_own_calendar,785923784.0,758404091.1714042
2025-10-30,2025-11-28,29,direct_own_calendar,793532772.0,762193419.2821472
2025-10-31,2025-11-29,29,direct_own_calendar,775439198.0,758768671.6438615
2025-11-01,2025-11-30,29,direct_own_calendar,752415007.0,742045126.9028516
2025-11-02,2025-12-01,29,direct_own_calendar,752093794.0,765286748.9056745
2025-11-03,2025-12-02,29,direct_own_calendar,774181582.0,770415009.214666
2025-11-04,2025-12-03,29,direct_own_calendar,779128904.0,779030927.0760483
2025-11-05,2025-12-04,29,direct_own_calendar,780611840.0,779414596.3031039
2025-11-06,2025-12-05,29,direct_own_calendar,790342731.0,779799715.888144
2025-11-07,2025-12-06,29,direct_own_calendar,783475966.0,773303621.9926443
2025-11-08,2025-12-07,29,direct_own_calendar,769662376.0,757677358.9046775
2025-11-09,2025-12-08,29,direct_own_calendar,781993536.0,771622057.4398094
2025-11-10,2025-12-09,29,direct_own_calendar,790459836.0,771136041.6197716
2025-11-11,2025-12-10,29,direct_own_calendar,793331038.0,763682172.973806
2025-11-12,2025-12-11,29,direct_own_calendar,792303023.0,765874526.6461347
2025-11-13,2025-12-12,29,direct_own_calendar,805771337.0,768944449.0823103
2025-11-14,2025-12-13,29,direct_own_calendar,805919635.0,767455358.4620644
2025-11-15,2025-12-14,29,direct_own_calendar,775261923.0,763885801.9045767
2025-11-16,2025-12-15,29,direct_own_calendar,800205024.0,772121046.8171198
2025-11-17,2025-12-16,29,direct_own_calendar,791223092.0,764699901.4786009
2025-11-18,2025-12-17,29,direct_own_calendar,797873177.0,755937110.9800112
2025-11-19,2025-12-18,29,direct_own_calendar,807913091.0,753236078.4334719
2025-11-20,2025-12-19,29,direct_own_calendar,813412227.0,754014938.4746218
2025-11-21,2025-12-20,29,direct_own_calendar,800554656.0,746484204.197662
2025-11-22,2025-12-21,29,direct_own_calendar,775722494.0,732305586.8700103
2025-11-23,2025-12-22,29,direct_own_calendar,800416947.0,746327769.0589021
2025-11-24,2025-12-23,29,direct_own_calendar,805434213.0,746452924.7001294
2025-11-25,2025-12-24,29,direct_own_calendar,803732375.0,741667804.4024605
2025-11-26,2025-12-25,29,direct_own_calendar,824337857.0,737954478.416123
2025-11-27,2025-12-26,29,direct_own_calendar,812520530.0,746063165.8561022
2025-11-28,2025-12-27,29,direct_own_calendar,813024286.0,744266043.727464
2025-11-29,2025-12-28,29,direct_own_calendar,798511867.0,730952884.1632016
2025-11-30,2025-12-29,29,direct_own_calendar,801303829.0,741173909.8371931
2025-12-01,2025-12-30,29,direct_own_calendar,799723069.0,736087895.8866721
2025-12-02,2025-12-31,29,direct_own_calendar,783373686.0,730296738.8365906
2025-12-03,2026-01-01,29,direct_own_calendar,707758012.0,651250928.9701667
2025-12-04,2026-01-02,29,direct_own_calendar,741910307.0,656880246.3761928
2025-12-05,2026-01-03,29,direct_own_calendar,801935633.0,675072983.8864295
2025-12-06,2026-01-04,29,direct_own_calendar,820839320.0,697388783.6143237
2025-12-07,2026-01-05,29,direct_own_calendar,819629944.0,737712317.7688086
2025-12-08,2026-01-06,29,direct_own_calendar,848208043.0,737170205.0150707
2025-12-09,2026-01-07,29,direct_own_calendar,836618404.0,733940627.2185951
2025-12-10,2026-01-08,29,direct_own_calendar,845715705.0,733172502.892325
2025-12-11,2026-01-09,29,direct_own_calendar,845779172.0,735993099.4519415
2025-09-02,2025-10-01,29,direct_own_weather_holiday,893877447.0,847759312.9888052
2025-09-03,2025-10-02,29,direct_own_weather_holiday,877524402.0,842525446.0482316
2025-09-04,2025-10-03,29,direct_own_weather_holiday,906128774.0,842236953.0027623
2025-09-05,2025-10-04,29,direct_own_weather_holiday,947397946.0,867069850.2039999
2025-09-06,2025-10-05,29,direct_own_weather_holiday,967898095.0,856508185.2167469
2025-09-07,2025-10-06,29,direct_own_weather_holiday,909397624.0,846268397.2668668
2025-09-08,2025-10-07,29,direct_own_weather_holiday,958058211.0,830690659.8273623
2025-09-09,2025-10-08,29,direct_own_weather_holiday,1002652065.0,816744376.4863636
2025-09-10,2025-10-09,29,direct_own_weather_holiday,1006596066.0,924333416.2956944
2025-09-11,2025-10-10,29,direct_own_weather_holiday,988218980.0,911049561.2243198
2025-09-12,2025-10-11,29,direct_own_weather_holiday,993216057.0,909467308.5226622
2025-09-13,2025-10-12,29,direct_own_weather_holiday,982996119.0,896149219.7457876
2025-09-14,2025-10-13,29,direct_own_weather_holiday,994158096.0,918012543.572199
2025-09-15,2025-10-14,29,direct_own_weather_holiday,999440675.0,897594746.1938095
2025-09-16,2025-10-15,29,direct_own_weather_holiday,979563855.0,886590725.2075387
2025-09-17,2025-10-16,29,direct_own_weather_holiday,973453600.0,869384738.7589343
2025-09-18,2025-10-17,29,direct_own_weather_holiday,976535370.0,884388874.5825938
2025-09-19,2025-10-18,29,direct_own_weather_holiday,976325746.0,875978285.8662844
2025-09-20,2025-10-19,29,direct_own_weather_holiday,896789087.0,834224138.0272214
2025-09-21,2025-10-20,29,direct_own_weather_holiday,853624251.0,787112527.2313938
2025-09-22,2025-10-21,29,direct_own_weather_holiday,795444895.0,767444769.397324
2025-09-23,2025-10-22,29,direct_own_weather_holiday,783518576.0,757764169.7591823
2025-09-24,2025-10-23,29,direct_own_weather_holiday,783134792.0,764586370.2258879
2025-09-25,2025-10-24,29,direct_own_weather_holiday,786285205.0,770541574.5606745
2025-09-26,2025-10-25,29,direct_own_weather_holiday,787344834.0,769702507.6967858
2025-09-27,2025-10-26,29,direct_own_weather_holiday,788309358.0,752483978.2787629
2025-09-28,2025-10-27,29,direct_own_weather_holiday,788347388.0,763661702.8761194
2025-09-29,2025-10-28,29,direct_own_weather_holiday,803213606.0,761178593.1409369
2025-09-30,2025-10-29,29,direct_own_weather_holiday,791815205.0,758477541.5630596
2025-10-01,2025-10-30,29,direct_own_weather_holiday,801523722.0,733659622.2721068
2025-10-02,2025-10-31,29,direct_own_weather_holiday,806599754.0,726269880.7578442
2025-10-03,2025-11-01,29,direct_own_weather_holiday,760921367.0,723787712.7712653
2025-10-04,2025-11-02,29,direct_own_weather_holiday,744828378.0,728584566.0384616
2025-10-05,2025-11-03,29,direct_own_weather_holiday,780447693.0,751423994.450816
2025-10-06,2025-11-04,29,direct_own_weather_holiday,782600645.0,749210791.5254071
2025-10-07,2025-11-05,29,direct_own_weather_holiday,784108702.0,749846927.9386903
2025-10-08,2025-11-06,29,direct_own_weather_holiday,789959014.0,746389779.2251003
2025-10-09,2025-11-07,29,direct_own_weather_holiday,808798324.0,753082483.5713416
2025-10-10,2025-11-08,29,direct_own_weather_holiday,816286170.0,746222340.9753145
2025-10-11,2025-11-09,29,direct_own_weather_holiday,794671570.0,725438699.6040827
2025-10-12,2025-11-10,29,direct_own_weather_holiday,803150509.0,737113506.8336887
2025-10-13,2025-11-11,29,direct_own_weather_holiday,811031660.0,732632368.3643662
2025-10-14,2025-11-12,29,direct_own_weather_holiday,800371284.0,736958577.8066337
2025-10-15,2025-11-13,29,direct_own_weather_holiday,795412883.0,748920251.8013996
2025-10-16,2025-11-14,29,direct_own_weather_holiday,784929625.0,760549489.4254615
2025-10-17,2025-11-15,29,direct_own_weather_holiday,771969074.0,744936184.1056861
2025-10-18,2025-11-16,29,direct_own_weather_holiday,748102925.0,728517963.6874368
2025-10-19,2025-11-17,29,direct_own_weather_holiday,784946049.0,747922135.9908636
2025-10-20,2025-11-18,29,direct_own_weather_holiday,802372785.0,765996135.047766
2025-10-21,2025-11-19,29,direct_own_weather_holiday,785536331.0,773041629.0669099
2025-10-22,2025-11-20,29,direct_own_weather_holiday,789566797.0,769078395.3821964
2025-10-23,2025-11-21,29,direct_own_weather_holiday,781713368.0,762864521.5540992
2025-10-24,2025-11-22,29,direct_own_weather_holiday,777234266.0,754250351.6131287
2025-10-25,2025-11-23,29,direct_own_weather_holiday,763587139.0,736763684.6461626
2025-10-26,2025-11-24,29,direct_own_weather_holiday,787419759.0,757522580.1378242
2025-10-27,2025-11-25,29,direct_own_weather_holiday,779113247.0,768548261.9219832
2025-10-28,2025-11-26,29,direct_own_weather_holiday,779056661.0,760910382.2452128
2025-10-29,2025-11-27,29,direct_own_weather_holiday,785923784.0,757941410.2487386
2025-10-30,2025-11-28,29,direct_own_weather_holiday,793532772.0,764726082.5831486
2025-10-31,2025-11-29,29,direct_own_weather_holiday,775439198.0,740953697.7939079
2025-11-01,2025-11-30,29,direct_own_weather_holiday,752415007.0,725364145.9044776
2025-11-02,2025-12-01,29,direct_own_weather_holiday,752093794.0,745917085.467975
2025-11-03,2025-12-02,29,direct_own_weather_holiday,774181582.0,744189146.671575
2025-11-04,2025-12-03,29,direct_own_weather_holiday,779128904.0,761526561.334821
2025-11-05,2025-12-04,29,direct_own_weather_holiday,780611840.0,770178465.7861172
2025-11-06,2025-12-05,29,direct_own_weather_holiday,790342731.0,765007588.1975445
2025-11-07,2025-12-06,29,direct_own_weather_holiday,783475966.0,747645747.3788047
2025-11-08,2025-12-07,29,direct_own_weather_holiday,769662376.0,727648738.1196544
2025-11-09,2025-12-08,29,direct_own_weather_holiday,781993536.0,751856228.233263
2025-11-10,2025-12-09,29,direct_own_weather_holiday,790459836.0,754501342.9209764
2025-11-11,2025-12-10,29,direct_own_weather_holiday,793331038.0,745646608.3154883
2025-11-12,2025-12-11,29,direct_own_weather_holiday,792303023.0,746412372.5077864
2025-11-13,2025-12-12,29,direct_own_weather_holiday,805771337.0,753801136.5156248
2025-11-14,2025-12-13,29,direct_own_weather_holiday,805919635.0,742917200.9866973
2025-11-15,2025-12-14,29,direct_own_weather_holiday,775261923.0,767124330.8337975
2025-11-16,2025-12-15,29,direct_own_weather_holiday,800205024.0,767598341.1826187
2025-11-17,2025-12-16,29,direct_own_weather_holiday,791223092.0,757822719.7435292
2025-11-18,2025-12-17,29,direct_own_weather_holiday,797873177.0,757531233.741589
2025-11-19,2025-12-18,29,direct_own_weather_holiday,807913091.0,756641915.8570853
2025-11-20,2025-12-19,29,direct_own_weather_holiday,813412227.0,746464126.6351547
2025-11-21,2025-12-20,29,direct_own_weather_holiday,800554656.0,737605182.0780705
2025-11-22,2025-12-21,29,direct_own_weather_holiday,775722494.0,727386348.096237
2025-11-23,2025-12-22,29,direct_own_weather_holiday,800416947.0,747007557.312646
2025-11-24,2025-12-23,29,direct_own_weather_holiday,805434213.0,741675348.2726742
2025-11-25,2025-12-24,29,direct_own_weather_holiday,803732375.0,741240200.5183544
2025-11-26,2025-12-25,29,direct_own_weather_holiday,824337857.0,747026062.7988036
2025-11-27,2025-12-26,29,direct_own_weather_holiday,812520530.0,776798898.2412704
2025-11-28,2025-12-27,29,direct_own_weather_holiday,813024286.0,756967080.345363
2025-11-29,2025-12-28,29,direct_own_weather_holiday,798511867.0,740050059.6872666
2025-11-30,2025-12-29,29,direct_own_weather_holiday,801303829.0,749786883.949482
2025-12-01,2025-12-30,29,direct_own_weather_holiday,799723069.0,746238080.3040427
2025-12-02,2025-12-31,29,direct_own_weather_holiday,783373686.0,748476087.6089691
2025-12-03,2026-01-01,29,direct_own_weather_holiday,707758012.0,672955058.8144119
2025-12-04,2026-01-02,29,direct_own_weather_holiday,741910307.0,690070412.9043424
2025-12-05,2026-01-03,29,direct_own_weather_holiday,801935633.0,716007034.9871664
2025-12-06,2026-01-04,29,direct_own_weather_holiday,820839320.0,720799297.0080496
2025-12-07,2026-01-05,29,direct_own_weather_holiday,819629944.0,748354445.3524587
2025-12-08,2026-01-06,29,direct_own_weather_holiday,848208043.0,763388447.4885772
2025-12-09,2026-01-07,29,direct_own_weather_holiday,836618404.0,770655736.3659104
2025-12-10,2026-01-08,29,direct_own_weather_holiday,845715705.0,772795043.0950406
2025-12-11,2026-01-09,29,direct_own_weather_holiday,845779172.0,773526270.9609824
2025-09-02,2025-10-01,29,direct_category_weather_holiday,893877447.0,876900543.6620657
2025-09-03,2025-10-02,29,direct_category_weather_holiday,877524402.0,867442684.7420565
2025-09-04,2025-10-03,29,direct_category_weather_holiday,906128774.0,873700282.4024367
2025-09-05,2025-10-04,29,direct_category_weather_holiday,947397946.0,896260530.6441059
2025-09-06,2025-10-05,29,direct_category_weather_holiday,967898095.0,882326215.2137693
2025-09-07,2025-10-06,29,direct_category_weather_holiday,909397624.0,881333602.2787561
2025-09-08,2025-10-07,29,direct_category_weather_holiday,958058211.0,873667829.6800292
2025-09-09,2025-10-08,29,direct_category_weather_holiday,1002652065.0,851537310.0778326
2025-09-10,2025-10-09,29,direct_category_weather_holiday,1006596066.0,955904544.6668942
2025-09-11,2025-10-10,29,direct_category_weather_holiday,988218980.0,944090022.3022236
2025-09-12,2025-10-11,29,direct_category_weather_holiday,993216057.0,945176586.6415759
2025-09-13,2025-10-12,29,direct_category_weather_holiday,982996119.0,937323840.7378092
2025-09-14,2025-10-13,29,direct_category_weather_holiday,994158096.0,951396455.2688595
2025-09-15,2025-10-14,29,direct_category_weather_holiday,999440675.0,941886225.8491182
2025-09-16,2025-10-15,29,direct_category_weather_holiday,979563855.0,923536027.7440563
2025-09-17,2025-10-16,29,direct_category_weather_holiday,973453600.0,924540760.5566344
2025-09-18,2025-10-17,29,direct_category_weather_holiday,976535370.0,924974347.7332008
2025-09-19,2025-10-18,29,direct_category_weather_holiday,976325746.0,919054333.9883844
2025-09-20,2025-10-19,29,direct_category_weather_holiday,896789087.0,876232378.5733494
2025-09-21,2025-10-20,29,direct_category_weather_holiday,853624251.0,831358306.9716531
2025-09-22,2025-10-21,29,direct_category_weather_holiday,795444895.0,814607851.580828
2025-09-23,2025-10-22,29,direct_category_weather_holiday,783518576.0,809755935.2895495
2025-09-24,2025-10-23,29,direct_category_weather_holiday,783134792.0,823303030.862554
2025-09-25,2025-10-24,29,direct_category_weather_holiday,786285205.0,829019428.2836791
2025-09-26,2025-10-25,29,direct_category_weather_holiday,787344834.0,821104935.1507753
2025-09-27,2025-10-26,29,direct_category_weather_holiday,788309358.0,801025202.9882933
2025-09-28,2025-10-27,29,direct_category_weather_holiday,788347388.0,801888047.3766824
2025-09-29,2025-10-28,29,direct_category_weather_holiday,803213606.0,807216158.432853
2025-09-30,2025-10-29,29,direct_category_weather_holiday,791815205.0,809730385.0361217
2025-10-01,2025-10-30,29,direct_category_weather_holiday,801523722.0,798856357.1031865
2025-10-02,2025-10-31,29,direct_category_weather_holiday,806599754.0,800148465.8094243
2025-10-03,2025-11-01,29,direct_category_weather_holiday,760921367.0,781356744.427303
2025-10-04,2025-11-02,29,direct_category_weather_holiday,744828378.0,784218288.467107
2025-10-05,2025-11-03,29,direct_category_weather_holiday,780447693.0,801248418.9208409
2025-10-06,2025-11-04,29,direct_category_weather_holiday,782600645.0,813355628.8925349
2025-10-07,2025-11-05,29,direct_category_weather_holiday,784108702.0,829155207.8481193
2025-10-08,2025-11-06,29,direct_category_weather_holiday,789959014.0,828662260.3745058
2025-10-09,2025-11-07,29,direct_category_weather_holiday,808798324.0,813819261.9470937
2025-10-10,2025-11-08,29,direct_category_weather_holiday,816286170.0,798488952.8613517
2025-10-11,2025-11-09,29,direct_category_weather_holiday,794671570.0,770599789.5150841
2025-10-12,2025-11-10,29,direct_category_weather_holiday,803150509.0,796171787.9458836
2025-10-13,2025-11-11,29,direct_category_weather_holiday,811031660.0,811443220.1152178
2025-10-14,2025-11-12,29,direct_category_weather_holiday,800371284.0,792403178.323847
2025-10-15,2025-11-13,29,direct_category_weather_holiday,795412883.0,796944715.2173259
2025-10-16,2025-11-14,29,direct_category_weather_holiday,784929625.0,786133287.5544611
2025-10-17,2025-11-15,29,direct_category_weather_holiday,771969074.0,775157332.4903474
2025-10-18,2025-11-16,29,direct_category_weather_holiday,748102925.0,761147432.1458426
2025-10-19,2025-11-17,29,direct_category_weather_holiday,784946049.0,787408290.9505236
2025-10-20,2025-11-18,29,direct_category_weather_holiday,802372785.0,802767713.6371472
2025-10-21,2025-11-19,29,direct_category_weather_holiday,785536331.0,810149263.842992
2025-10-22,2025-11-20,29,direct_category_weather_holiday,789566797.0,812730991.8821106
2025-10-23,2025-11-21,29,direct_category_weather_holiday,781713368.0,817661769.2553596
2025-10-24,2025-11-22,29,direct_category_weather_holiday,777234266.0,809657326.0678784
2025-10-25,2025-11-23,29,direct_category_weather_holiday,763587139.0,786190193.2719628
2025-10-26,2025-11-24,29,direct_category_weather_holiday,787419759.0,793712320.3221319
2025-10-27,2025-11-25,29,direct_category_weather_holiday,779113247.0,812394400.5871539
2025-10-28,2025-11-26,29,direct_category_weather_holiday,779056661.0,821089921.355306
2025-10-29,2025-11-27,29,direct_category_weather_holiday,785923784.0,842706409.5594852
2025-10-30,2025-11-28,29,direct_category_weather_holiday,793532772.0,837291616.452955
2025-10-31,2025-11-29,29,direct_category_weather_holiday,775439198.0,810278374.104666
2025-11-01,2025-11-30,29,direct_category_weather_holiday,752415007.0,781979181.514026
2025-11-02,2025-12-01,29,direct_category_weather_holiday,752093794.0,786636187.3149282
2025-11-03,2025-12-02,29,direct_category_weather_holiday,774181582.0,817334188.1734127
2025-11-04,2025-12-03,29,direct_category_weather_holiday,779128904.0,826389813.8692788
2025-11-05,2025-12-04,29,direct_category_weather_holiday,780611840.0,830186422.6598662
2025-11-06,2025-12-05,29,direct_category_weather_holiday,790342731.0,814212337.393043
2025-11-07,2025-12-06,29,direct_category_weather_holiday,783475966.0,800067695.6346477
2025-11-08,2025-12-07,29,direct_category_weather_holiday,769662376.0,783866073.2864126
2025-11-09,2025-12-08,29,direct_category_weather_holiday,781993536.0,797428356.7657807
2025-11-10,2025-12-09,29,direct_category_weather_holiday,790459836.0,811785292.1919913
2025-11-11,2025-12-10,29,direct_category_weather_holiday,793331038.0,807734065.5455829
2025-11-12,2025-12-11,29,direct_category_weather_holiday,792303023.0,808884049.6834726
2025-11-13,2025-12-12,29,direct_category_weather_holiday,805771337.0,816642539.1577302
2025-11-14,2025-12-13,29,direct_category_weather_holiday,805919635.0,805256662.0910543
2025-11-15,2025-12-14,29,direct_category_weather_holiday,775261923.0,805664966.3396902
2025-11-16,2025-12-15,29,direct_category_weather_holiday,800205024.0,813163570.593326
2025-11-17,2025-12-16,29,direct_category_weather_holiday,791223092.0,803927892.8129393
2025-11-18,2025-12-17,29,direct_category_weather_holiday,797873177.0,803646177.7313566
2025-11-19,2025-12-18,29,direct_category_weather_holiday,807913091.0,807831718.1174754
2025-11-20,2025-12-19,29,direct_category_weather_holiday,813412227.0,783084718.2699443
2025-11-21,2025-12-20,29,direct_category_weather_holiday,800554656.0,767264311.5276257
2025-11-22,2025-12-21,29,direct_category_weather_holiday,775722494.0,767239407.965409
2025-11-23,2025-12-22,29,direct_category_weather_holiday,800416947.0,788781182.2062985
2025-11-24,2025-12-23,29,direct_category_weather_holiday,805434213.0,786371778.5022978
2025-11-25,2025-12-24,29,direct_category_weather_holiday,803732375.0,787569521.5612067
2025-11-26,2025-12-25,29,direct_category_weather_holiday,824337857.0,795173198.050842
2025-11-27,2025-12-26,29,direct_category_weather_holiday,812520530.0,808979437.7059035
2025-11-28,2025-12-27,29,direct_category_weather_holiday,813024286.0,788387080.1830984
2025-11-29,2025-12-28,29,direct_category_weather_holiday,798511867.0,774057350.7741649
2025-11-30,2025-12-29,29,direct_category_weather_holiday,801303829.0,777225926.4165089
2025-12-01,2025-12-30,29,direct_category_weather_holiday,799723069.0,777741246.0192964
2025-12-02,2025-12-31,29,direct_category_weather_holiday,783373686.0,792500070.7923727
2025-12-03,2026-01-01,29,direct_category_weather_holiday,707758012.0,694309281.6375538
2025-12-04,2026-01-02,29,direct_category_weather_holiday,741910307.0,708321662.0777493
2025-12-05,2026-01-03,29,direct_category_weather_holiday,801935633.0,733036681.0925738
2025-12-06,2026-01-04,29,direct_category_weather_holiday,820839320.0,762531343.0393983
2025-12-07,2026-01-05,29,direct_category_weather_holiday,819629944.0,784905935.5119494
2025-12-08,2026-01-06,29,direct_category_weather_holiday,848208043.0,805182860.7361761
2025-12-09,2026-01-07,29,direct_category_weather_holiday,836618404.0,795302861.1615957
2025-12-10,2026-01-08,29,direct_category_weather_holiday,845715705.0,793873711.0392517
2025-12-11,2026-01-09,29,direct_category_weather_holiday,845779172.0,793222891.3164495
2025-09-01,2025-10-01,30,direct_own_calendar,893877447.0,738693003.3199801
2025-09-02,2025-10-02,30,direct_own_calendar,877524402.0,741497901.9960899
2025-09-03,2025-10-03,30,direct_own_calendar,906128774.0,751133250.6445917
2025-09-04,2025-10-04,30,direct_own_calendar,947397946.0,771240176.3401265
2025-09-05,2025-10-05,30,direct_own_calendar,967898095.0,753603506.9650807
2025-09-06,2025-10-06,30,direct_own_calendar,909397624.0,740682880.389655
2025-09-07,2025-10-07,30,direct_own_calendar,958058211.0,733671235.8634887
2025-09-08,2025-10-08,30,direct_own_calendar,1002652065.0,724257883.686478
2025-09-09,2025-10-09,30,direct_own_calendar,1006596066.0,873926859.9712495
2025-09-10,2025-10-10,30,direct_own_calendar,988218980.0,883587824.8948448
2025-09-11,2025-10-11,30,direct_own_calendar,993216057.0,850311945.9554931
2025-09-12,2025-10-12,30,direct_own_calendar,982996119.0,880538481.2260143
2025-09-13,2025-10-13,30,direct_own_calendar,994158096.0,896013049.835588
2025-09-14,2025-10-14,30,direct_own_calendar,999440675.0,881716547.4068186
2025-09-15,2025-10-15,30,direct_own_calendar,979563855.0,870216543.2316272
2025-09-16,2025-10-16,30,direct_own_calendar,973453600.0,866298767.8592632
2025-09-17,2025-10-17,30,direct_own_calendar,976535370.0,853702193.3023916
2025-09-18,2025-10-18,30,direct_own_calendar,976325746.0,866434813.0627227
2025-09-19,2025-10-19,30,direct_own_calendar,896789087.0,856037152.1580112
2025-09-20,2025-10-20,30,direct_own_calendar,853624251.0,875425347.1875781
2025-09-21,2025-10-21,30,direct_own_calendar,795444895.0,875294085.1160378
2025-09-22,2025-10-22,30,direct_own_calendar,783518576.0,855274442.0565135
2025-09-23,2025-10-23,30,direct_own_calendar,783134792.0,837973140.902402
2025-09-24,2025-10-24,30,direct_own_calendar,786285205.0,839937402.5792661
2025-09-25,2025-10-25,30,direct_own_calendar,787344834.0,840347412.3547028
2025-09-26,2025-10-26,30,direct_own_calendar,788309358.0,829638771.4433309
2025-09-27,2025-10-27,30,direct_own_calendar,788347388.0,838133322.5527035
2025-09-28,2025-10-28,30,direct_own_calendar,803213606.0,836886772.7256002
2025-09-29,2025-10-29,30,direct_own_calendar,791815205.0,834030038.8385259
2025-09-30,2025-10-30,30,direct_own_calendar,801523722.0,828390324.7185605
2025-10-01,2025-10-31,30,direct_own_calendar,806599754.0,798949765.7252895
2025-10-02,2025-11-01,30,direct_own_calendar,760921367.0,781407084.7247112
2025-10-03,2025-11-02,30,direct_own_calendar,744828378.0,779842530.6084248
2025-10-04,2025-11-03,30,direct_own_calendar,780447693.0,806830387.7070764
2025-10-05,2025-11-04,30,direct_own_calendar,782600645.0,817287317.3963542
2025-10-06,2025-11-05,30,direct_own_calendar,784108702.0,819384312.6351345
2025-10-07,2025-11-06,30,direct_own_calendar,789959014.0,816693387.6687192
2025-10-08,2025-11-07,30,direct_own_calendar,808798324.0,815347961.6855674
2025-10-09,2025-11-08,30,direct_own_calendar,816286170.0,801766592.458213
2025-10-10,2025-11-09,30,direct_own_calendar,794671570.0,781244130.8644638
2025-10-11,2025-11-10,30,direct_own_calendar,803150509.0,792705686.4276037
2025-10-12,2025-11-11,30,direct_own_calendar,811031660.0,792226989.4441549
2025-10-13,2025-11-12,30,direct_own_calendar,800371284.0,788583163.5598775
2025-10-14,2025-11-13,30,direct_own_calendar,795412883.0,797496110.6028877
2025-10-15,2025-11-14,30,direct_own_calendar,784929625.0,817193109.6083789
2025-10-16,2025-11-15,30,direct_own_calendar,771969074.0,807701772.4777186
2025-10-17,2025-11-16,30,direct_own_calendar,748102925.0,795808745.8447413
2025-10-18,2025-11-17,30,direct_own_calendar,784946049.0,807058118.9177212
2025-10-19,2025-11-18,30,direct_own_calendar,802372785.0,802258151.281618
2025-10-20,2025-11-19,30,direct_own_calendar,785536331.0,795712317.5780354
2025-10-21,2025-11-20,30,direct_own_calendar,789566797.0,788582233.7645742
2025-10-22,2025-11-21,30,direct_own_calendar,781713368.0,792136700.5618249
2025-10-23,2025-11-22,30,direct_own_calendar,777234266.0,785319760.9610635
2025-10-24,2025-11-23,30,direct_own_calendar,763587139.0,767933055.4507296
2025-10-25,2025-11-24,30,direct_own_calendar,787419759.0,781671216.0240735
2025-10-26,2025-11-25,30,direct_own_calendar,779113247.0,784398910.6772428
2025-10-27,2025-11-26,30,direct_own_calendar,779056661.0,777782905.3361269
2025-10-28,2025-11-27,30,direct_own_calendar,785923784.0,768951711.663623
2025-10-29,2025-11-28,30,direct_own_calendar,793532772.0,764556991.6864561
2025-10-30,2025-11-29,30,direct_own_calendar,775439198.0,756984409.8917427
2025-10-31,2025-11-30,30,direct_own_calendar,752415007.0,746888870.2880694
2025-11-01,2025-12-01,30,direct_own_calendar,752093794.0,757718977.2139367
2025-11-02,2025-12-02,30,direct_own_calendar,774181582.0,766782078.4412111
2025-11-03,2025-12-03,30,direct_own_calendar,779128904.0,767291540.0707997
2025-11-04,2025-12-04,30,direct_own_calendar,780611840.0,778459256.0654697
2025-11-05,2025-12-05,30,direct_own_calendar,790342731.0,782825077.1867282
2025-11-06,2025-12-06,30,direct_own_calendar,783475966.0,774002535.1420538
2025-11-07,2025-12-07,30,direct_own_calendar,769662376.0,758961085.3228378
2025-11-08,2025-12-08,30,direct_own_calendar,781993536.0,772257817.4082351
2025-11-09,2025-12-09,30,direct_own_calendar,790459836.0,771883487.712507
2025-11-10,2025-12-10,30,direct_own_calendar,793331038.0,766657906.1140333
2025-11-11,2025-12-11,30,direct_own_calendar,792303023.0,766623589.0484508
2025-11-12,2025-12-12,30,direct_own_calendar,805771337.0,772274066.5865555
2025-11-13,2025-12-13,30,direct_own_calendar,805919635.0,764945675.8786923
2025-11-14,2025-12-14,30,direct_own_calendar,775261923.0,755735842.6567787
2025-11-15,2025-12-15,30,direct_own_calendar,800205024.0,778570539.0923975
2025-11-16,2025-12-16,30,direct_own_calendar,791223092.0,772078015.9000893
2025-11-17,2025-12-17,30,direct_own_calendar,797873177.0,759360056.4370797
2025-11-18,2025-12-18,30,direct_own_calendar,807913091.0,754760977.9754484
2025-11-19,2025-12-19,30,direct_own_calendar,813412227.0,754524144.1502324
2025-11-20,2025-12-20,30,direct_own_calendar,800554656.0,746237789.5251874
2025-11-21,2025-12-21,30,direct_own_calendar,775722494.0,732692876.7854763
2025-11-22,2025-12-22,30,direct_own_calendar,800416947.0,745907991.9558319
2025-11-23,2025-12-23,30,direct_own_calendar,805434213.0,746664087.975115
2025-11-24,2025-12-24,30,direct_own_calendar,803732375.0,740540877.1252215
2025-11-25,2025-12-25,30,direct_own_calendar,824337857.0,741104300.5267832
2025-11-26,2025-12-26,30,direct_own_calendar,812520530.0,741557272.2521803
2025-11-27,2025-12-27,30,direct_own_calendar,813024286.0,740146033.4462637
2025-11-28,2025-12-28,30,direct_own_calendar,798511867.0,729759485.4833605
2025-11-29,2025-12-29,30,direct_own_calendar,801303829.0,742998893.1401184
2025-11-30,2025-12-30,30,direct_own_calendar,799723069.0,739226548.9785802
2025-12-01,2025-12-31,30,direct_own_calendar,783373686.0,730777309.5034435
2025-12-02,2026-01-01,30,direct_own_calendar,707758012.0,646021932.3600885
2025-12-03,2026-01-02,30,direct_own_calendar,741910307.0,654923615.8749814
2025-12-04,2026-01-03,30,direct_own_calendar,801935633.0,672796906.8958285
2025-12-05,2026-01-04,30,direct_own_calendar,820839320.0,693437540.7294513
2025-12-06,2026-01-05,30,direct_own_calendar,819629944.0,737797595.1345057
2025-12-07,2026-01-06,30,direct_own_calendar,848208043.0,736581796.3837286
2025-12-08,2026-01-07,30,direct_own_calendar,836618404.0,732381437.9322785
2025-12-09,2026-01-08,30,direct_own_calendar,845715705.0,734374615.9000411
2025-12-10,2026-01-09,30,direct_own_calendar,845779172.0,737391683.1980625
2025-09-01,2025-10-01,30,direct_own_weather_holiday,893877447.0,843248530.3254684
2025-09-02,2025-10-02,30,direct_own_weather_holiday,877524402.0,837739272.7015955
2025-09-03,2025-10-03,30,direct_own_weather_holiday,906128774.0,839249146.0740844
2025-09-04,2025-10-04,30,direct_own_weather_holiday,947397946.0,868331427.5855656
2025-09-05,2025-10-05,30,direct_own_weather_holiday,967898095.0,858052022.4248433
2025-09-06,2025-10-06,30,direct_own_weather_holiday,909397624.0,848405502.310088
2025-09-07,2025-10-07,30,direct_own_weather_holiday,958058211.0,832999118.7943873
2025-09-08,2025-10-08,30,direct_own_weather_holiday,1002652065.0,815761043.9606769
2025-09-09,2025-10-09,30,direct_own_weather_holiday,1006596066.0,919058607.7950175
2025-09-10,2025-10-10,30,direct_own_weather_holiday,988218980.0,908388346.4011874
2025-09-11,2025-10-11,30,direct_own_weather_holiday,993216057.0,903922238.3178186
2025-09-12,2025-10-12,30,direct_own_weather_holiday,982996119.0,893868873.5508367
2025-09-13,2025-10-13,30,direct_own_weather_holiday,994158096.0,926196280.3074282
2025-09-14,2025-10-14,30,direct_own_weather_holiday,999440675.0,903236694.865219
2025-09-15,2025-10-15,30,direct_own_weather_holiday,979563855.0,890679844.6663128
2025-09-16,2025-10-16,30,direct_own_weather_holiday,973453600.0,880855050.2779281
2025-09-17,2025-10-17,30,direct_own_weather_holiday,976535370.0,868429120.9894984
2025-09-18,2025-10-18,30,direct_own_weather_holiday,976325746.0,871626628.3998615
2025-09-19,2025-10-19,30,direct_own_weather_holiday,896789087.0,829908075.7425258
2025-09-20,2025-10-20,30,direct_own_weather_holiday,853624251.0,785289943.818617
2025-09-21,2025-10-21,30,direct_own_weather_holiday,795444895.0,776573478.9077317
2025-09-22,2025-10-22,30,direct_own_weather_holiday,783518576.0,769701791.2189339
2025-09-23,2025-10-23,30,direct_own_weather_holiday,783134792.0,762515027.7273796
2025-09-24,2025-10-24,30,direct_own_weather_holiday,786285205.0,763249538.0673833
2025-09-25,2025-10-25,30,direct_own_weather_holiday,787344834.0,766578455.4850856
2025-09-26,2025-10-26,30,direct_own_weather_holiday,788309358.0,752659887.0846748
2025-09-27,2025-10-27,30,direct_own_weather_holiday,788347388.0,761839317.2058014
2025-09-28,2025-10-28,30,direct_own_weather_holiday,803213606.0,755852439.7422649
2025-09-29,2025-10-29,30,direct_own_weather_holiday,791815205.0,759430467.4824752
2025-09-30,2025-10-30,30,direct_own_weather_holiday,801523722.0,760311181.5248286
2025-10-01,2025-10-31,30,direct_own_weather_holiday,806599754.0,735993718.8475697
2025-10-02,2025-11-01,30,direct_own_weather_holiday,760921367.0,716461208.0358413
2025-10-03,2025-11-02,30,direct_own_weather_holiday,744828378.0,714142132.750065
2025-10-04,2025-11-03,30,direct_own_weather_holiday,780447693.0,739873720.4636809
2025-10-05,2025-11-04,30,direct_own_weather_holiday,782600645.0,741318011.703538
2025-10-06,2025-11-05,30,direct_own_weather_holiday,784108702.0,750882081.5838342
2025-10-07,2025-11-06,30,direct_own_weather_holiday,789959014.0,754641527.1309263
2025-10-08,2025-11-07,30,direct_own_weather_holiday,808798324.0,754162473.4749727
2025-10-09,2025-11-08,30,direct_own_weather_holiday,816286170.0,751589279.7944725
2025-10-10,2025-11-09,30,direct_own_weather_holiday,794671570.0,726916128.7628212
2025-10-11,2025-11-10,30,direct_own_weather_holiday,803150509.0,733791396.3829865
2025-10-12,2025-11-11,30,direct_own_weather_holiday,811031660.0,729210278.2857496
2025-10-13,2025-11-12,30,direct_own_weather_holiday,800371284.0,728729603.2963034
2025-10-14,2025-11-13,30,direct_own_weather_holiday,795412883.0,735399865.1175842
2025-10-15,2025-11-14,30,direct_own_weather_holiday,784929625.0,761043025.4779942
2025-10-16,2025-11-15,30,direct_own_weather_holiday,771969074.0,742545503.5471897
2025-10-17,2025-11-16,30,direct_own_weather_holiday,748102925.0,727986970.8074853
2025-10-18,2025-11-17,30,direct_own_weather_holiday,784946049.0,748037191.7792464
2025-10-19,2025-11-18,30,direct_own_weather_holiday,802372785.0,765075472.1716844
2025-10-20,2025-11-19,30,direct_own_weather_holiday,785536331.0,780603479.6531005
2025-10-21,2025-11-20,30,direct_own_weather_holiday,789566797.0,769053539.063719
2025-10-22,2025-11-21,30,direct_own_weather_holiday,781713368.0,764192172.646403
2025-10-23,2025-11-22,30,direct_own_weather_holiday,777234266.0,755127594.4948767
2025-10-24,2025-11-23,30,direct_own_weather_holiday,763587139.0,735380169.7389208
2025-10-25,2025-11-24,30,direct_own_weather_holiday,787419759.0,753986927.8555357
2025-10-26,2025-11-25,30,direct_own_weather_holiday,779113247.0,768269490.093379
2025-10-27,2025-11-26,30,direct_own_weather_holiday,779056661.0,767430948.787058
2025-10-28,2025-11-27,30,direct_own_weather_holiday,785923784.0,762779082.8943682
2025-10-29,2025-11-28,30,direct_own_weather_holiday,793532772.0,763396757.371613
2025-10-30,2025-11-29,30,direct_own_weather_holiday,775439198.0,739183911.8875374
2025-10-31,2025-11-30,30,direct_own_weather_holiday,752415007.0,726911510.4431826
2025-11-01,2025-12-01,30,direct_own_weather_holiday,752093794.0,737873106.9389608
2025-11-02,2025-12-02,30,direct_own_weather_holiday,774181582.0,739414811.6279476
2025-11-03,2025-12-03,30,direct_own_weather_holiday,779128904.0,752690669.4785657
2025-11-04,2025-12-04,30,direct_own_weather_holiday,780611840.0,771750025.9634314
2025-11-05,2025-12-05,30,direct_own_weather_holiday,790342731.0,769077268.5825857
2025-11-06,2025-12-06,30,direct_own_weather_holiday,783475966.0,748804307.7598417
2025-11-07,2025-12-07,30,direct_own_weather_holiday,769662376.0,729349860.7524124
2025-11-08,2025-12-08,30,direct_own_weather_holiday,781993536.0,751610902.6387969
2025-11-09,2025-12-09,30,direct_own_weather_holiday,790459836.0,754711457.0587459
2025-11-10,2025-12-10,30,direct_own_weather_holiday,793331038.0,747563646.8025894
2025-11-11,2025-12-11,30,direct_own_weather_holiday,792303023.0,745606371.0779985
2025-11-12,2025-12-12,30,direct_own_weather_holiday,805771337.0,754434020.5277284
2025-11-13,2025-12-13,30,direct_own_weather_holiday,805919635.0,740359421.3632302
2025-11-14,2025-12-14,30,direct_own_weather_holiday,775261923.0,759949904.5517212
2025-11-15,2025-12-15,30,direct_own_weather_holiday,800205024.0,772362956.0710127
2025-11-16,2025-12-16,30,direct_own_weather_holiday,791223092.0,763120731.2125407
2025-11-17,2025-12-17,30,direct_own_weather_holiday,797873177.0,759526247.4461493
2025-11-18,2025-12-18,30,direct_own_weather_holiday,807913091.0,758065958.6946772
2025-11-19,2025-12-19,30,direct_own_weather_holiday,813412227.0,747569747.5633128
2025-11-20,2025-12-20,30,direct_own_weather_holiday,800554656.0,736785345.9675567
2025-11-21,2025-12-21,30,direct_own_weather_holiday,775722494.0,726236485.951497
2025-11-22,2025-12-22,30,direct_own_weather_holiday,800416947.0,746694157.4722831
2025-11-23,2025-12-23,30,direct_own_weather_holiday,805434213.0,741263745.7587057
2025-11-24,2025-12-24,30,direct_own_weather_holiday,803732375.0,740257210.7054181
2025-11-25,2025-12-25,30,direct_own_weather_holiday,824337857.0,749858455.8775241
2025-11-26,2025-12-26,30,direct_own_weather_holiday,812520530.0,773667716.4231195
2025-11-27,2025-12-27,30,direct_own_weather_holiday,813024286.0,754299426.6279769
2025-11-28,2025-12-28,30,direct_own_weather_holiday,798511867.0,739407706.7313973
2025-11-29,2025-12-29,30,direct_own_weather_holiday,801303829.0,752185288.1633849
2025-11-30,2025-12-30,30,direct_own_weather_holiday,799723069.0,749643462.3428328
2025-12-01,2025-12-31,30,direct_own_weather_holiday,783373686.0,748468688.511692
2025-12-02,2026-01-01,30,direct_own_weather_holiday,707758012.0,670154989.4530674
2025-12-03,2026-01-02,30,direct_own_weather_holiday,741910307.0,689824575.9564906
2025-12-04,2026-01-03,30,direct_own_weather_holiday,801935633.0,718041279.3994945
2025-12-05,2026-01-04,30,direct_own_weather_holiday,820839320.0,720065148.4628146
2025-12-06,2026-01-05,30,direct_own_weather_holiday,819629944.0,749100889.9618359
2025-12-07,2026-01-06,30,direct_own_weather_holiday,848208043.0,764085386.1303508
2025-12-08,2026-01-07,30,direct_own_weather_holiday,836618404.0,770616235.1339403
2025-12-09,2026-01-08,30,direct_own_weather_holiday,845715705.0,774530292.0893149
2025-12-10,2026-01-09,30,direct_own_weather_holiday,845779172.0,774989379.4956243
2025-09-01,2025-10-01,30,direct_category_weather_holiday,893877447.0,852112418.0481235
2025-09-02,2025-10-02,30,direct_category_weather_holiday,877524402.0,862235798.6590513
2025-09-03,2025-10-03,30,direct_category_weather_holiday,906128774.0,860789803.0433351
2025-09-04,2025-10-04,30,direct_category_weather_holiday,947397946.0,897786713.4887094
2025-09-05,2025-10-05,30,direct_category_weather_holiday,967898095.0,884327140.3890917
2025-09-06,2025-10-06,30,direct_category_weather_holiday,909397624.0,872838858.2421865
2025-09-07,2025-10-07,30,direct_category_weather_holiday,958058211.0,865498774.5383476
2025-09-08,2025-10-08,30,direct_category_weather_holiday,1002652065.0,856658994.2569925
2025-09-09,2025-10-09,30,direct_category_weather_holiday,1006596066.0,941134127.7636983
2025-09-10,2025-10-10,30,direct_category_weather_holiday,988218980.0,939978625.7007755
2025-09-11,2025-10-11,30,direct_category_weather_holiday,993216057.0,932380930.2573456
2025-09-12,2025-10-12,30,direct_category_weather_holiday,982996119.0,932072112.2891716
2025-09-13,2025-10-13,30,direct_category_weather_holiday,994158096.0,962489077.2366772
2025-09-14,2025-10-14,30,direct_category_weather_holiday,999440675.0,938581211.8182092
2025-09-15,2025-10-15,30,direct_category_weather_holiday,979563855.0,932054187.4381621
2025-09-16,2025-10-16,30,direct_category_weather_holiday,973453600.0,920058754.3009604
2025-09-17,2025-10-17,30,direct_category_weather_holiday,976535370.0,923785733.1591644
2025-09-18,2025-10-18,30,direct_category_weather_holiday,976325746.0,911444822.8877403
2025-09-19,2025-10-19,30,direct_category_weather_holiday,896789087.0,872356906.0498934
2025-09-20,2025-10-20,30,direct_category_weather_holiday,853624251.0,824574354.938636
2025-09-21,2025-10-21,30,direct_category_weather_holiday,795444895.0,823239108.4576677
2025-09-22,2025-10-22,30,direct_category_weather_holiday,783518576.0,809087797.1803925
2025-09-23,2025-10-23,30,direct_category_weather_holiday,783134792.0,811638661.7064089
2025-09-24,2025-10-24,30,direct_category_weather_holiday,786285205.0,822605805.87285
2025-09-25,2025-10-25,30,direct_category_weather_holiday,787344834.0,821681968.1606072
2025-09-26,2025-10-26,30,direct_category_weather_holiday,788309358.0,807847512.2835588
2025-09-27,2025-10-27,30,direct_category_weather_holiday,788347388.0,808479612.4752493
2025-09-28,2025-10-28,30,direct_category_weather_holiday,803213606.0,795013876.388524
2025-09-29,2025-10-29,30,direct_category_weather_holiday,791815205.0,805457944.9175994
2025-09-30,2025-10-30,30,direct_category_weather_holiday,801523722.0,812353123.5483505
2025-10-01,2025-10-31,30,direct_category_weather_holiday,806599754.0,796754086.1720335
2025-10-02,2025-11-01,30,direct_category_weather_holiday,760921367.0,789133791.4580036
2025-10-03,2025-11-02,30,direct_category_weather_holiday,744828378.0,774296526.55932
2025-10-04,2025-11-03,30,direct_category_weather_holiday,780447693.0,808239491.5385481
2025-10-05,2025-11-04,30,direct_category_weather_holiday,782600645.0,805163968.3744532
2025-10-06,2025-11-05,30,direct_category_weather_holiday,784108702.0,809982827.8835886
2025-10-07,2025-11-06,30,direct_category_weather_holiday,789959014.0,839472267.6616594
2025-10-08,2025-11-07,30,direct_category_weather_holiday,808798324.0,844794958.0348299
2025-10-09,2025-11-08,30,direct_category_weather_holiday,816286170.0,818129061.7040658
2025-10-10,2025-11-09,30,direct_category_weather_holiday,794671570.0,784155483.9395924
2025-10-11,2025-11-10,30,direct_category_weather_holiday,803150509.0,781062601.3902746
2025-10-12,2025-11-11,30,direct_category_weather_holiday,811031660.0,792812770.1160126
2025-10-13,2025-11-12,30,direct_category_weather_holiday,800371284.0,809854272.9352236
2025-10-14,2025-11-13,30,direct_category_weather_holiday,795412883.0,790977309.1436539
2025-10-15,2025-11-14,30,direct_category_weather_holiday,784929625.0,796864919.8931023
2025-10-16,2025-11-15,30,direct_category_weather_holiday,771969074.0,773671000.0166032
2025-10-17,2025-11-16,30,direct_category_weather_holiday,748102925.0,756668652.5745391
2025-10-18,2025-11-17,30,direct_category_weather_holiday,784946049.0,778594928.2259082
2025-10-19,2025-11-18,30,direct_category_weather_holiday,802372785.0,801764944.557045
2025-10-20,2025-11-19,30,direct_category_weather_holiday,785536331.0,806947470.4480193
2025-10-21,2025-11-20,30,direct_category_weather_holiday,789566797.0,807388763.1160628
2025-10-22,2025-11-21,30,direct_category_weather_holiday,781713368.0,805066217.4511731
2025-10-23,2025-11-22,30,direct_category_weather_holiday,777234266.0,806613451.8825905
2025-10-24,2025-11-23,30,direct_category_weather_holiday,763587139.0,784380285.7775174
2025-10-25,2025-11-24,30,direct_category_weather_holiday,787419759.0,798560442.4520947
2025-10-26,2025-11-25,30,direct_category_weather_holiday,779113247.0,802333856.2177274
2025-10-27,2025-11-26,30,direct_category_weather_holiday,779056661.0,815682894.0377886
2025-10-28,2025-11-27,30,direct_category_weather_holiday,785923784.0,812623373.8751155
2025-10-29,2025-11-28,30,direct_category_weather_holiday,793532772.0,847576985.1997199
2025-10-30,2025-11-29,30,direct_category_weather_holiday,775439198.0,814066309.5739642
2025-10-31,2025-11-30,30,direct_category_weather_holiday,752415007.0,786014502.6426206
2025-11-01,2025-12-01,30,direct_category_weather_holiday,752093794.0,785446779.8230357
2025-11-02,2025-12-02,30,direct_category_weather_holiday,774181582.0,791083025.4656255
2025-11-03,2025-12-03,30,direct_category_weather_holiday,779128904.0,835202410.7130815
2025-11-04,2025-12-04,30,direct_category_weather_holiday,780611840.0,842698337.3737488
2025-11-05,2025-12-05,30,direct_category_weather_holiday,790342731.0,826090892.0157104
2025-11-06,2025-12-06,30,direct_category_weather_holiday,783475966.0,804309036.3521045
2025-11-07,2025-12-07,30,direct_category_weather_holiday,769662376.0,780449756.6767114
2025-11-08,2025-12-08,30,direct_category_weather_holiday,781993536.0,808879032.0180339
2025-11-09,2025-12-09,30,direct_category_weather_holiday,790459836.0,811181503.7881643
2025-11-10,2025-12-10,30,direct_category_weather_holiday,793331038.0,801849549.265423
2025-11-11,2025-12-11,30,direct_category_weather_holiday,792303023.0,807651301.3472651
2025-11-12,2025-12-12,30,direct_category_weather_holiday,805771337.0,817198005.5685791
2025-11-13,2025-12-13,30,direct_category_weather_holiday,805919635.0,809092839.1162192
2025-11-14,2025-12-14,30,direct_category_weather_holiday,775261923.0,811225079.6822379
2025-11-15,2025-12-15,30,direct_category_weather_holiday,800205024.0,826922922.5792414
2025-11-16,2025-12-16,30,direct_category_weather_holiday,791223092.0,801700952.6225481
2025-11-17,2025-12-17,30,direct_category_weather_holiday,797873177.0,799360261.2124875
2025-11-18,2025-12-18,30,direct_category_weather_holiday,807913091.0,809084573.0456196
2025-11-19,2025-12-19,30,direct_category_weather_holiday,813412227.0,794960692.3016131
2025-11-20,2025-12-20,30,direct_category_weather_holiday,800554656.0,762334755.6461816
2025-11-21,2025-12-21,30,direct_category_weather_holiday,775722494.0,760553726.9043139
2025-11-22,2025-12-22,30,direct_category_weather_holiday,800416947.0,789295541.7108032
2025-11-23,2025-12-23,30,direct_category_weather_holiday,805434213.0,779915172.6165509
2025-11-24,2025-12-24,30,direct_category_weather_holiday,803732375.0,779278265.023329
2025-11-25,2025-12-25,30,direct_category_weather_holiday,824337857.0,800776918.1050569
2025-11-26,2025-12-26,30,direct_category_weather_holiday,812520530.0,813180880.2768142
2025-11-27,2025-12-27,30,direct_category_weather_holiday,813024286.0,786312394.2155643
2025-11-28,2025-12-28,30,direct_category_weather_holiday,798511867.0,767073017.4415674
2025-11-29,2025-12-29,30,direct_category_weather_holiday,801303829.0,783587934.5265889
2025-11-30,2025-12-30,30,direct_category_weather_holiday,799723069.0,776673089.6949632
2025-12-01,2025-12-31,30,direct_category_weather_holiday,783373686.0,783595495.0537664
2025-12-02,2026-01-01,30,direct_category_weather_holiday,707758012.0,703441825.9947238
2025-12-03,2026-01-02,30,direct_category_weather_holiday,741910307.0,703954402.588567
2025-12-04,2026-01-03,30,direct_category_weather_holiday,801935633.0,733969717.8425332
2025-12-05,2026-01-04,30,direct_category_weather_holiday,820839320.0,755765215.4003214
2025-12-06,2026-01-05,30,direct_category_weather_holiday,819629944.0,780789582.4950484
2025-12-07,2026-01-06,30,direct_category_weather_holiday,848208043.0,799254064.0920057
2025-12-08,2026-01-07,30,direct_category_weather_holiday,836618404.0,808555693.8434039
2025-12-09,2026-01-08,30,direct_category_weather_holiday,845715705.0,794769160.1229569
2025-12-10,2026-01-09,30,direct_category_weather_holiday,845779172.0,791943145.0240469
