origin_date,target_date,horizon,model,actual,prediction
2025-09-30,2025-10-01,1,direct_category_weather_holiday,893877447.0,968586579.0786119
2025-10-01,2025-10-02,1,direct_category_weather_holiday,877524402.0,937649477.9169806
2025-10-02,2025-10-03,1,direct_category_weather_holiday,906128774.0,860628869.70693
2025-10-03,2025-10-04,1,direct_category_weather_holiday,947397946.0,893499293.1473761
2025-10-04,2025-10-05,1,direct_category_weather_holiday,967898095.0,904370943.1342145
2025-10-05,2025-10-06,1,direct_category_weather_holiday,909397624.0,909962880.8696977
2025-10-06,2025-10-07,1,direct_category_weather_holiday,958058211.0,923545344.0072479
2025-10-07,2025-10-08,1,direct_category_weather_holiday,1002652065.0,867048697.4553874
2025-10-08,2025-10-09,1,direct_category_weather_holiday,1006596066.0,947492285.1991881
2025-10-09,2025-10-10,1,direct_category_weather_holiday,988218980.0,964937864.875774
2025-10-10,2025-10-11,1,direct_category_weather_holiday,993216057.0,970901547.4452982
2025-10-11,2025-10-12,1,direct_category_weather_holiday,982996119.0,932600732.6093575
2025-10-12,2025-10-13,1,direct_category_weather_holiday,994158096.0,970830787.9789101
2025-10-13,2025-10-14,1,direct_category_weather_holiday,999440675.0,974897591.1271799
2025-10-14,2025-10-15,1,direct_category_weather_holiday,979563855.0,968108730.8138635
2025-10-15,2025-10-16,1,direct_category_weather_holiday,973453600.0,978509620.3278842
2025-10-16,2025-10-17,1,direct_category_weather_holiday,976535370.0,961116274.974147
2025-10-17,2025-10-18,1,direct_category_weather_holiday,976325746.0,946110153.2284966
2025-10-18,2025-10-19,1,direct_category_weather_holiday,896789087.0,914074998.7199357
2025-10-19,2025-10-20,1,direct_category_weather_holiday,853624251.0,891135399.7672737
2025-10-20,2025-10-21,1,direct_category_weather_holiday,795444895.0,861636378.8625259
2025-10-21,2025-10-22,1,direct_category_weather_holiday,783518576.0,828507086.7457664
2025-10-22,2025-10-23,1,direct_category_weather_holiday,783134792.0,803411680.4995625
2025-10-23,2025-10-24,1,direct_category_weather_holiday,786285205.0,798641674.0932523
2025-10-24,2025-10-25,1,direct_category_weather_holiday,787344834.0,785198902.5083541
2025-10-25,2025-10-26,1,direct_category_weather_holiday,788309358.0,772641382.8087099
2025-10-26,2025-10-27,1,direct_category_weather_holiday,788347388.0,794516315.5847727
2025-10-27,2025-10-28,1,direct_category_weather_holiday,803213606.0,804648827.9019
2025-10-28,2025-10-29,1,direct_category_weather_holiday,791815205.0,801316508.7997813
2025-10-29,2025-10-30,1,direct_category_weather_holiday,801523722.0,824474764.2574139
2025-10-30,2025-10-31,1,direct_category_weather_holiday,806599754.0,808764521.7711617
2025-10-31,2025-11-01,1,direct_category_weather_holiday,760921367.0,795671379.6033459
2025-11-01,2025-11-02,1,direct_category_weather_holiday,744828378.0,774189797.8136184
2025-11-02,2025-11-03,1,direct_category_weather_holiday,780447693.0,765289764.5423517
2025-11-03,2025-11-04,1,direct_category_weather_holiday,782600645.0,778656227.8161132
2025-11-04,2025-11-05,1,direct_category_weather_holiday,784108702.0,786822376.2215933
2025-11-05,2025-11-06,1,direct_category_weather_holiday,789959014.0,792157265.9231517
2025-11-06,2025-11-07,1,direct_category_weather_holiday,808798324.0,798538306.1301492
2025-11-07,2025-11-08,1,direct_category_weather_holiday,816286170.0,792533563.8254513
2025-11-08,2025-11-09,1,direct_category_weather_holiday,794671570.0,782996128.2312454
2025-11-09,2025-11-10,1,direct_category_weather_holiday,803150509.0,799857578.2173334
2025-11-10,2025-11-11,1,direct_category_weather_holiday,811031660.0,792118053.7936748
2025-11-11,2025-11-12,1,direct_category_weather_holiday,800371284.0,796371280.0545807
2025-11-12,2025-11-13,1,direct_category_weather_holiday,795412883.0,801766754.5612197
2025-11-13,2025-11-14,1,direct_category_weather_holiday,784929625.0,800646810.3369914
2025-11-14,2025-11-15,1,direct_category_weather_holiday,771969074.0,784721491.1764283
2025-11-15,2025-11-16,1,direct_category_weather_holiday,748102925.0,759201148.0490942
2025-11-16,2025-11-17,1,direct_category_weather_holiday,784946049.0,770954114.1198325
2025-11-17,2025-11-18,1,direct_category_weather_holiday,802372785.0,782871640.7741036
2025-11-18,2025-11-19,1,direct_category_weather_holiday,785536331.0,808166378.6826992
2025-11-19,2025-11-20,1,direct_category_weather_holiday,789566797.0,815575394.029705
2025-11-20,2025-11-21,1,direct_category_weather_holiday,781713368.0,801814064.3123074
2025-11-21,2025-11-22,1,direct_category_weather_holiday,777234266.0,792894433.5375344
2025-11-22,2025-11-23,1,direct_category_weather_holiday,763587139.0,764574214.027226
2025-11-23,2025-11-24,1,direct_category_weather_holiday,787419759.0,785913533.1307452
2025-11-24,2025-11-25,1,direct_category_weather_holiday,779113247.0,794706462.9526877
2025-11-25,2025-11-26,1,direct_category_weather_holiday,779056661.0,808232519.7610459
2025-11-26,2025-11-27,1,direct_category_weather_holiday,785923784.0,798599555.4134443
2025-11-27,2025-11-28,1,direct_category_weather_holiday,793532772.0,804145449.8299077
2025-11-28,2025-11-29,1,direct_category_weather_holiday,775439198.0,789654874.5032388
2025-11-29,2025-11-30,1,direct_category_weather_holiday,752415007.0,773175220.9623425
2025-11-30,2025-12-01,1,direct_category_weather_holiday,752093794.0,779110381.3956144
2025-12-01,2025-12-02,1,direct_category_weather_holiday,774181582.0,779244005.925765
2025-12-02,2025-12-03,1,direct_category_weather_holiday,779128904.0,776054899.4044344
2025-12-03,2025-12-04,1,direct_category_weather_holiday,780611840.0,795446711.061059
2025-12-04,2025-12-05,1,direct_category_weather_holiday,790342731.0,796768627.0077001
2025-12-05,2025-12-06,1,direct_category_weather_holiday,783475966.0,783347327.6162604
2025-12-06,2025-12-07,1,direct_category_weather_holiday,769662376.0,768858200.0529034
2025-12-07,2025-12-08,1,direct_category_weather_holiday,781993536.0,789283675.5685456
2025-12-08,2025-12-09,1,direct_category_weather_holiday,790459836.0,800443386.8384395
2025-12-09,2025-12-10,1,direct_category_weather_holiday,793331038.0,793806458.4269477
2025-12-10,2025-12-11,1,direct_category_weather_holiday,792303023.0,800576395.6265073
2025-12-11,2025-12-12,1,direct_category_weather_holiday,805771337.0,806198091.1246527
2025-12-12,2025-12-13,1,direct_category_weather_holiday,805919635.0,789981958.0573488
2025-12-13,2025-12-14,1,direct_category_weather_holiday,775261923.0,790451612.193344
2025-12-14,2025-12-15,1,direct_category_weather_holiday,800205024.0,814833454.7862489
2025-12-15,2025-12-16,1,direct_category_weather_holiday,791223092.0,801220821.4847594
2025-12-16,2025-12-17,1,direct_category_weather_holiday,797873177.0,804011279.8360295
2025-12-17,2025-12-18,1,direct_category_weather_holiday,807913091.0,797805796.6695068
2025-12-18,2025-12-19,1,direct_category_weather_holiday,813412227.0,802747127.3995844
2025-12-19,2025-12-20,1,direct_category_weather_holiday,800554656.0,793504727.0083346
2025-12-20,2025-12-21,1,direct_category_weather_holiday,775722494.0,788052101.9557757
2025-12-21,2025-12-22,1,direct_category_weather_holiday,800416947.0,804156211.8916966
2025-12-22,2025-12-23,1,direct_category_weather_holiday,805434213.0,795474181.4629041
2025-12-23,2025-12-24,1,direct_category_weather_holiday,803732375.0,799959615.8400636
2025-12-24,2025-12-25,1,direct_category_weather_holiday,824337857.0,806589941.673836
2025-12-25,2025-12-26,1,direct_category_weather_holiday,812520530.0,820586513.7770803
2025-12-26,2025-12-27,1,direct_category_weather_holiday,813024286.0,814904479.0803978
2025-12-27,2025-12-28,1,direct_category_weather_holiday,798511867.0,785228669.1599749
2025-12-28,2025-12-29,1,direct_category_weather_holiday,801303829.0,806455930.8207248
2025-12-29,2025-12-30,1,direct_category_weather_holiday,799723069.0,812301949.0635699
2025-12-30,2025-12-31,1,direct_category_weather_holiday,783373686.0,807365801.1742052
2025-12-31,2026-01-01,1,direct_category_weather_holiday,707758012.0,739837377.1402754
2026-01-01,2026-01-02,1,direct_category_weather_holiday,741910307.0,732013940.9580988
2026-01-02,2026-01-03,1,direct_category_weather_holiday,801935633.0,716779021.672988
2026-01-03,2026-01-04,1,direct_category_weather_holiday,820839320.0,759637377.3063629
2026-01-04,2026-01-05,1,direct_category_weather_holiday,819629944.0,808208455.9026501
2026-01-05,2026-01-06,1,direct_category_weather_holiday,848208043.0,829866087.6582993
2026-01-06,2026-01-07,1,direct_category_weather_holiday,836618404.0,821249609.4023868
2026-01-07,2026-01-08,1,direct_category_weather_holiday,845715705.0,834359704.9329016
2026-01-08,2026-01-09,1,direct_category_weather_holiday,845779172.0,826578717.2475277
2025-09-30,2025-10-01,1,direct_category_weather_holiday_segment,893877447.0,937876350.6886811
2025-10-01,2025-10-02,1,direct_category_weather_holiday_segment,877524402.0,929905085.2320182
2025-10-02,2025-10-03,1,direct_category_weather_holiday_segment,906128774.0,874780922.4424014
2025-10-03,2025-10-04,1,direct_category_weather_holiday_segment,947397946.0,915344750.8247793
2025-10-04,2025-10-05,1,direct_category_weather_holiday_segment,967898095.0,937861512.1744819
2025-10-05,2025-10-06,1,direct_category_weather_holiday_segment,909397624.0,977769777.1651665
2025-10-06,2025-10-07,1,direct_category_weather_holiday_segment,958058211.0,1013695584.7579811
2025-10-07,2025-10-08,1,direct_category_weather_holiday_segment,1002652065.0,983314967.2231523
2025-10-08,2025-10-09,1,direct_category_weather_holiday_segment,1006596066.0,950719097.1778651
2025-10-09,2025-10-10,1,direct_category_weather_holiday_segment,988218980.0,964318064.5540962
2025-10-10,2025-10-11,1,direct_category_weather_holiday_segment,993216057.0,977103546.6412859
2025-10-11,2025-10-12,1,direct_category_weather_holiday_segment,982996119.0,933357488.7622063
2025-10-12,2025-10-13,1,direct_category_weather_holiday_segment,994158096.0,968968289.8502046
2025-10-13,2025-10-14,1,direct_category_weather_holiday_segment,999440675.0,968502397.6731803
2025-10-14,2025-10-15,1,direct_category_weather_holiday_segment,979563855.0,962599120.9089786
2025-10-15,2025-10-16,1,direct_category_weather_holiday_segment,973453600.0,973010038.0477912
2025-10-16,2025-10-17,1,direct_category_weather_holiday_segment,976535370.0,962984162.2094907
2025-10-17,2025-10-18,1,direct_category_weather_holiday_segment,976325746.0,949148853.036352
2025-10-18,2025-10-19,1,direct_category_weather_holiday_segment,896789087.0,917396585.6646488
2025-10-19,2025-10-20,1,direct_category_weather_holiday_segment,853624251.0,887367167.2484446
2025-10-20,2025-10-21,1,direct_category_weather_holiday_segment,795444895.0,863159519.9031852
2025-10-21,2025-10-22,1,direct_category_weather_holiday_segment,783518576.0,834208810.2402118
2025-10-22,2025-10-23,1,direct_category_weather_holiday_segment,783134792.0,807109403.4714631
2025-10-23,2025-10-24,1,direct_category_weather_holiday_segment,786285205.0,795814769.4419806
2025-10-24,2025-10-25,1,direct_category_weather_holiday_segment,787344834.0,786230085.8789742
2025-10-25,2025-10-26,1,direct_category_weather_holiday_segment,788309358.0,769975591.9706731
2025-10-26,2025-10-27,1,direct_category_weather_holiday_segment,788347388.0,784411502.8305119
2025-10-27,2025-10-28,1,direct_category_weather_holiday_segment,803213606.0,794331850.9672955
2025-10-28,2025-10-29,1,direct_category_weather_holiday_segment,791815205.0,794780099.5525085
2025-10-29,2025-10-30,1,direct_category_weather_holiday_segment,801523722.0,816291415.4110667
2025-10-30,2025-10-31,1,direct_category_weather_holiday_segment,806599754.0,803234455.3007382
2025-10-31,2025-11-01,1,direct_category_weather_holiday_segment,760921367.0,789332242.8716017
2025-11-01,2025-11-02,1,direct_category_weather_holiday_segment,744828378.0,768184527.655285
2025-11-02,2025-11-03,1,direct_category_weather_holiday_segment,780447693.0,760632491.0288364
2025-11-03,2025-11-04,1,direct_category_weather_holiday_segment,782600645.0,768304369.9346493
2025-11-04,2025-11-05,1,direct_category_weather_holiday_segment,784108702.0,780153250.6176056
2025-11-05,2025-11-06,1,direct_category_weather_holiday_segment,789959014.0,785647252.764075
2025-11-06,2025-11-07,1,direct_category_weather_holiday_segment,808798324.0,793515218.3241575
2025-11-07,2025-11-08,1,direct_category_weather_holiday_segment,816286170.0,791232458.8236358
2025-11-08,2025-11-09,1,direct_category_weather_holiday_segment,794671570.0,778408241.0756882
2025-11-09,2025-11-10,1,direct_category_weather_holiday_segment,803150509.0,787033806.7017776
2025-11-10,2025-11-11,1,direct_category_weather_holiday_segment,811031660.0,781365924.0577809
2025-11-11,2025-11-12,1,direct_category_weather_holiday_segment,800371284.0,785282506.1327355
2025-11-12,2025-11-13,1,direct_category_weather_holiday_segment,795412883.0,790823264.7342072
2025-11-13,2025-11-14,1,direct_category_weather_holiday_segment,784929625.0,791787055.2288786
2025-11-14,2025-11-15,1,direct_category_weather_holiday_segment,771969074.0,779382188.4921259
2025-11-15,2025-11-16,1,direct_category_weather_holiday_segment,748102925.0,755883882.3005475
2025-11-16,2025-11-17,1,direct_category_weather_holiday_segment,784946049.0,767425659.6377203
2025-11-17,2025-11-18,1,direct_category_weather_holiday_segment,802372785.0,780907604.7405518
2025-11-18,2025-11-19,1,direct_category_weather_holiday_segment,785536331.0,812460701.8285018
2025-11-19,2025-11-20,1,direct_category_weather_holiday_segment,789566797.0,818773294.1772174
2025-11-20,2025-11-21,1,direct_category_weather_holiday_segment,781713368.0,802284834.5211267
2025-11-21,2025-11-22,1,direct_category_weather_holiday_segment,777234266.0,791410216.0955708
2025-11-22,2025-11-23,1,direct_category_weather_holiday_segment,763587139.0,761481470.0415766
2025-11-23,2025-11-24,1,direct_category_weather_holiday_segment,787419759.0,777749106.3306851
2025-11-24,2025-11-25,1,direct_category_weather_holiday_segment,779113247.0,792135303.7023587
2025-11-25,2025-11-26,1,direct_category_weather_holiday_segment,779056661.0,807025072.4976754
2025-11-26,2025-11-27,1,direct_category_weather_holiday_segment,785923784.0,794735166.3670211
2025-11-27,2025-11-28,1,direct_category_weather_holiday_segment,793532772.0,799006102.7604349
2025-11-28,2025-11-29,1,direct_category_weather_holiday_segment,775439198.0,785155638.4199321
2025-11-29,2025-11-30,1,direct_category_weather_holiday_segment,752415007.0,767098318.384121
2025-11-30,2025-12-01,1,direct_category_weather_holiday_segment,752093794.0,769965249.809805
2025-12-01,2025-12-02,1,direct_category_weather_holiday_segment,774181582.0,769937695.4745368
2025-12-02,2025-12-03,1,direct_category_weather_holiday_segment,779128904.0,769067322.8516053
2025-12-03,2025-12-04,1,direct_category_weather_holiday_segment,780611840.0,790842154.8355248
2025-12-04,2025-12-05,1,direct_category_weather_holiday_segment,790342731.0,791882442.8945554
2025-12-05,2025-12-06,1,direct_category_weather_holiday_segment,783475966.0,780033593.7882649
2025-12-06,2025-12-07,1,direct_category_weather_holiday_segment,769662376.0,761480186.689173
2025-12-07,2025-12-08,1,direct_category_weather_holiday_segment,781993536.0,781164294.2390985
2025-12-08,2025-12-09,1,direct_category_weather_holiday_segment,790459836.0,793435895.091053
2025-12-09,2025-12-10,1,direct_category_weather_holiday_segment,793331038.0,786463298.3540591
2025-12-10,2025-12-11,1,direct_category_weather_holiday_segment,792303023.0,791465335.0150036
2025-12-11,2025-12-12,1,direct_category_weather_holiday_segment,805771337.0,794970484.0160776
2025-12-12,2025-12-13,1,direct_category_weather_holiday_segment,805919635.0,784597161.8575091
2025-12-13,2025-12-14,1,direct_category_weather_holiday_segment,775261923.0,792498667.2487344
2025-12-14,2025-12-15,1,direct_category_weather_holiday_segment,800205024.0,817763989.4872389
2025-12-15,2025-12-16,1,direct_category_weather_holiday_segment,791223092.0,798616062.0768486
2025-12-16,2025-12-17,1,direct_category_weather_holiday_segment,797873177.0,798000735.7476127
2025-12-17,2025-12-18,1,direct_category_weather_holiday_segment,807913091.0,795376505.8172117
2025-12-18,2025-12-19,1,direct_category_weather_holiday_segment,813412227.0,795616236.9212899
2025-12-19,2025-12-20,1,direct_category_weather_holiday_segment,800554656.0,786652775.4311672
2025-12-20,2025-12-21,1,direct_category_weather_holiday_segment,775722494.0,785525788.9196787
2025-12-21,2025-12-22,1,direct_category_weather_holiday_segment,800416947.0,800101629.727097
2025-12-22,2025-12-23,1,direct_category_weather_holiday_segment,805434213.0,789732833.9864544
2025-12-23,2025-12-24,1,direct_category_weather_holiday_segment,803732375.0,791873084.2713176
2025-12-24,2025-12-25,1,direct_category_weather_holiday_segment,824337857.0,804628569.6550826
2025-12-25,2025-12-26,1,direct_category_weather_holiday_segment,812520530.0,823394917.2611908
2025-12-26,2025-12-27,1,direct_category_weather_holiday_segment,813024286.0,817577000.0808674
2025-12-27,2025-12-28,1,direct_category_weather_holiday_segment,798511867.0,788912628.2021058
2025-12-28,2025-12-29,1,direct_category_weather_holiday_segment,801303829.0,794774291.2021878
2025-12-29,2025-12-30,1,direct_category_weather_holiday_segment,799723069.0,799318545.9510196
2025-12-30,2025-12-31,1,direct_category_weather_holiday_segment,783373686.0,796190545.7480726
2025-12-31,2026-01-01,1,direct_category_weather_holiday_segment,707758012.0,718351434.3464657
2026-01-01,2026-01-02,1,direct_category_weather_holiday_segment,741910307.0,735980720.9897074
2026-01-02,2026-01-03,1,direct_category_weather_holiday_segment,801935633.0,736422287.6575427
2026-01-03,2026-01-04,1,direct_category_weather_holiday_segment,820839320.0,782510483.185315
2026-01-04,2026-01-05,1,direct_category_weather_holiday_segment,819629944.0,823545109.6137611
2026-01-05,2026-01-06,1,direct_category_weather_holiday_segment,848208043.0,854102620.2308689
2026-01-06,2026-01-07,1,direct_category_weather_holiday_segment,836618404.0,829055880.830976
2026-01-07,2026-01-08,1,direct_category_weather_holiday_segment,845715705.0,838294750.2829981
2026-01-08,2026-01-09,1,direct_category_weather_holiday_segment,845779172.0,829928175.1547728
2025-09-29,2025-10-01,2,direct_category_weather_holiday,893877447.0,941923323.5416818
2025-09-30,2025-10-02,2,direct_category_weather_holiday,877524402.0,940936044.1162461
2025-10-01,2025-10-03,2,direct_category_weather_holiday,906128774.0,917683946.5221214
2025-10-02,2025-10-04,2,direct_category_weather_holiday,947397946.0,887988478.4221579
2025-10-03,2025-10-05,2,direct_category_weather_holiday,967898095.0,876502796.816973
2025-10-04,2025-10-06,2,direct_category_weather_holiday,909397624.0,879895333.8831899
2025-10-05,2025-10-07,2,direct_category_weather_holiday,958058211.0,885694728.1284294
2025-10-06,2025-10-08,2,direct_category_weather_holiday,1002652065.0,891422749.845688
2025-10-07,2025-10-09,2,direct_category_weather_holiday,1006596066.0,916698736.5477787
2025-10-08,2025-10-10,2,direct_category_weather_holiday,988218980.0,938198221.5313073
2025-10-09,2025-10-11,2,direct_category_weather_holiday,993216057.0,960517911.9223441
2025-10-10,2025-10-12,2,direct_category_weather_holiday,982996119.0,932455333.234046
2025-10-11,2025-10-13,2,direct_category_weather_holiday,994158096.0,952357197.6568571
2025-10-12,2025-10-14,2,direct_category_weather_holiday,999440675.0,954878117.1731918
2025-10-13,2025-10-15,2,direct_category_weather_holiday,979563855.0,965023815.2185832
2025-10-14,2025-10-16,2,direct_category_weather_holiday,973453600.0,957300310.2195308
2025-10-15,2025-10-17,2,direct_category_weather_holiday,976535370.0,977675508.7726072
2025-10-16,2025-10-18,2,direct_category_weather_holiday,976325746.0,941727509.6966896
2025-10-17,2025-10-19,2,direct_category_weather_holiday,896789087.0,903121912.0555679
2025-10-18,2025-10-20,2,direct_category_weather_holiday,853624251.0,871121568.8878576
2025-10-19,2025-10-21,2,direct_category_weather_holiday,795444895.0,871435987.9406071
2025-10-20,2025-10-22,2,direct_category_weather_holiday,783518576.0,857276118.7031136
2025-10-21,2025-10-23,2,direct_category_weather_holiday,783134792.0,833233425.4343282
2025-10-22,2025-10-24,2,direct_category_weather_holiday,786285205.0,816277983.670308
2025-10-23,2025-10-25,2,direct_category_weather_holiday,787344834.0,801169242.8335193
2025-10-24,2025-10-26,2,direct_category_weather_holiday,788309358.0,784688120.9444047
2025-10-25,2025-10-27,2,direct_category_weather_holiday,788347388.0,795523883.6889887
2025-10-26,2025-10-28,2,direct_category_weather_holiday,803213606.0,798722511.8373718
2025-10-27,2025-10-29,2,direct_category_weather_holiday,791815205.0,809310487.1665816
2025-10-28,2025-10-30,2,direct_category_weather_holiday,801523722.0,819262722.2560469
2025-10-29,2025-10-31,2,direct_category_weather_holiday,806599754.0,833138542.3024764
2025-10-30,2025-11-01,2,direct_category_weather_holiday,760921367.0,800415382.8305696
2025-10-31,2025-11-02,2,direct_category_weather_holiday,744828378.0,785036449.3967392
2025-11-01,2025-11-03,2,direct_category_weather_holiday,780447693.0,795674215.3517762
2025-11-02,2025-11-04,2,direct_category_weather_holiday,782600645.0,765738426.7042645
2025-11-03,2025-11-05,2,direct_category_weather_holiday,784108702.0,783075480.321638
2025-11-04,2025-11-06,2,direct_category_weather_holiday,789959014.0,797141732.5868233
2025-11-05,2025-11-07,2,direct_category_weather_holiday,808798324.0,801717595.455729
2025-11-06,2025-11-08,2,direct_category_weather_holiday,816286170.0,796093553.9371738
2025-11-07,2025-11-09,2,direct_category_weather_holiday,794671570.0,776305330.136209
2025-11-08,2025-11-10,2,direct_category_weather_holiday,803150509.0,789229418.8576872
2025-11-09,2025-11-11,2,direct_category_weather_holiday,811031660.0,784369675.1665846
2025-11-10,2025-11-12,2,direct_category_weather_holiday,800371284.0,785947624.7938244
2025-11-11,2025-11-13,2,direct_category_weather_holiday,795412883.0,796322445.7246367
2025-11-12,2025-11-14,2,direct_category_weather_holiday,784929625.0,803926925.6215565
2025-11-13,2025-11-15,2,direct_category_weather_holiday,771969074.0,785608000.0113686
2025-11-14,2025-11-16,2,direct_category_weather_holiday,748102925.0,765616380.9629426
2025-11-15,2025-11-17,2,direct_category_weather_holiday,784946049.0,777509885.3737139
2025-11-16,2025-11-18,2,direct_category_weather_holiday,802372785.0,781318212.1240232
2025-11-17,2025-11-19,2,direct_category_weather_holiday,785536331.0,796075300.8714288
2025-11-18,2025-11-20,2,direct_category_weather_holiday,789566797.0,815071552.5852035
2025-11-19,2025-11-21,2,direct_category_weather_holiday,781713368.0,818739267.6866447
2025-11-20,2025-11-22,2,direct_category_weather_holiday,777234266.0,794596769.69839
2025-11-21,2025-11-23,2,direct_category_weather_holiday,763587139.0,776464070.2737817
2025-11-22,2025-11-24,2,direct_category_weather_holiday,787419759.0,787011386.5459689
2025-11-23,2025-11-25,2,direct_category_weather_holiday,779113247.0,796130138.9941361
2025-11-24,2025-11-26,2,direct_category_weather_holiday,779056661.0,803597872.510989
2025-11-25,2025-11-27,2,direct_category_weather_holiday,785923784.0,812776264.2549031
2025-11-26,2025-11-28,2,direct_category_weather_holiday,793532772.0,813206052.069977
2025-11-27,2025-11-29,2,direct_category_weather_holiday,775439198.0,792603815.354799
2025-11-28,2025-11-30,2,direct_category_weather_holiday,752415007.0,776983627.7530719
2025-11-29,2025-12-01,2,direct_category_weather_holiday,752093794.0,791114534.8683167
2025-11-30,2025-12-02,2,direct_category_weather_holiday,774181582.0,783620740.8076756
2025-12-01,2025-12-03,2,direct_category_weather_holiday,779128904.0,789219981.1940007
2025-12-02,2025-12-04,2,direct_category_weather_holiday,780611840.0,792306585.6626792
2025-12-03,2025-12-05,2,direct_category_weather_holiday,790342731.0,797041541.2732334
2025-12-04,2025-12-06,2,direct_category_weather_holiday,783475966.0,787546338.1988758
2025-12-05,2025-12-07,2,direct_category_weather_holiday,769662376.0,767496695.6737893
2025-12-06,2025-12-08,2,direct_category_weather_holiday,781993536.0,792039056.1728014
2025-12-07,2025-12-09,2,direct_category_weather_holiday,790459836.0,796418727.6170257
2025-12-08,2025-12-10,2,direct_category_weather_holiday,793331038.0,792107528.4372337
2025-12-09,2025-12-11,2,direct_category_weather_holiday,792303023.0,794141561.471438
2025-12-10,2025-12-12,2,direct_category_weather_holiday,805771337.0,808411645.2864884
2025-12-11,2025-12-13,2,direct_category_weather_holiday,805919635.0,794182765.4376949
2025-12-12,2025-12-14,2,direct_category_weather_holiday,775261923.0,789505336.6780403
2025-12-13,2025-12-15,2,direct_category_weather_holiday,800205024.0,811331424.2884263
2025-12-14,2025-12-16,2,direct_category_weather_holiday,791223092.0,805220248.7584361
2025-12-15,2025-12-17,2,direct_category_weather_holiday,797873177.0,800059247.2805555
2025-12-16,2025-12-18,2,direct_category_weather_holiday,807913091.0,810406288.652044
2025-12-17,2025-12-19,2,direct_category_weather_holiday,813412227.0,794090604.5593643
2025-12-18,2025-12-20,2,direct_category_weather_holiday,800554656.0,784328138.1032588
2025-12-19,2025-12-21,2,direct_category_weather_holiday,775722494.0,783448381.0708584
2025-12-20,2025-12-22,2,direct_category_weather_holiday,800416947.0,808474307.331476
2025-12-21,2025-12-23,2,direct_category_weather_holiday,805434213.0,795149354.5501753
2025-12-22,2025-12-24,2,direct_category_weather_holiday,803732375.0,790540508.8339343
2025-12-23,2025-12-25,2,direct_category_weather_holiday,824337857.0,805708176.588659
2025-12-24,2025-12-26,2,direct_category_weather_holiday,812520530.0,822918950.4518722
2025-12-25,2025-12-27,2,direct_category_weather_holiday,813024286.0,801626401.9208738
2025-12-26,2025-12-28,2,direct_category_weather_holiday,798511867.0,795199064.066584
2025-12-27,2025-12-29,2,direct_category_weather_holiday,801303829.0,799260894.806348
2025-12-28,2025-12-30,2,direct_category_weather_holiday,799723069.0,804514059.3363699
2025-12-29,2025-12-31,2,direct_category_weather_holiday,783373686.0,814501104.354069
2025-12-30,2026-01-01,2,direct_category_weather_holiday,707758012.0,722606655.2392943
2025-12-31,2026-01-02,2,direct_category_weather_holiday,741910307.0,727678203.0503752
2026-01-01,2026-01-03,2,direct_category_weather_holiday,801935633.0,751596179.5728459
2026-01-02,2026-01-04,2,direct_category_weather_holiday,820839320.0,735706415.606585
2026-01-03,2026-01-05,2,direct_category_weather_holiday,819629944.0,772580064.3454343
2026-01-04,2026-01-06,2,direct_category_weather_holiday,848208043.0,817114124.8203435
2026-01-05,2026-01-07,2,direct_category_weather_holiday,836618404.0,826306719.0841669
2026-01-06,2026-01-08,2,direct_category_weather_holiday,845715705.0,819480474.9740134
2026-01-07,2026-01-09,2,direct_category_weather_holiday,845779172.0,827791186.7419385
2025-09-29,2025-10-01,2,direct_category_weather_holiday_segment,893877447.0,919484394.1916342
2025-09-30,2025-10-02,2,direct_category_weather_holiday_segment,877524402.0,940133981.794496
2025-10-01,2025-10-03,2,direct_category_weather_holiday_segment,906128774.0,932585240.086037
2025-10-02,2025-10-04,2,direct_category_weather_holiday_segment,947397946.0,914805375.2898501
2025-10-03,2025-10-05,2,direct_category_weather_holiday_segment,967898095.0,916212868.1351929
2025-10-04,2025-10-06,2,direct_category_weather_holiday_segment,909397624.0,942739627.1532676
2025-10-05,2025-10-07,2,direct_category_weather_holiday_segment,958058211.0,983391986.9447575
2025-10-06,2025-10-08,2,direct_category_weather_holiday_segment,1002652065.0,1016882029.9762009
2025-10-07,2025-10-09,2,direct_category_weather_holiday_segment,1006596066.0,922883057.9061604
2025-10-08,2025-10-10,2,direct_category_weather_holiday_segment,988218980.0,937557238.6007348
2025-10-09,2025-10-11,2,direct_category_weather_holiday_segment,993216057.0,965505174.6565175
2025-10-10,2025-10-12,2,direct_category_weather_holiday_segment,982996119.0,929246642.7670374
2025-10-11,2025-10-13,2,direct_category_weather_holiday_segment,994158096.0,950998869.7613686
2025-10-12,2025-10-14,2,direct_category_weather_holiday_segment,999440675.0,953236291.3888756
2025-10-13,2025-10-15,2,direct_category_weather_holiday_segment,979563855.0,959414922.7424045
2025-10-14,2025-10-16,2,direct_category_weather_holiday_segment,973453600.0,952143816.1790403
2025-10-15,2025-10-17,2,direct_category_weather_holiday_segment,976535370.0,971157257.8141046
2025-10-16,2025-10-18,2,direct_category_weather_holiday_segment,976325746.0,945501421.9193547
2025-10-17,2025-10-19,2,direct_category_weather_holiday_segment,896789087.0,905532373.5584954
2025-10-18,2025-10-20,2,direct_category_weather_holiday_segment,853624251.0,871166526.9503415
2025-10-19,2025-10-21,2,direct_category_weather_holiday_segment,795444895.0,865949841.7532599
2025-10-20,2025-10-22,2,direct_category_weather_holiday_segment,783518576.0,851779671.3853577
2025-10-21,2025-10-23,2,direct_category_weather_holiday_segment,783134792.0,831979522.8010327
2025-10-22,2025-10-24,2,direct_category_weather_holiday_segment,786285205.0,810141043.3563256
2025-10-23,2025-10-25,2,direct_category_weather_holiday_segment,787344834.0,796636342.7842276
2025-10-24,2025-10-26,2,direct_category_weather_holiday_segment,788309358.0,780816945.4925245
2025-10-25,2025-10-27,2,direct_category_weather_holiday_segment,788347388.0,785395677.0316488
2025-10-26,2025-10-28,2,direct_category_weather_holiday_segment,803213606.0,785264242.0965363
2025-10-27,2025-10-29,2,direct_category_weather_holiday_segment,791815205.0,801157756.6615409
2025-10-28,2025-10-30,2,direct_category_weather_holiday_segment,801523722.0,805671262.3193647
2025-10-29,2025-10-31,2,direct_category_weather_holiday_segment,806599754.0,820761474.1864442
2025-10-30,2025-11-01,2,direct_category_weather_holiday_segment,760921367.0,789656780.186033
2025-10-31,2025-11-02,2,direct_category_weather_holiday_segment,744828378.0,772244385.1218208
2025-11-01,2025-11-03,2,direct_category_weather_holiday_segment,780447693.0,784657573.7924547
2025-11-02,2025-11-04,2,direct_category_weather_holiday_segment,782600645.0,757294062.417572
2025-11-03,2025-11-05,2,direct_category_weather_holiday_segment,784108702.0,767956633.6564761
2025-11-04,2025-11-06,2,direct_category_weather_holiday_segment,789959014.0,790176787.9538869
2025-11-05,2025-11-07,2,direct_category_weather_holiday_segment,808798324.0,794552454.1993288
2025-11-06,2025-11-08,2,direct_category_weather_holiday_segment,816286170.0,791151748.8513924
2025-11-07,2025-11-09,2,direct_category_weather_holiday_segment,794671570.0,772013100.2076485
2025-11-08,2025-11-10,2,direct_category_weather_holiday_segment,803150509.0,778528240.1132253
2025-11-09,2025-11-11,2,direct_category_weather_holiday_segment,811031660.0,771360106.1884501
2025-11-10,2025-11-12,2,direct_category_weather_holiday_segment,800371284.0,775930542.1664866
2025-11-11,2025-11-13,2,direct_category_weather_holiday_segment,795412883.0,783140864.9733601
2025-11-12,2025-11-14,2,direct_category_weather_holiday_segment,784929625.0,794327208.2785927
2025-11-13,2025-11-15,2,direct_category_weather_holiday_segment,771969074.0,779847140.3758565
2025-11-14,2025-11-16,2,direct_category_weather_holiday_segment,748102925.0,758051987.0784774
2025-11-15,2025-11-17,2,direct_category_weather_holiday_segment,784946049.0,769129049.7917417
2025-11-16,2025-11-18,2,direct_category_weather_holiday_segment,802372785.0,780792234.1616098
2025-11-17,2025-11-19,2,direct_category_weather_holiday_segment,785536331.0,796906676.7388256
2025-11-18,2025-11-20,2,direct_category_weather_holiday_segment,789566797.0,819585806.7466261
2025-11-19,2025-11-21,2,direct_category_weather_holiday_segment,781713368.0,819986996.7167423
2025-11-20,2025-11-22,2,direct_category_weather_holiday_segment,777234266.0,794243422.4323795
2025-11-21,2025-11-23,2,direct_category_weather_holiday_segment,763587139.0,770655082.1984969
2025-11-22,2025-11-24,2,direct_category_weather_holiday_segment,787419759.0,775393822.9144366
2025-11-23,2025-11-25,2,direct_category_weather_holiday_segment,779113247.0,789492500.9862449
2025-11-24,2025-11-26,2,direct_category_weather_holiday_segment,779056661.0,803339875.8150722
2025-11-25,2025-11-27,2,direct_category_weather_holiday_segment,785923784.0,809763596.5100465
2025-11-26,2025-11-28,2,direct_category_weather_holiday_segment,793532772.0,806070711.8599298
2025-11-27,2025-11-29,2,direct_category_weather_holiday_segment,775439198.0,787950804.1410675
2025-11-28,2025-11-30,2,direct_category_weather_holiday_segment,752415007.0,768119475.840863
2025-11-29,2025-12-01,2,direct_category_weather_holiday_segment,752093794.0,777782376.1125712
2025-11-30,2025-12-02,2,direct_category_weather_holiday_segment,774181582.0,772561162.91359
2025-12-01,2025-12-03,2,direct_category_weather_holiday_segment,779128904.0,779886446.2578578
2025-12-02,2025-12-04,2,direct_category_weather_holiday_segment,780611840.0,786122027.1361759
2025-12-03,2025-12-05,2,direct_category_weather_holiday_segment,790342731.0,791689074.1666973
2025-12-04,2025-12-06,2,direct_category_weather_holiday_segment,783475966.0,784686455.794248
2025-12-05,2025-12-07,2,direct_category_weather_holiday_segment,769662376.0,759966079.595465
2025-12-06,2025-12-08,2,direct_category_weather_holiday_segment,781993536.0,782815523.8271232
2025-12-07,2025-12-09,2,direct_category_weather_holiday_segment,790459836.0,790501870.9649733
2025-12-08,2025-12-10,2,direct_category_weather_holiday_segment,793331038.0,784812360.4462306
2025-12-09,2025-12-11,2,direct_category_weather_holiday_segment,792303023.0,785371969.7514212
2025-12-10,2025-12-12,2,direct_category_weather_holiday_segment,805771337.0,797405908.7700113
2025-12-11,2025-12-13,2,direct_category_weather_holiday_segment,805919635.0,788365895.1883295
2025-12-12,2025-12-14,2,direct_category_weather_holiday_segment,775261923.0,791035640.5574073
2025-12-13,2025-12-15,2,direct_category_weather_holiday_segment,800205024.0,817169215.6340283
2025-12-14,2025-12-16,2,direct_category_weather_holiday_segment,791223092.0,808154131.3259096
2025-12-15,2025-12-17,2,direct_category_weather_holiday_segment,797873177.0,793541327.9234564
2025-12-16,2025-12-18,2,direct_category_weather_holiday_segment,807913091.0,803980146.7211684
2025-12-17,2025-12-19,2,direct_category_weather_holiday_segment,813412227.0,786256127.9460808
2025-12-18,2025-12-20,2,direct_category_weather_holiday_segment,800554656.0,776358561.2592881
2025-12-19,2025-12-21,2,direct_category_weather_holiday_segment,775722494.0,780391013.1866827
2025-12-20,2025-12-22,2,direct_category_weather_holiday_segment,800416947.0,809290218.409839
2025-12-21,2025-12-23,2,direct_category_weather_holiday_segment,805434213.0,791201233.0606378
2025-12-22,2025-12-24,2,direct_category_weather_holiday_segment,803732375.0,782923171.8046434
2025-12-23,2025-12-25,2,direct_category_weather_holiday_segment,824337857.0,805264353.5785923
2025-12-24,2025-12-26,2,direct_category_weather_holiday_segment,812520530.0,827629555.051239
2025-12-25,2025-12-27,2,direct_category_weather_holiday_segment,813024286.0,807655994.1657947
2025-12-26,2025-12-28,2,direct_category_weather_holiday_segment,798511867.0,798761681.0834179
2025-12-27,2025-12-29,2,direct_category_weather_holiday_segment,801303829.0,786756885.2529457
2025-12-28,2025-12-30,2,direct_category_weather_holiday_segment,799723069.0,793501317.2922945
2025-12-29,2025-12-31,2,direct_category_weather_holiday_segment,783373686.0,803529254.3589909
2025-12-30,2026-01-01,2,direct_category_weather_holiday_segment,707758012.0,712634849.2809117
2025-12-31,2026-01-02,2,direct_category_weather_holiday_segment,741910307.0,741645946.8556246
2026-01-01,2026-01-03,2,direct_category_weather_holiday_segment,801935633.0,786228534.8401432
2026-01-02,2026-01-04,2,direct_category_weather_holiday_segment,820839320.0,758684767.9578301
2026-01-03,2026-01-05,2,direct_category_weather_holiday_segment,819629944.0,789219375.6576276
2026-01-04,2026-01-06,2,direct_category_weather_holiday_segment,848208043.0,842617123.1875182
2026-01-05,2026-01-07,2,direct_category_weather_holiday_segment,836618404.0,837182862.2311777
2026-01-06,2026-01-08,2,direct_category_weather_holiday_segment,845715705.0,826972876.3220986
2026-01-07,2026-01-09,2,direct_category_weather_holiday_segment,845779172.0,833667894.508857
2025-09-28,2025-10-01,3,direct_category_weather_holiday,893877447.0,913035662.4823879
2025-09-29,2025-10-02,3,direct_category_weather_holiday,877524402.0,916156566.29113
2025-09-30,2025-10-03,3,direct_category_weather_holiday,906128774.0,920839380.8438541
2025-10-01,2025-10-04,3,direct_category_weather_holiday,947397946.0,935676852.6543443
2025-10-02,2025-10-05,3,direct_category_weather_holiday,967898095.0,864566668.4140157
2025-10-03,2025-10-06,3,direct_category_weather_holiday,909397624.0,854603190.0691717
2025-10-04,2025-10-07,3,direct_category_weather_holiday,958058211.0,864273463.9134003
2025-10-05,2025-10-08,3,direct_category_weather_holiday,1002652065.0,861390717.080668
2025-10-06,2025-10-09,3,direct_category_weather_holiday,1006596066.0,950688477.1706821
2025-10-07,2025-10-10,3,direct_category_weather_holiday,988218980.0,905812665.4785856
2025-10-08,2025-10-11,3,direct_category_weather_holiday,993216057.0,941594733.9472231
2025-10-09,2025-10-12,3,direct_category_weather_holiday,982996119.0,925415292.142829
2025-10-10,2025-10-13,3,direct_category_weather_holiday,994158096.0,953063332.0545082
2025-10-11,2025-10-14,3,direct_category_weather_holiday,999440675.0,940613577.5333514
2025-10-12,2025-10-15,3,direct_category_weather_holiday,979563855.0,945980895.6798984
2025-10-13,2025-10-16,3,direct_category_weather_holiday,973453600.0,957928647.0135571
2025-10-14,2025-10-17,3,direct_category_weather_holiday,976535370.0,952940582.0049803
2025-10-15,2025-10-18,3,direct_category_weather_holiday,976325746.0,961775550.3548189
2025-10-16,2025-10-19,3,direct_category_weather_holiday,896789087.0,901471233.6029279
2025-10-17,2025-10-20,3,direct_category_weather_holiday,853624251.0,861257660.0101415
2025-10-18,2025-10-21,3,direct_category_weather_holiday,795444895.0,854909851.2799218
2025-10-19,2025-10-22,3,direct_category_weather_holiday,783518576.0,859711374.0609243
2025-10-20,2025-10-23,3,direct_category_weather_holiday,783134792.0,866012362.4684074
2025-10-21,2025-10-24,3,direct_category_weather_holiday,786285205.0,844833439.2230625
2025-10-22,2025-10-25,3,direct_category_weather_holiday,787344834.0,825891640.0046023
2025-10-23,2025-10-26,3,direct_category_weather_holiday,788309358.0,803545799.3082389
2025-10-24,2025-10-27,3,direct_category_weather_holiday,788347388.0,806978760.8322831
2025-10-25,2025-10-28,3,direct_category_weather_holiday,803213606.0,799189008.8061861
2025-10-26,2025-10-29,3,direct_category_weather_holiday,791815205.0,805995748.3072536
2025-10-27,2025-10-30,3,direct_category_weather_holiday,801523722.0,822800198.3640032
2025-10-28,2025-10-31,3,direct_category_weather_holiday,806599754.0,823279014.7342224
2025-10-29,2025-11-01,3,direct_category_weather_holiday,760921367.0,820580410.1306404
2025-10-30,2025-11-02,3,direct_category_weather_holiday,744828378.0,789023620.5968311
2025-10-31,2025-11-03,3,direct_category_weather_holiday,780447693.0,803954967.072561
2025-11-01,2025-11-04,3,direct_category_weather_holiday,782600645.0,791280453.4908035
2025-11-02,2025-11-05,3,direct_category_weather_holiday,784108702.0,768897025.5304284
2025-11-03,2025-11-06,3,direct_category_weather_holiday,789959014.0,800255069.5348969
2025-11-04,2025-11-07,3,direct_category_weather_holiday,808798324.0,807455637.1395314
2025-11-05,2025-11-08,3,direct_category_weather_holiday,816286170.0,798357939.3394296
2025-11-06,2025-11-09,3,direct_category_weather_holiday,794671570.0,779163236.031856
2025-11-07,2025-11-10,3,direct_category_weather_holiday,803150509.0,783733077.5699322
2025-11-08,2025-11-11,3,direct_category_weather_holiday,811031660.0,778554238.6050674
2025-11-09,2025-11-12,3,direct_category_weather_holiday,800371284.0,776929455.013578
2025-11-10,2025-11-13,3,direct_category_weather_holiday,795412883.0,783020987.8939178
2025-11-11,2025-11-14,3,direct_category_weather_holiday,784929625.0,798986974.8055876
2025-11-12,2025-11-15,3,direct_category_weather_holiday,771969074.0,786706184.797033
2025-11-13,2025-11-16,3,direct_category_weather_holiday,748102925.0,765264192.1871551
2025-11-14,2025-11-17,3,direct_category_weather_holiday,784946049.0,784067736.8304843
2025-11-15,2025-11-18,3,direct_category_weather_holiday,802372785.0,790545593.4526219
2025-11-16,2025-11-19,3,direct_category_weather_holiday,785536331.0,792691658.9595103
2025-11-17,2025-11-20,3,direct_category_weather_holiday,789566797.0,801111389.9092839
2025-11-18,2025-11-21,3,direct_category_weather_holiday,781713368.0,817061926.2383376
2025-11-19,2025-11-22,3,direct_category_weather_holiday,777234266.0,809228192.9244461
2025-11-20,2025-11-23,3,direct_category_weather_holiday,763587139.0,777389077.03422
2025-11-21,2025-11-24,3,direct_category_weather_holiday,787419759.0,797214183.6039078
2025-11-22,2025-11-25,3,direct_category_weather_holiday,779113247.0,799207312.1136229
2025-11-23,2025-11-26,3,direct_category_weather_holiday,779056661.0,804254178.3222802
2025-11-24,2025-11-27,3,direct_category_weather_holiday,785923784.0,807796229.3778893
2025-11-25,2025-11-28,3,direct_category_weather_holiday,793532772.0,823974452.6927125
2025-11-26,2025-11-29,3,direct_category_weather_holiday,775439198.0,799144254.901561
2025-11-27,2025-11-30,3,direct_category_weather_holiday,752415007.0,780207469.3639795
2025-11-28,2025-12-01,3,direct_category_weather_holiday,752093794.0,792548476.3083116
2025-11-29,2025-12-02,3,direct_category_weather_holiday,774181582.0,792189270.0665096
2025-11-30,2025-12-03,3,direct_category_weather_holiday,779128904.0,793130260.5084469
2025-12-01,2025-12-04,3,direct_category_weather_holiday,780611840.0,803110168.5675478
2025-12-02,2025-12-05,3,direct_category_weather_holiday,790342731.0,792582086.0876161
2025-12-03,2025-12-06,3,direct_category_weather_holiday,783475966.0,785732019.0742962
2025-12-04,2025-12-07,3,direct_category_weather_holiday,769662376.0,769446981.8277974
2025-12-05,2025-12-08,3,direct_category_weather_holiday,781993536.0,791320033.5464432
2025-12-06,2025-12-09,3,direct_category_weather_holiday,790459836.0,797585100.4545926
2025-12-07,2025-12-10,3,direct_category_weather_holiday,793331038.0,787231440.9555987
2025-12-08,2025-12-11,3,direct_category_weather_holiday,792303023.0,793417044.3876336
2025-12-09,2025-12-12,3,direct_category_weather_holiday,805771337.0,800968910.0362406
2025-12-10,2025-12-13,3,direct_category_weather_holiday,805919635.0,794388639.556717
2025-12-11,2025-12-14,3,direct_category_weather_holiday,775261923.0,794797901.2648163
2025-12-12,2025-12-15,3,direct_category_weather_holiday,800205024.0,808964162.8514553
2025-12-13,2025-12-16,3,direct_category_weather_holiday,791223092.0,801793164.813739
2025-12-14,2025-12-17,3,direct_category_weather_holiday,797873177.0,802379316.673946
2025-12-15,2025-12-18,3,direct_category_weather_holiday,807913091.0,807291673.3420614
2025-12-16,2025-12-19,3,direct_category_weather_holiday,813412227.0,801746300.3038405
2025-12-17,2025-12-20,3,direct_category_weather_holiday,800554656.0,776030585.1013868
2025-12-18,2025-12-21,3,direct_category_weather_holiday,775722494.0,774645983.405353
2025-12-19,2025-12-22,3,direct_category_weather_holiday,800416947.0,803556754.2500455
2025-12-20,2025-12-23,3,direct_category_weather_holiday,805434213.0,798640838.8644336
2025-12-21,2025-12-24,3,direct_category_weather_holiday,803732375.0,789391158.0221367
2025-12-22,2025-12-25,3,direct_category_weather_holiday,824337857.0,798169413.5663171
2025-12-23,2025-12-26,3,direct_category_weather_holiday,812520530.0,823139089.8219497
2025-12-24,2025-12-27,3,direct_category_weather_holiday,813024286.0,802660700.8462439
2025-12-25,2025-12-28,3,direct_category_weather_holiday,798511867.0,784522734.5782733
2025-12-26,2025-12-29,3,direct_category_weather_holiday,801303829.0,807236726.0510631
2025-12-27,2025-12-30,3,direct_category_weather_holiday,799723069.0,799296310.8982074
2025-12-28,2025-12-31,3,direct_category_weather_holiday,783373686.0,807019152.4748006
2025-12-29,2026-01-01,3,direct_category_weather_holiday,707758012.0,728102623.7091769
2025-12-30,2026-01-02,3,direct_category_weather_holiday,741910307.0,732269722.8626242
2025-12-31,2026-01-03,3,direct_category_weather_holiday,801935633.0,763223741.8195142
2026-01-01,2026-01-04,3,direct_category_weather_holiday,820839320.0,775498106.7450045
2026-01-02,2026-01-05,3,direct_category_weather_holiday,819629944.0,753169138.284725
2026-01-03,2026-01-06,3,direct_category_weather_holiday,848208043.0,788520141.2546041
2026-01-04,2026-01-07,3,direct_category_weather_holiday,836618404.0,817282043.2140999
2026-01-05,2026-01-08,3,direct_category_weather_holiday,845715705.0,822660125.1585864
2026-01-06,2026-01-09,3,direct_category_weather_holiday,845779172.0,818623173.1620796
2025-09-28,2025-10-01,3,direct_category_weather_holiday_segment,893877447.0,893588041.7343609
2025-09-29,2025-10-02,3,direct_category_weather_holiday_segment,877524402.0,921442807.5920203
2025-09-30,2025-10-03,3,direct_category_weather_holiday_segment,906128774.0,944443013.0944234
2025-10-01,2025-10-04,3,direct_category_weather_holiday_segment,947397946.0,969474698.1619736
2025-10-02,2025-10-05,3,direct_category_weather_holiday_segment,967898095.0,908155931.3018239
2025-10-03,2025-10-06,3,direct_category_weather_holiday_segment,909397624.0,915360030.5307448
2025-10-04,2025-10-07,3,direct_category_weather_holiday_segment,958058211.0,944394643.1200684
2025-10-05,2025-10-08,3,direct_category_weather_holiday_segment,1002652065.0,975093921.0969845
2025-10-06,2025-10-09,3,direct_category_weather_holiday_segment,1006596066.0,954261263.1993648
2025-10-07,2025-10-10,3,direct_category_weather_holiday_segment,988218980.0,902303295.791927
2025-10-08,2025-10-11,3,direct_category_weather_holiday_segment,993216057.0,932056388.4983389
2025-10-09,2025-10-12,3,direct_category_weather_holiday_segment,982996119.0,916895029.8602369
2025-10-10,2025-10-13,3,direct_category_weather_holiday_segment,994158096.0,947359352.408232
2025-10-11,2025-10-14,3,direct_category_weather_holiday_segment,999440675.0,936384923.1257471
2025-10-12,2025-10-15,3,direct_category_weather_holiday_segment,979563855.0,944174827.8454419
2025-10-13,2025-10-16,3,direct_category_weather_holiday_segment,973453600.0,951901299.6086975
2025-10-14,2025-10-17,3,direct_category_weather_holiday_segment,976535370.0,947200332.7555113
2025-10-15,2025-10-18,3,direct_category_weather_holiday_segment,976325746.0,959498777.9996623
2025-10-16,2025-10-19,3,direct_category_weather_holiday_segment,896789087.0,903804876.9648404
2025-10-17,2025-10-20,3,direct_category_weather_holiday_segment,853624251.0,858580106.7036269
2025-10-18,2025-10-21,3,direct_category_weather_holiday_segment,795444895.0,852114483.1359159
2025-10-19,2025-10-22,3,direct_category_weather_holiday_segment,783518576.0,856093724.1481656
2025-10-20,2025-10-23,3,direct_category_weather_holiday_segment,783134792.0,860424896.7522674
2025-10-21,2025-10-24,3,direct_category_weather_holiday_segment,786285205.0,842655760.9027013
2025-10-22,2025-10-25,3,direct_category_weather_holiday_segment,787344834.0,824081680.0391121
2025-10-23,2025-10-26,3,direct_category_weather_holiday_segment,788309358.0,799057920.0808191
2025-10-24,2025-10-27,3,direct_category_weather_holiday_segment,788347388.0,797953296.8356435
2025-10-25,2025-10-28,3,direct_category_weather_holiday_segment,803213606.0,787528082.4182645
2025-10-26,2025-10-29,3,direct_category_weather_holiday_segment,791815205.0,799533023.2950541
2025-10-27,2025-10-30,3,direct_category_weather_holiday_segment,801523722.0,814160769.9167995
2025-10-28,2025-10-31,3,direct_category_weather_holiday_segment,806599754.0,808820466.0322629
2025-10-29,2025-11-01,3,direct_category_weather_holiday_segment,760921367.0,806025875.8074981
2025-10-30,2025-11-02,3,direct_category_weather_holiday_segment,744828378.0,773887990.910482
2025-10-31,2025-11-03,3,direct_category_weather_holiday_segment,780447693.0,789536337.9239136
2025-11-01,2025-11-04,3,direct_category_weather_holiday_segment,782600645.0,780790415.6714247
2025-11-02,2025-11-05,3,direct_category_weather_holiday_segment,784108702.0,758493517.5670758
2025-11-03,2025-11-06,3,direct_category_weather_holiday_segment,789959014.0,784202561.1738193
2025-11-04,2025-11-07,3,direct_category_weather_holiday_segment,808798324.0,799097615.402167
2025-11-05,2025-11-08,3,direct_category_weather_holiday_segment,816286170.0,790904359.1688564
2025-11-06,2025-11-09,3,direct_category_weather_holiday_segment,794671570.0,770605871.420887
2025-11-07,2025-11-10,3,direct_category_weather_holiday_segment,803150509.0,770647375.8045751
2025-11-08,2025-11-11,3,direct_category_weather_holiday_segment,811031660.0,763734886.7669467
2025-11-09,2025-11-12,3,direct_category_weather_holiday_segment,800371284.0,766291828.5179989
2025-11-10,2025-11-13,3,direct_category_weather_holiday_segment,795412883.0,772686292.3734481
2025-11-11,2025-11-14,3,direct_category_weather_holiday_segment,784929625.0,785955520.2719595
2025-11-12,2025-11-15,3,direct_category_weather_holiday_segment,771969074.0,780617588.8481628
2025-11-13,2025-11-16,3,direct_category_weather_holiday_segment,748102925.0,757831475.0558393
2025-11-14,2025-11-17,3,direct_category_weather_holiday_segment,784946049.0,772833480.032886
2025-11-15,2025-11-18,3,direct_category_weather_holiday_segment,802372785.0,785166847.6345866
2025-11-16,2025-11-19,3,direct_category_weather_holiday_segment,785536331.0,798746622.7124546
2025-11-17,2025-11-20,3,direct_category_weather_holiday_segment,789566797.0,804354298.5982609
2025-11-18,2025-11-21,3,direct_category_weather_holiday_segment,781713368.0,819374303.5556258
2025-11-19,2025-11-22,3,direct_category_weather_holiday_segment,777234266.0,812548975.2945365
2025-11-20,2025-11-23,3,direct_category_weather_holiday_segment,763587139.0,774347172.4964099
2025-11-21,2025-11-24,3,direct_category_weather_holiday_segment,787419759.0,786829162.9759034
2025-11-22,2025-11-25,3,direct_category_weather_holiday_segment,779113247.0,792585227.777436
2025-11-23,2025-11-26,3,direct_category_weather_holiday_segment,779056661.0,805611837.9850898
2025-11-24,2025-11-27,3,direct_category_weather_holiday_segment,785923784.0,808698883.5041307
2025-11-25,2025-11-28,3,direct_category_weather_holiday_segment,793532772.0,821666776.5751854
2025-11-26,2025-11-29,3,direct_category_weather_holiday_segment,775439198.0,796918026.7901132
2025-11-27,2025-11-30,3,direct_category_weather_holiday_segment,752415007.0,772427611.0974895
2025-11-28,2025-12-01,3,direct_category_weather_holiday_segment,752093794.0,778484715.0048573
2025-11-29,2025-12-02,3,direct_category_weather_holiday_segment,774181582.0,781258442.8393476
2025-11-30,2025-12-03,3,direct_category_weather_holiday_segment,779128904.0,788834212.2912289
2025-12-01,2025-12-04,3,direct_category_weather_holiday_segment,780611840.0,800570408.7934197
2025-12-02,2025-12-05,3,direct_category_weather_holiday_segment,790342731.0,787120644.1815974
2025-12-03,2025-12-06,3,direct_category_weather_holiday_segment,783475966.0,784820361.9851018
2025-12-04,2025-12-07,3,direct_category_weather_holiday_segment,769662376.0,764515303.3182192
2025-12-05,2025-12-08,3,direct_category_weather_holiday_segment,781993536.0,782881731.3392642
2025-12-06,2025-12-09,3,direct_category_weather_holiday_segment,790459836.0,792304228.4898086
2025-12-07,2025-12-10,3,direct_category_weather_holiday_segment,793331038.0,783841860.1399765
2025-12-08,2025-12-11,3,direct_category_weather_holiday_segment,792303023.0,787707813.6655785
2025-12-09,2025-12-12,3,direct_category_weather_holiday_segment,805771337.0,792263443.808278
2025-12-10,2025-12-13,3,direct_category_weather_holiday_segment,805919635.0,790643397.9135203
2025-12-11,2025-12-14,3,direct_category_weather_holiday_segment,775261923.0,797685594.3801453
2025-12-12,2025-12-15,3,direct_category_weather_holiday_segment,800205024.0,814803048.8739711
2025-12-13,2025-12-16,3,direct_category_weather_holiday_segment,791223092.0,804904672.7665159
2025-12-14,2025-12-17,3,direct_category_weather_holiday_segment,797873177.0,805136051.9318953
2025-12-15,2025-12-18,3,direct_category_weather_holiday_segment,807913091.0,803692648.6199114
2025-12-16,2025-12-19,3,direct_category_weather_holiday_segment,813412227.0,793262503.9375136
2025-12-17,2025-12-20,3,direct_category_weather_holiday_segment,800554656.0,767546505.8867584
2025-12-18,2025-12-21,3,direct_category_weather_holiday_segment,775722494.0,771644149.9724109
2025-12-19,2025-12-22,3,direct_category_weather_holiday_segment,800416947.0,804091968.1763791
2025-12-20,2025-12-23,3,direct_category_weather_holiday_segment,805434213.0,797878888.4786164
2025-12-21,2025-12-24,3,direct_category_weather_holiday_segment,803732375.0,785550857.5193155
2025-12-22,2025-12-25,3,direct_category_weather_holiday_segment,824337857.0,800804003.4726146
2025-12-23,2025-12-26,3,direct_category_weather_holiday_segment,812520530.0,830588983.0645806
2025-12-24,2025-12-27,3,direct_category_weather_holiday_segment,813024286.0,811212689.1442815
2025-12-25,2025-12-28,3,direct_category_weather_holiday_segment,798511867.0,789645153.0603943
2025-12-26,2025-12-29,3,direct_category_weather_holiday_segment,801303829.0,795734447.3114759
2025-12-27,2025-12-30,3,direct_category_weather_holiday_segment,799723069.0,783767125.0562629
2025-12-28,2025-12-31,3,direct_category_weather_holiday_segment,783373686.0,797149276.1793288
2025-12-29,2026-01-01,3,direct_category_weather_holiday_segment,707758012.0,720722952.3788555
2025-12-30,2026-01-02,3,direct_category_weather_holiday_segment,741910307.0,748110955.724812
2025-12-31,2026-01-03,3,direct_category_weather_holiday_segment,801935633.0,799364369.5641195
2026-01-01,2026-01-04,3,direct_category_weather_holiday_segment,820839320.0,778622740.5584342
2026-01-02,2026-01-05,3,direct_category_weather_holiday_segment,819629944.0,747917423.1191397
2026-01-03,2026-01-06,3,direct_category_weather_holiday_segment,848208043.0,786948493.0764732
2026-01-04,2026-01-07,3,direct_category_weather_holiday_segment,836618404.0,824312672.0076747
2026-01-05,2026-01-08,3,direct_category_weather_holiday_segment,845715705.0,834350364.0832248
2026-01-06,2026-01-09,3,direct_category_weather_holiday_segment,845779172.0,825114504.4127159
2025-09-27,2025-10-01,4,direct_category_weather_holiday,893877447.0,900976573.2818117
2025-09-28,2025-10-02,4,direct_category_weather_holiday,877524402.0,892540682.6828574
2025-09-29,2025-10-03,4,direct_category_weather_holiday,906128774.0,899477541.9261221
2025-09-30,2025-10-04,4,direct_category_weather_holiday,947397946.0,930711297.7101218
2025-10-01,2025-10-05,4,direct_category_weather_holiday,967898095.0,905888122.3522108
2025-10-02,2025-10-06,4,direct_category_weather_holiday,909397624.0,847442071.0055773
2025-10-03,2025-10-07,4,direct_category_weather_holiday,958058211.0,842014200.0683092
2025-10-04,2025-10-08,4,direct_category_weather_holiday,1002652065.0,844106409.9075706
2025-10-05,2025-10-09,4,direct_category_weather_holiday,1006596066.0,939272209.938168
2025-10-06,2025-10-10,4,direct_category_weather_holiday,988218980.0,936104454.5417162
2025-10-07,2025-10-11,4,direct_category_weather_holiday,993216057.0,909038950.128715
2025-10-08,2025-10-12,4,direct_category_weather_holiday,982996119.0,922329143.5687349
2025-10-09,2025-10-13,4,direct_category_weather_holiday,994158096.0,952095561.9400533
2025-10-10,2025-10-14,4,direct_category_weather_holiday,999440675.0,942760107.7186133
2025-10-11,2025-10-15,4,direct_category_weather_holiday,979563855.0,936308260.5744339
2025-10-12,2025-10-16,4,direct_category_weather_holiday,973453600.0,940954812.2201711
2025-10-13,2025-10-17,4,direct_category_weather_holiday,976535370.0,954507215.8561264
2025-10-14,2025-10-18,4,direct_category_weather_holiday,976325746.0,936328203.7259488
2025-10-15,2025-10-19,4,direct_category_weather_holiday,896789087.0,918482965.3213528
2025-10-16,2025-10-20,4,direct_category_weather_holiday,853624251.0,860806382.7183559
2025-10-17,2025-10-21,4,direct_category_weather_holiday,795444895.0,851826809.4817014
2025-10-18,2025-10-22,4,direct_category_weather_holiday,783518576.0,854388166.952298
2025-10-19,2025-10-23,4,direct_category_weather_holiday,783134792.0,860286388.9807454
2025-10-20,2025-10-24,4,direct_category_weather_holiday,786285205.0,873543018.2767171
2025-10-21,2025-10-25,4,direct_category_weather_holiday,787344834.0,852679754.8582633
2025-10-22,2025-10-26,4,direct_category_weather_holiday,788309358.0,830025664.422837
2025-10-23,2025-10-27,4,direct_category_weather_holiday,788347388.0,827401186.6487043
2025-10-24,2025-10-28,4,direct_category_weather_holiday,803213606.0,813989954.989503
2025-10-25,2025-10-29,4,direct_category_weather_holiday,791815205.0,813064837.6339628
2025-10-26,2025-10-30,4,direct_category_weather_holiday,801523722.0,822560156.4483017
2025-10-27,2025-10-31,4,direct_category_weather_holiday,806599754.0,827378554.8191583
2025-10-28,2025-11-01,4,direct_category_weather_holiday,760921367.0,811331723.7246206
2025-10-29,2025-11-02,4,direct_category_weather_holiday,744828378.0,812914574.510873
2025-10-30,2025-11-03,4,direct_category_weather_holiday,780447693.0,810815091.0182878
2025-10-31,2025-11-04,4,direct_category_weather_holiday,782600645.0,803986224.7223802
2025-11-01,2025-11-05,4,direct_category_weather_holiday,784108702.0,795212568.7159114
2025-11-02,2025-11-06,4,direct_category_weather_holiday,789959014.0,786803407.6073529
2025-11-03,2025-11-07,4,direct_category_weather_holiday,808798324.0,817308365.5676095
2025-11-04,2025-11-08,4,direct_category_weather_holiday,816286170.0,806713725.1610978
2025-11-05,2025-11-09,4,direct_category_weather_holiday,794671570.0,783928198.4963546
2025-11-06,2025-11-10,4,direct_category_weather_holiday,803150509.0,788418453.6069971
2025-11-07,2025-11-11,4,direct_category_weather_holiday,811031660.0,780938202.2803886
2025-11-08,2025-11-12,4,direct_category_weather_holiday,800371284.0,782525048.373903
2025-11-09,2025-11-13,4,direct_category_weather_holiday,795412883.0,779296219.8210425
2025-11-10,2025-11-14,4,direct_category_weather_holiday,784929625.0,789826641.6016685
2025-11-11,2025-11-15,4,direct_category_weather_holiday,771969074.0,786553440.2773917
2025-11-12,2025-11-16,4,direct_category_weather_holiday,748102925.0,770877377.3750646
2025-11-13,2025-11-17,4,direct_category_weather_holiday,784946049.0,787266706.0129501
2025-11-14,2025-11-18,4,direct_category_weather_holiday,802372785.0,802648330.9632381
2025-11-15,2025-11-19,4,direct_category_weather_holiday,785536331.0,808332611.293208
2025-11-16,2025-11-20,4,direct_category_weather_holiday,789566797.0,795923480.867516
2025-11-17,2025-11-21,4,direct_category_weather_holiday,781713368.0,801556196.8567379
2025-11-18,2025-11-22,4,direct_category_weather_holiday,777234266.0,809750582.453265
2025-11-19,2025-11-23,4,direct_category_weather_holiday,763587139.0,791015642.1659062
2025-11-20,2025-11-24,4,direct_category_weather_holiday,787419759.0,798945293.2363565
2025-11-21,2025-11-25,4,direct_category_weather_holiday,779113247.0,811108542.4384848
2025-11-22,2025-11-26,4,direct_category_weather_holiday,779056661.0,808837410.3487139
2025-11-23,2025-11-27,4,direct_category_weather_holiday,785923784.0,809049448.3862176
2025-11-24,2025-11-28,4,direct_category_weather_holiday,793532772.0,818329314.2646967
2025-11-25,2025-11-29,4,direct_category_weather_holiday,775439198.0,807834052.9063289
2025-11-26,2025-11-30,4,direct_category_weather_holiday,752415007.0,785401610.4097341
2025-11-27,2025-12-01,4,direct_category_weather_holiday,752093794.0,795061163.253005
2025-11-28,2025-12-02,4,direct_category_weather_holiday,774181582.0,793958673.2742372
2025-11-29,2025-12-03,4,direct_category_weather_holiday,779128904.0,802700075.4470445
2025-11-30,2025-12-04,4,direct_category_weather_holiday,780611840.0,807103193.2830949
2025-12-01,2025-12-05,4,direct_category_weather_holiday,790342731.0,802848870.8409728
2025-12-02,2025-12-06,4,direct_category_weather_holiday,783475966.0,783307263.2976528
2025-12-03,2025-12-07,4,direct_category_weather_holiday,769662376.0,767600669.0180972
2025-12-04,2025-12-08,4,direct_category_weather_holiday,781993536.0,792567044.5808127
2025-12-05,2025-12-09,4,direct_category_weather_holiday,790459836.0,799695961.6247596
2025-12-06,2025-12-10,4,direct_category_weather_holiday,793331038.0,790370078.0946392
2025-12-07,2025-12-11,4,direct_category_weather_holiday,792303023.0,789154515.2722273
2025-12-08,2025-12-12,4,direct_category_weather_holiday,805771337.0,803874641.0959092
2025-12-09,2025-12-13,4,direct_category_weather_holiday,805919635.0,793165219.8799384
2025-12-10,2025-12-14,4,direct_category_weather_holiday,775261923.0,802520260.994369
2025-12-11,2025-12-15,4,direct_category_weather_holiday,800205024.0,811482987.7592821
2025-12-12,2025-12-16,4,direct_category_weather_holiday,791223092.0,799275834.7157997
2025-12-13,2025-12-17,4,direct_category_weather_holiday,797873177.0,800306017.5313746
2025-12-14,2025-12-18,4,direct_category_weather_holiday,807913091.0,809440131.5361363
2025-12-15,2025-12-19,4,direct_category_weather_holiday,813412227.0,803053532.6058797
2025-12-16,2025-12-20,4,direct_category_weather_holiday,800554656.0,787746166.1998029
2025-12-17,2025-12-21,4,direct_category_weather_holiday,775722494.0,771901580.0088999
2025-12-18,2025-12-22,4,direct_category_weather_holiday,800416947.0,798563868.2359793
2025-12-19,2025-12-23,4,direct_category_weather_holiday,805434213.0,795449521.3375859
2025-12-20,2025-12-24,4,direct_category_weather_holiday,803732375.0,796055344.0893376
2025-12-21,2025-12-25,4,direct_category_weather_holiday,824337857.0,801058089.352741
2025-12-22,2025-12-26,4,direct_category_weather_holiday,812520530.0,821105750.4988948
2025-12-23,2025-12-27,4,direct_category_weather_holiday,813024286.0,803640684.8300986
2025-12-24,2025-12-28,4,direct_category_weather_holiday,798511867.0,785127963.6514109
2025-12-25,2025-12-29,4,direct_category_weather_holiday,801303829.0,798157426.0447454
2025-12-26,2025-12-30,4,direct_category_weather_holiday,799723069.0,805722247.7025557
2025-12-27,2025-12-31,4,direct_category_weather_holiday,783373686.0,803990118.9361957
2025-12-28,2026-01-01,4,direct_category_weather_holiday,707758012.0,725474024.2611897
2025-12-29,2026-01-02,4,direct_category_weather_holiday,741910307.0,743246022.9488229
2025-12-30,2026-01-03,4,direct_category_weather_holiday,801935633.0,763993420.690591
2025-12-31,2026-01-04,4,direct_category_weather_holiday,820839320.0,782117756.8465319
2026-01-01,2026-01-05,4,direct_category_weather_holiday,819629944.0,791617274.3518324
2026-01-02,2026-01-06,4,direct_category_weather_holiday,848208043.0,770596919.726351
2026-01-03,2026-01-07,4,direct_category_weather_holiday,836618404.0,794011609.1328318
2026-01-04,2026-01-08,4,direct_category_weather_holiday,845715705.0,814822962.8683068
2026-01-05,2026-01-09,4,direct_category_weather_holiday,845779172.0,818996913.9138424
2025-09-27,2025-10-01,4,direct_category_weather_holiday_segment,893877447.0,888199916.5848619
2025-09-28,2025-10-02,4,direct_category_weather_holiday_segment,877524402.0,897234505.5781366
2025-09-29,2025-10-03,4,direct_category_weather_holiday_segment,906128774.0,928043102.4454216
2025-09-30,2025-10-04,4,direct_category_weather_holiday_segment,947397946.0,975157851.0850292
2025-10-01,2025-10-05,4,direct_category_weather_holiday_segment,967898095.0,956970582.4394375
2025-10-02,2025-10-06,4,direct_category_weather_holiday_segment,909397624.0,907199615.3954102
2025-10-03,2025-10-07,4,direct_category_weather_holiday_segment,958058211.0,914664735.9694153
2025-10-04,2025-10-08,4,direct_category_weather_holiday_segment,1002652065.0,938802380.7036556
2025-10-05,2025-10-09,4,direct_category_weather_holiday_segment,1006596066.0,928377763.4411845
2025-10-06,2025-10-10,4,direct_category_weather_holiday_segment,988218980.0,934060135.5857607
2025-10-07,2025-10-11,4,direct_category_weather_holiday_segment,993216057.0,896005826.4719683
2025-10-08,2025-10-12,4,direct_category_weather_holiday_segment,982996119.0,906124809.6160223
2025-10-09,2025-10-13,4,direct_category_weather_holiday_segment,994158096.0,940935211.650218
2025-10-10,2025-10-14,4,direct_category_weather_holiday_segment,999440675.0,936898709.2196763
2025-10-11,2025-10-15,4,direct_category_weather_holiday_segment,979563855.0,933418206.6320072
2025-10-12,2025-10-16,4,direct_category_weather_holiday_segment,973453600.0,939385296.2103142
2025-10-13,2025-10-17,4,direct_category_weather_holiday_segment,976535370.0,950082703.0009971
2025-10-14,2025-10-18,4,direct_category_weather_holiday_segment,976325746.0,934815323.0270095
2025-10-15,2025-10-19,4,direct_category_weather_holiday_segment,896789087.0,918732384.3175868
2025-10-16,2025-10-20,4,direct_category_weather_holiday_segment,853624251.0,859232613.3333851
2025-10-17,2025-10-21,4,direct_category_weather_holiday_segment,795444895.0,849044060.1864939
2025-10-18,2025-10-22,4,direct_category_weather_holiday_segment,783518576.0,854827411.0056895
2025-10-19,2025-10-23,4,direct_category_weather_holiday_segment,783134792.0,859295244.8905661
2025-10-20,2025-10-24,4,direct_category_weather_holiday_segment,786285205.0,866299680.4420463
2025-10-21,2025-10-25,4,direct_category_weather_holiday_segment,787344834.0,854197835.7575792
2025-10-22,2025-10-26,4,direct_category_weather_holiday_segment,788309358.0,826731851.3646735
2025-10-23,2025-10-27,4,direct_category_weather_holiday_segment,788347388.0,818066217.5094861
2025-10-24,2025-10-28,4,direct_category_weather_holiday_segment,803213606.0,801931513.5653099
2025-10-25,2025-10-29,4,direct_category_weather_holiday_segment,791815205.0,807077335.6206362
2025-10-26,2025-10-30,4,direct_category_weather_holiday_segment,801523722.0,815624633.8825579
2025-10-27,2025-10-31,4,direct_category_weather_holiday_segment,806599754.0,816683362.3103663
2025-10-28,2025-11-01,4,direct_category_weather_holiday_segment,760921367.0,795191111.8233483
2025-10-29,2025-11-02,4,direct_category_weather_holiday_segment,744828378.0,794725196.4568639
2025-10-30,2025-11-03,4,direct_category_weather_holiday_segment,780447693.0,795287238.0144634
2025-10-31,2025-11-04,4,direct_category_weather_holiday_segment,782600645.0,792389692.7096069
2025-11-01,2025-11-05,4,direct_category_weather_holiday_segment,784108702.0,784530378.7994491
2025-11-02,2025-11-06,4,direct_category_weather_holiday_segment,789959014.0,775819778.5807289
2025-11-03,2025-11-07,4,direct_category_weather_holiday_segment,808798324.0,798175148.2991886
2025-11-04,2025-11-08,4,direct_category_weather_holiday_segment,816286170.0,797159575.0520223
2025-11-05,2025-11-09,4,direct_category_weather_holiday_segment,794671570.0,772581797.9664633
2025-11-06,2025-11-10,4,direct_category_weather_holiday_segment,803150509.0,772214933.2564807
2025-11-07,2025-11-11,4,direct_category_weather_holiday_segment,811031660.0,764172886.2704254
2025-11-08,2025-11-12,4,direct_category_weather_holiday_segment,800371284.0,771646065.2022976
2025-11-09,2025-11-13,4,direct_category_weather_holiday_segment,795412883.0,770276250.7340643
2025-11-10,2025-11-14,4,direct_category_weather_holiday_segment,784929625.0,779691034.5744631
2025-11-11,2025-11-15,4,direct_category_weather_holiday_segment,771969074.0,778425896.2862954
2025-11-12,2025-11-16,4,direct_category_weather_holiday_segment,748102925.0,765173130.8017945
2025-11-13,2025-11-17,4,direct_category_weather_holiday_segment,784946049.0,777845656.7747887
2025-11-14,2025-11-18,4,direct_category_weather_holiday_segment,802372785.0,796137057.2169577
2025-11-15,2025-11-19,4,direct_category_weather_holiday_segment,785536331.0,809323287.5579872
2025-11-16,2025-11-20,4,direct_category_weather_holiday_segment,789566797.0,802256313.9223086
2025-11-17,2025-11-21,4,direct_category_weather_holiday_segment,781713368.0,799666494.6241066
2025-11-18,2025-11-22,4,direct_category_weather_holiday_segment,777234266.0,811547804.3840715
2025-11-19,2025-11-23,4,direct_category_weather_holiday_segment,763587139.0,790528849.7349241
2025-11-20,2025-11-24,4,direct_category_weather_holiday_segment,787419759.0,789347570.1715069
2025-11-21,2025-11-25,4,direct_category_weather_holiday_segment,779113247.0,804719667.5051767
2025-11-22,2025-11-26,4,direct_category_weather_holiday_segment,779056661.0,808993374.164911
2025-11-23,2025-11-27,4,direct_category_weather_holiday_segment,785923784.0,809428736.7728708
2025-11-24,2025-11-28,4,direct_category_weather_holiday_segment,793532772.0,816712241.5703473
2025-11-25,2025-11-29,4,direct_category_weather_holiday_segment,775439198.0,807572895.1184568
2025-11-26,2025-11-30,4,direct_category_weather_holiday_segment,752415007.0,777944216.2175872
2025-11-27,2025-12-01,4,direct_category_weather_holiday_segment,752093794.0,780669168.4450676
2025-11-28,2025-12-02,4,direct_category_weather_holiday_segment,774181582.0,782812880.9358826
2025-11-29,2025-12-03,4,direct_category_weather_holiday_segment,779128904.0,799460648.8821695
2025-11-30,2025-12-04,4,direct_category_weather_holiday_segment,780611840.0,809246732.5505657
2025-12-01,2025-12-05,4,direct_category_weather_holiday_segment,790342731.0,798160316.9545249
2025-12-02,2025-12-06,4,direct_category_weather_holiday_segment,783475966.0,779269328.7658297
2025-12-03,2025-12-07,4,direct_category_weather_holiday_segment,769662376.0,762846130.5298162
2025-12-04,2025-12-08,4,direct_category_weather_holiday_segment,781993536.0,785329651.5351437
2025-12-05,2025-12-09,4,direct_category_weather_holiday_segment,790459836.0,794169646.9254359
2025-12-06,2025-12-10,4,direct_category_weather_holiday_segment,793331038.0,787121419.6748997
2025-12-07,2025-12-11,4,direct_category_weather_holiday_segment,792303023.0,786617753.4092067
2025-12-08,2025-12-12,4,direct_category_weather_holiday_segment,805771337.0,797969054.4832201
2025-12-09,2025-12-13,4,direct_category_weather_holiday_segment,805919635.0,790898424.155636
2025-12-10,2025-12-14,4,direct_category_weather_holiday_segment,775261923.0,804599708.2984781
2025-12-11,2025-12-15,4,direct_category_weather_holiday_segment,800205024.0,817854287.159938
2025-12-12,2025-12-16,4,direct_category_weather_holiday_segment,791223092.0,800023911.4559746
2025-12-13,2025-12-17,4,direct_category_weather_holiday_segment,797873177.0,802798117.7850794
2025-12-14,2025-12-18,4,direct_category_weather_holiday_segment,807913091.0,815042230.378149
2025-12-15,2025-12-19,4,direct_category_weather_holiday_segment,813412227.0,796419028.0455136
2025-12-16,2025-12-20,4,direct_category_weather_holiday_segment,800554656.0,779230434.0495526
2025-12-17,2025-12-21,4,direct_category_weather_holiday_segment,775722494.0,768010324.2435402
2025-12-18,2025-12-22,4,direct_category_weather_holiday_segment,800416947.0,798770100.0646069
2025-12-19,2025-12-23,4,direct_category_weather_holiday_segment,805434213.0,793332803.7946073
2025-12-20,2025-12-24,4,direct_category_weather_holiday_segment,803732375.0,794726642.8634468
2025-12-21,2025-12-25,4,direct_category_weather_holiday_segment,824337857.0,807988489.7840807
2025-12-22,2025-12-26,4,direct_category_weather_holiday_segment,812520530.0,829802441.8197159
2025-12-23,2025-12-27,4,direct_category_weather_holiday_segment,813024286.0,813613146.2678248
2025-12-24,2025-12-28,4,direct_category_weather_holiday_segment,798511867.0,791529226.956545
2025-12-25,2025-12-29,4,direct_category_weather_holiday_segment,801303829.0,787528912.4058363
2025-12-26,2025-12-30,4,direct_category_weather_holiday_segment,799723069.0,793530834.1417869
2025-12-27,2025-12-31,4,direct_category_weather_holiday_segment,783373686.0,791372308.0354812
2025-12-28,2026-01-01,4,direct_category_weather_holiday_segment,707758012.0,720690014.9868388
2025-12-29,2026-01-02,4,direct_category_weather_holiday_segment,741910307.0,757454422.5214816
2025-12-30,2026-01-03,4,direct_category_weather_holiday_segment,801935633.0,798499378.380852
2025-12-31,2026-01-04,4,direct_category_weather_holiday_segment,820839320.0,777291240.8842578
2026-01-01,2026-01-05,4,direct_category_weather_holiday_segment,819629944.0,781635474.216211
2026-01-02,2026-01-06,4,direct_category_weather_holiday_segment,848208043.0,759450685.8617078
2026-01-03,2026-01-07,4,direct_category_weather_holiday_segment,836618404.0,794015822.376012
2026-01-04,2026-01-08,4,direct_category_weather_holiday_segment,845715705.0,817993255.7983782
2026-01-05,2026-01-09,4,direct_category_weather_holiday_segment,845779172.0,827693063.0264348
2025-09-26,2025-10-01,5,direct_category_weather_holiday,893877447.0,888144483.476969
2025-09-27,2025-10-02,5,direct_category_weather_holiday,877524402.0,885111624.4333526
2025-09-28,2025-10-03,5,direct_category_weather_holiday,906128774.0,881004313.6838534
2025-09-29,2025-10-04,5,direct_category_weather_holiday,947397946.0,910021806.9710543
2025-09-30,2025-10-05,5,direct_category_weather_holiday,967898095.0,905140496.4604847
2025-10-01,2025-10-06,5,direct_category_weather_holiday,909397624.0,890037568.3367252
2025-10-02,2025-10-07,5,direct_category_weather_holiday,958058211.0,834342884.753686
2025-10-03,2025-10-08,5,direct_category_weather_holiday,1002652065.0,822712159.2858433
2025-10-04,2025-10-09,5,direct_category_weather_holiday,1006596066.0,934948284.6965882
2025-10-05,2025-10-10,5,direct_category_weather_holiday,988218980.0,930424005.0568596
2025-10-06,2025-10-11,5,direct_category_weather_holiday,993216057.0,933925799.1325135
2025-10-07,2025-10-12,5,direct_category_weather_holiday,982996119.0,896190045.1544034
2025-10-08,2025-10-13,5,direct_category_weather_holiday,994158096.0,948702015.7564187
2025-10-09,2025-10-14,5,direct_category_weather_holiday,999440675.0,945031663.0351149
2025-10-10,2025-10-15,5,direct_category_weather_holiday,979563855.0,938549530.3423223
2025-10-11,2025-10-16,5,direct_category_weather_holiday,973453600.0,933000332.2616515
2025-10-12,2025-10-17,5,direct_category_weather_holiday,976535370.0,940132547.3008379
2025-10-13,2025-10-18,5,direct_category_weather_holiday,976325746.0,941017680.3173836
2025-10-14,2025-10-19,5,direct_category_weather_holiday,896789087.0,893257125.0099411
2025-10-15,2025-10-20,5,direct_category_weather_holiday,853624251.0,872524749.4913816
2025-10-16,2025-10-21,5,direct_category_weather_holiday,795444895.0,852120185.3023283
2025-10-17,2025-10-22,5,direct_category_weather_holiday,783518576.0,848574398.0499616
2025-10-18,2025-10-23,5,direct_category_weather_holiday,783134792.0,857940022.1911136
2025-10-19,2025-10-24,5,direct_category_weather_holiday,786285205.0,858738731.7203825
2025-10-20,2025-10-25,5,direct_category_weather_holiday,787344834.0,871339908.6017507
2025-10-21,2025-10-26,5,direct_category_weather_holiday,788309358.0,843660422.4059924
2025-10-22,2025-10-27,5,direct_category_weather_holiday,788347388.0,847582874.9225974
2025-10-23,2025-10-28,5,direct_category_weather_holiday,803213606.0,829743415.5950211
2025-10-24,2025-10-29,5,direct_category_weather_holiday,791815205.0,823698091.9910637
2025-10-25,2025-10-30,5,direct_category_weather_holiday,801523722.0,829659090.2070334
2025-10-26,2025-10-31,5,direct_category_weather_holiday,806599754.0,826212914.985991
2025-10-27,2025-11-01,5,direct_category_weather_holiday,760921367.0,816282086.2865093
2025-10-28,2025-11-02,5,direct_category_weather_holiday,744828378.0,798630325.283532
2025-10-29,2025-11-03,5,direct_category_weather_holiday,780447693.0,832810348.0083426
2025-10-30,2025-11-04,5,direct_category_weather_holiday,782600645.0,811713322.1097362
2025-10-31,2025-11-05,5,direct_category_weather_holiday,784108702.0,806964370.9591172
2025-11-01,2025-11-06,5,direct_category_weather_holiday,789959014.0,808751743.7815902
2025-11-02,2025-11-07,5,direct_category_weather_holiday,808798324.0,799509355.2665884
2025-11-03,2025-11-08,5,direct_category_weather_holiday,816286170.0,821638460.8557794
2025-11-04,2025-11-09,5,direct_category_weather_holiday,794671570.0,793199508.878929
2025-11-05,2025-11-10,5,direct_category_weather_holiday,803150509.0,796383184.6006426
2025-11-06,2025-11-11,5,direct_category_weather_holiday,811031660.0,784767577.7795936
2025-11-07,2025-11-12,5,direct_category_weather_holiday,800371284.0,784225926.1525862
2025-11-08,2025-11-13,5,direct_category_weather_holiday,795412883.0,786620811.8078737
2025-11-09,2025-11-14,5,direct_category_weather_holiday,784929625.0,790542353.6727914
2025-11-10,2025-11-15,5,direct_category_weather_holiday,771969074.0,778247422.9572126
2025-11-11,2025-11-16,5,direct_category_weather_holiday,748102925.0,770289971.2072865
2025-11-12,2025-11-17,5,direct_category_weather_holiday,784946049.0,791484468.6060009
2025-11-13,2025-11-18,5,direct_category_weather_holiday,802372785.0,806481496.1599451
2025-11-14,2025-11-19,5,direct_category_weather_holiday,785536331.0,816018135.7287083
2025-11-15,2025-11-20,5,direct_category_weather_holiday,789566797.0,809521316.1457204
2025-11-16,2025-11-21,5,direct_category_weather_holiday,781713368.0,794114247.7871189
2025-11-17,2025-11-22,5,direct_category_weather_holiday,777234266.0,794303144.9045792
2025-11-18,2025-11-23,5,direct_category_weather_holiday,763587139.0,790803225.4824016
2025-11-19,2025-11-24,5,direct_category_weather_holiday,787419759.0,810731625.0395659
2025-11-20,2025-11-25,5,direct_category_weather_holiday,779113247.0,812652076.7985708
2025-11-21,2025-11-26,5,direct_category_weather_holiday,779056661.0,816679561.789502
2025-11-22,2025-11-27,5,direct_category_weather_holiday,785923784.0,810304939.1046181
2025-11-23,2025-11-28,5,direct_category_weather_holiday,793532772.0,817239741.1871759
2025-11-24,2025-11-29,5,direct_category_weather_holiday,775439198.0,801511039.9486806
2025-11-25,2025-11-30,5,direct_category_weather_holiday,752415007.0,793117086.4538817
2025-11-26,2025-12-01,5,direct_category_weather_holiday,752093794.0,797203567.80722
2025-11-27,2025-12-02,5,direct_category_weather_holiday,774181582.0,794027212.99653
2025-11-28,2025-12-03,5,direct_category_weather_holiday,779128904.0,802443963.2695551
2025-11-29,2025-12-04,5,direct_category_weather_holiday,780611840.0,814946129.2734687
2025-11-30,2025-12-05,5,direct_category_weather_holiday,790342731.0,803445694.6914903
2025-12-01,2025-12-06,5,direct_category_weather_holiday,783475966.0,791289226.5949175
2025-12-02,2025-12-07,5,direct_category_weather_holiday,769662376.0,767327200.3163571
2025-12-03,2025-12-08,5,direct_category_weather_holiday,781993536.0,790393883.7740759
2025-12-04,2025-12-09,5,direct_category_weather_holiday,790459836.0,801535579.9393455
2025-12-05,2025-12-10,5,direct_category_weather_holiday,793331038.0,790497641.0009713
2025-12-06,2025-12-11,5,direct_category_weather_holiday,792303023.0,790106275.7472161
2025-12-07,2025-12-12,5,direct_category_weather_holiday,805771337.0,798301036.252695
2025-12-08,2025-12-13,5,direct_category_weather_holiday,805919635.0,796268507.0964015
2025-12-09,2025-12-14,5,direct_category_weather_holiday,775261923.0,801151163.682541
2025-12-10,2025-12-15,5,direct_category_weather_holiday,800205024.0,818374123.9530008
2025-12-11,2025-12-16,5,direct_category_weather_holiday,791223092.0,802741138.243107
2025-12-12,2025-12-17,5,direct_category_weather_holiday,797873177.0,798110723.7924411
2025-12-13,2025-12-18,5,direct_category_weather_holiday,807913091.0,807381643.1099546
2025-12-14,2025-12-19,5,direct_category_weather_holiday,813412227.0,804300921.4211591
2025-12-15,2025-12-20,5,direct_category_weather_holiday,800554656.0,791031010.8397566
2025-12-16,2025-12-21,5,direct_category_weather_holiday,775722494.0,782111286.2621589
2025-12-17,2025-12-22,5,direct_category_weather_holiday,800416947.0,797023202.8507193
2025-12-18,2025-12-23,5,direct_category_weather_holiday,805434213.0,793310290.8680636
2025-12-19,2025-12-24,5,direct_category_weather_holiday,803732375.0,795056361.1854881
2025-12-20,2025-12-25,5,direct_category_weather_holiday,824337857.0,810559340.7696052
2025-12-21,2025-12-26,5,direct_category_weather_holiday,812520530.0,823622075.5679318
2025-12-22,2025-12-27,5,direct_category_weather_holiday,813024286.0,801755769.861744
2025-12-23,2025-12-28,5,direct_category_weather_holiday,798511867.0,786895805.3422158
2025-12-24,2025-12-29,5,direct_category_weather_holiday,801303829.0,799721444.6087528
2025-12-25,2025-12-30,5,direct_category_weather_holiday,799723069.0,800421825.5938392
2025-12-26,2025-12-31,5,direct_category_weather_holiday,783373686.0,811016446.544797
2025-12-27,2026-01-01,5,direct_category_weather_holiday,707758012.0,729356051.6415349
2025-12-28,2026-01-02,5,direct_category_weather_holiday,741910307.0,742174232.3919965
2025-12-29,2026-01-03,5,direct_category_weather_holiday,801935633.0,770682057.2829958
2025-12-30,2026-01-04,5,direct_category_weather_holiday,820839320.0,785771600.7503049
2025-12-31,2026-01-05,5,direct_category_weather_holiday,819629944.0,801919129.532469
2026-01-01,2026-01-06,5,direct_category_weather_holiday,848208043.0,805420077.9483991
2026-01-02,2026-01-07,5,direct_category_weather_holiday,836618404.0,778274106.7870473
2026-01-03,2026-01-08,5,direct_category_weather_holiday,845715705.0,792893320.648846
2026-01-04,2026-01-09,5,direct_category_weather_holiday,845779172.0,814370332.3187284
2025-09-26,2025-10-01,5,direct_category_weather_holiday_segment,893877447.0,883215072.0678928
2025-09-27,2025-10-02,5,direct_category_weather_holiday_segment,877524402.0,891941079.9098052
2025-09-28,2025-10-03,5,direct_category_weather_holiday_segment,906128774.0,903994614.0840491
2025-09-29,2025-10-04,5,direct_category_weather_holiday_segment,947397946.0,956782260.9116951
2025-09-30,2025-10-05,5,direct_category_weather_holiday_segment,967898095.0,966533690.7152472
2025-10-01,2025-10-06,5,direct_category_weather_holiday_segment,909397624.0,963584913.838185
2025-10-02,2025-10-07,5,direct_category_weather_holiday_segment,958058211.0,915930985.1671937
2025-10-03,2025-10-08,5,direct_category_weather_holiday_segment,1002652065.0,920277942.8855646
2025-10-04,2025-10-09,5,direct_category_weather_holiday_segment,1006596066.0,907337035.9368097
2025-10-05,2025-10-10,5,direct_category_weather_holiday_segment,988218980.0,909598503.523217
2025-10-06,2025-10-11,5,direct_category_weather_holiday_segment,993216057.0,921593889.6980106
2025-10-07,2025-10-12,5,direct_category_weather_holiday_segment,982996119.0,879026072.18418
2025-10-08,2025-10-13,5,direct_category_weather_holiday_segment,994158096.0,927997719.8687754
2025-10-09,2025-10-14,5,direct_category_weather_holiday_segment,999440675.0,932441643.8435639
2025-10-10,2025-10-15,5,direct_category_weather_holiday_segment,979563855.0,936076683.213595
2025-10-11,2025-10-16,5,direct_category_weather_holiday_segment,973453600.0,929282185.6953535
2025-10-12,2025-10-17,5,direct_category_weather_holiday_segment,976535370.0,935858738.4172451
2025-10-13,2025-10-18,5,direct_category_weather_holiday_segment,976325746.0,938719228.0183007
2025-10-14,2025-10-19,5,direct_category_weather_holiday_segment,896789087.0,891703673.8069113
2025-10-15,2025-10-20,5,direct_category_weather_holiday_segment,853624251.0,869923561.5220765
2025-10-16,2025-10-21,5,direct_category_weather_holiday_segment,795444895.0,849652523.31785
2025-10-17,2025-10-22,5,direct_category_weather_holiday_segment,783518576.0,848209540.7134056
2025-10-18,2025-10-23,5,direct_category_weather_holiday_segment,783134792.0,858129656.4542698
2025-10-19,2025-10-24,5,direct_category_weather_holiday_segment,786285205.0,857531858.8445134
2025-10-20,2025-10-25,5,direct_category_weather_holiday_segment,787344834.0,864875318.9427111
2025-10-21,2025-10-26,5,direct_category_weather_holiday_segment,788309358.0,844287638.4172198
2025-10-22,2025-10-27,5,direct_category_weather_holiday_segment,788347388.0,838603792.7963812
2025-10-23,2025-10-28,5,direct_category_weather_holiday_segment,803213606.0,818709318.6392827
2025-10-24,2025-10-29,5,direct_category_weather_holiday_segment,791815205.0,816397790.9175518
2025-10-25,2025-10-30,5,direct_category_weather_holiday_segment,801523722.0,822926014.0352255
2025-10-26,2025-10-31,5,direct_category_weather_holiday_segment,806599754.0,816904296.6618748
2025-10-27,2025-11-01,5,direct_category_weather_holiday_segment,760921367.0,803552763.6303853
2025-10-28,2025-11-02,5,direct_category_weather_holiday_segment,744828378.0,779651760.7934709
2025-10-29,2025-11-03,5,direct_category_weather_holiday_segment,780447693.0,816403534.5042919
2025-10-30,2025-11-04,5,direct_category_weather_holiday_segment,782600645.0,800182386.7883803
2025-10-31,2025-11-05,5,direct_category_weather_holiday_segment,784108702.0,796351505.9285088
2025-11-01,2025-11-06,5,direct_category_weather_holiday_segment,789959014.0,799782413.7577369
2025-11-02,2025-11-07,5,direct_category_weather_holiday_segment,808798324.0,787814795.9313728
2025-11-03,2025-11-08,5,direct_category_weather_holiday_segment,816286170.0,803744677.4770855
2025-11-04,2025-11-09,5,direct_category_weather_holiday_segment,794671570.0,781244803.9392115
2025-11-05,2025-11-10,5,direct_category_weather_holiday_segment,803150509.0,778260157.0242866
2025-11-06,2025-11-11,5,direct_category_weather_holiday_segment,811031660.0,766224197.1617434
2025-11-07,2025-11-12,5,direct_category_weather_holiday_segment,800371284.0,770808422.5325944
2025-11-08,2025-11-13,5,direct_category_weather_holiday_segment,795412883.0,774973337.8737203
2025-11-09,2025-11-14,5,direct_category_weather_holiday_segment,784929625.0,780873801.4376564
2025-11-10,2025-11-15,5,direct_category_weather_holiday_segment,771969074.0,771406326.911136
2025-11-11,2025-11-16,5,direct_category_weather_holiday_segment,748102925.0,761547138.5081749
2025-11-12,2025-11-17,5,direct_category_weather_holiday_segment,784946049.0,783863347.671431
2025-11-13,2025-11-18,5,direct_category_weather_holiday_segment,802372785.0,802175731.7441015
2025-11-14,2025-11-19,5,direct_category_weather_holiday_segment,785536331.0,816447056.2353821
2025-11-15,2025-11-20,5,direct_category_weather_holiday_segment,789566797.0,809651724.3701527
2025-11-16,2025-11-21,5,direct_category_weather_holiday_segment,781713368.0,794661501.6551099
2025-11-17,2025-11-22,5,direct_category_weather_holiday_segment,777234266.0,792049340.3016841
2025-11-18,2025-11-23,5,direct_category_weather_holiday_segment,763587139.0,787476084.1135026
2025-11-19,2025-11-24,5,direct_category_weather_holiday_segment,787419759.0,804319919.7670585
2025-11-20,2025-11-25,5,direct_category_weather_holiday_segment,779113247.0,806049531.1209369
2025-11-21,2025-11-26,5,direct_category_weather_holiday_segment,779056661.0,818107857.2532744
2025-11-22,2025-11-27,5,direct_category_weather_holiday_segment,785923784.0,808039357.7958428
2025-11-23,2025-11-28,5,direct_category_weather_holiday_segment,793532772.0,815008316.0343871
2025-11-24,2025-11-29,5,direct_category_weather_holiday_segment,775439198.0,800524711.8634075
2025-11-25,2025-11-30,5,direct_category_weather_holiday_segment,752415007.0,786944913.5194049
2025-11-26,2025-12-01,5,direct_category_weather_holiday_segment,752093794.0,782617732.8005353
2025-11-27,2025-12-02,5,direct_category_weather_holiday_segment,774181582.0,782145507.8664107
2025-11-28,2025-12-03,5,direct_category_weather_holiday_segment,779128904.0,799742810.6873204
2025-11-29,2025-12-04,5,direct_category_weather_holiday_segment,780611840.0,818138712.5566568
2025-11-30,2025-12-05,5,direct_category_weather_holiday_segment,790342731.0,802697540.0902897
2025-12-01,2025-12-06,5,direct_category_weather_holiday_segment,783475966.0,788162297.0189662
2025-12-02,2025-12-07,5,direct_category_weather_holiday_segment,769662376.0,759687751.1924255
2025-12-03,2025-12-08,5,direct_category_weather_holiday_segment,781993536.0,783371870.7684482
2025-12-04,2025-12-09,5,direct_category_weather_holiday_segment,790459836.0,797231988.7453705
2025-12-05,2025-12-10,5,direct_category_weather_holiday_segment,793331038.0,785414294.1653813
2025-12-06,2025-12-11,5,direct_category_weather_holiday_segment,792303023.0,786595771.7861038
2025-12-07,2025-12-12,5,direct_category_weather_holiday_segment,805771337.0,794119296.9594556
2025-12-08,2025-12-13,5,direct_category_weather_holiday_segment,805919635.0,795593764.8256537
2025-12-09,2025-12-14,5,direct_category_weather_holiday_segment,775261923.0,802148799.613318
2025-12-10,2025-12-15,5,direct_category_weather_holiday_segment,800205024.0,822276368.8503084
2025-12-11,2025-12-16,5,direct_category_weather_holiday_segment,791223092.0,803284952.5591528
2025-12-12,2025-12-17,5,direct_category_weather_holiday_segment,797873177.0,798210121.1445917
2025-12-13,2025-12-18,5,direct_category_weather_holiday_segment,807913091.0,812294231.8354019
2025-12-14,2025-12-19,5,direct_category_weather_holiday_segment,813412227.0,805700467.6061267
2025-12-15,2025-12-20,5,direct_category_weather_holiday_segment,800554656.0,781775636.0317615
2025-12-16,2025-12-21,5,direct_category_weather_holiday_segment,775722494.0,778823463.7143664
2025-12-17,2025-12-22,5,direct_category_weather_holiday_segment,800416947.0,794620618.5250852
2025-12-18,2025-12-23,5,direct_category_weather_holiday_segment,805434213.0,789608867.3382834
2025-12-19,2025-12-24,5,direct_category_weather_holiday_segment,803732375.0,792288706.7988982
2025-12-20,2025-12-25,5,direct_category_weather_holiday_segment,824337857.0,817282975.4189632
2025-12-21,2025-12-26,5,direct_category_weather_holiday_segment,812520530.0,834257809.4244387
2025-12-22,2025-12-27,5,direct_category_weather_holiday_segment,813024286.0,811151368.9173934
2025-12-23,2025-12-28,5,direct_category_weather_holiday_segment,798511867.0,794024299.3349332
2025-12-24,2025-12-29,5,direct_category_weather_holiday_segment,801303829.0,791079745.6722053
2025-12-25,2025-12-30,5,direct_category_weather_holiday_segment,799723069.0,789966527.5914823
2025-12-26,2025-12-31,5,direct_category_weather_holiday_segment,783373686.0,805715108.1681119
2025-12-27,2026-01-01,5,direct_category_weather_holiday_segment,707758012.0,718153770.8802271
2025-12-28,2026-01-02,5,direct_category_weather_holiday_segment,741910307.0,756271467.9813168
2025-12-29,2026-01-03,5,direct_category_weather_holiday_segment,801935633.0,800219775.6914203
2025-12-30,2026-01-04,5,direct_category_weather_holiday_segment,820839320.0,782194846.6491263
2025-12-31,2026-01-05,5,direct_category_weather_holiday_segment,819629944.0,795230354.6276433
2026-01-01,2026-01-06,5,direct_category_weather_holiday_segment,848208043.0,798189140.8519412
2026-01-02,2026-01-07,5,direct_category_weather_holiday_segment,836618404.0,781423233.2494848
2026-01-03,2026-01-08,5,direct_category_weather_holiday_segment,845715705.0,788793956.6589053
2026-01-04,2026-01-09,5,direct_category_weather_holiday_segment,845779172.0,811497402.9494072
2025-09-25,2025-10-01,6,direct_category_weather_holiday,893877447.0,873334089.6928885
2025-09-26,2025-10-02,6,direct_category_weather_holiday,877524402.0,869572299.331073
2025-09-27,2025-10-03,6,direct_category_weather_holiday,906128774.0,870948779.2022556
2025-09-28,2025-10-04,6,direct_category_weather_holiday,947397946.0,891269590.2396163
2025-09-29,2025-10-05,6,direct_category_weather_holiday,967898095.0,888981974.3191468
2025-09-30,2025-10-06,6,direct_category_weather_holiday,909397624.0,890152362.133244
2025-10-01,2025-10-07,6,direct_category_weather_holiday,958058211.0,866280901.5475734
2025-10-02,2025-10-08,6,direct_category_weather_holiday,1002652065.0,808381306.8515579
2025-10-03,2025-10-09,6,direct_category_weather_holiday,1006596066.0,920169257.9641023
2025-10-04,2025-10-10,6,direct_category_weather_holiday,988218980.0,923548671.2754952
2025-10-05,2025-10-11,6,direct_category_weather_holiday,993216057.0,928044334.2326727
2025-10-06,2025-10-12,6,direct_category_weather_holiday,982996119.0,916453138.5969439
2025-10-07,2025-10-13,6,direct_category_weather_holiday,994158096.0,922167873.5087454
2025-10-08,2025-10-14,6,direct_category_weather_holiday,999440675.0,942588231.8456409
2025-10-09,2025-10-15,6,direct_category_weather_holiday,979563855.0,935877613.6627743
2025-10-10,2025-10-16,6,direct_category_weather_holiday,973453600.0,930342787.200207
2025-10-11,2025-10-17,6,direct_category_weather_holiday,976535370.0,931473427.7774279
2025-10-12,2025-10-18,6,direct_category_weather_holiday,976325746.0,929419870.2300122
2025-10-13,2025-10-19,6,direct_category_weather_holiday,896789087.0,899514658.4579368
2025-10-14,2025-10-20,6,direct_category_weather_holiday,853624251.0,847894223.3970432
2025-10-15,2025-10-21,6,direct_category_weather_holiday,795444895.0,863880268.7174121
2025-10-16,2025-10-22,6,direct_category_weather_holiday,783518576.0,846993620.2917924
2025-10-17,2025-10-23,6,direct_category_weather_holiday,783134792.0,848943701.8141218
2025-10-18,2025-10-24,6,direct_category_weather_holiday,786285205.0,856167356.5901704
2025-10-19,2025-10-25,6,direct_category_weather_holiday,787344834.0,851900764.0562849
2025-10-20,2025-10-26,6,direct_category_weather_holiday,788309358.0,853804786.7380047
2025-10-21,2025-10-27,6,direct_category_weather_holiday,788347388.0,854657930.0075516
2025-10-22,2025-10-28,6,direct_category_weather_holiday,803213606.0,844756795.6213657
2025-10-23,2025-10-29,6,direct_category_weather_holiday,791815205.0,834195132.3002368
2025-10-24,2025-10-30,6,direct_category_weather_holiday,801523722.0,835178136.7899518
2025-10-25,2025-10-31,6,direct_category_weather_holiday,806599754.0,833490383.43618
2025-10-26,2025-11-01,6,direct_category_weather_holiday,760921367.0,814049279.3081911
2025-10-27,2025-11-02,6,direct_category_weather_holiday,744828378.0,803562700.7754018
2025-10-28,2025-11-03,6,direct_category_weather_holiday,780447693.0,814588122.9116905
2025-10-29,2025-11-04,6,direct_category_weather_holiday,782600645.0,829549514.4254414
2025-10-30,2025-11-05,6,direct_category_weather_holiday,784108702.0,811792955.8960522
2025-10-31,2025-11-06,6,direct_category_weather_holiday,789959014.0,818121253.6689532
2025-11-01,2025-11-07,6,direct_category_weather_holiday,808798324.0,817492028.3416795
2025-11-02,2025-11-08,6,direct_category_weather_holiday,816286170.0,800246826.0472519
2025-11-03,2025-11-09,6,direct_category_weather_holiday,794671570.0,804830478.2851722
2025-11-04,2025-11-10,6,direct_category_weather_holiday,803150509.0,804339217.9263271
2025-11-05,2025-11-11,6,direct_category_weather_holiday,811031660.0,793330616.5664161
2025-11-06,2025-11-12,6,direct_category_weather_holiday,800371284.0,786465162.0504321
2025-11-07,2025-11-13,6,direct_category_weather_holiday,795412883.0,787783767.9721605
2025-11-08,2025-11-14,6,direct_category_weather_holiday,784929625.0,796732165.1162976
2025-11-09,2025-11-15,6,direct_category_weather_holiday,771969074.0,781998428.6926467
2025-11-10,2025-11-16,6,direct_category_weather_holiday,748102925.0,765490171.1129808
2025-11-11,2025-11-17,6,direct_category_weather_holiday,784946049.0,793521794.8494385
2025-11-12,2025-11-18,6,direct_category_weather_holiday,802372785.0,812451150.5778377
2025-11-13,2025-11-19,6,direct_category_weather_holiday,785536331.0,819484688.6068617
2025-11-14,2025-11-20,6,direct_category_weather_holiday,789566797.0,815808496.3159074
2025-11-15,2025-11-21,6,direct_category_weather_holiday,781713368.0,806971924.6225109
2025-11-16,2025-11-22,6,direct_category_weather_holiday,777234266.0,787617590.1825445
2025-11-17,2025-11-23,6,direct_category_weather_holiday,763587139.0,774327230.6325877
2025-11-18,2025-11-24,6,direct_category_weather_holiday,787419759.0,809707034.7115552
2025-11-19,2025-11-25,6,direct_category_weather_holiday,779113247.0,822787630.4170018
2025-11-20,2025-11-26,6,direct_category_weather_holiday,779056661.0,816060349.0347971
2025-11-21,2025-11-27,6,direct_category_weather_holiday,785923784.0,814653985.3169075
2025-11-22,2025-11-28,6,direct_category_weather_holiday,793532772.0,814730669.2470295
2025-11-23,2025-11-29,6,direct_category_weather_holiday,775439198.0,797545444.3218601
2025-11-24,2025-11-30,6,direct_category_weather_holiday,752415007.0,784555415.9486933
2025-11-25,2025-12-01,6,direct_category_weather_holiday,752093794.0,804027941.4334896
2025-11-26,2025-12-02,6,direct_category_weather_holiday,774181582.0,797172102.3696649
2025-11-27,2025-12-03,6,direct_category_weather_holiday,779128904.0,803621832.8304782
2025-11-28,2025-12-04,6,direct_category_weather_holiday,780611840.0,812852021.2399423
2025-11-29,2025-12-05,6,direct_category_weather_holiday,790342731.0,807600875.5809504
2025-11-30,2025-12-06,6,direct_category_weather_holiday,783475966.0,788805133.1843793
2025-12-01,2025-12-07,6,direct_category_weather_holiday,769662376.0,771112141.1709526
2025-12-02,2025-12-08,6,direct_category_weather_holiday,781993536.0,788939530.626624
2025-12-03,2025-12-09,6,direct_category_weather_holiday,790459836.0,799509144.5293239
2025-12-04,2025-12-10,6,direct_category_weather_holiday,793331038.0,791849668.9624125
2025-12-05,2025-12-11,6,direct_category_weather_holiday,792303023.0,790888941.4975195
2025-12-06,2025-12-12,6,direct_category_weather_holiday,805771337.0,797394705.1469997
2025-12-07,2025-12-13,6,direct_category_weather_holiday,805919635.0,787368357.8306563
2025-12-08,2025-12-14,6,direct_category_weather_holiday,775261923.0,800018769.3428292
2025-12-09,2025-12-15,6,direct_category_weather_holiday,800205024.0,813676987.2224656
2025-12-10,2025-12-16,6,direct_category_weather_holiday,791223092.0,807377995.6767868
2025-12-11,2025-12-17,6,direct_category_weather_holiday,797873177.0,800034060.7144268
2025-12-12,2025-12-18,6,direct_category_weather_holiday,807913091.0,804801144.0601622
2025-12-13,2025-12-19,6,direct_category_weather_holiday,813412227.0,800366188.3195723
2025-12-14,2025-12-20,6,direct_category_weather_holiday,800554656.0,790150252.5696375
2025-12-15,2025-12-21,6,direct_category_weather_holiday,775722494.0,783280035.44327
2025-12-16,2025-12-22,6,direct_category_weather_holiday,800416947.0,803376469.3596244
2025-12-17,2025-12-23,6,direct_category_weather_holiday,805434213.0,790541110.4773326
2025-12-18,2025-12-24,6,direct_category_weather_holiday,803732375.0,792618127.5891323
2025-12-19,2025-12-25,6,direct_category_weather_holiday,824337857.0,808786548.2404096
2025-12-20,2025-12-26,6,direct_category_weather_holiday,812520530.0,831081992.3397629
2025-12-21,2025-12-27,6,direct_category_weather_holiday,813024286.0,802685834.569627
2025-12-22,2025-12-28,6,direct_category_weather_holiday,798511867.0,783673285.745075
2025-12-23,2025-12-29,6,direct_category_weather_holiday,801303829.0,800013136.8244056
2025-12-24,2025-12-30,6,direct_category_weather_holiday,799723069.0,802143072.8551712
2025-12-25,2025-12-31,6,direct_category_weather_holiday,783373686.0,807093305.7777417
2025-12-26,2026-01-01,6,direct_category_weather_holiday,707758012.0,732960233.8075781
2025-12-27,2026-01-02,6,direct_category_weather_holiday,741910307.0,736381906.5926719
2025-12-28,2026-01-03,6,direct_category_weather_holiday,801935633.0,764010630.8915931
2025-12-29,2026-01-04,6,direct_category_weather_holiday,820839320.0,790138275.8908304
2025-12-30,2026-01-05,6,direct_category_weather_holiday,819629944.0,804039891.6579607
2025-12-31,2026-01-06,6,direct_category_weather_holiday,848208043.0,814230151.822509
2026-01-01,2026-01-07,6,direct_category_weather_holiday,836618404.0,807449676.0885556
2026-01-02,2026-01-08,6,direct_category_weather_holiday,845715705.0,778136885.9100748
2026-01-03,2026-01-09,6,direct_category_weather_holiday,845779172.0,794513204.1798179
2025-09-25,2025-10-01,6,direct_category_weather_holiday_segment,893877447.0,876568039.3593558
2025-09-26,2025-10-02,6,direct_category_weather_holiday_segment,877524402.0,883807004.3247359
2025-09-27,2025-10-03,6,direct_category_weather_holiday_segment,906128774.0,894357246.7546741
2025-09-28,2025-10-04,6,direct_category_weather_holiday_segment,947397946.0,928050286.2704169
2025-09-29,2025-10-05,6,direct_category_weather_holiday_segment,967898095.0,951441959.7067813
2025-09-30,2025-10-06,6,direct_category_weather_holiday_segment,909397624.0,971455161.8184379
2025-10-01,2025-10-07,6,direct_category_weather_holiday_segment,958058211.0,958613447.44816
2025-10-02,2025-10-08,6,direct_category_weather_holiday_segment,1002652065.0,914763421.7259322
2025-10-03,2025-10-09,6,direct_category_weather_holiday_segment,1006596066.0,895846453.8796762
2025-10-04,2025-10-10,6,direct_category_weather_holiday_segment,988218980.0,898369007.4774644
2025-10-05,2025-10-11,6,direct_category_weather_holiday_segment,993216057.0,905680796.719513
2025-10-06,2025-10-12,6,direct_category_weather_holiday_segment,982996119.0,906895119.5229212
2025-10-07,2025-10-13,6,direct_category_weather_holiday_segment,994158096.0,904130426.8376648
2025-10-08,2025-10-14,6,direct_category_weather_holiday_segment,999440675.0,923492444.8537993
2025-10-09,2025-10-15,6,direct_category_weather_holiday_segment,979563855.0,926182855.0647552
2025-10-10,2025-10-16,6,direct_category_weather_holiday_segment,973453600.0,928741660.7165935
2025-10-11,2025-10-17,6,direct_category_weather_holiday_segment,976535370.0,926392974.2825685
2025-10-12,2025-10-18,6,direct_category_weather_holiday_segment,976325746.0,927932706.275341
2025-10-13,2025-10-19,6,direct_category_weather_holiday_segment,896789087.0,895472962.1576809
2025-10-14,2025-10-20,6,direct_category_weather_holiday_segment,853624251.0,844648716.1907179
2025-10-15,2025-10-21,6,direct_category_weather_holiday_segment,795444895.0,862076284.9118385
2025-10-16,2025-10-22,6,direct_category_weather_holiday_segment,783518576.0,847034062.6072304
2025-10-17,2025-10-23,6,direct_category_weather_holiday_segment,783134792.0,849367983.2467594
2025-10-18,2025-10-24,6,direct_category_weather_holiday_segment,786285205.0,856169534.31266
2025-10-19,2025-10-25,6,direct_category_weather_holiday_segment,787344834.0,854034656.116096
2025-10-20,2025-10-26,6,direct_category_weather_holiday_segment,788309358.0,847739370.3388132
2025-10-21,2025-10-27,6,direct_category_weather_holiday_segment,788347388.0,850903411.0668349
2025-10-22,2025-10-28,6,direct_category_weather_holiday_segment,803213606.0,834619595.6356633
2025-10-23,2025-10-29,6,direct_category_weather_holiday_segment,791815205.0,827918115.4685705
2025-10-24,2025-10-30,6,direct_category_weather_holiday_segment,801523722.0,826737604.3084309
2025-10-25,2025-10-31,6,direct_category_weather_holiday_segment,806599754.0,822939374.871104
2025-10-26,2025-11-01,6,direct_category_weather_holiday_segment,760921367.0,803426055.9206359
2025-10-27,2025-11-02,6,direct_category_weather_holiday_segment,744828378.0,787695833.9494752
2025-10-28,2025-11-03,6,direct_category_weather_holiday_segment,780447693.0,796959596.2119668
2025-10-29,2025-11-04,6,direct_category_weather_holiday_segment,782600645.0,817123155.1073825
2025-10-30,2025-11-05,6,direct_category_weather_holiday_segment,784108702.0,800084298.5659099
2025-10-31,2025-11-06,6,direct_category_weather_holiday_segment,789959014.0,808753464.2471781
2025-11-01,2025-11-07,6,direct_category_weather_holiday_segment,808798324.0,807969919.6812351
2025-11-02,2025-11-08,6,direct_category_weather_holiday_segment,816286170.0,791539925.4954896
2025-11-03,2025-11-09,6,direct_category_weather_holiday_segment,794671570.0,789634557.6641991
2025-11-04,2025-11-10,6,direct_category_weather_holiday_segment,803150509.0,786319746.34129
2025-11-05,2025-11-11,6,direct_category_weather_holiday_segment,811031660.0,773469722.0774002
2025-11-06,2025-11-12,6,direct_category_weather_holiday_segment,800371284.0,772757872.4618647
2025-11-07,2025-11-13,6,direct_category_weather_holiday_segment,795412883.0,773644158.4869711
2025-11-08,2025-11-14,6,direct_category_weather_holiday_segment,784929625.0,783171912.1855779
2025-11-09,2025-11-15,6,direct_category_weather_holiday_segment,771969074.0,776733582.6859198
2025-11-10,2025-11-16,6,direct_category_weather_holiday_segment,748102925.0,757167882.3157394
2025-11-11,2025-11-17,6,direct_category_weather_holiday_segment,784946049.0,782230538.4578867
2025-11-12,2025-11-18,6,direct_category_weather_holiday_segment,802372785.0,809184818.6991847
2025-11-13,2025-11-19,6,direct_category_weather_holiday_segment,785536331.0,822217224.262109
2025-11-14,2025-11-20,6,direct_category_weather_holiday_segment,789566797.0,817177310.4558365
2025-11-15,2025-11-21,6,direct_category_weather_holiday_segment,781713368.0,802145541.5658429
2025-11-16,2025-11-22,6,direct_category_weather_holiday_segment,777234266.0,787846659.6515548
2025-11-17,2025-11-23,6,direct_category_weather_holiday_segment,763587139.0,768256973.639397
2025-11-18,2025-11-24,6,direct_category_weather_holiday_segment,787419759.0,800290343.1322405
2025-11-19,2025-11-25,6,direct_category_weather_holiday_segment,779113247.0,819215493.6416891
2025-11-20,2025-11-26,6,direct_category_weather_holiday_segment,779056661.0,817104541.4062171
2025-11-21,2025-11-27,6,direct_category_weather_holiday_segment,785923784.0,813353548.4944596
2025-11-22,2025-11-28,6,direct_category_weather_holiday_segment,793532772.0,810496671.6368747
2025-11-23,2025-11-29,6,direct_category_weather_holiday_segment,775439198.0,796437930.4358789
2025-11-24,2025-11-30,6,direct_category_weather_holiday_segment,752415007.0,777245502.3805271
2025-11-25,2025-12-01,6,direct_category_weather_holiday_segment,752093794.0,790203015.8564119
2025-11-26,2025-12-02,6,direct_category_weather_holiday_segment,774181582.0,785636454.3154001
2025-11-27,2025-12-03,6,direct_category_weather_holiday_segment,779128904.0,799527904.6885486
2025-11-28,2025-12-04,6,direct_category_weather_holiday_segment,780611840.0,815254955.7921164
2025-11-29,2025-12-05,6,direct_category_weather_holiday_segment,790342731.0,806615093.0233405
2025-11-30,2025-12-06,6,direct_category_weather_holiday_segment,783475966.0,789755465.876651
2025-12-01,2025-12-07,6,direct_category_weather_holiday_segment,769662376.0,763944168.9783744
2025-12-02,2025-12-08,6,direct_category_weather_holiday_segment,781993536.0,780131532.5372186
2025-12-03,2025-12-09,6,direct_category_weather_holiday_segment,790459836.0,796154159.6968477
2025-12-04,2025-12-10,6,direct_category_weather_holiday_segment,793331038.0,787141532.5073183
2025-12-05,2025-12-11,6,direct_category_weather_holiday_segment,792303023.0,784327553.2141402
2025-12-06,2025-12-12,6,direct_category_weather_holiday_segment,805771337.0,791382190.9191213
2025-12-07,2025-12-13,6,direct_category_weather_holiday_segment,805919635.0,786959904.4652648
2025-12-08,2025-12-14,6,direct_category_weather_holiday_segment,775261923.0,801694562.5129001
2025-12-09,2025-12-15,6,direct_category_weather_holiday_segment,800205024.0,817404815.5675595
2025-12-10,2025-12-16,6,direct_category_weather_holiday_segment,791223092.0,804726385.8183217
2025-12-11,2025-12-17,6,direct_category_weather_holiday_segment,797873177.0,799391692.1626425
2025-12-12,2025-12-18,6,direct_category_weather_holiday_segment,807913091.0,806575849.7589774
2025-12-13,2025-12-19,6,direct_category_weather_holiday_segment,813412227.0,798738491.4674084
2025-12-14,2025-12-20,6,direct_category_weather_holiday_segment,800554656.0,787358541.4257205
2025-12-15,2025-12-21,6,direct_category_weather_holiday_segment,775722494.0,778428170.9372847
2025-12-16,2025-12-22,6,direct_category_weather_holiday_segment,800416947.0,802039736.551506
2025-12-17,2025-12-23,6,direct_category_weather_holiday_segment,805434213.0,783981465.5473974
2025-12-18,2025-12-24,6,direct_category_weather_holiday_segment,803732375.0,787851151.7588105
2025-12-19,2025-12-25,6,direct_category_weather_holiday_segment,824337857.0,812401775.963587
2025-12-20,2025-12-26,6,direct_category_weather_holiday_segment,812520530.0,838438466.6484025
2025-12-21,2025-12-27,6,direct_category_weather_holiday_segment,813024286.0,812717622.9599057
2025-12-22,2025-12-28,6,direct_category_weather_holiday_segment,798511867.0,789143391.8057492
2025-12-23,2025-12-29,6,direct_category_weather_holiday_segment,801303829.0,792602759.9012783
2025-12-24,2025-12-30,6,direct_category_weather_holiday_segment,799723069.0,792971983.6220738
2025-12-25,2025-12-31,6,direct_category_weather_holiday_segment,783373686.0,802887065.1963018
2025-12-26,2026-01-01,6,direct_category_weather_holiday_segment,707758012.0,728907074.1960996
2025-12-27,2026-01-02,6,direct_category_weather_holiday_segment,741910307.0,745563503.8346328
2025-12-28,2026-01-03,6,direct_category_weather_holiday_segment,801935633.0,795444792.4773995
2025-12-29,2026-01-04,6,direct_category_weather_holiday_segment,820839320.0,788370798.8591843
2025-12-30,2026-01-05,6,direct_category_weather_holiday_segment,819629944.0,800480256.5214967
2025-12-31,2026-01-06,6,direct_category_weather_holiday_segment,848208043.0,812817475.6583387
2026-01-01,2026-01-07,6,direct_category_weather_holiday_segment,836618404.0,813246991.6756256
2026-01-02,2026-01-08,6,direct_category_weather_holiday_segment,845715705.0,782592169.6881249
2026-01-03,2026-01-09,6,direct_category_weather_holiday_segment,845779172.0,787975670.8205081
2025-09-24,2025-10-01,7,direct_category_weather_holiday,893877447.0,883130038.3892941
2025-09-25,2025-10-02,7,direct_category_weather_holiday,877524402.0,868831319.2655514
2025-09-26,2025-10-03,7,direct_category_weather_holiday,906128774.0,868609824.8706627
2025-09-27,2025-10-04,7,direct_category_weather_holiday,947397946.0,895912494.9978473
2025-09-28,2025-10-05,7,direct_category_weather_holiday,967898095.0,882594572.4331137
2025-09-29,2025-10-06,7,direct_category_weather_holiday,909397624.0,885065024.6395009
2025-09-30,2025-10-07,7,direct_category_weather_holiday,958058211.0,881740577.8320402
2025-10-01,2025-10-08,7,direct_category_weather_holiday,1002652065.0,856497626.8951983
2025-10-02,2025-10-09,7,direct_category_weather_holiday,1006596066.0,917114009.2786778
2025-10-03,2025-10-10,7,direct_category_weather_holiday,988218980.0,903437257.0140053
2025-10-04,2025-10-11,7,direct_category_weather_holiday,993216057.0,915879999.3334445
2025-10-05,2025-10-12,7,direct_category_weather_holiday,982996119.0,911262323.6874702
2025-10-06,2025-10-13,7,direct_category_weather_holiday,994158096.0,943562984.0058266
2025-10-07,2025-10-14,7,direct_category_weather_holiday,999440675.0,923906620.1735598
2025-10-08,2025-10-15,7,direct_category_weather_holiday,979563855.0,937218286.7482011
2025-10-09,2025-10-16,7,direct_category_weather_holiday,973453600.0,927433949.8919206
2025-10-10,2025-10-17,7,direct_category_weather_holiday,976535370.0,926823124.4784874
2025-10-11,2025-10-18,7,direct_category_weather_holiday,976325746.0,919236427.6472766
2025-10-12,2025-10-19,7,direct_category_weather_holiday,896789087.0,887431574.3714634
2025-10-13,2025-10-20,7,direct_category_weather_holiday,853624251.0,854103931.7224253
2025-10-14,2025-10-21,7,direct_category_weather_holiday,795444895.0,839971497.7151573
2025-10-15,2025-10-22,7,direct_category_weather_holiday,783518576.0,857517513.1533549
2025-10-16,2025-10-23,7,direct_category_weather_holiday,783134792.0,846500687.1130763
2025-10-17,2025-10-24,7,direct_category_weather_holiday,786285205.0,846219695.6583761
2025-10-18,2025-10-25,7,direct_category_weather_holiday,787344834.0,847939932.779825
2025-10-19,2025-10-26,7,direct_category_weather_holiday,788309358.0,835791007.8795481
2025-10-20,2025-10-27,7,direct_category_weather_holiday,788347388.0,863216499.25667
2025-10-21,2025-10-28,7,direct_category_weather_holiday,803213606.0,851258607.4674671
2025-10-22,2025-10-29,7,direct_category_weather_holiday,791815205.0,848076508.075329
2025-10-23,2025-10-30,7,direct_category_weather_holiday,801523722.0,844110829.0534672
2025-10-24,2025-10-31,7,direct_category_weather_holiday,806599754.0,836255628.5925686
2025-10-25,2025-11-01,7,direct_category_weather_holiday,760921367.0,822579114.1801878
2025-10-26,2025-11-02,7,direct_category_weather_holiday,744828378.0,801988603.5245576
2025-10-27,2025-11-03,7,direct_category_weather_holiday,780447693.0,821467727.0691613
2025-10-28,2025-11-04,7,direct_category_weather_holiday,782600645.0,814042772.8933976
2025-10-29,2025-11-05,7,direct_category_weather_holiday,784108702.0,829876201.5169579
2025-10-30,2025-11-06,7,direct_category_weather_holiday,789959014.0,821040802.7181476
2025-10-31,2025-11-07,7,direct_category_weather_holiday,808798324.0,825302200.0870912
2025-11-01,2025-11-08,7,direct_category_weather_holiday,816286170.0,818012362.0958743
2025-11-02,2025-11-09,7,direct_category_weather_holiday,794671570.0,786539639.0837826
2025-11-03,2025-11-10,7,direct_category_weather_holiday,803150509.0,815309708.9331275
2025-11-04,2025-11-11,7,direct_category_weather_holiday,811031660.0,800558405.5693825
2025-11-05,2025-11-12,7,direct_category_weather_holiday,800371284.0,797312432.0046074
2025-11-06,2025-11-13,7,direct_category_weather_holiday,795412883.0,791050949.0869526
2025-11-07,2025-11-14,7,direct_category_weather_holiday,784929625.0,798299427.0895615
2025-11-08,2025-11-15,7,direct_category_weather_holiday,771969074.0,787444069.9766408
2025-11-09,2025-11-16,7,direct_category_weather_holiday,748102925.0,768935390.8091279
2025-11-10,2025-11-17,7,direct_category_weather_holiday,784946049.0,790206779.1871574
2025-11-11,2025-11-18,7,direct_category_weather_holiday,802372785.0,817706510.8969815
2025-11-12,2025-11-19,7,direct_category_weather_holiday,785536331.0,829434612.5248498
2025-11-13,2025-11-20,7,direct_category_weather_holiday,789566797.0,824283990.1790168
2025-11-14,2025-11-21,7,direct_category_weather_holiday,781713368.0,817506911.2571194
2025-11-15,2025-11-22,7,direct_category_weather_holiday,777234266.0,804768492.6681745
2025-11-16,2025-11-23,7,direct_category_weather_holiday,763587139.0,772489539.8490564
2025-11-17,2025-11-24,7,direct_category_weather_holiday,787419759.0,796968316.3551139
2025-11-18,2025-11-25,7,direct_category_weather_holiday,779113247.0,823952303.283514
2025-11-19,2025-11-26,7,direct_category_weather_holiday,779056661.0,828910999.9946063
2025-11-20,2025-11-27,7,direct_category_weather_holiday,785923784.0,818244378.6405882
2025-11-21,2025-11-28,7,direct_category_weather_holiday,793532772.0,824015867.3176221
2025-11-22,2025-11-29,7,direct_category_weather_holiday,775439198.0,799780200.1939063
2025-11-23,2025-11-30,7,direct_category_weather_holiday,752415007.0,783980679.469596
2025-11-24,2025-12-01,7,direct_category_weather_holiday,752093794.0,799881300.2656255
2025-11-25,2025-12-02,7,direct_category_weather_holiday,774181582.0,808987169.4028492
2025-11-26,2025-12-03,7,direct_category_weather_holiday,779128904.0,810266015.7997106
2025-11-27,2025-12-04,7,direct_category_weather_holiday,780611840.0,817498495.9772983
2025-11-28,2025-12-05,7,direct_category_weather_holiday,790342731.0,809281843.7071246
2025-11-29,2025-12-06,7,direct_category_weather_holiday,783475966.0,794931754.2577215
2025-11-30,2025-12-07,7,direct_category_weather_holiday,769662376.0,769722710.1466701
2025-12-01,2025-12-08,7,direct_category_weather_holiday,781993536.0,795469144.32761
2025-12-02,2025-12-09,7,direct_category_weather_holiday,790459836.0,801870231.539577
2025-12-03,2025-12-10,7,direct_category_weather_holiday,793331038.0,791695522.849812
2025-12-04,2025-12-11,7,direct_category_weather_holiday,792303023.0,794033470.9101741
2025-12-05,2025-12-12,7,direct_category_weather_holiday,805771337.0,800641784.657846
2025-12-06,2025-12-13,7,direct_category_weather_holiday,805919635.0,788521619.8810477
2025-12-07,2025-12-14,7,direct_category_weather_holiday,775261923.0,794089916.3524257
2025-12-08,2025-12-15,7,direct_category_weather_holiday,800205024.0,815821744.69766
2025-12-09,2025-12-16,7,direct_category_weather_holiday,791223092.0,805638187.4396582
2025-12-10,2025-12-17,7,direct_category_weather_holiday,797873177.0,807807594.0353869
2025-12-11,2025-12-18,7,direct_category_weather_holiday,807913091.0,808824263.3007782
2025-12-12,2025-12-19,7,direct_category_weather_holiday,813412227.0,799989721.7646084
2025-12-13,2025-12-20,7,direct_category_weather_holiday,800554656.0,788408280.2058488
2025-12-14,2025-12-21,7,direct_category_weather_holiday,775722494.0,784749392.1419654
2025-12-15,2025-12-22,7,direct_category_weather_holiday,800416947.0,806722617.7929429
2025-12-16,2025-12-23,7,direct_category_weather_holiday,805434213.0,798460044.5224411
2025-12-17,2025-12-24,7,direct_category_weather_holiday,803732375.0,791948344.38532
2025-12-18,2025-12-25,7,direct_category_weather_holiday,824337857.0,807199646.9152262
2025-12-19,2025-12-26,7,direct_category_weather_holiday,812520530.0,830879824.6446325
2025-12-20,2025-12-27,7,direct_category_weather_holiday,813024286.0,812978621.685971
2025-12-21,2025-12-28,7,direct_category_weather_holiday,798511867.0,786616548.0562367
2025-12-22,2025-12-29,7,direct_category_weather_holiday,801303829.0,799909139.0805278
2025-12-23,2025-12-30,7,direct_category_weather_holiday,799723069.0,803564409.9112567
2025-12-24,2025-12-31,7,direct_category_weather_holiday,783373686.0,810226134.8915783
2025-12-25,2026-01-01,7,direct_category_weather_holiday,707758012.0,728402914.4640087
2025-12-26,2026-01-02,7,direct_category_weather_holiday,741910307.0,743647682.867034
2025-12-27,2026-01-03,7,direct_category_weather_holiday,801935633.0,762911677.1892164
2025-12-28,2026-01-04,7,direct_category_weather_holiday,820839320.0,786878284.4456421
2025-12-29,2026-01-05,7,direct_category_weather_holiday,819629944.0,810415094.9789072
2025-12-30,2026-01-06,7,direct_category_weather_holiday,848208043.0,817175498.01934
2025-12-31,2026-01-07,7,direct_category_weather_holiday,836618404.0,818402336.8397297
2026-01-01,2026-01-08,7,direct_category_weather_holiday,845715705.0,809714509.7464567
2026-01-02,2026-01-09,7,direct_category_weather_holiday,845779172.0,788641895.1778243
2025-09-24,2025-10-01,7,direct_category_weather_holiday_segment,893877447.0,874982092.5525727
2025-09-25,2025-10-02,7,direct_category_weather_holiday_segment,877524402.0,880603157.9405181
2025-09-26,2025-10-03,7,direct_category_weather_holiday_segment,906128774.0,891443157.9188502
2025-09-27,2025-10-04,7,direct_category_weather_holiday_segment,947397946.0,931079142.3281463
2025-09-28,2025-10-05,7,direct_category_weather_holiday_segment,967898095.0,932475658.7073061
2025-09-29,2025-10-06,7,direct_category_weather_holiday_segment,909397624.0,963571835.922998
2025-09-30,2025-10-07,7,direct_category_weather_holiday_segment,958058211.0,976436133.3209417
2025-10-01,2025-10-08,7,direct_category_weather_holiday_segment,1002652065.0,969168341.7339913
2025-10-02,2025-10-09,7,direct_category_weather_holiday_segment,1006596066.0,905098805.7054712
2025-10-03,2025-10-10,7,direct_category_weather_holiday_segment,988218980.0,886009297.9024572
2025-10-04,2025-10-11,7,direct_category_weather_holiday_segment,993216057.0,896011849.5108113
2025-10-05,2025-10-12,7,direct_category_weather_holiday_segment,982996119.0,894698215.4241796
2025-10-06,2025-10-13,7,direct_category_weather_holiday_segment,994158096.0,931521155.5342634
2025-10-07,2025-10-14,7,direct_category_weather_holiday_segment,999440675.0,907968842.4906521
2025-10-08,2025-10-15,7,direct_category_weather_holiday_segment,979563855.0,922207535.3369074
2025-10-09,2025-10-16,7,direct_category_weather_holiday_segment,973453600.0,917493489.3670748
2025-10-10,2025-10-17,7,direct_category_weather_holiday_segment,976535370.0,923141176.3081468
2025-10-11,2025-10-18,7,direct_category_weather_holiday_segment,976325746.0,915909153.8029754
2025-10-12,2025-10-19,7,direct_category_weather_holiday_segment,896789087.0,885922394.2712704
2025-10-13,2025-10-20,7,direct_category_weather_holiday_segment,853624251.0,847569193.4010545
2025-10-14,2025-10-21,7,direct_category_weather_holiday_segment,795444895.0,837796205.957606
2025-10-15,2025-10-22,7,direct_category_weather_holiday_segment,783518576.0,859246300.7874246
2025-10-16,2025-10-23,7,direct_category_weather_holiday_segment,783134792.0,848240904.3362814
2025-10-17,2025-10-24,7,direct_category_weather_holiday_segment,786285205.0,847440210.1466422
2025-10-18,2025-10-25,7,direct_category_weather_holiday_segment,787344834.0,852670868.0114301
2025-10-19,2025-10-26,7,direct_category_weather_holiday_segment,788309358.0,839265186.3981181
2025-10-20,2025-10-27,7,direct_category_weather_holiday_segment,788347388.0,856714742.7605855
2025-10-21,2025-10-28,7,direct_category_weather_holiday_segment,803213606.0,847990172.3968436
2025-10-22,2025-10-29,7,direct_category_weather_holiday_segment,791815205.0,845509563.6338297
2025-10-23,2025-10-30,7,direct_category_weather_holiday_segment,801523722.0,838659079.3819983
2025-10-24,2025-10-31,7,direct_category_weather_holiday_segment,806599754.0,824679057.704228
2025-10-25,2025-11-01,7,direct_category_weather_holiday_segment,760921367.0,809951612.2131366
2025-10-26,2025-11-02,7,direct_category_weather_holiday_segment,744828378.0,788354322.5602839
2025-10-27,2025-11-03,7,direct_category_weather_holiday_segment,780447693.0,807474953.0831469
2025-10-28,2025-11-04,7,direct_category_weather_holiday_segment,782600645.0,800986766.2655047
2025-10-29,2025-11-05,7,direct_category_weather_holiday_segment,784108702.0,819381621.9332561
2025-10-30,2025-11-06,7,direct_category_weather_holiday_segment,789959014.0,813121654.9803215
2025-10-31,2025-11-07,7,direct_category_weather_holiday_segment,808798324.0,816908339.1670644
2025-11-01,2025-11-08,7,direct_category_weather_holiday_segment,816286170.0,810966169.6484454
2025-11-02,2025-11-09,7,direct_category_weather_holiday_segment,794671570.0,777784806.345007
2025-11-03,2025-11-10,7,direct_category_weather_holiday_segment,803150509.0,797765915.3305017
2025-11-04,2025-11-11,7,direct_category_weather_holiday_segment,811031660.0,780728260.994925
2025-11-05,2025-11-12,7,direct_category_weather_holiday_segment,800371284.0,781597947.6594878
2025-11-06,2025-11-13,7,direct_category_weather_holiday_segment,795412883.0,776352262.5010587
2025-11-07,2025-11-14,7,direct_category_weather_holiday_segment,784929625.0,782269905.8142451
2025-11-08,2025-11-15,7,direct_category_weather_holiday_segment,771969074.0,777037921.5039747
2025-11-09,2025-11-16,7,direct_category_weather_holiday_segment,748102925.0,762080203.261222
2025-11-10,2025-11-17,7,direct_category_weather_holiday_segment,784946049.0,780112045.1985316
2025-11-11,2025-11-18,7,direct_category_weather_holiday_segment,802372785.0,811713048.6459192
2025-11-12,2025-11-19,7,direct_category_weather_holiday_segment,785536331.0,832940977.7251394
2025-11-13,2025-11-20,7,direct_category_weather_holiday_segment,789566797.0,827325490.0682793
2025-11-14,2025-11-21,7,direct_category_weather_holiday_segment,781713368.0,814059357.281738
2025-11-15,2025-11-22,7,direct_category_weather_holiday_segment,777234266.0,799805191.6452096
2025-11-16,2025-11-23,7,direct_category_weather_holiday_segment,763587139.0,767545678.9727228
2025-11-17,2025-11-24,7,direct_category_weather_holiday_segment,787419759.0,787737105.873872
2025-11-18,2025-11-25,7,direct_category_weather_holiday_segment,779113247.0,819487830.2716587
2025-11-19,2025-11-26,7,direct_category_weather_holiday_segment,779056661.0,833274087.0012149
2025-11-20,2025-11-27,7,direct_category_weather_holiday_segment,785923784.0,817361549.498788
2025-11-21,2025-11-28,7,direct_category_weather_holiday_segment,793532772.0,821045741.2548623
2025-11-22,2025-11-29,7,direct_category_weather_holiday_segment,775439198.0,797146686.2337482
2025-11-23,2025-11-30,7,direct_category_weather_holiday_segment,752415007.0,776845876.2852197
2025-11-24,2025-12-01,7,direct_category_weather_holiday_segment,752093794.0,786174785.7735015
2025-11-25,2025-12-02,7,direct_category_weather_holiday_segment,774181582.0,798489910.8739704
2025-11-26,2025-12-03,7,direct_category_weather_holiday_segment,779128904.0,807312999.3089606
2025-11-27,2025-12-04,7,direct_category_weather_holiday_segment,780611840.0,818116843.2207723
2025-11-28,2025-12-05,7,direct_category_weather_holiday_segment,790342731.0,806776991.9547693
2025-11-29,2025-12-06,7,direct_category_weather_holiday_segment,783475966.0,794819324.2002387
2025-11-30,2025-12-07,7,direct_category_weather_holiday_segment,769662376.0,765368730.8134851
2025-12-01,2025-12-08,7,direct_category_weather_holiday_segment,781993536.0,787292239.8011689
2025-12-02,2025-12-09,7,direct_category_weather_holiday_segment,790459836.0,798081204.2039618
2025-12-03,2025-12-10,7,direct_category_weather_holiday_segment,793331038.0,788623274.8206915
2025-12-04,2025-12-11,7,direct_category_weather_holiday_segment,792303023.0,788236493.5074879
2025-12-05,2025-12-12,7,direct_category_weather_holiday_segment,805771337.0,791087772.7585962
2025-12-06,2025-12-13,7,direct_category_weather_holiday_segment,805919635.0,784515281.8616397
2025-12-07,2025-12-14,7,direct_category_weather_holiday_segment,775261923.0,795122751.183613
2025-12-08,2025-12-15,7,direct_category_weather_holiday_segment,800205024.0,820096793.5386539
2025-12-09,2025-12-16,7,direct_category_weather_holiday_segment,791223092.0,803334796.9052019
2025-12-10,2025-12-17,7,direct_category_weather_holiday_segment,797873177.0,804557978.6929971
2025-12-11,2025-12-18,7,direct_category_weather_holiday_segment,807913091.0,809632274.8843752
2025-12-12,2025-12-19,7,direct_category_weather_holiday_segment,813412227.0,795170229.1041887
2025-12-13,2025-12-20,7,direct_category_weather_holiday_segment,800554656.0,781675557.2912377
2025-12-14,2025-12-21,7,direct_category_weather_holiday_segment,775722494.0,784058735.4915165
2025-12-15,2025-12-22,7,direct_category_weather_holiday_segment,800416947.0,804328277.6359572
2025-12-16,2025-12-23,7,direct_category_weather_holiday_segment,805434213.0,793262820.5849513
2025-12-17,2025-12-24,7,direct_category_weather_holiday_segment,803732375.0,784909968.8829751
2025-12-18,2025-12-25,7,direct_category_weather_holiday_segment,824337857.0,808830593.778975
2025-12-19,2025-12-26,7,direct_category_weather_holiday_segment,812520530.0,835248175.9100732
2025-12-20,2025-12-27,7,direct_category_weather_holiday_segment,813024286.0,818036411.3333666
2025-12-21,2025-12-28,7,direct_category_weather_holiday_segment,798511867.0,791719421.3353913
2025-12-22,2025-12-29,7,direct_category_weather_holiday_segment,801303829.0,793985427.9216502
2025-12-23,2025-12-30,7,direct_category_weather_holiday_segment,799723069.0,796275880.5039885
2025-12-24,2025-12-31,7,direct_category_weather_holiday_segment,783373686.0,807033231.0749345
2025-12-25,2026-01-01,7,direct_category_weather_holiday_segment,707758012.0,724360361.8608439
2025-12-26,2026-01-02,7,direct_category_weather_holiday_segment,741910307.0,758842960.3092506
2025-12-27,2026-01-03,7,direct_category_weather_holiday_segment,801935633.0,794486573.1742294
2025-12-28,2026-01-04,7,direct_category_weather_holiday_segment,820839320.0,787973975.8807962
2025-12-29,2026-01-05,7,direct_category_weather_holiday_segment,819629944.0,808932511.3968173
2025-12-30,2026-01-06,7,direct_category_weather_holiday_segment,848208043.0,820200442.6422795
2025-12-31,2026-01-07,7,direct_category_weather_holiday_segment,836618404.0,827889066.3123212
2026-01-01,2026-01-08,7,direct_category_weather_holiday_segment,845715705.0,814972761.1589249
2026-01-02,2026-01-09,7,direct_category_weather_holiday_segment,845779172.0,792568759.7499309
2025-09-23,2025-10-01,8,direct_category_weather_holiday,893877447.0,874956239.4812957
2025-09-24,2025-10-02,8,direct_category_weather_holiday,877524402.0,874114907.5282587
2025-09-25,2025-10-03,8,direct_category_weather_holiday,906128774.0,865633599.0025505
2025-09-26,2025-10-04,8,direct_category_weather_holiday,947397946.0,889616962.8518448
2025-09-27,2025-10-05,8,direct_category_weather_holiday,967898095.0,883458882.6130778
2025-09-28,2025-10-06,8,direct_category_weather_holiday,909397624.0,877899437.0497313
2025-09-29,2025-10-07,8,direct_category_weather_holiday,958058211.0,871699933.7302514
2025-09-30,2025-10-08,8,direct_category_weather_holiday,1002652065.0,866594748.0373049
2025-10-01,2025-10-09,8,direct_category_weather_holiday,1006596066.0,944477777.8971843
2025-10-02,2025-10-10,8,direct_category_weather_holiday,988218980.0,897504437.1195456
2025-10-03,2025-10-11,8,direct_category_weather_holiday,993216057.0,896183912.5520842
2025-10-04,2025-10-12,8,direct_category_weather_holiday,982996119.0,906082081.0824181
2025-10-05,2025-10-13,8,direct_category_weather_holiday,994158096.0,939407581.5181197
2025-10-06,2025-10-14,8,direct_category_weather_holiday,999440675.0,936011440.0643497
2025-10-07,2025-10-15,8,direct_category_weather_holiday,979563855.0,925439100.4215909
2025-10-08,2025-10-16,8,direct_category_weather_holiday,973453600.0,934843673.8278166
2025-10-09,2025-10-17,8,direct_category_weather_holiday,976535370.0,926960697.7278973
2025-10-10,2025-10-18,8,direct_category_weather_holiday,976325746.0,912207623.0823959
2025-10-11,2025-10-19,8,direct_category_weather_holiday,896789087.0,875947593.5871146
2025-10-12,2025-10-20,8,direct_category_weather_holiday,853624251.0,844015005.8418556
2025-10-13,2025-10-21,8,direct_category_weather_holiday,795444895.0,850043724.4037614
2025-10-14,2025-10-22,8,direct_category_weather_holiday,783518576.0,836597065.4829308
2025-10-15,2025-10-23,8,direct_category_weather_holiday,783134792.0,858105033.3469031
2025-10-16,2025-10-24,8,direct_category_weather_holiday,786285205.0,842665934.5065063
2025-10-17,2025-10-25,8,direct_category_weather_holiday,787344834.0,836025486.203711
2025-10-18,2025-10-26,8,direct_category_weather_holiday,788309358.0,830843720.9530834
2025-10-19,2025-10-27,8,direct_category_weather_holiday,788347388.0,845391704.0379574
2025-10-20,2025-10-28,8,direct_category_weather_holiday,803213606.0,854849839.5825816
2025-10-21,2025-10-29,8,direct_category_weather_holiday,791815205.0,846903499.0048214
2025-10-22,2025-10-30,8,direct_category_weather_holiday,801523722.0,854839571.5850419
2025-10-23,2025-10-31,8,direct_category_weather_holiday,806599754.0,845083336.7623006
2025-10-24,2025-11-01,8,direct_category_weather_holiday,760921367.0,823760963.8001046
2025-10-25,2025-11-02,8,direct_category_weather_holiday,744828378.0,810395900.4295933
2025-10-26,2025-11-03,8,direct_category_weather_holiday,780447693.0,819625985.3578346
2025-10-27,2025-11-04,8,direct_category_weather_holiday,782600645.0,817124329.3383412
2025-10-28,2025-11-05,8,direct_category_weather_holiday,784108702.0,814534210.577318
2025-10-29,2025-11-06,8,direct_category_weather_holiday,789959014.0,837086466.5839928
2025-10-30,2025-11-07,8,direct_category_weather_holiday,808798324.0,827331112.9723138
2025-10-31,2025-11-08,8,direct_category_weather_holiday,816286170.0,824316895.9998198
2025-11-01,2025-11-09,8,direct_category_weather_holiday,794671570.0,800614645.7014596
2025-11-02,2025-11-10,8,direct_category_weather_holiday,803150509.0,796292860.4314612
2025-11-03,2025-11-11,8,direct_category_weather_holiday,811031660.0,808296611.771317
2025-11-04,2025-11-12,8,direct_category_weather_holiday,800371284.0,801623684.921713
2025-11-05,2025-11-13,8,direct_category_weather_holiday,795412883.0,800405253.1349642
2025-11-06,2025-11-14,8,direct_category_weather_holiday,784929625.0,801185454.5662444
2025-11-07,2025-11-15,8,direct_category_weather_holiday,771969074.0,786114461.5033007
2025-11-08,2025-11-16,8,direct_category_weather_holiday,748102925.0,770054542.9886037
2025-11-09,2025-11-17,8,direct_category_weather_holiday,784946049.0,788351923.3949784
2025-11-10,2025-11-18,8,direct_category_weather_holiday,802372785.0,810048807.2362583
2025-11-11,2025-11-19,8,direct_category_weather_holiday,785536331.0,833096250.0676963
2025-11-12,2025-11-20,8,direct_category_weather_holiday,789566797.0,828852842.9921016
2025-11-13,2025-11-21,8,direct_category_weather_holiday,781713368.0,820727135.5339221
2025-11-14,2025-11-22,8,direct_category_weather_holiday,777234266.0,810023687.7726768
2025-11-15,2025-11-23,8,direct_category_weather_holiday,763587139.0,785694938.7495365
2025-11-16,2025-11-24,8,direct_category_weather_holiday,787419759.0,791047269.376693
2025-11-17,2025-11-25,8,direct_category_weather_holiday,779113247.0,810037661.6304791
2025-11-18,2025-11-26,8,direct_category_weather_holiday,779056661.0,828376381.8056074
2025-11-19,2025-11-27,8,direct_category_weather_holiday,785923784.0,828230630.5919182
2025-11-20,2025-11-28,8,direct_category_weather_holiday,793532772.0,825720103.8032634
2025-11-21,2025-11-29,8,direct_category_weather_holiday,775439198.0,803253133.0881268
2025-11-22,2025-11-30,8,direct_category_weather_holiday,752415007.0,783791732.5775924
2025-11-23,2025-12-01,8,direct_category_weather_holiday,752093794.0,796329503.6832016
2025-11-24,2025-12-02,8,direct_category_weather_holiday,774181582.0,800559196.0397041
2025-11-25,2025-12-03,8,direct_category_weather_holiday,779128904.0,819917988.2075044
2025-11-26,2025-12-04,8,direct_category_weather_holiday,780611840.0,822517861.3416538
2025-11-27,2025-12-05,8,direct_category_weather_holiday,790342731.0,813511708.3490051
2025-11-28,2025-12-06,8,direct_category_weather_holiday,783475966.0,796100496.081778
2025-11-29,2025-12-07,8,direct_category_weather_holiday,769662376.0,774305996.2017854
2025-11-30,2025-12-08,8,direct_category_weather_holiday,781993536.0,791122862.0162222
2025-12-01,2025-12-09,8,direct_category_weather_holiday,790459836.0,803606482.7566346
2025-12-02,2025-12-10,8,direct_category_weather_holiday,793331038.0,792778966.8958856
2025-12-03,2025-12-11,8,direct_category_weather_holiday,792303023.0,791251422.5949103
2025-12-04,2025-12-12,8,direct_category_weather_holiday,805771337.0,804044028.1401128
2025-12-05,2025-12-13,8,direct_category_weather_holiday,805919635.0,791244656.5422702
2025-12-06,2025-12-14,8,direct_category_weather_holiday,775261923.0,795929972.9590725
2025-12-07,2025-12-15,8,direct_category_weather_holiday,800205024.0,805982618.8373895
2025-12-08,2025-12-16,8,direct_category_weather_holiday,791223092.0,805093511.7483684
2025-12-09,2025-12-17,8,direct_category_weather_holiday,797873177.0,803250970.2490568
2025-12-10,2025-12-18,8,direct_category_weather_holiday,807913091.0,814305300.2754248
2025-12-11,2025-12-19,8,direct_category_weather_holiday,813412227.0,802064019.9305727
2025-12-12,2025-12-20,8,direct_category_weather_holiday,800554656.0,788082608.5347934
2025-12-13,2025-12-21,8,direct_category_weather_holiday,775722494.0,781932696.1640813
2025-12-14,2025-12-22,8,direct_category_weather_holiday,800416947.0,805255112.0691805
2025-12-15,2025-12-23,8,direct_category_weather_holiday,805434213.0,797814987.837052
2025-12-16,2025-12-24,8,direct_category_weather_holiday,803732375.0,796686734.3400847
2025-12-17,2025-12-25,8,direct_category_weather_holiday,824337857.0,805015510.3283826
2025-12-18,2025-12-26,8,direct_category_weather_holiday,812520530.0,829014276.6947247
2025-12-19,2025-12-27,8,direct_category_weather_holiday,813024286.0,810126518.6820532
2025-12-20,2025-12-28,8,direct_category_weather_holiday,798511867.0,795253430.3599776
2025-12-21,2025-12-29,8,direct_category_weather_holiday,801303829.0,798250973.9166448
2025-12-22,2025-12-30,8,direct_category_weather_holiday,799723069.0,802616513.9357797
2025-12-23,2025-12-31,8,direct_category_weather_holiday,783373686.0,810009226.2473557
2025-12-24,2026-01-01,8,direct_category_weather_holiday,707758012.0,730739472.4148443
2025-12-25,2026-01-02,8,direct_category_weather_holiday,741910307.0,740777247.8812937
2025-12-26,2026-01-03,8,direct_category_weather_holiday,801935633.0,769657121.341466
2025-12-27,2026-01-04,8,direct_category_weather_holiday,820839320.0,787049023.3337346
2025-12-28,2026-01-05,8,direct_category_weather_holiday,819629944.0,803918031.6972293
2025-12-29,2026-01-06,8,direct_category_weather_holiday,848208043.0,822153046.3888597
2025-12-30,2026-01-07,8,direct_category_weather_holiday,836618404.0,818647468.4776638
2025-12-31,2026-01-08,8,direct_category_weather_holiday,845715705.0,817282522.0608276
2026-01-01,2026-01-09,8,direct_category_weather_holiday,845779172.0,807731633.6974633
2025-09-23,2025-10-01,8,direct_category_weather_holiday_segment,893877447.0,868628574.6697822
2025-09-24,2025-10-02,8,direct_category_weather_holiday_segment,877524402.0,883637954.5656056
2025-09-25,2025-10-03,8,direct_category_weather_holiday_segment,906128774.0,890379548.7502704
2025-09-26,2025-10-04,8,direct_category_weather_holiday_segment,947397946.0,927268972.8820814
2025-09-27,2025-10-05,8,direct_category_weather_holiday_segment,967898095.0,931192458.8150394
2025-09-28,2025-10-06,8,direct_category_weather_holiday_segment,909397624.0,941654561.3974677
2025-09-29,2025-10-07,8,direct_category_weather_holiday_segment,958058211.0,961378580.9293818
2025-09-30,2025-10-08,8,direct_category_weather_holiday_segment,1002652065.0,972914430.367238
2025-10-01,2025-10-09,8,direct_category_weather_holiday_segment,1006596066.0,941452344.2940699
2025-10-02,2025-10-10,8,direct_category_weather_holiday_segment,988218980.0,888985655.2824625
2025-10-03,2025-10-11,8,direct_category_weather_holiday_segment,993216057.0,884702865.4758121
2025-10-04,2025-10-12,8,direct_category_weather_holiday_segment,982996119.0,890717785.6560487
2025-10-05,2025-10-13,8,direct_category_weather_holiday_segment,994158096.0,922806276.792852
2025-10-06,2025-10-14,8,direct_category_weather_holiday_segment,999440675.0,925210026.6056621
2025-10-07,2025-10-15,8,direct_category_weather_holiday_segment,979563855.0,912568434.7672793
2025-10-08,2025-10-16,8,direct_category_weather_holiday_segment,973453600.0,922114052.3350127
2025-10-09,2025-10-17,8,direct_category_weather_holiday_segment,976535370.0,916476305.5605524
2025-10-10,2025-10-18,8,direct_category_weather_holiday_segment,976325746.0,910846741.994994
2025-10-11,2025-10-19,8,direct_category_weather_holiday_segment,896789087.0,873200442.5507183
2025-10-12,2025-10-20,8,direct_category_weather_holiday_segment,853624251.0,841954305.684032
2025-10-13,2025-10-21,8,direct_category_weather_holiday_segment,795444895.0,844072019.5007707
2025-10-14,2025-10-22,8,direct_category_weather_holiday_segment,783518576.0,836698393.7520003
2025-10-15,2025-10-23,8,direct_category_weather_holiday_segment,783134792.0,859824867.7029034
2025-10-16,2025-10-24,8,direct_category_weather_holiday_segment,786285205.0,843388612.8317554
2025-10-17,2025-10-25,8,direct_category_weather_holiday_segment,787344834.0,840783415.8399453
2025-10-18,2025-10-26,8,direct_category_weather_holiday_segment,788309358.0,835543944.236918
2025-10-19,2025-10-27,8,direct_category_weather_holiday_segment,788347388.0,845206453.9759046
2025-10-20,2025-10-28,8,direct_category_weather_holiday_segment,803213606.0,849622386.3643466
2025-10-21,2025-10-29,8,direct_category_weather_holiday_segment,791815205.0,849472693.2827218
2025-10-22,2025-10-30,8,direct_category_weather_holiday_segment,801523722.0,852486995.3849164
2025-10-23,2025-10-31,8,direct_category_weather_holiday_segment,806599754.0,836704511.3811774
2025-10-24,2025-11-01,8,direct_category_weather_holiday_segment,760921367.0,811009307.8503144
2025-10-25,2025-11-02,8,direct_category_weather_holiday_segment,744828378.0,794697735.6321248
2025-10-26,2025-11-03,8,direct_category_weather_holiday_segment,780447693.0,808191496.3910412
2025-10-27,2025-11-04,8,direct_category_weather_holiday_segment,782600645.0,807639284.5843359
2025-10-28,2025-11-05,8,direct_category_weather_holiday_segment,784108702.0,803724087.3549094
2025-10-29,2025-11-06,8,direct_category_weather_holiday_segment,789959014.0,829946698.5967562
2025-10-30,2025-11-07,8,direct_category_weather_holiday_segment,808798324.0,820360684.0427606
2025-10-31,2025-11-08,8,direct_category_weather_holiday_segment,816286170.0,818380138.2046459
2025-11-01,2025-11-09,8,direct_category_weather_holiday_segment,794671570.0,793499425.5696219
2025-11-02,2025-11-10,8,direct_category_weather_holiday_segment,803150509.0,783780702.3016169
2025-11-03,2025-11-11,8,direct_category_weather_holiday_segment,811031660.0,791516586.1376781
2025-11-04,2025-11-12,8,direct_category_weather_holiday_segment,800371284.0,787076384.1060354
2025-11-05,2025-11-13,8,direct_category_weather_holiday_segment,795412883.0,784839837.7449399
2025-11-06,2025-11-14,8,direct_category_weather_holiday_segment,784929625.0,785662957.5844532
2025-11-07,2025-11-15,8,direct_category_weather_holiday_segment,771969074.0,774171758.6269203
2025-11-08,2025-11-16,8,direct_category_weather_holiday_segment,748102925.0,758818329.7924007
2025-11-09,2025-11-17,8,direct_category_weather_holiday_segment,784946049.0,780301146.8883067
2025-11-10,2025-11-18,8,direct_category_weather_holiday_segment,802372785.0,806014852.9895515
2025-11-11,2025-11-19,8,direct_category_weather_holiday_segment,785536331.0,834537818.9774644
2025-11-12,2025-11-20,8,direct_category_weather_holiday_segment,789566797.0,832472708.51939
2025-11-13,2025-11-21,8,direct_category_weather_holiday_segment,781713368.0,818362232.0555931
2025-11-14,2025-11-22,8,direct_category_weather_holiday_segment,777234266.0,806632518.064995
2025-11-15,2025-11-23,8,direct_category_weather_holiday_segment,763587139.0,776344270.956031
2025-11-16,2025-11-24,8,direct_category_weather_holiday_segment,787419759.0,781655201.9461323
2025-11-17,2025-11-25,8,direct_category_weather_holiday_segment,779113247.0,805523713.7750193
2025-11-18,2025-11-26,8,direct_category_weather_holiday_segment,779056661.0,831225317.1765664
2025-11-19,2025-11-27,8,direct_category_weather_holiday_segment,785923784.0,829426126.9720155
2025-11-20,2025-11-28,8,direct_category_weather_holiday_segment,793532772.0,822588283.8751714
2025-11-21,2025-11-29,8,direct_category_weather_holiday_segment,775439198.0,801404290.2243202
2025-11-22,2025-11-30,8,direct_category_weather_holiday_segment,752415007.0,775853360.9121965
2025-11-23,2025-12-01,8,direct_category_weather_holiday_segment,752093794.0,783988074.5749615
2025-11-24,2025-12-02,8,direct_category_weather_holiday_segment,774181582.0,790104195.6606851
2025-11-25,2025-12-03,8,direct_category_weather_holiday_segment,779128904.0,816518914.2538543
2025-11-26,2025-12-04,8,direct_category_weather_holiday_segment,780611840.0,824143381.1396407
2025-11-27,2025-12-05,8,direct_category_weather_holiday_segment,790342731.0,809648822.485633
2025-11-28,2025-12-06,8,direct_category_weather_holiday_segment,783475966.0,794626726.4218566
2025-11-29,2025-12-07,8,direct_category_weather_holiday_segment,769662376.0,768761560.4186418
2025-11-30,2025-12-08,8,direct_category_weather_holiday_segment,781993536.0,785628394.6469889
2025-12-01,2025-12-09,8,direct_category_weather_holiday_segment,790459836.0,799635220.186357
2025-12-02,2025-12-10,8,direct_category_weather_holiday_segment,793331038.0,788862689.8094833
2025-12-03,2025-12-11,8,direct_category_weather_holiday_segment,792303023.0,786888829.0102332
2025-12-04,2025-12-12,8,direct_category_weather_holiday_segment,805771337.0,795746714.3594241
2025-12-05,2025-12-13,8,direct_category_weather_holiday_segment,805919635.0,785678856.3467904
2025-12-06,2025-12-14,8,direct_category_weather_holiday_segment,775261923.0,795081877.069729
2025-12-07,2025-12-15,8,direct_category_weather_holiday_segment,800205024.0,809808522.6565771
2025-12-08,2025-12-16,8,direct_category_weather_holiday_segment,791223092.0,803259403.8982666
2025-12-09,2025-12-17,8,direct_category_weather_holiday_segment,797873177.0,799814129.096686
2025-12-10,2025-12-18,8,direct_category_weather_holiday_segment,807913091.0,812429696.252549
2025-12-11,2025-12-19,8,direct_category_weather_holiday_segment,813412227.0,796271193.5458661
2025-12-12,2025-12-20,8,direct_category_weather_holiday_segment,800554656.0,779579564.3658792
2025-12-13,2025-12-21,8,direct_category_weather_holiday_segment,775722494.0,778641384.3379341
2025-12-14,2025-12-22,8,direct_category_weather_holiday_segment,800416947.0,806821137.6488035
2025-12-15,2025-12-23,8,direct_category_weather_holiday_segment,805434213.0,792701809.6453129
2025-12-16,2025-12-24,8,direct_category_weather_holiday_segment,803732375.0,790828151.8088893
2025-12-17,2025-12-25,8,direct_category_weather_holiday_segment,824337857.0,804707361.8194333
2025-12-18,2025-12-26,8,direct_category_weather_holiday_segment,812520530.0,832283974.5992633
2025-12-19,2025-12-27,8,direct_category_weather_holiday_segment,813024286.0,812739713.2157226
2025-12-20,2025-12-28,8,direct_category_weather_holiday_segment,798511867.0,795261928.2707728
2025-12-21,2025-12-29,8,direct_category_weather_holiday_segment,801303829.0,792899750.4303389
2025-12-22,2025-12-30,8,direct_category_weather_holiday_segment,799723069.0,795747952.8433778
2025-12-23,2025-12-31,8,direct_category_weather_holiday_segment,783373686.0,806679404.5841264
2025-12-24,2026-01-01,8,direct_category_weather_holiday_segment,707758012.0,727623835.6728364
2025-12-25,2026-01-02,8,direct_category_weather_holiday_segment,741910307.0,755350270.3117002
2025-12-26,2026-01-03,8,direct_category_weather_holiday_segment,801935633.0,803330285.9885587
2025-12-27,2026-01-04,8,direct_category_weather_holiday_segment,820839320.0,783618286.490375
2025-12-28,2026-01-05,8,direct_category_weather_holiday_segment,819629944.0,801579007.5813006
2025-12-29,2026-01-06,8,direct_category_weather_holiday_segment,848208043.0,823735848.34842
2025-12-30,2026-01-07,8,direct_category_weather_holiday_segment,836618404.0,828542161.0473238
2025-12-31,2026-01-08,8,direct_category_weather_holiday_segment,845715705.0,823388310.0485885
2026-01-01,2026-01-09,8,direct_category_weather_holiday_segment,845779172.0,808727484.4293872
2025-09-22,2025-10-01,9,direct_category_weather_holiday,893877447.0,867589823.7212448
2025-09-23,2025-10-02,9,direct_category_weather_holiday,877524402.0,860184610.4581968
2025-09-24,2025-10-03,9,direct_category_weather_holiday,906128774.0,866009787.2705047
2025-09-25,2025-10-04,9,direct_category_weather_holiday,947397946.0,884633179.2627733
2025-09-26,2025-10-05,9,direct_category_weather_holiday,967898095.0,875248678.1085445
2025-09-27,2025-10-06,9,direct_category_weather_holiday,909397624.0,873157697.4822116
2025-09-28,2025-10-07,9,direct_category_weather_holiday,958058211.0,862036896.1714752
2025-09-29,2025-10-08,9,direct_category_weather_holiday,1002652065.0,855452146.804594
2025-09-30,2025-10-09,9,direct_category_weather_holiday,1006596066.0,952909265.4511745
2025-10-01,2025-10-10,9,direct_category_weather_holiday,988218980.0,922600751.3036094
2025-10-02,2025-10-11,9,direct_category_weather_holiday,993216057.0,893946108.9392781
2025-10-03,2025-10-12,9,direct_category_weather_holiday,982996119.0,888806990.0380646
2025-10-04,2025-10-13,9,direct_category_weather_holiday,994158096.0,930062793.0368509
2025-10-05,2025-10-14,9,direct_category_weather_holiday,999440675.0,926652968.8751473
2025-10-06,2025-10-15,9,direct_category_weather_holiday,979563855.0,932354182.8999733
2025-10-07,2025-10-16,9,direct_category_weather_holiday,973453600.0,924256921.2755737
2025-10-08,2025-10-17,9,direct_category_weather_holiday,976535370.0,932801857.2395307
2025-10-09,2025-10-18,9,direct_category_weather_holiday,976325746.0,914462988.8861125
2025-10-10,2025-10-19,9,direct_category_weather_holiday,896789087.0,870631273.5787507
2025-10-11,2025-10-20,9,direct_category_weather_holiday,853624251.0,830062196.3671547
2025-10-12,2025-10-21,9,direct_category_weather_holiday,795444895.0,833835783.4093364
2025-10-13,2025-10-22,9,direct_category_weather_holiday,783518576.0,848826218.7270342
2025-10-14,2025-10-23,9,direct_category_weather_holiday,783134792.0,839630396.1122124
2025-10-15,2025-10-24,9,direct_category_weather_holiday,786285205.0,854893947.7195715
2025-10-16,2025-10-25,9,direct_category_weather_holiday,787344834.0,833176763.4945027
2025-10-17,2025-10-26,9,direct_category_weather_holiday,788309358.0,819588690.188534
2025-10-18,2025-10-27,9,direct_category_weather_holiday,788347388.0,839337920.6726706
2025-10-19,2025-10-28,9,direct_category_weather_holiday,803213606.0,839756531.8910958
2025-10-20,2025-10-29,9,direct_category_weather_holiday,791815205.0,843714661.1830639
2025-10-21,2025-10-30,9,direct_category_weather_holiday,801523722.0,849110234.2197715
2025-10-22,2025-10-31,9,direct_category_weather_holiday,806599754.0,847971213.3640018
2025-10-23,2025-11-01,9,direct_category_weather_holiday,760921367.0,826572462.4390023
2025-10-24,2025-11-02,9,direct_category_weather_holiday,744828378.0,804884938.8020507
2025-10-25,2025-11-03,9,direct_category_weather_holiday,780447693.0,821343572.4023558
2025-10-26,2025-11-04,9,direct_category_weather_holiday,782600645.0,812813790.383393
2025-10-27,2025-11-05,9,direct_category_weather_holiday,784108702.0,814778440.9348968
2025-10-28,2025-11-06,9,direct_category_weather_holiday,789959014.0,822208639.8176088
2025-10-29,2025-11-07,9,direct_category_weather_holiday,808798324.0,843018324.430762
2025-10-30,2025-11-08,9,direct_category_weather_holiday,816286170.0,825734573.4085937
2025-10-31,2025-11-09,9,direct_category_weather_holiday,794671570.0,805127884.4899218
2025-11-01,2025-11-10,9,direct_category_weather_holiday,803150509.0,806598519.7050979
2025-11-02,2025-11-11,9,direct_category_weather_holiday,811031660.0,788345038.612153
2025-11-03,2025-11-12,9,direct_category_weather_holiday,800371284.0,800945995.9343064
2025-11-04,2025-11-13,9,direct_category_weather_holiday,795412883.0,797934950.6000891
2025-11-05,2025-11-14,9,direct_category_weather_holiday,784929625.0,804642550.694832
2025-11-06,2025-11-15,9,direct_category_weather_holiday,771969074.0,785401926.6286622
2025-11-07,2025-11-16,9,direct_category_weather_holiday,748102925.0,766120618.8955454
2025-11-08,2025-11-17,9,direct_category_weather_holiday,784946049.0,789206353.673533
2025-11-09,2025-11-18,9,direct_category_weather_holiday,802372785.0,805199982.1376283
2025-11-10,2025-11-19,9,direct_category_weather_holiday,785536331.0,821636622.2242738
2025-11-11,2025-11-20,9,direct_category_weather_holiday,789566797.0,829550496.6727113
2025-11-12,2025-11-21,9,direct_category_weather_holiday,781713368.0,823548025.681415
2025-11-13,2025-11-22,9,direct_category_weather_holiday,777234266.0,812173758.8609377
2025-11-14,2025-11-23,9,direct_category_weather_holiday,763587139.0,787835208.3132393
2025-11-15,2025-11-24,9,direct_category_weather_holiday,787419759.0,802067276.7794513
2025-11-16,2025-11-25,9,direct_category_weather_holiday,779113247.0,801220554.7680206
2025-11-17,2025-11-26,9,direct_category_weather_holiday,779056661.0,812842527.748821
2025-11-18,2025-11-27,9,direct_category_weather_holiday,785923784.0,824567850.3903803
2025-11-19,2025-11-28,9,direct_category_weather_holiday,793532772.0,833650244.2664369
2025-11-20,2025-11-29,9,direct_category_weather_holiday,775439198.0,800458042.6514777
2025-11-21,2025-11-30,9,direct_category_weather_holiday,752415007.0,784401241.56862
2025-11-22,2025-12-01,9,direct_category_weather_holiday,752093794.0,792559918.734789
2025-11-23,2025-12-02,9,direct_category_weather_holiday,774181582.0,792591276.4383231
2025-11-24,2025-12-03,9,direct_category_weather_holiday,779128904.0,806925424.2651428
2025-11-25,2025-12-04,9,direct_category_weather_holiday,780611840.0,828196148.3950378
2025-11-26,2025-12-05,9,direct_category_weather_holiday,790342731.0,814297599.9932437
2025-11-27,2025-12-06,9,direct_category_weather_holiday,783475966.0,797180669.1704552
2025-11-28,2025-12-07,9,direct_category_weather_holiday,769662376.0,775424275.858186
2025-11-29,2025-12-08,9,direct_category_weather_holiday,781993536.0,796289900.8815624
2025-11-30,2025-12-09,9,direct_category_weather_holiday,790459836.0,796255441.8481424
2025-12-01,2025-12-10,9,direct_category_weather_holiday,793331038.0,788817725.3422267
2025-12-02,2025-12-11,9,direct_category_weather_holiday,792303023.0,789726412.0434091
2025-12-03,2025-12-12,9,direct_category_weather_holiday,805771337.0,798613290.8052139
2025-12-04,2025-12-13,9,direct_category_weather_holiday,805919635.0,790371575.6940509
2025-12-05,2025-12-14,9,direct_category_weather_holiday,775261923.0,795647023.735669
2025-12-06,2025-12-15,9,direct_category_weather_holiday,800205024.0,807319046.5339103
2025-12-07,2025-12-16,9,direct_category_weather_holiday,791223092.0,794655509.9118161
2025-12-08,2025-12-17,9,direct_category_weather_holiday,797873177.0,801682273.297029
2025-12-09,2025-12-18,9,direct_category_weather_holiday,807913091.0,806808833.8661267
2025-12-10,2025-12-19,9,direct_category_weather_holiday,813412227.0,803488344.1930655
2025-12-11,2025-12-20,9,direct_category_weather_holiday,800554656.0,787017885.0382011
2025-12-12,2025-12-21,9,direct_category_weather_holiday,775722494.0,778983529.7183506
2025-12-13,2025-12-22,9,direct_category_weather_holiday,800416947.0,801705785.9481993
2025-12-14,2025-12-23,9,direct_category_weather_holiday,805434213.0,796069342.1660783
2025-12-15,2025-12-24,9,direct_category_weather_holiday,803732375.0,791624826.6759316
2025-12-16,2025-12-25,9,direct_category_weather_holiday,824337857.0,805482839.4702395
2025-12-17,2025-12-26,9,direct_category_weather_holiday,812520530.0,824063006.9406561
2025-12-18,2025-12-27,9,direct_category_weather_holiday,813024286.0,803538615.5920064
2025-12-19,2025-12-28,9,direct_category_weather_holiday,798511867.0,789634131.9559838
2025-12-20,2025-12-29,9,direct_category_weather_holiday,801303829.0,805698418.457937
2025-12-21,2025-12-30,9,direct_category_weather_holiday,799723069.0,798153128.9113436
2025-12-22,2025-12-31,9,direct_category_weather_holiday,783373686.0,808297753.617602
2025-12-23,2026-01-01,9,direct_category_weather_holiday,707758012.0,729440995.6878325
2025-12-24,2026-01-02,9,direct_category_weather_holiday,741910307.0,741813515.258293
2025-12-25,2026-01-03,9,direct_category_weather_holiday,801935633.0,764529617.6626779
2025-12-26,2026-01-04,9,direct_category_weather_holiday,820839320.0,792265112.5865276
2025-12-27,2026-01-05,9,direct_category_weather_holiday,819629944.0,803530888.9817564
2025-12-28,2026-01-06,9,direct_category_weather_holiday,848208043.0,815553281.667985
2025-12-29,2026-01-07,9,direct_category_weather_holiday,836618404.0,823424244.2189023
2025-12-30,2026-01-08,9,direct_category_weather_holiday,845715705.0,816736050.4212476
2025-12-31,2026-01-09,9,direct_category_weather_holiday,845779172.0,812808164.3566401
2025-09-22,2025-10-01,9,direct_category_weather_holiday_segment,893877447.0,864458503.5788469
2025-09-23,2025-10-02,9,direct_category_weather_holiday_segment,877524402.0,871142483.2095581
2025-09-24,2025-10-03,9,direct_category_weather_holiday_segment,906128774.0,889415740.4018034
2025-09-25,2025-10-04,9,direct_category_weather_holiday_segment,947397946.0,923610538.184636
2025-09-26,2025-10-05,9,direct_category_weather_holiday_segment,967898095.0,926085708.0825003
2025-09-27,2025-10-06,9,direct_category_weather_holiday_segment,909397624.0,937045831.2727481
2025-09-28,2025-10-07,9,direct_category_weather_holiday_segment,958058211.0,941955956.8223071
2025-09-29,2025-10-08,9,direct_category_weather_holiday_segment,1002652065.0,960293634.1944323
2025-09-30,2025-10-09,9,direct_category_weather_holiday_segment,1006596066.0,953141835.7662491
2025-10-01,2025-10-10,9,direct_category_weather_holiday_segment,988218980.0,922017888.5270073
2025-10-02,2025-10-11,9,direct_category_weather_holiday_segment,993216057.0,887722736.8988928
2025-10-03,2025-10-12,9,direct_category_weather_holiday_segment,982996119.0,879775133.7104053
2025-10-04,2025-10-13,9,direct_category_weather_holiday_segment,994158096.0,916079013.3228973
2025-10-05,2025-10-14,9,direct_category_weather_holiday_segment,999440675.0,913356256.7345428
2025-10-06,2025-10-15,9,direct_category_weather_holiday_segment,979563855.0,925000765.0095811
2025-10-07,2025-10-16,9,direct_category_weather_holiday_segment,973453600.0,912968434.8717324
2025-10-08,2025-10-17,9,direct_category_weather_holiday_segment,976535370.0,920723594.296573
2025-10-09,2025-10-18,9,direct_category_weather_holiday_segment,976325746.0,906781436.7424546
2025-10-10,2025-10-19,9,direct_category_weather_holiday_segment,896789087.0,869006014.7660542
2025-10-11,2025-10-20,9,direct_category_weather_holiday_segment,853624251.0,826411672.6295916
2025-10-12,2025-10-21,9,direct_category_weather_holiday_segment,795444895.0,829919210.4777948
2025-10-13,2025-10-22,9,direct_category_weather_holiday_segment,783518576.0,843152594.8855016
2025-10-14,2025-10-23,9,direct_category_weather_holiday_segment,783134792.0,837629539.6632767
2025-10-15,2025-10-24,9,direct_category_weather_holiday_segment,786285205.0,853193472.3538518
2025-10-16,2025-10-25,9,direct_category_weather_holiday_segment,787344834.0,836067625.2962098
2025-10-17,2025-10-26,9,direct_category_weather_holiday_segment,788309358.0,823766071.4781502
2025-10-18,2025-10-27,9,direct_category_weather_holiday_segment,788347388.0,839290058.6477563
2025-10-19,2025-10-28,9,direct_category_weather_holiday_segment,803213606.0,836843228.5649335
2025-10-20,2025-10-29,9,direct_category_weather_holiday_segment,791815205.0,844867768.093823
2025-10-21,2025-10-30,9,direct_category_weather_holiday_segment,801523722.0,851628757.8071309
2025-10-22,2025-10-31,9,direct_category_weather_holiday_segment,806599754.0,842581758.0436325
2025-10-23,2025-11-01,9,direct_category_weather_holiday_segment,760921367.0,816750048.4593414
2025-10-24,2025-11-02,9,direct_category_weather_holiday_segment,744828378.0,789904551.6016468
2025-10-25,2025-11-03,9,direct_category_weather_holiday_segment,780447693.0,806926878.0142843
2025-10-26,2025-11-04,9,direct_category_weather_holiday_segment,782600645.0,803702862.7567166
2025-10-27,2025-11-05,9,direct_category_weather_holiday_segment,784108702.0,805829171.9646353
2025-10-28,2025-11-06,9,direct_category_weather_holiday_segment,789959014.0,814992120.2507203
2025-10-29,2025-11-07,9,direct_category_weather_holiday_segment,808798324.0,838613098.9489511
2025-10-30,2025-11-08,9,direct_category_weather_holiday_segment,816286170.0,821929182.1358392
2025-10-31,2025-11-09,9,direct_category_weather_holiday_segment,794671570.0,799799535.4073232
2025-11-01,2025-11-10,9,direct_category_weather_holiday_segment,803150509.0,795567763.9804904
2025-11-02,2025-11-11,9,direct_category_weather_holiday_segment,811031660.0,775893475.4067007
2025-11-03,2025-11-12,9,direct_category_weather_holiday_segment,800371284.0,792531259.8232011
2025-11-04,2025-11-13,9,direct_category_weather_holiday_segment,795412883.0,785742808.3417981
2025-11-05,2025-11-14,9,direct_category_weather_holiday_segment,784929625.0,789997610.3688592
2025-11-06,2025-11-15,9,direct_category_weather_holiday_segment,771969074.0,775365619.1522609
2025-11-07,2025-11-16,9,direct_category_weather_holiday_segment,748102925.0,754899258.0990574
2025-11-08,2025-11-17,9,direct_category_weather_holiday_segment,784946049.0,778602154.2072892
2025-11-09,2025-11-18,9,direct_category_weather_holiday_segment,802372785.0,802675928.6339278
2025-11-10,2025-11-19,9,direct_category_weather_holiday_segment,785536331.0,825535013.4894849
2025-11-11,2025-11-20,9,direct_category_weather_holiday_segment,789566797.0,832433022.1947528
2025-11-12,2025-11-21,9,direct_category_weather_holiday_segment,781713368.0,822662520.3009329
2025-11-13,2025-11-22,9,direct_category_weather_holiday_segment,777234266.0,810647264.2501639
2025-11-14,2025-11-23,9,direct_category_weather_holiday_segment,763587139.0,781121943.9502622
2025-11-15,2025-11-24,9,direct_category_weather_holiday_segment,787419759.0,790376819.3342332
2025-11-16,2025-11-25,9,direct_category_weather_holiday_segment,779113247.0,797002606.3495195
2025-11-17,2025-11-26,9,direct_category_weather_holiday_segment,779056661.0,816561333.7003168
2025-11-18,2025-11-27,9,direct_category_weather_holiday_segment,785923784.0,826455253.9138964
2025-11-19,2025-11-28,9,direct_category_weather_holiday_segment,793532772.0,833514055.3395206
2025-11-20,2025-11-29,9,direct_category_weather_holiday_segment,775439198.0,799907234.521911
2025-11-21,2025-11-30,9,direct_category_weather_holiday_segment,752415007.0,778896894.0015191
2025-11-22,2025-12-01,9,direct_category_weather_holiday_segment,752093794.0,780554869.5894119
2025-11-23,2025-12-02,9,direct_category_weather_holiday_segment,774181582.0,784138044.7179916
2025-11-24,2025-12-03,9,direct_category_weather_holiday_segment,779128904.0,804458816.8774786
2025-11-25,2025-12-04,9,direct_category_weather_holiday_segment,780611840.0,830017767.0786041
2025-11-26,2025-12-05,9,direct_category_weather_holiday_segment,790342731.0,812245935.6774741
2025-11-27,2025-12-06,9,direct_category_weather_holiday_segment,783475966.0,795465924.6717703
2025-11-28,2025-12-07,9,direct_category_weather_holiday_segment,769662376.0,769923868.4300936
2025-11-29,2025-12-08,9,direct_category_weather_holiday_segment,781993536.0,790758743.9910734
2025-11-30,2025-12-09,9,direct_category_weather_holiday_segment,790459836.0,795119992.7805414
2025-12-01,2025-12-10,9,direct_category_weather_holiday_segment,793331038.0,785738453.1800501
2025-12-02,2025-12-11,9,direct_category_weather_holiday_segment,792303023.0,785311209.9012283
2025-12-03,2025-12-12,9,direct_category_weather_holiday_segment,805771337.0,791970556.2281034
2025-12-04,2025-12-13,9,direct_category_weather_holiday_segment,805919635.0,785829182.894839
2025-12-05,2025-12-14,9,direct_category_weather_holiday_segment,775261923.0,794590628.3349674
2025-12-06,2025-12-15,9,direct_category_weather_holiday_segment,800205024.0,810269241.7564478
2025-12-07,2025-12-16,9,direct_category_weather_holiday_segment,791223092.0,793279401.59098
2025-12-08,2025-12-17,9,direct_category_weather_holiday_segment,797873177.0,799222771.2239279
2025-12-09,2025-12-18,9,direct_category_weather_holiday_segment,807913091.0,805331753.1544596
2025-12-10,2025-12-19,9,direct_category_weather_holiday_segment,813412227.0,796145728.1369647
2025-12-11,2025-12-20,9,direct_category_weather_holiday_segment,800554656.0,777809754.7160825
2025-12-12,2025-12-21,9,direct_category_weather_holiday_segment,775722494.0,773913881.497493
2025-12-13,2025-12-22,9,direct_category_weather_holiday_segment,800416947.0,800977355.8460008
2025-12-14,2025-12-23,9,direct_category_weather_holiday_segment,805434213.0,793943887.1039418
2025-12-15,2025-12-24,9,direct_category_weather_holiday_segment,803732375.0,786744845.2750889
2025-12-16,2025-12-25,9,direct_category_weather_holiday_segment,824337857.0,806712864.1298571
2025-12-17,2025-12-26,9,direct_category_weather_holiday_segment,812520530.0,825979587.7511661
2025-12-18,2025-12-27,9,direct_category_weather_holiday_segment,813024286.0,805915945.1205713
2025-12-19,2025-12-28,9,direct_category_weather_holiday_segment,798511867.0,788199130.6233563
2025-12-20,2025-12-29,9,direct_category_weather_holiday_segment,801303829.0,797541735.2068186
2025-12-21,2025-12-30,9,direct_category_weather_holiday_segment,799723069.0,792239663.2772801
2025-12-22,2025-12-31,9,direct_category_weather_holiday_segment,783373686.0,805689665.9510204
2025-12-23,2026-01-01,9,direct_category_weather_holiday_segment,707758012.0,721299663.3265278
2025-12-24,2026-01-02,9,direct_category_weather_holiday_segment,741910307.0,749591369.4368228
2025-12-25,2026-01-03,9,direct_category_weather_holiday_segment,801935633.0,791087221.8363752
2025-12-26,2026-01-04,9,direct_category_weather_holiday_segment,820839320.0,790115140.6601813
2025-12-27,2026-01-05,9,direct_category_weather_holiday_segment,819629944.0,798846816.4560735
2025-12-28,2026-01-06,9,direct_category_weather_holiday_segment,848208043.0,818778344.9722608
2025-12-29,2026-01-07,9,direct_category_weather_holiday_segment,836618404.0,833622311.9581401
2025-12-30,2026-01-08,9,direct_category_weather_holiday_segment,845715705.0,823821635.0457401
2025-12-31,2026-01-09,9,direct_category_weather_holiday_segment,845779172.0,814950449.8423455
2025-09-21,2025-10-01,10,direct_category_weather_holiday,893877447.0,882747155.0603015
2025-09-22,2025-10-02,10,direct_category_weather_holiday,877524402.0,854624025.3624141
2025-09-23,2025-10-03,10,direct_category_weather_holiday,906128774.0,852079007.0054592
2025-09-24,2025-10-04,10,direct_category_weather_holiday,947397946.0,884027639.273288
2025-09-25,2025-10-05,10,direct_category_weather_holiday,967898095.0,870630324.9023756
2025-09-26,2025-10-06,10,direct_category_weather_holiday,909397624.0,868013912.3611041
2025-09-27,2025-10-07,10,direct_category_weather_holiday,958058211.0,858299141.3367444
2025-09-28,2025-10-08,10,direct_category_weather_holiday,1002652065.0,842938886.0131056
2025-09-29,2025-10-09,10,direct_category_weather_holiday,1006596066.0,951304649.6415846
2025-09-30,2025-10-10,10,direct_category_weather_holiday,988218980.0,942708715.2819073
2025-10-01,2025-10-11,10,direct_category_weather_holiday,993216057.0,924004914.9185315
2025-10-02,2025-10-12,10,direct_category_weather_holiday,982996119.0,895071148.801697
2025-10-03,2025-10-13,10,direct_category_weather_holiday,994158096.0,916909544.4171275
2025-10-04,2025-10-14,10,direct_category_weather_holiday,999440675.0,917463775.6342237
2025-10-05,2025-10-15,10,direct_category_weather_holiday,979563855.0,916642963.4492133
2025-10-06,2025-10-16,10,direct_category_weather_holiday,973453600.0,925962763.538107
2025-10-07,2025-10-17,10,direct_category_weather_holiday,976535370.0,922214522.2877895
2025-10-08,2025-10-18,10,direct_category_weather_holiday,976325746.0,920195810.8976837
2025-10-09,2025-10-19,10,direct_category_weather_holiday,896789087.0,872721263.1486027
2025-10-10,2025-10-20,10,direct_category_weather_holiday,853624251.0,828896177.9554912
2025-10-11,2025-10-21,10,direct_category_weather_holiday,795444895.0,819880731.3623707
2025-10-12,2025-10-22,10,direct_category_weather_holiday,783518576.0,830672902.0743322
2025-10-13,2025-10-23,10,direct_category_weather_holiday,783134792.0,853660280.2590064
2025-10-14,2025-10-24,10,direct_category_weather_holiday,786285205.0,842570425.3515127
2025-10-15,2025-10-25,10,direct_category_weather_holiday,787344834.0,850253808.6249062
2025-10-16,2025-10-26,10,direct_category_weather_holiday,788309358.0,820421623.0561372
2025-10-17,2025-10-27,10,direct_category_weather_holiday,788347388.0,832352721.0953466
2025-10-18,2025-10-28,10,direct_category_weather_holiday,803213606.0,835605035.4674381
2025-10-19,2025-10-29,10,direct_category_weather_holiday,791815205.0,842144243.7473822
2025-10-20,2025-10-30,10,direct_category_weather_holiday,801523722.0,848576969.5616884
2025-10-21,2025-10-31,10,direct_category_weather_holiday,806599754.0,846298024.4997116
2025-10-22,2025-11-01,10,direct_category_weather_holiday,760921367.0,828917886.6863865
2025-10-23,2025-11-02,10,direct_category_weather_holiday,744828378.0,807470069.6770772
2025-10-24,2025-11-03,10,direct_category_weather_holiday,780447693.0,814569157.8390954
2025-10-25,2025-11-04,10,direct_category_weather_holiday,782600645.0,809526755.8926941
2025-10-26,2025-11-05,10,direct_category_weather_holiday,784108702.0,809463653.7496996
2025-10-27,2025-11-06,10,direct_category_weather_holiday,789959014.0,821692797.5841119
2025-10-28,2025-11-07,10,direct_category_weather_holiday,808798324.0,825730781.9296736
2025-10-29,2025-11-08,10,direct_category_weather_holiday,816286170.0,838409454.8400211
2025-10-30,2025-11-09,10,direct_category_weather_holiday,794671570.0,805490733.933642
2025-10-31,2025-11-10,10,direct_category_weather_holiday,803150509.0,809293838.62087
2025-11-01,2025-11-11,10,direct_category_weather_holiday,811031660.0,796722554.6478685
2025-11-02,2025-11-12,10,direct_category_weather_holiday,800371284.0,785394079.417866
2025-11-03,2025-11-13,10,direct_category_weather_holiday,795412883.0,796812974.7829537
2025-11-04,2025-11-14,10,direct_category_weather_holiday,784929625.0,800920288.5881149
2025-11-05,2025-11-15,10,direct_category_weather_holiday,771969074.0,785014233.8699058
2025-11-06,2025-11-16,10,direct_category_weather_holiday,748102925.0,764568904.046039
2025-11-07,2025-11-17,10,direct_category_weather_holiday,784946049.0,783330934.1167841
2025-11-08,2025-11-18,10,direct_category_weather_holiday,802372785.0,806801579.7880393
2025-11-09,2025-11-19,10,direct_category_weather_holiday,785536331.0,816851647.7207631
2025-11-10,2025-11-20,10,direct_category_weather_holiday,789566797.0,818144575.8710989
2025-11-11,2025-11-21,10,direct_category_weather_holiday,781713368.0,822079483.6326137
2025-11-12,2025-11-22,10,direct_category_weather_holiday,777234266.0,813394251.5170921
2025-11-13,2025-11-23,10,direct_category_weather_holiday,763587139.0,789965489.5788609
2025-11-14,2025-11-24,10,direct_category_weather_holiday,787419759.0,804580687.6065418
2025-11-15,2025-11-25,10,direct_category_weather_holiday,779113247.0,810901253.5409627
2025-11-16,2025-11-26,10,direct_category_weather_holiday,779056661.0,805861850.532035
2025-11-17,2025-11-27,10,direct_category_weather_holiday,785923784.0,812840259.3642256
2025-11-18,2025-11-28,10,direct_category_weather_holiday,793532772.0,831049136.5390798
2025-11-19,2025-11-29,10,direct_category_weather_holiday,775439198.0,810885547.2197434
2025-11-20,2025-11-30,10,direct_category_weather_holiday,752415007.0,781856645.8050807
2025-11-21,2025-12-01,10,direct_category_weather_holiday,752093794.0,794009024.5056175
2025-11-22,2025-12-02,10,direct_category_weather_holiday,774181582.0,790334468.3312814
2025-11-23,2025-12-03,10,direct_category_weather_holiday,779128904.0,802127063.1668009
2025-11-24,2025-12-04,10,direct_category_weather_holiday,780611840.0,816376716.6251011
2025-11-25,2025-12-05,10,direct_category_weather_holiday,790342731.0,819994169.564032
2025-11-26,2025-12-06,10,direct_category_weather_holiday,783475966.0,798890913.6110148
2025-11-27,2025-12-07,10,direct_category_weather_holiday,769662376.0,775799627.6351069
2025-11-28,2025-12-08,10,direct_category_weather_holiday,781993536.0,797217534.7347602
2025-11-29,2025-12-09,10,direct_category_weather_holiday,790459836.0,802963869.4739618
2025-11-30,2025-12-10,10,direct_category_weather_holiday,793331038.0,785264684.8046211
2025-12-01,2025-12-11,10,direct_category_weather_holiday,792303023.0,787419562.5491822
2025-12-02,2025-12-12,10,direct_category_weather_holiday,805771337.0,797538370.0816664
2025-12-03,2025-12-13,10,direct_category_weather_holiday,805919635.0,785342582.5152739
2025-12-04,2025-12-14,10,direct_category_weather_holiday,775261923.0,794703084.6949708
2025-12-05,2025-12-15,10,direct_category_weather_holiday,800205024.0,805801804.6547042
2025-12-06,2025-12-16,10,direct_category_weather_holiday,791223092.0,796477830.4865508
2025-12-07,2025-12-17,10,direct_category_weather_holiday,797873177.0,794713595.6109641
2025-12-08,2025-12-18,10,direct_category_weather_holiday,807913091.0,808305869.3103913
2025-12-09,2025-12-19,10,direct_category_weather_holiday,813412227.0,796815613.3186635
2025-12-10,2025-12-20,10,direct_category_weather_holiday,800554656.0,787556038.3754326
2025-12-11,2025-12-21,10,direct_category_weather_holiday,775722494.0,779901772.3259765
2025-12-12,2025-12-22,10,direct_category_weather_holiday,800416947.0,800064901.8672572
2025-12-13,2025-12-23,10,direct_category_weather_holiday,805434213.0,794055393.9574171
2025-12-14,2025-12-24,10,direct_category_weather_holiday,803732375.0,795395761.7562058
2025-12-15,2025-12-25,10,direct_category_weather_holiday,824337857.0,801985976.3926584
2025-12-16,2025-12-26,10,direct_category_weather_holiday,812520530.0,825569670.172035
2025-12-17,2025-12-27,10,direct_category_weather_holiday,813024286.0,799976928.261604
2025-12-18,2025-12-28,10,direct_category_weather_holiday,798511867.0,784751978.3644426
2025-12-19,2025-12-29,10,direct_category_weather_holiday,801303829.0,801360632.8881171
2025-12-20,2025-12-30,10,direct_category_weather_holiday,799723069.0,806118208.1799479
2025-12-21,2025-12-31,10,direct_category_weather_holiday,783373686.0,804991328.407409
2025-12-22,2026-01-01,10,direct_category_weather_holiday,707758012.0,728809264.1822586
2025-12-23,2026-01-02,10,direct_category_weather_holiday,741910307.0,741449583.0415577
2025-12-24,2026-01-03,10,direct_category_weather_holiday,801935633.0,766207792.6645007
2025-12-25,2026-01-04,10,direct_category_weather_holiday,820839320.0,784620102.0098661
2025-12-26,2026-01-05,10,direct_category_weather_holiday,819629944.0,809672905.5193273
2025-12-27,2026-01-06,10,direct_category_weather_holiday,848208043.0,814995948.1295986
2025-12-28,2026-01-07,10,direct_category_weather_holiday,836618404.0,819680640.76137
2025-12-29,2026-01-08,10,direct_category_weather_holiday,845715705.0,824151083.27777
2025-12-30,2026-01-09,10,direct_category_weather_holiday,845779172.0,815845692.6974404
2025-09-21,2025-10-01,10,direct_category_weather_holiday_segment,893877447.0,881488290.9999083
2025-09-22,2025-10-02,10,direct_category_weather_holiday_segment,877524402.0,866580698.2835099
2025-09-23,2025-10-03,10,direct_category_weather_holiday_segment,906128774.0,876119123.6128178
2025-09-24,2025-10-04,10,direct_category_weather_holiday_segment,947397946.0,922617301.178328
2025-09-25,2025-10-05,10,direct_category_weather_holiday_segment,967898095.0,922751332.4055202
2025-09-26,2025-10-06,10,direct_category_weather_holiday_segment,909397624.0,934249914.478646
2025-09-27,2025-10-07,10,direct_category_weather_holiday_segment,958058211.0,938109463.7337227
2025-09-28,2025-10-08,10,direct_category_weather_holiday_segment,1002652065.0,941826154.1542575
2025-09-29,2025-10-09,10,direct_category_weather_holiday_segment,1006596066.0,950454682.306274
2025-09-30,2025-10-10,10,direct_category_weather_holiday_segment,988218980.0,939724090.1656257
2025-10-01,2025-10-11,10,direct_category_weather_holiday_segment,993216057.0,918290309.3712145
2025-10-02,2025-10-12,10,direct_category_weather_holiday_segment,982996119.0,889938207.1353177
2025-10-03,2025-10-13,10,direct_category_weather_holiday_segment,994158096.0,907177422.5178907
2025-10-04,2025-10-14,10,direct_category_weather_holiday_segment,999440675.0,905060495.5803857
2025-10-05,2025-10-15,10,direct_category_weather_holiday_segment,979563855.0,906993995.6745238
2025-10-06,2025-10-16,10,direct_category_weather_holiday_segment,973453600.0,918029992.2172395
2025-10-07,2025-10-17,10,direct_category_weather_holiday_segment,976535370.0,910040262.2775372
2025-10-08,2025-10-18,10,direct_category_weather_holiday_segment,976325746.0,911002137.7412258
2025-10-09,2025-10-19,10,direct_category_weather_holiday_segment,896789087.0,867411557.0807567
2025-10-10,2025-10-20,10,direct_category_weather_holiday_segment,853624251.0,826864987.2761742
2025-10-11,2025-10-21,10,direct_category_weather_holiday_segment,795444895.0,815818119.4152652
2025-10-12,2025-10-22,10,direct_category_weather_holiday_segment,783518576.0,827438954.435396
2025-10-13,2025-10-23,10,direct_category_weather_holiday_segment,783134792.0,846592439.9877434
2025-10-14,2025-10-24,10,direct_category_weather_holiday_segment,786285205.0,837610415.0650986
2025-10-15,2025-10-25,10,direct_category_weather_holiday_segment,787344834.0,851379009.1830332
2025-10-16,2025-10-26,10,direct_category_weather_holiday_segment,788309358.0,822908689.3724006
2025-10-17,2025-10-27,10,direct_category_weather_holiday_segment,788347388.0,832229186.1786474
2025-10-18,2025-10-28,10,direct_category_weather_holiday_segment,803213606.0,834124671.3543473
2025-10-19,2025-10-29,10,direct_category_weather_holiday_segment,791815205.0,843597043.2757943
2025-10-20,2025-10-30,10,direct_category_weather_holiday_segment,801523722.0,850583474.7502372
2025-10-21,2025-10-31,10,direct_category_weather_holiday_segment,806599754.0,844997952.176074
2025-10-22,2025-11-01,10,direct_category_weather_holiday_segment,760921367.0,822565692.2064865
2025-10-23,2025-11-02,10,direct_category_weather_holiday_segment,744828378.0,795990300.7668153
2025-10-24,2025-11-03,10,direct_category_weather_holiday_segment,780447693.0,802203606.1418217
2025-10-25,2025-11-04,10,direct_category_weather_holiday_segment,782600645.0,798830206.1437125
2025-10-26,2025-11-05,10,direct_category_weather_holiday_segment,784108702.0,801047061.3425689
2025-10-27,2025-11-06,10,direct_category_weather_holiday_segment,789959014.0,814794021.1286521
2025-10-28,2025-11-07,10,direct_category_weather_holiday_segment,808798324.0,819763300.889392
2025-10-29,2025-11-08,10,direct_category_weather_holiday_segment,816286170.0,837486888.6003664
2025-10-30,2025-11-09,10,direct_category_weather_holiday_segment,794671570.0,802670209.625341
2025-10-31,2025-11-10,10,direct_category_weather_holiday_segment,803150509.0,800659945.2130219
2025-11-01,2025-11-11,10,direct_category_weather_holiday_segment,811031660.0,785658726.6805155
2025-11-02,2025-11-12,10,direct_category_weather_holiday_segment,800371284.0,777619767.8574917
2025-11-03,2025-11-13,10,direct_category_weather_holiday_segment,795412883.0,788874462.4074299
2025-11-04,2025-11-14,10,direct_category_weather_holiday_segment,784929625.0,788095185.9287276
2025-11-05,2025-11-15,10,direct_category_weather_holiday_segment,771969074.0,774862026.0418073
2025-11-06,2025-11-16,10,direct_category_weather_holiday_segment,748102925.0,754369000.8897414
2025-11-07,2025-11-17,10,direct_category_weather_holiday_segment,784946049.0,771632154.383031
2025-11-08,2025-11-18,10,direct_category_weather_holiday_segment,802372785.0,802191442.9640619
2025-11-09,2025-11-19,10,direct_category_weather_holiday_segment,785536331.0,820579382.3823777
2025-11-10,2025-11-20,10,direct_category_weather_holiday_segment,789566797.0,820995645.7433941
2025-11-11,2025-11-21,10,direct_category_weather_holiday_segment,781713368.0,819481899.2101697
2025-11-12,2025-11-22,10,direct_category_weather_holiday_segment,777234266.0,812559904.1936833
2025-11-13,2025-11-23,10,direct_category_weather_holiday_segment,763587139.0,784449442.5136275
2025-11-14,2025-11-24,10,direct_category_weather_holiday_segment,787419759.0,794309055.3062378
2025-11-15,2025-11-25,10,direct_category_weather_holiday_segment,779113247.0,804477982.4108337
2025-11-16,2025-11-26,10,direct_category_weather_holiday_segment,779056661.0,807973115.889916
2025-11-17,2025-11-27,10,direct_category_weather_holiday_segment,785923784.0,813315976.1740447
2025-11-18,2025-11-28,10,direct_category_weather_holiday_segment,793532772.0,830339785.1724026
2025-11-19,2025-11-29,10,direct_category_weather_holiday_segment,775439198.0,811726314.4415412
2025-11-20,2025-11-30,10,direct_category_weather_holiday_segment,752415007.0,777213422.4712468
2025-11-21,2025-12-01,10,direct_category_weather_holiday_segment,752093794.0,783918236.9949626
2025-11-22,2025-12-02,10,direct_category_weather_holiday_segment,774181582.0,782291585.2637681
2025-11-23,2025-12-03,10,direct_category_weather_holiday_segment,779128904.0,801448883.5334946
2025-11-24,2025-12-04,10,direct_category_weather_holiday_segment,780611840.0,818608188.6104574
2025-11-25,2025-12-05,10,direct_category_weather_holiday_segment,790342731.0,817584573.6894778
2025-11-26,2025-12-06,10,direct_category_weather_holiday_segment,783475966.0,798340097.9972847
2025-11-27,2025-12-07,10,direct_category_weather_holiday_segment,769662376.0,769935727.8048385
2025-11-28,2025-12-08,10,direct_category_weather_holiday_segment,781993536.0,791173834.7718799
2025-11-29,2025-12-09,10,direct_category_weather_holiday_segment,790459836.0,801939592.7263769
2025-11-30,2025-12-10,10,direct_category_weather_holiday_segment,793331038.0,784521835.2286729
2025-12-01,2025-12-11,10,direct_category_weather_holiday_segment,792303023.0,783213665.6592002
2025-12-02,2025-12-12,10,direct_category_weather_holiday_segment,805771337.0,790453752.0553226
2025-12-03,2025-12-13,10,direct_category_weather_holiday_segment,805919635.0,782013110.4657334
2025-12-04,2025-12-14,10,direct_category_weather_holiday_segment,775261923.0,794036279.4454814
2025-12-05,2025-12-15,10,direct_category_weather_holiday_segment,800205024.0,808015177.7708545
2025-12-06,2025-12-16,10,direct_category_weather_holiday_segment,791223092.0,794293024.308741
2025-12-07,2025-12-17,10,direct_category_weather_holiday_segment,797873177.0,792026285.8093523
2025-12-08,2025-12-18,10,direct_category_weather_holiday_segment,807913091.0,806387398.8781579
2025-12-09,2025-12-19,10,direct_category_weather_holiday_segment,813412227.0,789279758.374344
2025-12-10,2025-12-20,10,direct_category_weather_holiday_segment,800554656.0,777536159.743067
2025-12-11,2025-12-21,10,direct_category_weather_holiday_segment,775722494.0,774191553.2743012
2025-12-12,2025-12-22,10,direct_category_weather_holiday_segment,800416947.0,797085554.3863552
2025-12-13,2025-12-23,10,direct_category_weather_holiday_segment,805434213.0,789775499.9965414
2025-12-14,2025-12-24,10,direct_category_weather_holiday_segment,803732375.0,791921259.5526791
2025-12-15,2025-12-25,10,direct_category_weather_holiday_segment,824337857.0,803948896.2072244
2025-12-16,2025-12-26,10,direct_category_weather_holiday_segment,812520530.0,829089882.0501821
2025-12-17,2025-12-27,10,direct_category_weather_holiday_segment,813024286.0,800714691.009467
2025-12-18,2025-12-28,10,direct_category_weather_holiday_segment,798511867.0,782782277.5617176
2025-12-19,2025-12-29,10,direct_category_weather_holiday_segment,801303829.0,794847345.4263566
2025-12-20,2025-12-30,10,direct_category_weather_holiday_segment,799723069.0,800280872.0658846
2025-12-21,2025-12-31,10,direct_category_weather_holiday_segment,783373686.0,805483362.4236593
2025-12-22,2026-01-01,10,direct_category_weather_holiday_segment,707758012.0,720235881.2033396
2025-12-23,2026-01-02,10,direct_category_weather_holiday_segment,741910307.0,748321898.5835733
2025-12-24,2026-01-03,10,direct_category_weather_holiday_segment,801935633.0,790460740.0490296
2025-12-25,2026-01-04,10,direct_category_weather_holiday_segment,820839320.0,781237105.8175119
2025-12-26,2026-01-05,10,direct_category_weather_holiday_segment,819629944.0,807559294.1524842
2025-12-27,2026-01-06,10,direct_category_weather_holiday_segment,848208043.0,816232074.4120127
2025-12-28,2026-01-07,10,direct_category_weather_holiday_segment,836618404.0,828952725.2632606
2025-12-29,2026-01-08,10,direct_category_weather_holiday_segment,845715705.0,830328011.467821
2025-12-30,2026-01-09,10,direct_category_weather_holiday_segment,845779172.0,817735371.6489305
2025-09-20,2025-10-01,11,direct_category_weather_holiday,893877447.0,886864781.408386
2025-09-21,2025-10-02,11,direct_category_weather_holiday,877524402.0,874755470.3560247
2025-09-22,2025-10-03,11,direct_category_weather_holiday,906128774.0,851240596.8954387
2025-09-23,2025-10-04,11,direct_category_weather_holiday,947397946.0,872600851.9360365
2025-09-24,2025-10-05,11,direct_category_weather_holiday,967898095.0,870415002.1386849
2025-09-25,2025-10-06,11,direct_category_weather_holiday,909397624.0,867507446.7935467
2025-09-26,2025-10-07,11,direct_category_weather_holiday,958058211.0,859243185.6817827
2025-09-27,2025-10-08,11,direct_category_weather_holiday,1002652065.0,846003601.194171
2025-09-28,2025-10-09,11,direct_category_weather_holiday,1006596066.0,940551494.6628062
2025-09-29,2025-10-10,11,direct_category_weather_holiday,988218980.0,940003242.6090941
2025-09-30,2025-10-11,11,direct_category_weather_holiday,993216057.0,943886303.5925013
2025-10-01,2025-10-12,11,direct_category_weather_holiday,982996119.0,922152041.1227323
2025-10-02,2025-10-13,11,direct_category_weather_holiday,994158096.0,925298769.8581704
2025-10-03,2025-10-14,11,direct_category_weather_holiday,999440675.0,907674047.6125401
2025-10-04,2025-10-15,11,direct_category_weather_holiday,979563855.0,909389365.0883667
2025-10-05,2025-10-16,11,direct_category_weather_holiday,973453600.0,908788354.4343435
2025-10-06,2025-10-17,11,direct_category_weather_holiday,976535370.0,924425385.9563781
2025-10-07,2025-10-18,11,direct_category_weather_holiday,976325746.0,911717171.8409497
2025-10-08,2025-10-19,11,direct_category_weather_holiday,896789087.0,879272582.204299
2025-10-09,2025-10-20,11,direct_category_weather_holiday,853624251.0,827403785.7453456
2025-10-10,2025-10-21,11,direct_category_weather_holiday,795444895.0,821573715.7699219
2025-10-11,2025-10-22,11,direct_category_weather_holiday,783518576.0,818276786.534632
2025-10-12,2025-10-23,11,direct_category_weather_holiday,783134792.0,835020360.5628444
2025-10-13,2025-10-24,11,direct_category_weather_holiday,786285205.0,856720523.3601451
2025-10-14,2025-10-25,11,direct_category_weather_holiday,787344834.0,840440255.877885
2025-10-15,2025-10-26,11,direct_category_weather_holiday,788309358.0,836546421.1434873
2025-10-16,2025-10-27,11,direct_category_weather_holiday,788347388.0,831976478.7247316
2025-10-17,2025-10-28,11,direct_category_weather_holiday,803213606.0,829812967.223212
2025-10-18,2025-10-29,11,direct_category_weather_holiday,791815205.0,838044657.3599443
2025-10-19,2025-10-30,11,direct_category_weather_holiday,801523722.0,850652057.4238857
2025-10-20,2025-10-31,11,direct_category_weather_holiday,806599754.0,847522868.6179223
2025-10-21,2025-11-01,11,direct_category_weather_holiday,760921367.0,832440655.1138856
2025-10-22,2025-11-02,11,direct_category_weather_holiday,744828378.0,811727049.683855
2025-10-23,2025-11-03,11,direct_category_weather_holiday,780447693.0,819436571.7659919
2025-10-24,2025-11-04,11,direct_category_weather_holiday,782600645.0,806162662.5007254
2025-10-25,2025-11-05,11,direct_category_weather_holiday,784108702.0,806980975.4804573
2025-10-26,2025-11-06,11,direct_category_weather_holiday,789959014.0,814731537.5035608
2025-10-27,2025-11-07,11,direct_category_weather_holiday,808798324.0,825074139.0266087
2025-10-28,2025-11-08,11,direct_category_weather_holiday,816286170.0,820107226.5380778
2025-10-29,2025-11-09,11,direct_category_weather_holiday,794671570.0,814007749.7167138
2025-10-30,2025-11-10,11,direct_category_weather_holiday,803150509.0,809308331.4944085
2025-10-31,2025-11-11,11,direct_category_weather_holiday,811031660.0,800357281.4851886
2025-11-01,2025-11-12,11,direct_category_weather_holiday,800371284.0,793933140.3675851
2025-11-02,2025-11-13,11,direct_category_weather_holiday,795412883.0,786057473.2126085
2025-11-03,2025-11-14,11,direct_category_weather_holiday,784929625.0,801972647.043592
2025-11-04,2025-11-15,11,direct_category_weather_holiday,771969074.0,786520283.2448604
2025-11-05,2025-11-16,11,direct_category_weather_holiday,748102925.0,765966595.2376219
2025-11-06,2025-11-17,11,direct_category_weather_holiday,784946049.0,782542335.8195262
2025-11-07,2025-11-18,11,direct_category_weather_holiday,802372785.0,800344422.5906413
2025-11-08,2025-11-19,11,direct_category_weather_holiday,785536331.0,818860742.1279291
2025-11-09,2025-11-20,11,direct_category_weather_holiday,789566797.0,813503208.0329944
2025-11-10,2025-11-21,11,direct_category_weather_holiday,781713368.0,812448673.8974706
2025-11-11,2025-11-22,11,direct_category_weather_holiday,777234266.0,810990512.0582871
2025-11-12,2025-11-23,11,direct_category_weather_holiday,763587139.0,790822544.7417719
2025-11-13,2025-11-24,11,direct_category_weather_holiday,787419759.0,805979863.614263
2025-11-14,2025-11-25,11,direct_category_weather_holiday,779113247.0,815193543.4185293
2025-11-15,2025-11-26,11,direct_category_weather_holiday,779056661.0,813933665.1842287
2025-11-16,2025-11-27,11,direct_category_weather_holiday,785923784.0,806720820.3758186
2025-11-17,2025-11-28,11,direct_category_weather_holiday,793532772.0,820273554.8009113
2025-11-18,2025-11-29,11,direct_category_weather_holiday,775439198.0,811056378.482337
2025-11-19,2025-11-30,11,direct_category_weather_holiday,752415007.0,794307041.0076672
2025-11-20,2025-12-01,11,direct_category_weather_holiday,752093794.0,792281810.9859343
2025-11-21,2025-12-02,11,direct_category_weather_holiday,774181582.0,792728676.353013
2025-11-22,2025-12-03,11,direct_category_weather_holiday,779128904.0,799378679.4805082
2025-11-23,2025-12-04,11,direct_category_weather_holiday,780611840.0,813329864.8119315
2025-11-24,2025-12-05,11,direct_category_weather_holiday,790342731.0,810836496.2587752
2025-11-25,2025-12-06,11,direct_category_weather_holiday,783475966.0,804830942.2697222
2025-11-26,2025-12-07,11,direct_category_weather_holiday,769662376.0,778097633.6423304
2025-11-27,2025-12-08,11,direct_category_weather_holiday,781993536.0,796930774.2210284
2025-11-28,2025-12-09,11,direct_category_weather_holiday,790459836.0,803550204.9056679
2025-11-29,2025-12-10,11,direct_category_weather_holiday,793331038.0,792660021.3800056
2025-11-30,2025-12-11,11,direct_category_weather_holiday,792303023.0,786534207.1664686
2025-12-01,2025-12-12,11,direct_category_weather_holiday,805771337.0,795770087.23696
2025-12-02,2025-12-13,11,direct_category_weather_holiday,805919635.0,787095921.6882766
2025-12-03,2025-12-14,11,direct_category_weather_holiday,775261923.0,792181817.187956
2025-12-04,2025-12-15,11,direct_category_weather_holiday,800205024.0,805637316.3787879
2025-12-05,2025-12-16,11,direct_category_weather_holiday,791223092.0,794150791.502548
2025-12-06,2025-12-17,11,direct_category_weather_holiday,797873177.0,793904622.1545002
2025-12-07,2025-12-18,11,direct_category_weather_holiday,807913091.0,801008170.5049231
2025-12-08,2025-12-19,11,direct_category_weather_holiday,813412227.0,801363428.4729965
2025-12-09,2025-12-20,11,direct_category_weather_holiday,800554656.0,783576064.2795057
2025-12-10,2025-12-21,11,direct_category_weather_holiday,775722494.0,779948185.2094095
2025-12-11,2025-12-22,11,direct_category_weather_holiday,800416947.0,801278318.4564259
2025-12-12,2025-12-23,11,direct_category_weather_holiday,805434213.0,792847687.4310485
2025-12-13,2025-12-24,11,direct_category_weather_holiday,803732375.0,792478478.9841415
2025-12-14,2025-12-25,11,direct_category_weather_holiday,824337857.0,808601231.138295
2025-12-15,2025-12-26,11,direct_category_weather_holiday,812520530.0,823358441.4338324
2025-12-16,2025-12-27,11,direct_category_weather_holiday,813024286.0,803094756.3437555
2025-12-17,2025-12-28,11,direct_category_weather_holiday,798511867.0,782357695.8438461
2025-12-18,2025-12-29,11,direct_category_weather_holiday,801303829.0,797540596.0811247
2025-12-19,2025-12-30,11,direct_category_weather_holiday,799723069.0,802916038.1909316
2025-12-20,2025-12-31,11,direct_category_weather_holiday,783373686.0,811972815.2148447
2025-12-21,2026-01-01,11,direct_category_weather_holiday,707758012.0,727446443.2225846
2025-12-22,2026-01-02,11,direct_category_weather_holiday,741910307.0,742619311.4076174
2025-12-23,2026-01-03,11,direct_category_weather_holiday,801935633.0,765166862.5979364
2025-12-24,2026-01-04,11,direct_category_weather_holiday,820839320.0,787313264.7654542
2025-12-25,2026-01-05,11,direct_category_weather_holiday,819629944.0,804240963.6579123
2025-12-26,2026-01-06,11,direct_category_weather_holiday,848208043.0,823022791.0729216
2025-12-27,2026-01-07,11,direct_category_weather_holiday,836618404.0,818685780.1583952
2025-12-28,2026-01-08,11,direct_category_weather_holiday,845715705.0,821320803.0301759
2025-12-29,2026-01-09,11,direct_category_weather_holiday,845779172.0,823346640.8883513
2025-09-20,2025-10-01,11,direct_category_weather_holiday_segment,893877447.0,884807080.4235216
2025-09-21,2025-10-02,11,direct_category_weather_holiday_segment,877524402.0,884483381.040384
2025-09-22,2025-10-03,11,direct_category_weather_holiday_segment,906128774.0,873549927.0407529
2025-09-23,2025-10-04,11,direct_category_weather_holiday_segment,947397946.0,909040151.3584188
2025-09-24,2025-10-05,11,direct_category_weather_holiday_segment,967898095.0,920162175.6229446
2025-09-25,2025-10-06,11,direct_category_weather_holiday_segment,909397624.0,930371888.9621555
2025-09-26,2025-10-07,11,direct_category_weather_holiday_segment,958058211.0,935901526.0593421
2025-09-27,2025-10-08,11,direct_category_weather_holiday_segment,1002652065.0,938921204.8409853
2025-09-28,2025-10-09,11,direct_category_weather_holiday_segment,1006596066.0,930966558.4788496
2025-09-29,2025-10-10,11,direct_category_weather_holiday_segment,988218980.0,932885885.79149
2025-09-30,2025-10-11,11,direct_category_weather_holiday_segment,993216057.0,931203022.1319046
2025-10-01,2025-10-12,11,direct_category_weather_holiday_segment,982996119.0,918067833.9425659
2025-10-02,2025-10-13,11,direct_category_weather_holiday_segment,994158096.0,915926066.3912624
2025-10-03,2025-10-14,11,direct_category_weather_holiday_segment,999440675.0,895636115.1429976
2025-10-04,2025-10-15,11,direct_category_weather_holiday_segment,979563855.0,898208652.8418114
2025-10-05,2025-10-16,11,direct_category_weather_holiday_segment,973453600.0,899384073.2748239
2025-10-06,2025-10-17,11,direct_category_weather_holiday_segment,976535370.0,914555910.4352896
2025-10-07,2025-10-18,11,direct_category_weather_holiday_segment,976325746.0,902237017.3362191
2025-10-08,2025-10-19,11,direct_category_weather_holiday_segment,896789087.0,869087892.597698
2025-10-09,2025-10-20,11,direct_category_weather_holiday_segment,853624251.0,822347732.465828
2025-10-10,2025-10-21,11,direct_category_weather_holiday_segment,795444895.0,817841638.3864332
2025-10-11,2025-10-22,11,direct_category_weather_holiday_segment,783518576.0,813783485.6841967
2025-10-12,2025-10-23,11,direct_category_weather_holiday_segment,783134792.0,829507692.1857061
2025-10-13,2025-10-24,11,direct_category_weather_holiday_segment,786285205.0,847331325.1171967
2025-10-14,2025-10-25,11,direct_category_weather_holiday_segment,787344834.0,837349364.138199
2025-10-15,2025-10-26,11,direct_category_weather_holiday_segment,788309358.0,836663289.306715
2025-10-16,2025-10-27,11,direct_category_weather_holiday_segment,788347388.0,830664856.4293687
2025-10-17,2025-10-28,11,direct_category_weather_holiday_segment,803213606.0,827986834.2098782
2025-10-18,2025-10-29,11,direct_category_weather_holiday_segment,791815205.0,841216257.58755
2025-10-19,2025-10-30,11,direct_category_weather_holiday_segment,801523722.0,851646669.4463965
2025-10-20,2025-10-31,11,direct_category_weather_holiday_segment,806599754.0,845237359.7597498
2025-10-21,2025-11-01,11,direct_category_weather_holiday_segment,760921367.0,828351787.1716301
2025-10-22,2025-11-02,11,direct_category_weather_holiday_segment,744828378.0,802364794.803491
2025-10-23,2025-11-03,11,direct_category_weather_holiday_segment,780447693.0,809792697.570287
2025-10-24,2025-11-04,11,direct_category_weather_holiday_segment,782600645.0,798646012.7972554
2025-10-25,2025-11-05,11,direct_category_weather_holiday_segment,784108702.0,798738014.8241158
2025-10-26,2025-11-06,11,direct_category_weather_holiday_segment,789959014.0,808013475.3177612
2025-10-27,2025-11-07,11,direct_category_weather_holiday_segment,808798324.0,818599177.3440951
2025-10-28,2025-11-08,11,direct_category_weather_holiday_segment,816286170.0,815934477.0020456
2025-10-29,2025-11-09,11,direct_category_weather_holiday_segment,794671570.0,811066631.6304032
2025-10-30,2025-11-10,11,direct_category_weather_holiday_segment,803150509.0,801216232.1963611
2025-10-31,2025-11-11,11,direct_category_weather_holiday_segment,811031660.0,790079702.799371
2025-11-01,2025-11-12,11,direct_category_weather_holiday_segment,800371284.0,786634927.0638132
2025-11-02,2025-11-13,11,direct_category_weather_holiday_segment,795412883.0,776755955.563744
2025-11-03,2025-11-14,11,direct_category_weather_holiday_segment,784929625.0,788319189.8449999
2025-11-04,2025-11-15,11,direct_category_weather_holiday_segment,771969074.0,775477450.3831887
2025-11-05,2025-11-16,11,direct_category_weather_holiday_segment,748102925.0,753618042.0508616
2025-11-06,2025-11-17,11,direct_category_weather_holiday_segment,784946049.0,769803668.4387397
2025-11-07,2025-11-18,11,direct_category_weather_holiday_segment,802372785.0,793227802.7931857
2025-11-08,2025-11-19,11,direct_category_weather_holiday_segment,785536331.0,819326403.4839061
2025-11-09,2025-11-20,11,direct_category_weather_holiday_segment,789566797.0,814182288.730531
2025-11-10,2025-11-21,11,direct_category_weather_holiday_segment,781713368.0,807939711.3034534
2025-11-11,2025-11-22,11,direct_category_weather_holiday_segment,777234266.0,806312871.68545
2025-11-12,2025-11-23,11,direct_category_weather_holiday_segment,763587139.0,784288836.5766968
2025-11-13,2025-11-24,11,direct_category_weather_holiday_segment,787419759.0,795588583.083025
2025-11-14,2025-11-25,11,direct_category_weather_holiday_segment,779113247.0,808918857.3850847
2025-11-15,2025-11-26,11,direct_category_weather_holiday_segment,779056661.0,814467894.0035183
2025-11-16,2025-11-27,11,direct_category_weather_holiday_segment,785923784.0,805497296.0284104
2025-11-17,2025-11-28,11,direct_category_weather_holiday_segment,793532772.0,816993809.2462871
2025-11-18,2025-11-29,11,direct_category_weather_holiday_segment,775439198.0,810628088.5819356
2025-11-19,2025-11-30,11,direct_category_weather_holiday_segment,752415007.0,790200024.088706
2025-11-20,2025-12-01,11,direct_category_weather_holiday_segment,752093794.0,782322450.6786461
2025-11-21,2025-12-02,11,direct_category_weather_holiday_segment,774181582.0,785459490.9031801
2025-11-22,2025-12-03,11,direct_category_weather_holiday_segment,779128904.0,798737767.387579
2025-11-23,2025-12-04,11,direct_category_weather_holiday_segment,780611840.0,816400577.7657824
2025-11-24,2025-12-05,11,direct_category_weather_holiday_segment,790342731.0,807997772.1080309
2025-11-25,2025-12-06,11,direct_category_weather_holiday_segment,783475966.0,803067490.4855968
2025-11-26,2025-12-07,11,direct_category_weather_holiday_segment,769662376.0,772021258.6202366
2025-11-27,2025-12-08,11,direct_category_weather_holiday_segment,781993536.0,789181606.0315782
2025-11-28,2025-12-09,11,direct_category_weather_holiday_segment,790459836.0,800199852.5696454
2025-11-29,2025-12-10,11,direct_category_weather_holiday_segment,793331038.0,790811784.541194
2025-11-30,2025-12-11,11,direct_category_weather_holiday_segment,792303023.0,783815770.8838129
2025-12-01,2025-12-12,11,direct_category_weather_holiday_segment,805771337.0,787917120.3898214
2025-12-02,2025-12-13,11,direct_category_weather_holiday_segment,805919635.0,781770215.5757705
2025-12-03,2025-12-14,11,direct_category_weather_holiday_segment,775261923.0,790607775.0808517
2025-12-04,2025-12-15,11,direct_category_weather_holiday_segment,800205024.0,806773096.3355325
2025-12-05,2025-12-16,11,direct_category_weather_holiday_segment,791223092.0,790788161.4324725
2025-12-06,2025-12-17,11,direct_category_weather_holiday_segment,797873177.0,790260098.5009032
2025-12-07,2025-12-18,11,direct_category_weather_holiday_segment,807913091.0,798227920.8904086
2025-12-08,2025-12-19,11,direct_category_weather_holiday_segment,813412227.0,791766553.7261978
2025-12-09,2025-12-20,11,direct_category_weather_holiday_segment,800554656.0,772511685.8405446
2025-12-10,2025-12-21,11,direct_category_weather_holiday_segment,775722494.0,773083802.8474008
2025-12-11,2025-12-22,11,direct_category_weather_holiday_segment,800416947.0,796758852.0513238
2025-12-12,2025-12-23,11,direct_category_weather_holiday_segment,805434213.0,785834665.9004929
2025-12-13,2025-12-24,11,direct_category_weather_holiday_segment,803732375.0,786774630.1407546
2025-12-14,2025-12-25,11,direct_category_weather_holiday_segment,824337857.0,810181000.530458
2025-12-15,2025-12-26,11,direct_category_weather_holiday_segment,812520530.0,825661416.3782254
2025-12-16,2025-12-27,11,direct_category_weather_holiday_segment,813024286.0,804401795.082789
2025-12-17,2025-12-28,11,direct_category_weather_holiday_segment,798511867.0,779250470.6777875
2025-12-18,2025-12-29,11,direct_category_weather_holiday_segment,801303829.0,794664535.5593004
2025-12-19,2025-12-30,11,direct_category_weather_holiday_segment,799723069.0,799591666.2223291
2025-12-20,2025-12-31,11,direct_category_weather_holiday_segment,783373686.0,813903161.2603894
2025-12-21,2026-01-01,11,direct_category_weather_holiday_segment,707758012.0,722856576.1002762
2025-12-22,2026-01-02,11,direct_category_weather_holiday_segment,741910307.0,752305464.4291655
2025-12-23,2026-01-03,11,direct_category_weather_holiday_segment,801935633.0,791517306.5355718
2025-12-24,2026-01-04,11,direct_category_weather_holiday_segment,820839320.0,780135765.810026
2025-12-25,2026-01-05,11,direct_category_weather_holiday_segment,819629944.0,801093667.8045883
2025-12-26,2026-01-06,11,direct_category_weather_holiday_segment,848208043.0,824208539.1776708
2025-12-27,2026-01-07,11,direct_category_weather_holiday_segment,836618404.0,824740249.8371406
2025-12-28,2026-01-08,11,direct_category_weather_holiday_segment,845715705.0,825193504.5084262
2025-12-29,2026-01-09,11,direct_category_weather_holiday_segment,845779172.0,823306952.819941
2025-09-19,2025-10-01,12,direct_category_weather_holiday,893877447.0,879101485.1909798
2025-09-20,2025-10-02,12,direct_category_weather_holiday,877524402.0,879799978.8895009
2025-09-21,2025-10-03,12,direct_category_weather_holiday,906128774.0,874167201.7317958
2025-09-22,2025-10-04,12,direct_category_weather_holiday,947397946.0,872101855.2494199
2025-09-23,2025-10-05,12,direct_category_weather_holiday,967898095.0,861639376.7242217
2025-09-24,2025-10-06,12,direct_category_weather_holiday,909397624.0,868782795.1388932
2025-09-25,2025-10-07,12,direct_category_weather_holiday,958058211.0,859492187.1765978
2025-09-26,2025-10-08,12,direct_category_weather_holiday,1002652065.0,848063180.9689206
2025-09-27,2025-10-09,12,direct_category_weather_holiday,1006596066.0,944074221.927328
2025-09-28,2025-10-10,12,direct_category_weather_holiday,988218980.0,926173300.2909591
2025-09-29,2025-10-11,12,direct_category_weather_holiday,993216057.0,937382326.4568294
2025-09-30,2025-10-12,12,direct_category_weather_holiday,982996119.0,938301116.0108902
2025-10-01,2025-10-13,12,direct_category_weather_holiday,994158096.0,947283891.7347826
2025-10-02,2025-10-14,12,direct_category_weather_holiday,999440675.0,914003750.3465728
2025-10-03,2025-10-15,12,direct_category_weather_holiday,979563855.0,901432882.7118087
2025-10-04,2025-10-16,12,direct_category_weather_holiday,973453600.0,900836572.4399136
2025-10-05,2025-10-17,12,direct_category_weather_holiday,976535370.0,902921813.9286001
2025-10-06,2025-10-18,12,direct_category_weather_holiday,976325746.0,909862816.747815
2025-10-07,2025-10-19,12,direct_category_weather_holiday,896789087.0,870333712.4021733
2025-10-08,2025-10-20,12,direct_category_weather_holiday,853624251.0,840930616.4024882
2025-10-09,2025-10-21,12,direct_category_weather_holiday,795444895.0,821310075.5958467
2025-10-10,2025-10-22,12,direct_category_weather_holiday,783518576.0,820468810.8326629
2025-10-11,2025-10-23,12,direct_category_weather_holiday,783134792.0,821825787.7993082
2025-10-12,2025-10-24,12,direct_category_weather_holiday,786285205.0,836479264.994948
2025-10-13,2025-10-25,12,direct_category_weather_holiday,787344834.0,856506018.371484
2025-10-14,2025-10-26,12,direct_category_weather_holiday,788309358.0,828061689.9354717
2025-10-15,2025-10-27,12,direct_category_weather_holiday,788347388.0,848578047.4231217
2025-10-16,2025-10-28,12,direct_category_weather_holiday,803213606.0,827074487.1517373
2025-10-17,2025-10-29,12,direct_category_weather_holiday,791815205.0,829404009.3061182
2025-10-18,2025-10-30,12,direct_category_weather_holiday,801523722.0,843158075.032079
2025-10-19,2025-10-31,12,direct_category_weather_holiday,806599754.0,849354333.8759227
2025-10-20,2025-11-01,12,direct_category_weather_holiday,760921367.0,833088741.8751718
2025-10-21,2025-11-02,12,direct_category_weather_holiday,744828378.0,816089679.5125937
2025-10-22,2025-11-03,12,direct_category_weather_holiday,780447693.0,823642412.8430961
2025-10-23,2025-11-04,12,direct_category_weather_holiday,782600645.0,812485210.3861126
2025-10-24,2025-11-05,12,direct_category_weather_holiday,784108702.0,803949896.155914
2025-10-25,2025-11-06,12,direct_category_weather_holiday,789959014.0,812150954.524484
2025-10-26,2025-11-07,12,direct_category_weather_holiday,808798324.0,818373463.2336333
2025-10-27,2025-11-08,12,direct_category_weather_holiday,816286170.0,820786863.5102135
2025-10-28,2025-11-09,12,direct_category_weather_holiday,794671570.0,800202445.210752
2025-10-29,2025-11-10,12,direct_category_weather_holiday,803150509.0,819645203.7697287
2025-10-30,2025-11-11,12,direct_category_weather_holiday,811031660.0,801882274.7649765
2025-10-31,2025-11-12,12,direct_category_weather_holiday,800371284.0,799136631.2565814
2025-11-01,2025-11-13,12,direct_category_weather_holiday,795412883.0,793379020.8981483
2025-11-02,2025-11-14,12,direct_category_weather_holiday,784929625.0,792249098.9703298
2025-11-03,2025-11-15,12,direct_category_weather_holiday,771969074.0,787745042.2591449
2025-11-04,2025-11-16,12,direct_category_weather_holiday,748102925.0,769651418.3233905
2025-11-05,2025-11-17,12,direct_category_weather_holiday,784946049.0,785559505.7335588
2025-11-06,2025-11-18,12,direct_category_weather_holiday,802372785.0,800650892.5530773
2025-11-07,2025-11-19,12,direct_category_weather_holiday,785536331.0,811258949.9103178
2025-11-08,2025-11-20,12,direct_category_weather_holiday,789566797.0,815287981.3816179
2025-11-09,2025-11-21,12,direct_category_weather_holiday,781713368.0,806410780.083287
2025-11-10,2025-11-22,12,direct_category_weather_holiday,777234266.0,801407759.1095998
2025-11-11,2025-11-23,12,direct_category_weather_holiday,763587139.0,789962476.421085
2025-11-12,2025-11-24,12,direct_category_weather_holiday,787419759.0,808836089.6222509
2025-11-13,2025-11-25,12,direct_category_weather_holiday,779113247.0,818095585.9356806
2025-11-14,2025-11-26,12,direct_category_weather_holiday,779056661.0,818988893.1846077
2025-11-15,2025-11-27,12,direct_category_weather_holiday,785923784.0,812454663.6388907
2025-11-16,2025-11-28,12,direct_category_weather_holiday,793532772.0,812029229.7289141
2025-11-17,2025-11-29,12,direct_category_weather_holiday,775439198.0,797968701.1556776
2025-11-18,2025-11-30,12,direct_category_weather_holiday,752415007.0,792232367.5089368
2025-11-19,2025-12-01,12,direct_category_weather_holiday,752093794.0,803244645.4019674
2025-11-20,2025-12-02,12,direct_category_weather_holiday,774181582.0,790266771.9953816
2025-11-21,2025-12-03,12,direct_category_weather_holiday,779128904.0,801564844.5387825
2025-11-22,2025-12-04,12,direct_category_weather_holiday,780611840.0,809763676.7988416
2025-11-23,2025-12-05,12,direct_category_weather_holiday,790342731.0,807720115.6321814
2025-11-24,2025-12-06,12,direct_category_weather_holiday,783475966.0,795721413.955537
2025-11-25,2025-12-07,12,direct_category_weather_holiday,769662376.0,783350327.0767198
2025-11-26,2025-12-08,12,direct_category_weather_holiday,781993536.0,799053745.8151562
2025-11-27,2025-12-09,12,direct_category_weather_holiday,790459836.0,803454251.4093633
2025-11-28,2025-12-10,12,direct_category_weather_holiday,793331038.0,793394656.4642769
2025-11-29,2025-12-11,12,direct_category_weather_holiday,792303023.0,792449354.481971
2025-11-30,2025-12-12,12,direct_category_weather_holiday,805771337.0,794560551.3039187
2025-12-01,2025-12-13,12,direct_category_weather_holiday,805919635.0,783800826.1360265
2025-12-02,2025-12-14,12,direct_category_weather_holiday,775261923.0,792509985.6025672
2025-12-03,2025-12-15,12,direct_category_weather_holiday,800205024.0,801415768.368251
2025-12-04,2025-12-16,12,direct_category_weather_holiday,791223092.0,792668847.7833886
2025-12-05,2025-12-17,12,direct_category_weather_holiday,797873177.0,790398078.8556501
2025-12-06,2025-12-18,12,direct_category_weather_holiday,807913091.0,799164713.4954301
2025-12-07,2025-12-19,12,direct_category_weather_holiday,813412227.0,793583564.0430443
2025-12-08,2025-12-20,12,direct_category_weather_holiday,800554656.0,790081291.7744004
2025-12-09,2025-12-21,12,direct_category_weather_holiday,775722494.0,775865437.208864
2025-12-10,2025-12-22,12,direct_category_weather_holiday,800416947.0,798546506.0505244
2025-12-11,2025-12-23,12,direct_category_weather_holiday,805434213.0,792385532.7567723
2025-12-12,2025-12-24,12,direct_category_weather_holiday,803732375.0,789740795.944541
2025-12-13,2025-12-25,12,direct_category_weather_holiday,824337857.0,803461132.3401656
2025-12-14,2025-12-26,12,direct_category_weather_holiday,812520530.0,829035045.4537773
2025-12-15,2025-12-27,12,direct_category_weather_holiday,813024286.0,801005609.8824066
2025-12-16,2025-12-28,12,direct_category_weather_holiday,798511867.0,783294155.0797895
2025-12-17,2025-12-29,12,direct_category_weather_holiday,801303829.0,792167517.6366732
2025-12-18,2025-12-30,12,direct_category_weather_holiday,799723069.0,797104628.784906
2025-12-19,2025-12-31,12,direct_category_weather_holiday,783373686.0,806384045.3589008
2025-12-20,2026-01-01,12,direct_category_weather_holiday,707758012.0,730125112.0248326
2025-12-21,2026-01-02,12,direct_category_weather_holiday,741910307.0,737305963.5420848
2025-12-22,2026-01-03,12,direct_category_weather_holiday,801935633.0,762002878.2164843
2025-12-23,2026-01-04,12,direct_category_weather_holiday,820839320.0,786691471.2679266
2025-12-24,2026-01-05,12,direct_category_weather_holiday,819629944.0,804990863.0328637
2025-12-25,2026-01-06,12,direct_category_weather_holiday,848208043.0,815726717.9266126
2025-12-26,2026-01-07,12,direct_category_weather_holiday,836618404.0,824501855.1295493
2025-12-27,2026-01-08,12,direct_category_weather_holiday,845715705.0,816872562.350663
2025-12-28,2026-01-09,12,direct_category_weather_holiday,845779172.0,819681574.413539
2025-09-19,2025-10-01,12,direct_category_weather_holiday_segment,893877447.0,880757112.2396193
2025-09-20,2025-10-02,12,direct_category_weather_holiday_segment,877524402.0,889059256.8469623
2025-09-21,2025-10-03,12,direct_category_weather_holiday_segment,906128774.0,892047592.4588935
2025-09-22,2025-10-04,12,direct_category_weather_holiday_segment,947397946.0,905551108.1649547
2025-09-23,2025-10-05,12,direct_category_weather_holiday_segment,967898095.0,906622138.6391575
2025-09-24,2025-10-06,12,direct_category_weather_holiday_segment,909397624.0,927224703.8040864
2025-09-25,2025-10-07,12,direct_category_weather_holiday_segment,958058211.0,930536551.4964502
2025-09-26,2025-10-08,12,direct_category_weather_holiday_segment,1002652065.0,934672697.048818
2025-09-27,2025-10-09,12,direct_category_weather_holiday_segment,1006596066.0,933385894.378914
2025-09-28,2025-10-10,12,direct_category_weather_holiday_segment,988218980.0,914501343.7304616
2025-09-29,2025-10-11,12,direct_category_weather_holiday_segment,993216057.0,921755162.7569562
2025-09-30,2025-10-12,12,direct_category_weather_holiday_segment,982996119.0,933966229.4384992
2025-10-01,2025-10-13,12,direct_category_weather_holiday_segment,994158096.0,939387073.9907075
2025-10-02,2025-10-14,12,direct_category_weather_holiday_segment,999440675.0,903077244.2325197
2025-10-03,2025-10-15,12,direct_category_weather_holiday_segment,979563855.0,891091992.0409578
2025-10-04,2025-10-16,12,direct_category_weather_holiday_segment,973453600.0,889107260.026782
2025-10-05,2025-10-17,12,direct_category_weather_holiday_segment,976535370.0,891319109.4728601
2025-10-06,2025-10-18,12,direct_category_weather_holiday_segment,976325746.0,901753321.460129
2025-10-07,2025-10-19,12,direct_category_weather_holiday_segment,896789087.0,859806301.919127
2025-10-08,2025-10-20,12,direct_category_weather_holiday_segment,853624251.0,829345459.2869389
2025-10-09,2025-10-21,12,direct_category_weather_holiday_segment,795444895.0,814923364.7583998
2025-10-10,2025-10-22,12,direct_category_weather_holiday_segment,783518576.0,815840864.3723786
2025-10-11,2025-10-23,12,direct_category_weather_holiday_segment,783134792.0,814283434.3907672
2025-10-12,2025-10-24,12,direct_category_weather_holiday_segment,786285205.0,827355574.5605948
2025-10-13,2025-10-25,12,direct_category_weather_holiday_segment,787344834.0,848959370.4721736
2025-10-14,2025-10-26,12,direct_category_weather_holiday_segment,788309358.0,823897329.4698151
2025-10-15,2025-10-27,12,direct_category_weather_holiday_segment,788347388.0,844960851.643009
2025-10-16,2025-10-28,12,direct_category_weather_holiday_segment,803213606.0,824629488.4078516
2025-10-17,2025-10-29,12,direct_category_weather_holiday_segment,791815205.0,832116553.6021034
2025-10-18,2025-10-30,12,direct_category_weather_holiday_segment,801523722.0,845944736.0276009
2025-10-19,2025-10-31,12,direct_category_weather_holiday_segment,806599754.0,847565097.067722
2025-10-20,2025-11-01,12,direct_category_weather_holiday_segment,760921367.0,830380101.4802896
2025-10-21,2025-11-02,12,direct_category_weather_holiday_segment,744828378.0,809366610.9574721
2025-10-22,2025-11-03,12,direct_category_weather_holiday_segment,780447693.0,815613566.43754
2025-10-23,2025-11-04,12,direct_category_weather_holiday_segment,782600645.0,806804222.6316644
2025-10-24,2025-11-05,12,direct_category_weather_holiday_segment,784108702.0,798237891.1065753
2025-10-25,2025-11-06,12,direct_category_weather_holiday_segment,789959014.0,806527144.93884
2025-10-26,2025-11-07,12,direct_category_weather_holiday_segment,808798324.0,812250955.4349955
2025-10-27,2025-11-08,12,direct_category_weather_holiday_segment,816286170.0,816394249.4256849
2025-10-28,2025-11-09,12,direct_category_weather_holiday_segment,794671570.0,795520928.1554836
2025-10-29,2025-11-10,12,direct_category_weather_holiday_segment,803150509.0,810528563.3453162
2025-10-30,2025-11-11,12,direct_category_weather_holiday_segment,811031660.0,791793951.4576026
2025-10-31,2025-11-12,12,direct_category_weather_holiday_segment,800371284.0,792146028.0495172
2025-11-01,2025-11-13,12,direct_category_weather_holiday_segment,795412883.0,785233607.3387102
2025-11-02,2025-11-14,12,direct_category_weather_holiday_segment,784929625.0,779411725.1530184
2025-11-03,2025-11-15,12,direct_category_weather_holiday_segment,771969074.0,773956779.6193347
2025-11-04,2025-11-16,12,direct_category_weather_holiday_segment,748102925.0,755286004.2786605
2025-11-05,2025-11-17,12,direct_category_weather_holiday_segment,784946049.0,769251080.4342779
2025-11-06,2025-11-18,12,direct_category_weather_holiday_segment,802372785.0,790877153.4044029
2025-11-07,2025-11-19,12,direct_category_weather_holiday_segment,785536331.0,808784273.8506776
2025-11-08,2025-11-20,12,direct_category_weather_holiday_segment,789566797.0,813718477.2599049
2025-11-09,2025-11-21,12,direct_category_weather_holiday_segment,781713368.0,799428316.6665493
2025-11-10,2025-11-22,12,direct_category_weather_holiday_segment,777234266.0,794842675.9345405
2025-11-11,2025-11-23,12,direct_category_weather_holiday_segment,763587139.0,779186934.9652416
2025-11-12,2025-11-24,12,direct_category_weather_holiday_segment,787419759.0,796452269.2213312
2025-11-13,2025-11-25,12,direct_category_weather_holiday_segment,779113247.0,810037090.469106
2025-11-14,2025-11-26,12,direct_category_weather_holiday_segment,779056661.0,817805766.744442
2025-11-15,2025-11-27,12,direct_category_weather_holiday_segment,785923784.0,809555332.519232
2025-11-16,2025-11-28,12,direct_category_weather_holiday_segment,793532772.0,807283286.9009287
2025-11-17,2025-11-29,12,direct_category_weather_holiday_segment,775439198.0,794804257.7731732
2025-11-18,2025-11-30,12,direct_category_weather_holiday_segment,752415007.0,786550389.8834556
2025-11-19,2025-12-01,12,direct_category_weather_holiday_segment,752093794.0,793036730.4249073
2025-11-20,2025-12-02,12,direct_category_weather_holiday_segment,774181582.0,782117888.5290477
2025-11-21,2025-12-03,12,direct_category_weather_holiday_segment,779128904.0,799835229.4224259
2025-11-22,2025-12-04,12,direct_category_weather_holiday_segment,780611840.0,812219290.6492705
2025-11-23,2025-12-05,12,direct_category_weather_holiday_segment,790342731.0,805569673.8692539
2025-11-24,2025-12-06,12,direct_category_weather_holiday_segment,783475966.0,793496526.5054066
2025-11-25,2025-12-07,12,direct_category_weather_holiday_segment,769662376.0,776640198.0022123
2025-11-26,2025-12-08,12,direct_category_weather_holiday_segment,781993536.0,790332705.8759646
2025-11-27,2025-12-09,12,direct_category_weather_holiday_segment,790459836.0,798085018.5797822
2025-11-28,2025-12-10,12,direct_category_weather_holiday_segment,793331038.0,789251826.2848825
2025-11-29,2025-12-11,12,direct_category_weather_holiday_segment,792303023.0,788390561.5500765
2025-11-30,2025-12-12,12,direct_category_weather_holiday_segment,805771337.0,788070934.1068814
2025-12-01,2025-12-13,12,direct_category_weather_holiday_segment,805919635.0,778486276.2893403
2025-12-02,2025-12-14,12,direct_category_weather_holiday_segment,775261923.0,788870350.70225
2025-12-03,2025-12-15,12,direct_category_weather_holiday_segment,800205024.0,801131182.2424171
2025-12-04,2025-12-16,12,direct_category_weather_holiday_segment,791223092.0,788128362.2307011
2025-12-05,2025-12-17,12,direct_category_weather_holiday_segment,797873177.0,785620166.3749627
2025-12-06,2025-12-18,12,direct_category_weather_holiday_segment,807913091.0,795828415.3185441
2025-12-07,2025-12-19,12,direct_category_weather_holiday_segment,813412227.0,784232416.0274518
2025-12-08,2025-12-20,12,direct_category_weather_holiday_segment,800554656.0,777262880.2731693
2025-12-09,2025-12-21,12,direct_category_weather_holiday_segment,775722494.0,767677005.3514273
2025-12-10,2025-12-22,12,direct_category_weather_holiday_segment,800416947.0,792986785.3215426
2025-12-11,2025-12-23,12,direct_category_weather_holiday_segment,805434213.0,784168481.272257
2025-12-12,2025-12-24,12,direct_category_weather_holiday_segment,803732375.0,781404426.5939302
2025-12-13,2025-12-25,12,direct_category_weather_holiday_segment,824337857.0,802872386.4103833
2025-12-14,2025-12-26,12,direct_category_weather_holiday_segment,812520530.0,830806812.8420242
2025-12-15,2025-12-27,12,direct_category_weather_holiday_segment,813024286.0,801679040.2023444
2025-12-16,2025-12-28,12,direct_category_weather_holiday_segment,798511867.0,780223106.0277278
2025-12-17,2025-12-29,12,direct_category_weather_holiday_segment,801303829.0,792231895.2857589
2025-12-18,2025-12-30,12,direct_category_weather_holiday_segment,799723069.0,796782637.5600413
2025-12-19,2025-12-31,12,direct_category_weather_holiday_segment,783373686.0,810048638.4297318
2025-12-20,2026-01-01,12,direct_category_weather_holiday_segment,707758012.0,727274283.1474186
2025-12-21,2026-01-02,12,direct_category_weather_holiday_segment,741910307.0,747682989.4332858
2025-12-22,2026-01-03,12,direct_category_weather_holiday_segment,801935633.0,788608084.6843561
2025-12-23,2026-01-04,12,direct_category_weather_holiday_segment,820839320.0,776619918.2087938
2025-12-24,2026-01-05,12,direct_category_weather_holiday_segment,819629944.0,799665886.7710836
2025-12-25,2026-01-06,12,direct_category_weather_holiday_segment,848208043.0,814943134.1748426
2025-12-26,2026-01-07,12,direct_category_weather_holiday_segment,836618404.0,828879222.6349448
2025-12-27,2026-01-08,12,direct_category_weather_holiday_segment,845715705.0,818263116.1639502
2025-12-28,2026-01-09,12,direct_category_weather_holiday_segment,845779172.0,817481434.9360486
2025-09-18,2025-10-01,13,direct_category_weather_holiday,893877447.0,874450388.1049137
2025-09-19,2025-10-02,13,direct_category_weather_holiday,877524402.0,872417250.0782962
2025-09-20,2025-10-03,13,direct_category_weather_holiday,906128774.0,877856934.1925993
2025-09-21,2025-10-04,13,direct_category_weather_holiday,947397946.0,899039835.1706338
2025-09-22,2025-10-05,13,direct_category_weather_holiday,967898095.0,867781049.9717698
2025-09-23,2025-10-06,13,direct_category_weather_holiday,909397624.0,862671301.1688251
2025-09-24,2025-10-07,13,direct_category_weather_holiday,958058211.0,861404272.4405859
2025-09-25,2025-10-08,13,direct_category_weather_holiday,1002652065.0,851333224.9993572
2025-09-26,2025-10-09,13,direct_category_weather_holiday,1006596066.0,947224677.1039175
2025-09-27,2025-10-10,13,direct_category_weather_holiday,988218980.0,927929903.4763402
2025-09-28,2025-10-11,13,direct_category_weather_holiday,993216057.0,919617696.613647
2025-09-29,2025-10-12,13,direct_category_weather_holiday,982996119.0,932073482.253863
2025-09-30,2025-10-13,13,direct_category_weather_holiday,994158096.0,964499272.3830764
2025-10-01,2025-10-14,13,direct_category_weather_holiday,999440675.0,936502213.9808425
2025-10-02,2025-10-15,13,direct_category_weather_holiday,979563855.0,910677877.2213964
2025-10-03,2025-10-16,13,direct_category_weather_holiday,973453600.0,897099663.3924476
2025-10-04,2025-10-17,13,direct_category_weather_holiday,976535370.0,899983384.7474076
2025-10-05,2025-10-18,13,direct_category_weather_holiday,976325746.0,890037661.6894214
2025-10-06,2025-10-19,13,direct_category_weather_holiday,896789087.0,867633911.5889163
2025-10-07,2025-10-20,13,direct_category_weather_holiday,853624251.0,829148366.2791097
2025-10-08,2025-10-21,13,direct_category_weather_holiday,795444895.0,832664483.5817697
2025-10-09,2025-10-22,13,direct_category_weather_holiday,783518576.0,817378241.8432035
2025-10-10,2025-10-23,13,direct_category_weather_holiday,783134792.0,822228771.0275378
2025-10-11,2025-10-24,13,direct_category_weather_holiday,786285205.0,820258269.861265
2025-10-12,2025-10-25,13,direct_category_weather_holiday,787344834.0,829474905.480668
2025-10-13,2025-10-26,13,direct_category_weather_holiday,788309358.0,840449556.1559534
2025-10-14,2025-10-27,13,direct_category_weather_holiday,788347388.0,836414869.6993101
2025-10-15,2025-10-28,13,direct_category_weather_holiday,803213606.0,843007034.3316609
2025-10-16,2025-10-29,13,direct_category_weather_holiday,791815205.0,827330078.8147361
2025-10-17,2025-10-30,13,direct_category_weather_holiday,801523722.0,836561329.2168736
2025-10-18,2025-10-31,13,direct_category_weather_holiday,806599754.0,840521091.873721
2025-10-19,2025-11-01,13,direct_category_weather_holiday,760921367.0,831857152.5843331
2025-10-20,2025-11-02,13,direct_category_weather_holiday,744828378.0,816838332.8260014
2025-10-21,2025-11-03,13,direct_category_weather_holiday,780447693.0,826847696.1024226
2025-10-22,2025-11-04,13,direct_category_weather_holiday,782600645.0,813954055.7038202
2025-10-23,2025-11-05,13,direct_category_weather_holiday,784108702.0,809520976.407073
2025-10-24,2025-11-06,13,direct_category_weather_holiday,789959014.0,809404464.952908
2025-10-25,2025-11-07,13,direct_category_weather_holiday,808798324.0,816478963.5264052
2025-10-26,2025-11-08,13,direct_category_weather_holiday,816286170.0,814588811.3689603
2025-10-27,2025-11-09,13,direct_category_weather_holiday,794671570.0,800409696.2114278
2025-10-28,2025-11-10,13,direct_category_weather_holiday,803150509.0,806620616.3174292
2025-10-29,2025-11-11,13,direct_category_weather_holiday,811031660.0,812990209.8871801
2025-10-30,2025-11-12,13,direct_category_weather_holiday,800371284.0,801334835.8844028
2025-10-31,2025-11-13,13,direct_category_weather_holiday,795412883.0,799010314.8466593
2025-11-01,2025-11-14,13,direct_category_weather_holiday,784929625.0,799010521.2584606
2025-11-02,2025-11-15,13,direct_category_weather_holiday,771969074.0,780014306.5554444
2025-11-03,2025-11-16,13,direct_category_weather_holiday,748102925.0,774365990.9584605
2025-11-04,2025-11-17,13,direct_category_weather_holiday,784946049.0,792295315.6290529
2025-11-05,2025-11-18,13,direct_category_weather_holiday,802372785.0,806111224.4163188
2025-11-06,2025-11-19,13,direct_category_weather_holiday,785536331.0,814060401.2295483
2025-11-07,2025-11-20,13,direct_category_weather_holiday,789566797.0,809502772.211962
2025-11-08,2025-11-21,13,direct_category_weather_holiday,781713368.0,810329700.6814342
2025-11-09,2025-11-22,13,direct_category_weather_holiday,777234266.0,797153039.106047
2025-11-10,2025-11-23,13,direct_category_weather_holiday,763587139.0,780879402.5303218
2025-11-11,2025-11-24,13,direct_category_weather_holiday,787419759.0,807432222.0120277
2025-11-12,2025-11-25,13,direct_category_weather_holiday,779113247.0,820526983.5929209
2025-11-13,2025-11-26,13,direct_category_weather_holiday,779056661.0,822306818.1303209
2025-11-14,2025-11-27,13,direct_category_weather_holiday,785923784.0,818291777.5624837
2025-11-15,2025-11-28,13,direct_category_weather_holiday,793532772.0,819711443.6010149
2025-11-16,2025-11-29,13,direct_category_weather_holiday,775439198.0,792376772.6544648
2025-11-17,2025-11-30,13,direct_category_weather_holiday,752415007.0,781562001.1552124
2025-11-18,2025-12-01,13,direct_category_weather_holiday,752093794.0,802010537.1819077
2025-11-19,2025-12-02,13,direct_category_weather_holiday,774181582.0,802010912.7933936
2025-11-20,2025-12-03,13,direct_category_weather_holiday,779128904.0,800175884.7373658
2025-11-21,2025-12-04,13,direct_category_weather_holiday,780611840.0,812621422.3828584
2025-11-22,2025-12-05,13,direct_category_weather_holiday,790342731.0,805358455.6622059
2025-11-23,2025-12-06,13,direct_category_weather_holiday,783475966.0,794477616.1357849
2025-11-24,2025-12-07,13,direct_category_weather_holiday,769662376.0,775577446.1534635
2025-11-25,2025-12-08,13,direct_category_weather_holiday,781993536.0,804193397.8935199
2025-11-26,2025-12-09,13,direct_category_weather_holiday,790459836.0,806660140.4391496
2025-11-27,2025-12-10,13,direct_category_weather_holiday,793331038.0,794195815.5144495
2025-11-28,2025-12-11,13,direct_category_weather_holiday,792303023.0,793961649.2577647
2025-11-29,2025-12-12,13,direct_category_weather_holiday,805771337.0,801959171.7848718
2025-11-30,2025-12-13,13,direct_category_weather_holiday,805919635.0,785517287.0639114
2025-12-01,2025-12-14,13,direct_category_weather_holiday,775261923.0,790694555.0315859
2025-12-02,2025-12-15,13,direct_category_weather_holiday,800205024.0,804240303.9620484
2025-12-03,2025-12-16,13,direct_category_weather_holiday,791223092.0,790690333.259685
2025-12-04,2025-12-17,13,direct_category_weather_holiday,797873177.0,790364633.5106944
2025-12-05,2025-12-18,13,direct_category_weather_holiday,807913091.0,796281777.0865542
2025-12-06,2025-12-19,13,direct_category_weather_holiday,813412227.0,791949030.8789717
2025-12-07,2025-12-20,13,direct_category_weather_holiday,800554656.0,781715035.4234928
2025-12-08,2025-12-21,13,direct_category_weather_holiday,775722494.0,783029907.8838894
2025-12-09,2025-12-22,13,direct_category_weather_holiday,800416947.0,796665488.9334011
2025-12-10,2025-12-23,13,direct_category_weather_holiday,805434213.0,790866444.1004674
2025-12-11,2025-12-24,13,direct_category_weather_holiday,803732375.0,789566597.3255339
2025-12-12,2025-12-25,13,direct_category_weather_holiday,824337857.0,800480292.8239645
2025-12-13,2025-12-26,13,direct_category_weather_holiday,812520530.0,824486851.7230835
2025-12-14,2025-12-27,13,direct_category_weather_holiday,813024286.0,808291748.1473358
2025-12-15,2025-12-28,13,direct_category_weather_holiday,798511867.0,784150736.0298421
2025-12-16,2025-12-29,13,direct_category_weather_holiday,801303829.0,795014912.2284849
2025-12-17,2025-12-30,13,direct_category_weather_holiday,799723069.0,793354327.9199952
2025-12-18,2025-12-31,13,direct_category_weather_holiday,783373686.0,801395903.470348
2025-12-19,2026-01-01,13,direct_category_weather_holiday,707758012.0,723692860.2738498
2025-12-20,2026-01-02,13,direct_category_weather_holiday,741910307.0,739690154.7848033
2025-12-21,2026-01-03,13,direct_category_weather_holiday,801935633.0,761832746.4927051
2025-12-22,2026-01-04,13,direct_category_weather_holiday,820839320.0,783542593.1292425
2025-12-23,2026-01-05,13,direct_category_weather_holiday,819629944.0,805711221.8478314
2025-12-24,2026-01-06,13,direct_category_weather_holiday,848208043.0,817278478.0675163
2025-12-25,2026-01-07,13,direct_category_weather_holiday,836618404.0,818476748.3167716
2025-12-26,2026-01-08,13,direct_category_weather_holiday,845715705.0,823605461.6245445
2025-12-27,2026-01-09,13,direct_category_weather_holiday,845779172.0,816293639.493146
2025-09-18,2025-10-01,13,direct_category_weather_holiday_segment,893877447.0,874404339.0373133
2025-09-19,2025-10-02,13,direct_category_weather_holiday_segment,877524402.0,882867531.7794843
2025-09-20,2025-10-03,13,direct_category_weather_holiday_segment,906128774.0,893958380.2645724
2025-09-21,2025-10-04,13,direct_category_weather_holiday_segment,947397946.0,927070536.3509002
2025-09-22,2025-10-05,13,direct_category_weather_holiday_segment,967898095.0,909072027.5483456
2025-09-23,2025-10-06,13,direct_category_weather_holiday_segment,909397624.0,916044437.147331
2025-09-24,2025-10-07,13,direct_category_weather_holiday_segment,958058211.0,930133752.2722981
2025-09-25,2025-10-08,13,direct_category_weather_holiday_segment,1002652065.0,933627701.0653375
2025-09-26,2025-10-09,13,direct_category_weather_holiday_segment,1006596066.0,936854668.6794165
2025-09-27,2025-10-10,13,direct_category_weather_holiday_segment,988218980.0,917247472.8905956
2025-09-28,2025-10-11,13,direct_category_weather_holiday_segment,993216057.0,903153259.7966846
2025-09-29,2025-10-12,13,direct_category_weather_holiday_segment,982996119.0,926357154.6735052
2025-09-30,2025-10-13,13,direct_category_weather_holiday_segment,994158096.0,957498749.7605696
2025-10-01,2025-10-14,13,direct_category_weather_holiday_segment,999440675.0,930246085.1039952
2025-10-02,2025-10-15,13,direct_category_weather_holiday_segment,979563855.0,903941028.2472082
2025-10-03,2025-10-16,13,direct_category_weather_holiday_segment,973453600.0,888209537.7817352
2025-10-04,2025-10-17,13,direct_category_weather_holiday_segment,976535370.0,886621744.5503187
2025-10-05,2025-10-18,13,direct_category_weather_holiday_segment,976325746.0,880792412.2980361
2025-10-06,2025-10-19,13,direct_category_weather_holiday_segment,896789087.0,859702410.683548
2025-10-07,2025-10-20,13,direct_category_weather_holiday_segment,853624251.0,818157414.1455728
2025-10-08,2025-10-21,13,direct_category_weather_holiday_segment,795444895.0,820048309.3212777
2025-10-09,2025-10-22,13,direct_category_weather_holiday_segment,783518576.0,811970260.6144073
2025-10-10,2025-10-23,13,direct_category_weather_holiday_segment,783134792.0,816483775.344572
2025-10-11,2025-10-24,13,direct_category_weather_holiday_segment,786285205.0,810671204.4125082
2025-10-12,2025-10-25,13,direct_category_weather_holiday_segment,787344834.0,823535916.9749548
2025-10-13,2025-10-26,13,direct_category_weather_holiday_segment,788309358.0,832283406.2968885
2025-10-14,2025-10-27,13,direct_category_weather_holiday_segment,788347388.0,827987693.4639971
2025-10-15,2025-10-28,13,direct_category_weather_holiday_segment,803213606.0,838916174.5080022
2025-10-16,2025-10-29,13,direct_category_weather_holiday_segment,791815205.0,830349463.9012841
2025-10-17,2025-10-30,13,direct_category_weather_holiday_segment,801523722.0,839856468.0971794
2025-10-18,2025-10-31,13,direct_category_weather_holiday_segment,806599754.0,840793255.4027995
2025-10-19,2025-11-01,13,direct_category_weather_holiday_segment,760921367.0,829457982.7986897
2025-10-20,2025-11-02,13,direct_category_weather_holiday_segment,744828378.0,812765234.4918569
2025-10-21,2025-11-03,13,direct_category_weather_holiday_segment,780447693.0,822697421.1481636
2025-10-22,2025-11-04,13,direct_category_weather_holiday_segment,782600645.0,810715328.8157873
2025-10-23,2025-11-05,13,direct_category_weather_holiday_segment,784108702.0,806185460.364372
2025-10-24,2025-11-06,13,direct_category_weather_holiday_segment,789959014.0,806726785.635269
2025-10-25,2025-11-07,13,direct_category_weather_holiday_segment,808798324.0,811563641.1679149
2025-10-26,2025-11-08,13,direct_category_weather_holiday_segment,816286170.0,810104978.2024952
2025-10-27,2025-11-09,13,direct_category_weather_holiday_segment,794671570.0,796209903.3600367
2025-10-28,2025-11-10,13,direct_category_weather_holiday_segment,803150509.0,797565748.1015031
2025-10-29,2025-11-11,13,direct_category_weather_holiday_segment,811031660.0,803429254.7756655
2025-10-30,2025-11-12,13,direct_category_weather_holiday_segment,800371284.0,795120989.689323
2025-10-31,2025-11-13,13,direct_category_weather_holiday_segment,795412883.0,791862610.557808
2025-11-01,2025-11-14,13,direct_category_weather_holiday_segment,784929625.0,789794278.9780583
2025-11-02,2025-11-15,13,direct_category_weather_holiday_segment,771969074.0,770629124.1510932
2025-11-03,2025-11-16,13,direct_category_weather_holiday_segment,748102925.0,759154390.4170457
2025-11-04,2025-11-17,13,direct_category_weather_holiday_segment,784946049.0,775502610.0719558
2025-11-05,2025-11-18,13,direct_category_weather_holiday_segment,802372785.0,793633907.8153435
2025-11-06,2025-11-19,13,direct_category_weather_holiday_segment,785536331.0,809649709.382214
2025-11-07,2025-11-20,13,direct_category_weather_holiday_segment,789566797.0,806632464.2587332
2025-11-08,2025-11-21,13,direct_category_weather_holiday_segment,781713368.0,803238493.4204535
2025-11-09,2025-11-22,13,direct_category_weather_holiday_segment,777234266.0,789806851.6347448
2025-11-10,2025-11-23,13,direct_category_weather_holiday_segment,763587139.0,769492053.4719566
2025-11-11,2025-11-24,13,direct_category_weather_holiday_segment,787419759.0,792005259.0284191
2025-11-12,2025-11-25,13,direct_category_weather_holiday_segment,779113247.0,811461279.8581314
2025-11-13,2025-11-26,13,direct_category_weather_holiday_segment,779056661.0,819758942.5448436
2025-11-14,2025-11-27,13,direct_category_weather_holiday_segment,785923784.0,814845410.2265549
2025-11-15,2025-11-28,13,direct_category_weather_holiday_segment,793532772.0,814493380.0325664
2025-11-16,2025-11-29,13,direct_category_weather_holiday_segment,775439198.0,788294164.0671301
2025-11-17,2025-11-30,13,direct_category_weather_holiday_segment,752415007.0,773576046.8967953
2025-11-18,2025-12-01,13,direct_category_weather_holiday_segment,752093794.0,791204359.6766967
2025-11-19,2025-12-02,13,direct_category_weather_holiday_segment,774181582.0,793940451.2698152
2025-11-20,2025-12-03,13,direct_category_weather_holiday_segment,779128904.0,797760829.6830386
2025-11-21,2025-12-04,13,direct_category_weather_holiday_segment,780611840.0,814590530.6238843
2025-11-22,2025-12-05,13,direct_category_weather_holiday_segment,790342731.0,803763980.4763782
2025-11-23,2025-12-06,13,direct_category_weather_holiday_segment,783475966.0,793696559.5185871
2025-11-24,2025-12-07,13,direct_category_weather_holiday_segment,769662376.0,769044656.6469835
2025-11-25,2025-12-08,13,direct_category_weather_holiday_segment,781993536.0,796085857.5016663
2025-11-26,2025-12-09,13,direct_category_weather_holiday_segment,790459836.0,800422032.2596662
2025-11-27,2025-12-10,13,direct_category_weather_holiday_segment,793331038.0,788840504.0060291
2025-11-28,2025-12-11,13,direct_category_weather_holiday_segment,792303023.0,788396167.5968565
2025-11-29,2025-12-12,13,direct_category_weather_holiday_segment,805771337.0,794654454.1342552
2025-11-30,2025-12-13,13,direct_category_weather_holiday_segment,805919635.0,781704975.5245306
2025-12-01,2025-12-14,13,direct_category_weather_holiday_segment,775261923.0,788350753.3406775
2025-12-02,2025-12-15,13,direct_category_weather_holiday_segment,800205024.0,802217615.7181884
2025-12-03,2025-12-16,13,direct_category_weather_holiday_segment,791223092.0,785428690.371852
2025-12-04,2025-12-17,13,direct_category_weather_holiday_segment,797873177.0,784863817.0215713
2025-12-05,2025-12-18,13,direct_category_weather_holiday_segment,807913091.0,792317963.5531901
2025-12-06,2025-12-19,13,direct_category_weather_holiday_segment,813412227.0,782776727.7416751
2025-12-07,2025-12-20,13,direct_category_weather_holiday_segment,800554656.0,770222501.7455547
2025-12-08,2025-12-21,13,direct_category_weather_holiday_segment,775722494.0,773292868.88584
2025-12-09,2025-12-22,13,direct_category_weather_holiday_segment,800416947.0,790470808.1083997
2025-12-10,2025-12-23,13,direct_category_weather_holiday_segment,805434213.0,782901650.529378
2025-12-11,2025-12-24,13,direct_category_weather_holiday_segment,803732375.0,780897869.6101885
2025-12-12,2025-12-25,13,direct_category_weather_holiday_segment,824337857.0,797534106.6864792
2025-12-13,2025-12-26,13,direct_category_weather_holiday_segment,812520530.0,824930897.5240169
2025-12-14,2025-12-27,13,direct_category_weather_holiday_segment,813024286.0,809120586.8642598
2025-12-15,2025-12-28,13,direct_category_weather_holiday_segment,798511867.0,781453967.2917663
2025-12-16,2025-12-29,13,direct_category_weather_holiday_segment,801303829.0,797663569.9085922
2025-12-17,2025-12-30,13,direct_category_weather_holiday_segment,799723069.0,794090882.2314119
2025-12-18,2025-12-31,13,direct_category_weather_holiday_segment,783373686.0,805932408.835065
2025-12-19,2026-01-01,13,direct_category_weather_holiday_segment,707758012.0,726702805.465173
2025-12-20,2026-01-02,13,direct_category_weather_holiday_segment,741910307.0,756934753.320627
2025-12-21,2026-01-03,13,direct_category_weather_holiday_segment,801935633.0,794885337.7931246
2025-12-22,2026-01-04,13,direct_category_weather_holiday_segment,820839320.0,776316450.4260039
2025-12-23,2026-01-05,13,direct_category_weather_holiday_segment,819629944.0,801439555.3669895
2025-12-24,2026-01-06,13,direct_category_weather_holiday_segment,848208043.0,817359101.9267657
2025-12-25,2026-01-07,13,direct_category_weather_holiday_segment,836618404.0,821548637.5501033
2025-12-26,2026-01-08,13,direct_category_weather_holiday_segment,845715705.0,824215197.7367156
2025-12-27,2026-01-09,13,direct_category_weather_holiday_segment,845779172.0,812598679.7876811
2025-09-17,2025-10-01,14,direct_category_weather_holiday,893877447.0,874554693.4248822
2025-09-18,2025-10-02,14,direct_category_weather_holiday,877524402.0,872821837.4045945
2025-09-19,2025-10-03,14,direct_category_weather_holiday,906128774.0,873768908.3237311
2025-09-20,2025-10-04,14,direct_category_weather_holiday,947397946.0,904171279.1529269
2025-09-21,2025-10-05,14,direct_category_weather_holiday,967898095.0,890676824.6290292
2025-09-22,2025-10-06,14,direct_category_weather_holiday,909397624.0,868262863.9824892
2025-09-23,2025-10-07,14,direct_category_weather_holiday,958058211.0,860626007.7933657
2025-09-24,2025-10-08,14,direct_category_weather_holiday,1002652065.0,858727401.4420289
2025-09-25,2025-10-09,14,direct_category_weather_holiday,1006596066.0,946785503.4526052
2025-09-26,2025-10-10,14,direct_category_weather_holiday,988218980.0,929591542.9860381
2025-09-27,2025-10-11,14,direct_category_weather_holiday,993216057.0,919515736.5057555
2025-09-28,2025-10-12,14,direct_category_weather_holiday,982996119.0,920313462.3402947
2025-09-29,2025-10-13,14,direct_category_weather_holiday,994158096.0,960558603.7385727
2025-09-30,2025-10-14,14,direct_category_weather_holiday,999440675.0,954405639.8658466
2025-10-01,2025-10-15,14,direct_category_weather_holiday,979563855.0,930339988.7817501
2025-10-02,2025-10-16,14,direct_category_weather_holiday,973453600.0,908879052.8496642
2025-10-03,2025-10-17,14,direct_category_weather_holiday,976535370.0,898499090.2958913
2025-10-04,2025-10-18,14,direct_category_weather_holiday,976325746.0,893315418.1439449
2025-10-05,2025-10-19,14,direct_category_weather_holiday,896789087.0,856338737.5595568
2025-10-06,2025-10-20,14,direct_category_weather_holiday,853624251.0,830084978.8612438
2025-10-07,2025-10-21,14,direct_category_weather_holiday,795444895.0,829442193.2561412
2025-10-08,2025-10-22,14,direct_category_weather_holiday,783518576.0,831806750.4142896
2025-10-09,2025-10-23,14,direct_category_weather_holiday,783134792.0,825775697.4141816
2025-10-10,2025-10-24,14,direct_category_weather_holiday,786285205.0,825948943.8779689
2025-10-11,2025-10-25,14,direct_category_weather_holiday,787344834.0,816733580.2791938
2025-10-12,2025-10-26,14,direct_category_weather_holiday,788309358.0,815027254.256554
2025-10-13,2025-10-27,14,direct_category_weather_holiday,788347388.0,847014161.4793569
2025-10-14,2025-10-28,14,direct_category_weather_holiday,803213606.0,827478398.7116275
2025-10-15,2025-10-29,14,direct_category_weather_holiday,791815205.0,839050735.8476716
2025-10-16,2025-10-30,14,direct_category_weather_holiday,801523722.0,833779847.0017918
2025-10-17,2025-10-31,14,direct_category_weather_holiday,806599754.0,833253872.0618371
2025-10-18,2025-11-01,14,direct_category_weather_holiday,760921367.0,823196562.9439123
2025-10-19,2025-11-02,14,direct_category_weather_holiday,744828378.0,809318219.9220465
2025-10-20,2025-11-03,14,direct_category_weather_holiday,780447693.0,819829140.9501556
2025-10-21,2025-11-04,14,direct_category_weather_holiday,782600645.0,812980111.8197112
2025-10-22,2025-11-05,14,direct_category_weather_holiday,784108702.0,805571975.7960875
2025-10-23,2025-11-06,14,direct_category_weather_holiday,789959014.0,811582314.5177647
2025-10-24,2025-11-07,14,direct_category_weather_holiday,808798324.0,813724605.6792222
2025-10-25,2025-11-08,14,direct_category_weather_holiday,816286170.0,813566670.3097413
2025-10-26,2025-11-09,14,direct_category_weather_holiday,794671570.0,793197452.9075459
2025-10-27,2025-11-10,14,direct_category_weather_holiday,803150509.0,803139398.1169206
2025-10-28,2025-11-11,14,direct_category_weather_holiday,811031660.0,794502432.7547785
2025-10-29,2025-11-12,14,direct_category_weather_holiday,800371284.0,811856622.5165339
2025-10-30,2025-11-13,14,direct_category_weather_holiday,795412883.0,798962951.54479
2025-10-31,2025-11-14,14,direct_category_weather_holiday,784929625.0,801149696.472042
2025-11-01,2025-11-15,14,direct_category_weather_holiday,771969074.0,781456862.6927156
2025-11-02,2025-11-16,14,direct_category_weather_holiday,748102925.0,763471625.6879038
2025-11-03,2025-11-17,14,direct_category_weather_holiday,784946049.0,797737809.0513345
2025-11-04,2025-11-18,14,direct_category_weather_holiday,802372785.0,814460669.9777987
2025-11-05,2025-11-19,14,direct_category_weather_holiday,785536331.0,823266265.2797322
2025-11-06,2025-11-20,14,direct_category_weather_holiday,789566797.0,815250273.090777
2025-11-07,2025-11-21,14,direct_category_weather_holiday,781713368.0,806634001.6872638
2025-11-08,2025-11-22,14,direct_category_weather_holiday,777234266.0,803140255.6046932
2025-11-09,2025-11-23,14,direct_category_weather_holiday,763587139.0,776887446.7945179
2025-11-10,2025-11-24,14,direct_category_weather_holiday,787419759.0,798599137.3499142
2025-11-11,2025-11-25,14,direct_category_weather_holiday,779113247.0,819504181.7124716
2025-11-12,2025-11-26,14,direct_category_weather_holiday,779056661.0,826291804.3273015
2025-11-13,2025-11-27,14,direct_category_weather_holiday,785923784.0,823688137.0035857
2025-11-14,2025-11-28,14,direct_category_weather_holiday,793532772.0,824623137.3979032
2025-11-15,2025-11-29,14,direct_category_weather_holiday,775439198.0,800801094.3621672
2025-11-16,2025-11-30,14,direct_category_weather_holiday,752415007.0,774562669.5858177
2025-11-17,2025-12-01,14,direct_category_weather_holiday,752093794.0,792435237.2707478
2025-11-18,2025-12-02,14,direct_category_weather_holiday,774181582.0,802298399.7132287
2025-11-19,2025-12-03,14,direct_category_weather_holiday,779128904.0,813318509.9034126
2025-11-20,2025-12-04,14,direct_category_weather_holiday,780611840.0,812304730.439562
2025-11-21,2025-12-05,14,direct_category_weather_holiday,790342731.0,806671703.6965643
2025-11-22,2025-12-06,14,direct_category_weather_holiday,783475966.0,791025620.8409817
2025-11-23,2025-12-07,14,direct_category_weather_holiday,769662376.0,773885729.7314256
2025-11-24,2025-12-08,14,direct_category_weather_holiday,781993536.0,796474505.9366937
2025-11-25,2025-12-09,14,direct_category_weather_holiday,790459836.0,812287881.4579558
2025-11-26,2025-12-10,14,direct_category_weather_holiday,793331038.0,797033613.3839904
2025-11-27,2025-12-11,14,direct_category_weather_holiday,792303023.0,793629143.6169292
2025-11-28,2025-12-12,14,direct_category_weather_holiday,805771337.0,803409932.1449697
2025-11-29,2025-12-13,14,direct_category_weather_holiday,805919635.0,793246806.8554907
2025-11-30,2025-12-14,14,direct_category_weather_holiday,775261923.0,790806994.7101209
2025-12-01,2025-12-15,14,direct_category_weather_holiday,800205024.0,803207794.0074956
2025-12-02,2025-12-16,14,direct_category_weather_holiday,791223092.0,794875343.2201209
2025-12-03,2025-12-17,14,direct_category_weather_holiday,797873177.0,788922146.6332793
2025-12-04,2025-12-18,14,direct_category_weather_holiday,807913091.0,797064698.696081
2025-12-05,2025-12-19,14,direct_category_weather_holiday,813412227.0,789927113.7822008
2025-12-06,2025-12-20,14,direct_category_weather_holiday,800554656.0,780109657.9714298
2025-12-07,2025-12-21,14,direct_category_weather_holiday,775722494.0,774697206.0535653
2025-12-08,2025-12-22,14,direct_category_weather_holiday,800416947.0,804079470.0725478
2025-12-09,2025-12-23,14,direct_category_weather_holiday,805434213.0,790550078.0650595
2025-12-10,2025-12-24,14,direct_category_weather_holiday,803732375.0,789907998.8036081
2025-12-11,2025-12-25,14,direct_category_weather_holiday,824337857.0,801941475.8274224
2025-12-12,2025-12-26,14,direct_category_weather_holiday,812520530.0,820525457.4246781
2025-12-13,2025-12-27,14,direct_category_weather_holiday,813024286.0,803564380.8262084
2025-12-14,2025-12-28,14,direct_category_weather_holiday,798511867.0,790391284.4970961
2025-12-15,2025-12-29,14,direct_category_weather_holiday,801303829.0,795147678.0573535
2025-12-16,2025-12-30,14,direct_category_weather_holiday,799723069.0,796269208.319553
2025-12-17,2025-12-31,14,direct_category_weather_holiday,783373686.0,799382752.6983511
2025-12-18,2026-01-01,14,direct_category_weather_holiday,707758012.0,720945182.2356461
2025-12-19,2026-01-02,14,direct_category_weather_holiday,741910307.0,735943421.3770391
2025-12-20,2026-01-03,14,direct_category_weather_holiday,801935633.0,766942095.3430246
2025-12-21,2026-01-04,14,direct_category_weather_holiday,820839320.0,778968685.4537342
2025-12-22,2026-01-05,14,direct_category_weather_holiday,819629944.0,806666564.1352582
2025-12-23,2026-01-06,14,direct_category_weather_holiday,848208043.0,818252539.1934059
2025-12-24,2026-01-07,14,direct_category_weather_holiday,836618404.0,819548667.2592946
2025-12-25,2026-01-08,14,direct_category_weather_holiday,845715705.0,817633036.1737425
2025-12-26,2026-01-09,14,direct_category_weather_holiday,845779172.0,822227899.9620208
2025-09-17,2025-10-01,14,direct_category_weather_holiday_segment,893877447.0,870440434.2957982
2025-09-18,2025-10-02,14,direct_category_weather_holiday_segment,877524402.0,881500430.0583577
2025-09-19,2025-10-03,14,direct_category_weather_holiday_segment,906128774.0,889924073.4185171
2025-09-20,2025-10-04,14,direct_category_weather_holiday_segment,947397946.0,928462169.9710834
2025-09-21,2025-10-05,14,direct_category_weather_holiday_segment,967898095.0,924900296.2536838
2025-09-22,2025-10-06,14,direct_category_weather_holiday_segment,909397624.0,916742569.9798379
2025-09-23,2025-10-07,14,direct_category_weather_holiday_segment,958058211.0,923273960.2521455
2025-09-24,2025-10-08,14,direct_category_weather_holiday_segment,1002652065.0,936820207.6102421
2025-09-25,2025-10-09,14,direct_category_weather_holiday_segment,1006596066.0,938388309.4701144
2025-09-26,2025-10-10,14,direct_category_weather_holiday_segment,988218980.0,920344547.2283939
2025-09-27,2025-10-11,14,direct_category_weather_holiday_segment,993216057.0,905817681.2763376
2025-09-28,2025-10-12,14,direct_category_weather_holiday_segment,982996119.0,912330716.6377507
2025-09-29,2025-10-13,14,direct_category_weather_holiday_segment,994158096.0,952294431.4417913
2025-09-30,2025-10-14,14,direct_category_weather_holiday_segment,999440675.0,947886379.3063493
2025-10-01,2025-10-15,14,direct_category_weather_holiday_segment,979563855.0,928388121.0769713
2025-10-02,2025-10-16,14,direct_category_weather_holiday_segment,973453600.0,903941689.1784995
2025-10-03,2025-10-17,14,direct_category_weather_holiday_segment,976535370.0,888776036.9109814
2025-10-04,2025-10-18,14,direct_category_weather_holiday_segment,976325746.0,882719537.1042912
2025-10-05,2025-10-19,14,direct_category_weather_holiday_segment,896789087.0,848208729.2903684
2025-10-06,2025-10-20,14,direct_category_weather_holiday_segment,853624251.0,821614814.6895655
2025-10-07,2025-10-21,14,direct_category_weather_holiday_segment,795444895.0,817192849.938479
2025-10-08,2025-10-22,14,direct_category_weather_holiday_segment,783518576.0,824018764.1205844
2025-10-09,2025-10-23,14,direct_category_weather_holiday_segment,783134792.0,821881370.1993948
2025-10-10,2025-10-24,14,direct_category_weather_holiday_segment,786285205.0,820298130.5909501
2025-10-11,2025-10-25,14,direct_category_weather_holiday_segment,787344834.0,812737630.2989317
2025-10-12,2025-10-26,14,direct_category_weather_holiday_segment,788309358.0,811486146.3661351
2025-10-13,2025-10-27,14,direct_category_weather_holiday_segment,788347388.0,839492529.0208176
2025-10-14,2025-10-28,14,direct_category_weather_holiday_segment,803213606.0,820190751.8452717
2025-10-15,2025-10-29,14,direct_category_weather_holiday_segment,791815205.0,839105029.2903113
2025-10-16,2025-10-30,14,direct_category_weather_holiday_segment,801523722.0,837011326.7279778
2025-10-17,2025-10-31,14,direct_category_weather_holiday_segment,806599754.0,833122851.1743921
2025-10-18,2025-11-01,14,direct_category_weather_holiday_segment,760921367.0,822076444.5099298
2025-10-19,2025-11-02,14,direct_category_weather_holiday_segment,744828378.0,803721437.0381498
2025-10-20,2025-11-03,14,direct_category_weather_holiday_segment,780447693.0,813463228.1306845
2025-10-21,2025-11-04,14,direct_category_weather_holiday_segment,782600645.0,811263595.2260244
2025-10-22,2025-11-05,14,direct_category_weather_holiday_segment,784108702.0,802790075.7142328
2025-10-23,2025-11-06,14,direct_category_weather_holiday_segment,789959014.0,810235620.196781
2025-10-24,2025-11-07,14,direct_category_weather_holiday_segment,808798324.0,810212699.9491321
2025-10-25,2025-11-08,14,direct_category_weather_holiday_segment,816286170.0,809977300.519297
2025-10-26,2025-11-09,14,direct_category_weather_holiday_segment,794671570.0,786561781.6430728
2025-10-27,2025-11-10,14,direct_category_weather_holiday_segment,803150509.0,794062578.8200234
2025-10-28,2025-11-11,14,direct_category_weather_holiday_segment,811031660.0,784375572.7623168
2025-10-29,2025-11-12,14,direct_category_weather_holiday_segment,800371284.0,806246737.0763267
2025-10-30,2025-11-13,14,direct_category_weather_holiday_segment,795412883.0,792472849.0324676
2025-10-31,2025-11-14,14,direct_category_weather_holiday_segment,784929625.0,792691163.7924576
2025-11-01,2025-11-15,14,direct_category_weather_holiday_segment,771969074.0,775373553.9351981
2025-11-02,2025-11-16,14,direct_category_weather_holiday_segment,748102925.0,753671221.0434161
2025-11-03,2025-11-17,14,direct_category_weather_holiday_segment,784946049.0,782239821.7714906
2025-11-04,2025-11-18,14,direct_category_weather_holiday_segment,802372785.0,803076439.8923087
2025-11-05,2025-11-19,14,direct_category_weather_holiday_segment,785536331.0,818326475.6550373
2025-11-06,2025-11-20,14,direct_category_weather_holiday_segment,789566797.0,812086632.6523876
2025-11-07,2025-11-21,14,direct_category_weather_holiday_segment,781713368.0,799905531.9058294
2025-11-08,2025-11-22,14,direct_category_weather_holiday_segment,777234266.0,798019404.3588033
2025-11-09,2025-11-23,14,direct_category_weather_holiday_segment,763587139.0,767353103.132336
2025-11-10,2025-11-24,14,direct_category_weather_holiday_segment,787419759.0,784435112.0155449
2025-11-11,2025-11-25,14,direct_category_weather_holiday_segment,779113247.0,809062030.8643575
2025-11-12,2025-11-26,14,direct_category_weather_holiday_segment,779056661.0,823898877.6803691
2025-11-13,2025-11-27,14,direct_category_weather_holiday_segment,785923784.0,820270979.1922978
2025-11-14,2025-11-28,14,direct_category_weather_holiday_segment,793532772.0,819488640.4849291
2025-11-15,2025-11-29,14,direct_category_weather_holiday_segment,775439198.0,796906830.5846503
2025-11-16,2025-11-30,14,direct_category_weather_holiday_segment,752415007.0,766059593.1522487
2025-11-17,2025-12-01,14,direct_category_weather_holiday_segment,752093794.0,778475030.4313136
2025-11-18,2025-12-02,14,direct_category_weather_holiday_segment,774181582.0,792161199.8708965
2025-11-19,2025-12-03,14,direct_category_weather_holiday_segment,779128904.0,810042145.6466323
2025-11-20,2025-12-04,14,direct_category_weather_holiday_segment,780611840.0,813216897.7819084
2025-11-21,2025-12-05,14,direct_category_weather_holiday_segment,790342731.0,804130638.5810112
2025-11-22,2025-12-06,14,direct_category_weather_holiday_segment,783475966.0,790006283.2061802
2025-11-23,2025-12-07,14,direct_category_weather_holiday_segment,769662376.0,768734686.6632217
2025-11-24,2025-12-08,14,direct_category_weather_holiday_segment,781993536.0,787673857.5241268
2025-11-25,2025-12-09,14,direct_category_weather_holiday_segment,790459836.0,806022385.9573845
2025-11-26,2025-12-10,14,direct_category_weather_holiday_segment,793331038.0,789937628.6228908
2025-11-27,2025-12-11,14,direct_category_weather_holiday_segment,792303023.0,786672127.2961506
2025-11-28,2025-12-12,14,direct_category_weather_holiday_segment,805771337.0,794221871.0974383
2025-11-29,2025-12-13,14,direct_category_weather_holiday_segment,805919635.0,787987052.3731263
2025-11-30,2025-12-14,14,direct_category_weather_holiday_segment,775261923.0,789214768.1190323
2025-12-01,2025-12-15,14,direct_category_weather_holiday_segment,800205024.0,802070693.9187113
2025-12-02,2025-12-16,14,direct_category_weather_holiday_segment,791223092.0,787654488.6771263
2025-12-03,2025-12-17,14,direct_category_weather_holiday_segment,797873177.0,781996805.645357
2025-12-04,2025-12-18,14,direct_category_weather_holiday_segment,807913091.0,791093456.091396
2025-12-05,2025-12-19,14,direct_category_weather_holiday_segment,813412227.0,779135374.1402636
2025-12-06,2025-12-20,14,direct_category_weather_holiday_segment,800554656.0,767749911.8558477
2025-12-07,2025-12-21,14,direct_category_weather_holiday_segment,775722494.0,765206002.1839368
2025-12-08,2025-12-22,14,direct_category_weather_holiday_segment,800416947.0,796195640.7898988
2025-12-09,2025-12-23,14,direct_category_weather_holiday_segment,805434213.0,781526239.7000383
2025-12-10,2025-12-24,14,direct_category_weather_holiday_segment,803732375.0,780844644.1741245
2025-12-11,2025-12-25,14,direct_category_weather_holiday_segment,824337857.0,798235517.7294773
2025-12-12,2025-12-26,14,direct_category_weather_holiday_segment,812520530.0,818530297.5888863
2025-12-13,2025-12-27,14,direct_category_weather_holiday_segment,813024286.0,802994633.6115528
2025-12-14,2025-12-28,14,direct_category_weather_holiday_segment,798511867.0,786863007.095946
2025-12-15,2025-12-29,14,direct_category_weather_holiday_segment,801303829.0,795303376.4897891
2025-12-16,2025-12-30,14,direct_category_weather_holiday_segment,799723069.0,795988981.6256242
2025-12-17,2025-12-31,14,direct_category_weather_holiday_segment,783373686.0,801452696.9087613
2025-12-18,2026-01-01,14,direct_category_weather_holiday_segment,707758012.0,724327863.2370449
2025-12-19,2026-01-02,14,direct_category_weather_holiday_segment,741910307.0,751713758.7411265
2025-12-20,2026-01-03,14,direct_category_weather_holiday_segment,801935633.0,798644360.7714592
2025-12-21,2026-01-04,14,direct_category_weather_holiday_segment,820839320.0,774727715.0009608
2025-12-22,2026-01-05,14,direct_category_weather_holiday_segment,819629944.0,805273748.8888845
2025-12-23,2026-01-06,14,direct_category_weather_holiday_segment,848208043.0,821060430.1725197
2025-12-24,2026-01-07,14,direct_category_weather_holiday_segment,836618404.0,821664338.0136036
2025-12-25,2026-01-08,14,direct_category_weather_holiday_segment,845715705.0,818267351.3606007
2025-12-26,2026-01-09,14,direct_category_weather_holiday_segment,845779172.0,818418673.5261517
2025-09-16,2025-10-01,15,direct_category_weather_holiday,893877447.0,873990254.2226026
2025-09-17,2025-10-02,15,direct_category_weather_holiday,877524402.0,868189294.1496279
2025-09-18,2025-10-03,15,direct_category_weather_holiday,906128774.0,870377999.8110902
2025-09-19,2025-10-04,15,direct_category_weather_holiday,947397946.0,897630064.028074
2025-09-20,2025-10-05,15,direct_category_weather_holiday,967898095.0,892289540.4316771
2025-09-21,2025-10-06,15,direct_category_weather_holiday,909397624.0,884136993.8483725
2025-09-22,2025-10-07,15,direct_category_weather_holiday,958058211.0,857599665.8021283
2025-09-23,2025-10-08,15,direct_category_weather_holiday,1002652065.0,849851944.2328379
2025-09-24,2025-10-09,15,direct_category_weather_holiday,1006596066.0,944827136.7729633
2025-09-25,2025-10-10,15,direct_category_weather_holiday,988218980.0,930214062.2229633
2025-09-26,2025-10-11,15,direct_category_weather_holiday,993216057.0,918979332.6070334
2025-09-27,2025-10-12,15,direct_category_weather_holiday,982996119.0,923805404.454132
2025-09-28,2025-10-13,15,direct_category_weather_holiday,994158096.0,949223291.6151174
2025-09-29,2025-10-14,15,direct_category_weather_holiday,999440675.0,951370594.183714
2025-09-30,2025-10-15,15,direct_category_weather_holiday,979563855.0,948021224.1746589
2025-10-01,2025-10-16,15,direct_category_weather_holiday,973453600.0,924370955.4495801
2025-10-02,2025-10-17,15,direct_category_weather_holiday,976535370.0,908466193.1619829
2025-10-03,2025-10-18,15,direct_category_weather_holiday,976325746.0,891627871.385676
2025-10-04,2025-10-19,15,direct_category_weather_holiday,896789087.0,859746817.1220996
2025-10-05,2025-10-20,15,direct_category_weather_holiday,853624251.0,819763075.2632201
2025-10-06,2025-10-21,15,direct_category_weather_holiday,795444895.0,828524900.0685415
2025-10-07,2025-10-22,15,direct_category_weather_holiday,783518576.0,830890389.1744181
2025-10-08,2025-10-23,15,direct_category_weather_holiday,783134792.0,845197547.3070008
2025-10-09,2025-10-24,15,direct_category_weather_holiday,786285205.0,833735578.2157291
2025-10-10,2025-10-25,15,direct_category_weather_holiday,787344834.0,822647972.5580412
2025-10-11,2025-10-26,15,direct_category_weather_holiday,788309358.0,804105150.1505295
2025-10-12,2025-10-27,15,direct_category_weather_holiday,788347388.0,825928010.8493112
2025-10-13,2025-10-28,15,direct_category_weather_holiday,803213606.0,845313488.3966677
2025-10-14,2025-10-29,15,direct_category_weather_holiday,791815205.0,827544021.8402873
2025-10-15,2025-10-30,15,direct_category_weather_holiday,801523722.0,848953959.8457526
2025-10-16,2025-10-31,15,direct_category_weather_holiday,806599754.0,830383984.3407457
2025-10-17,2025-11-01,15,direct_category_weather_holiday,760921367.0,815455308.4942784
2025-10-18,2025-11-02,15,direct_category_weather_holiday,744828378.0,805343912.014676
2025-10-19,2025-11-03,15,direct_category_weather_holiday,780447693.0,823791854.6107252
2025-10-20,2025-11-04,15,direct_category_weather_holiday,782600645.0,814000060.4405268
2025-10-21,2025-11-05,15,direct_category_weather_holiday,784108702.0,806795169.6607299
2025-10-22,2025-11-06,15,direct_category_weather_holiday,789959014.0,812662375.2717849
2025-10-23,2025-11-07,15,direct_category_weather_holiday,808798324.0,819346933.9190232
2025-10-24,2025-11-08,15,direct_category_weather_holiday,816286170.0,813527628.4995662
2025-10-25,2025-11-09,15,direct_category_weather_holiday,794671570.0,794898371.6119692
2025-10-26,2025-11-10,15,direct_category_weather_holiday,803150509.0,798246648.7445786
2025-10-27,2025-11-11,15,direct_category_weather_holiday,811031660.0,793299118.4289978
2025-10-28,2025-11-12,15,direct_category_weather_holiday,800371284.0,790797105.6486894
2025-10-29,2025-11-13,15,direct_category_weather_holiday,795412883.0,810351746.369796
2025-10-30,2025-11-14,15,direct_category_weather_holiday,784929625.0,801092723.362334
2025-10-31,2025-11-15,15,direct_category_weather_holiday,771969074.0,783740349.8624822
2025-11-01,2025-11-16,15,direct_category_weather_holiday,748102925.0,758490033.4944682
2025-11-02,2025-11-17,15,direct_category_weather_holiday,784946049.0,777949306.6523478
2025-11-03,2025-11-18,15,direct_category_weather_holiday,802372785.0,817311993.4888815
2025-11-04,2025-11-19,15,direct_category_weather_holiday,785536331.0,828395888.7367331
2025-11-05,2025-11-20,15,direct_category_weather_holiday,789566797.0,820429069.9432471
2025-11-06,2025-11-21,15,direct_category_weather_holiday,781713368.0,809537964.2393293
2025-11-07,2025-11-22,15,direct_category_weather_holiday,777234266.0,796643567.1615872
2025-11-08,2025-11-23,15,direct_category_weather_holiday,763587139.0,779226941.7704178
2025-11-09,2025-11-24,15,direct_category_weather_holiday,787419759.0,791242275.6867055
2025-11-10,2025-11-25,15,direct_category_weather_holiday,779113247.0,808281554.5124098
2025-11-11,2025-11-26,15,direct_category_weather_holiday,779056661.0,823370012.9848021
2025-11-12,2025-11-27,15,direct_category_weather_holiday,785923784.0,822607394.9393908
2025-11-13,2025-11-28,15,direct_category_weather_holiday,793532772.0,828429875.9725783
2025-11-14,2025-11-29,15,direct_category_weather_holiday,775439198.0,802183406.3016142
2025-11-15,2025-11-30,15,direct_category_weather_holiday,752415007.0,782012362.4317132
2025-11-16,2025-12-01,15,direct_category_weather_holiday,752093794.0,783696849.2964724
2025-11-17,2025-12-02,15,direct_category_weather_holiday,774181582.0,794514758.1396946
2025-11-18,2025-12-03,15,direct_category_weather_holiday,779128904.0,816527577.4654927
2025-11-19,2025-12-04,15,direct_category_weather_holiday,780611840.0,827662084.407377
2025-11-20,2025-12-05,15,direct_category_weather_holiday,790342731.0,807012627.0683786
2025-11-21,2025-12-06,15,direct_category_weather_holiday,783475966.0,793709270.6752591
2025-11-22,2025-12-07,15,direct_category_weather_holiday,769662376.0,770093229.1387894
2025-11-23,2025-12-08,15,direct_category_weather_holiday,781993536.0,796074662.1062834
2025-11-24,2025-12-09,15,direct_category_weather_holiday,790459836.0,807505109.4170609
2025-11-25,2025-12-10,15,direct_category_weather_holiday,793331038.0,805252288.8931943
2025-11-26,2025-12-11,15,direct_category_weather_holiday,792303023.0,798485275.7443597
2025-11-27,2025-12-12,15,direct_category_weather_holiday,805771337.0,805671927.4534719
2025-11-28,2025-12-13,15,direct_category_weather_holiday,805919635.0,796738951.471106
2025-11-29,2025-12-14,15,direct_category_weather_holiday,775261923.0,799820481.0153929
2025-11-30,2025-12-15,15,direct_category_weather_holiday,800205024.0,803010552.266989
2025-12-01,2025-12-16,15,direct_category_weather_holiday,791223092.0,792437526.9463924
2025-12-02,2025-12-17,15,direct_category_weather_holiday,797873177.0,794079697.9298271
2025-12-03,2025-12-18,15,direct_category_weather_holiday,807913091.0,798654525.0458103
2025-12-04,2025-12-19,15,direct_category_weather_holiday,813412227.0,792878637.219035
2025-12-05,2025-12-20,15,direct_category_weather_holiday,800554656.0,779713569.3834597
2025-12-06,2025-12-21,15,direct_category_weather_holiday,775722494.0,776531484.80106
2025-12-07,2025-12-22,15,direct_category_weather_holiday,800416947.0,796926042.9530706
2025-12-08,2025-12-23,15,direct_category_weather_holiday,805434213.0,797335260.7935125
2025-12-09,2025-12-24,15,direct_category_weather_holiday,803732375.0,790071571.4331418
2025-12-10,2025-12-25,15,direct_category_weather_holiday,824337857.0,804640456.7037452
2025-12-11,2025-12-26,15,direct_category_weather_holiday,812520530.0,822960162.6795253
2025-12-12,2025-12-27,15,direct_category_weather_holiday,813024286.0,798147881.7226244
2025-12-13,2025-12-28,15,direct_category_weather_holiday,798511867.0,783393285.0212195
2025-12-14,2025-12-29,15,direct_category_weather_holiday,801303829.0,800624786.5164068
2025-12-15,2025-12-30,15,direct_category_weather_holiday,799723069.0,795481946.094812
2025-12-16,2025-12-31,15,direct_category_weather_holiday,783373686.0,803749148.3443735
2025-12-17,2026-01-01,15,direct_category_weather_holiday,707758012.0,720695149.180128
2025-12-18,2026-01-02,15,direct_category_weather_holiday,741910307.0,733300223.7773916
2025-12-19,2026-01-03,15,direct_category_weather_holiday,801935633.0,762847480.4122806
2025-12-20,2026-01-04,15,direct_category_weather_holiday,820839320.0,778929580.5046779
2025-12-21,2026-01-05,15,direct_category_weather_holiday,819629944.0,799999063.4534898
2025-12-22,2026-01-06,15,direct_category_weather_holiday,848208043.0,818658626.2113101
2025-12-23,2026-01-07,15,direct_category_weather_holiday,836618404.0,818761640.1254464
2025-12-24,2026-01-08,15,direct_category_weather_holiday,845715705.0,816445622.208049
2025-12-25,2026-01-09,15,direct_category_weather_holiday,845779172.0,813314890.5894017
2025-09-16,2025-10-01,15,direct_category_weather_holiday_segment,893877447.0,870786139.851671
2025-09-17,2025-10-02,15,direct_category_weather_holiday_segment,877524402.0,877197346.3091387
2025-09-18,2025-10-03,15,direct_category_weather_holiday_segment,906128774.0,888463622.8715415
2025-09-19,2025-10-04,15,direct_category_weather_holiday_segment,947397946.0,924876862.5571878
2025-09-20,2025-10-05,15,direct_category_weather_holiday_segment,967898095.0,926348021.2258587
2025-09-21,2025-10-06,15,direct_category_weather_holiday_segment,909397624.0,930108275.3741794
2025-09-22,2025-10-07,15,direct_category_weather_holiday_segment,958058211.0,918708583.5755234
2025-09-23,2025-10-08,15,direct_category_weather_holiday_segment,1002652065.0,925735689.2542839
2025-09-24,2025-10-09,15,direct_category_weather_holiday_segment,1006596066.0,940378834.6628885
2025-09-25,2025-10-10,15,direct_category_weather_holiday_segment,988218980.0,923551259.7236284
2025-09-26,2025-10-11,15,direct_category_weather_holiday_segment,993216057.0,907756929.5328952
2025-09-27,2025-10-12,15,direct_category_weather_holiday_segment,982996119.0,916277288.0449041
2025-09-28,2025-10-13,15,direct_category_weather_holiday_segment,994158096.0,939859715.468927
2025-09-29,2025-10-14,15,direct_category_weather_holiday_segment,999440675.0,945149067.1189609
2025-09-30,2025-10-15,15,direct_category_weather_holiday_segment,979563855.0,944700812.4725629
2025-10-01,2025-10-16,15,direct_category_weather_holiday_segment,973453600.0,923490577.5602154
2025-10-02,2025-10-17,15,direct_category_weather_holiday_segment,976535370.0,902500949.4117999
2025-10-03,2025-10-18,15,direct_category_weather_holiday_segment,976325746.0,884999558.403678
2025-10-04,2025-10-19,15,direct_category_weather_holiday_segment,896789087.0,850678052.2281495
2025-10-05,2025-10-20,15,direct_category_weather_holiday_segment,853624251.0,811423234.4706259
2025-10-06,2025-10-21,15,direct_category_weather_holiday_segment,795444895.0,819015781.3774432
2025-10-07,2025-10-22,15,direct_category_weather_holiday_segment,783518576.0,821238630.3881294
2025-10-08,2025-10-23,15,direct_category_weather_holiday_segment,783134792.0,838521477.3918324
2025-10-09,2025-10-24,15,direct_category_weather_holiday_segment,786285205.0,828648173.1001792
2025-10-10,2025-10-25,15,direct_category_weather_holiday_segment,787344834.0,821775165.1963729
2025-10-11,2025-10-26,15,direct_category_weather_holiday_segment,788309358.0,801632809.0861162
2025-10-12,2025-10-27,15,direct_category_weather_holiday_segment,788347388.0,820577368.2727058
2025-10-13,2025-10-28,15,direct_category_weather_holiday_segment,803213606.0,838427991.8626863
2025-10-14,2025-10-29,15,direct_category_weather_holiday_segment,791815205.0,826307020.0047596
2025-10-15,2025-10-30,15,direct_category_weather_holiday_segment,801523722.0,849420617.4976459
2025-10-16,2025-10-31,15,direct_category_weather_holiday_segment,806599754.0,830548430.7290641
2025-10-17,2025-11-01,15,direct_category_weather_holiday_segment,760921367.0,813730781.8687831
2025-10-18,2025-11-02,15,direct_category_weather_holiday_segment,744828378.0,801174877.8269163
2025-10-19,2025-11-03,15,direct_category_weather_holiday_segment,780447693.0,817629333.1169611
2025-10-20,2025-11-04,15,direct_category_weather_holiday_segment,782600645.0,808260804.930792
2025-10-21,2025-11-05,15,direct_category_weather_holiday_segment,784108702.0,805017459.025075
2025-10-22,2025-11-06,15,direct_category_weather_holiday_segment,789959014.0,810605646.9573201
2025-10-23,2025-11-07,15,direct_category_weather_holiday_segment,808798324.0,816478149.4835448
2025-10-24,2025-11-08,15,direct_category_weather_holiday_segment,816286170.0,810044369.6622423
2025-10-25,2025-11-09,15,direct_category_weather_holiday_segment,794671570.0,790222603.0697206
2025-10-26,2025-11-10,15,direct_category_weather_holiday_segment,803150509.0,786633285.8258419
2025-10-27,2025-11-11,15,direct_category_weather_holiday_segment,811031660.0,783439403.8123124
2025-10-28,2025-11-12,15,direct_category_weather_holiday_segment,800371284.0,784551207.599655
2025-10-29,2025-11-13,15,direct_category_weather_holiday_segment,795412883.0,804658176.6436874
2025-10-30,2025-11-14,15,direct_category_weather_holiday_segment,784929625.0,792821444.571356
2025-10-31,2025-11-15,15,direct_category_weather_holiday_segment,771969074.0,777861982.4794863
2025-11-01,2025-11-16,15,direct_category_weather_holiday_segment,748102925.0,751320342.129248
2025-11-02,2025-11-17,15,direct_category_weather_holiday_segment,784946049.0,768001924.592338
2025-11-03,2025-11-18,15,direct_category_weather_holiday_segment,802372785.0,808257015.1749539
2025-11-04,2025-11-19,15,direct_category_weather_holiday_segment,785536331.0,824849723.6545744
2025-11-05,2025-11-20,15,direct_category_weather_holiday_segment,789566797.0,818086051.1582772
2025-11-06,2025-11-21,15,direct_category_weather_holiday_segment,781713368.0,803369386.115757
2025-11-07,2025-11-22,15,direct_category_weather_holiday_segment,777234266.0,791640869.3547422
2025-11-08,2025-11-23,15,direct_category_weather_holiday_segment,763587139.0,772194633.947333
2025-11-09,2025-11-24,15,direct_category_weather_holiday_segment,787419759.0,780980830.5521474
2025-11-10,2025-11-25,15,direct_category_weather_holiday_segment,779113247.0,800156119.2875782
2025-11-11,2025-11-26,15,direct_category_weather_holiday_segment,779056661.0,821021082.2215016
2025-11-12,2025-11-27,15,direct_category_weather_holiday_segment,785923784.0,820752251.6220213
2025-11-13,2025-11-28,15,direct_category_weather_holiday_segment,793532772.0,824557015.6742595
2025-11-14,2025-11-29,15,direct_category_weather_holiday_segment,775439198.0,799180461.4968027
2025-11-15,2025-11-30,15,direct_category_weather_holiday_segment,752415007.0,774920453.4174844
2025-11-16,2025-12-01,15,direct_category_weather_holiday_segment,752093794.0,771203361.2095379
2025-11-17,2025-12-02,15,direct_category_weather_holiday_segment,774181582.0,782492241.6397607
2025-11-18,2025-12-03,15,direct_category_weather_holiday_segment,779128904.0,811125067.0879265
2025-11-19,2025-12-04,15,direct_category_weather_holiday_segment,780611840.0,827567760.3566418
2025-11-20,2025-12-05,15,direct_category_weather_holiday_segment,790342731.0,803514907.2245102
2025-11-21,2025-12-06,15,direct_category_weather_holiday_segment,783475966.0,791792637.721377
2025-11-22,2025-12-07,15,direct_category_weather_holiday_segment,769662376.0,764587004.3498813
2025-11-23,2025-12-08,15,direct_category_weather_holiday_segment,781993536.0,789761682.4441468
2025-11-24,2025-12-09,15,direct_category_weather_holiday_segment,790459836.0,801319380.9571685
2025-11-25,2025-12-10,15,direct_category_weather_holiday_segment,793331038.0,798989968.9278115
2025-11-26,2025-12-11,15,direct_category_weather_holiday_segment,792303023.0,790461275.0810804
2025-11-27,2025-12-12,15,direct_category_weather_holiday_segment,805771337.0,795763668.7575723
2025-11-28,2025-12-13,15,direct_category_weather_holiday_segment,805919635.0,790153027.1423777
2025-11-29,2025-12-14,15,direct_category_weather_holiday_segment,775261923.0,797499130.6336726
2025-11-30,2025-12-15,15,direct_category_weather_holiday_segment,800205024.0,802655076.2626148
2025-12-01,2025-12-16,15,direct_category_weather_holiday_segment,791223092.0,787098259.5661204
2025-12-02,2025-12-17,15,direct_category_weather_holiday_segment,797873177.0,786648385.5034317
2025-12-03,2025-12-18,15,direct_category_weather_holiday_segment,807913091.0,792427444.9239917
2025-12-04,2025-12-19,15,direct_category_weather_holiday_segment,813412227.0,780749982.7680585
2025-12-05,2025-12-20,15,direct_category_weather_holiday_segment,800554656.0,766494153.2700094
2025-12-06,2025-12-21,15,direct_category_weather_holiday_segment,775722494.0,766982668.8129102
2025-12-07,2025-12-22,15,direct_category_weather_holiday_segment,800416947.0,789625681.6557084
2025-12-08,2025-12-23,15,direct_category_weather_holiday_segment,805434213.0,787802605.4748559
2025-12-09,2025-12-24,15,direct_category_weather_holiday_segment,803732375.0,781328804.734772
2025-12-10,2025-12-25,15,direct_category_weather_holiday_segment,824337857.0,801480560.5899498
2025-12-11,2025-12-26,15,direct_category_weather_holiday_segment,812520530.0,821249756.3134396
2025-12-12,2025-12-27,15,direct_category_weather_holiday_segment,813024286.0,795674875.167071
2025-12-13,2025-12-28,15,direct_category_weather_holiday_segment,798511867.0,779597203.2515146
2025-12-14,2025-12-29,15,direct_category_weather_holiday_segment,801303829.0,800210488.985088
2025-12-15,2025-12-30,15,direct_category_weather_holiday_segment,799723069.0,794266043.5378774
2025-12-16,2025-12-31,15,direct_category_weather_holiday_segment,783373686.0,806332230.5860848
2025-12-17,2026-01-01,15,direct_category_weather_holiday_segment,707758012.0,720612034.1116184
2025-12-18,2026-01-02,15,direct_category_weather_holiday_segment,741910307.0,745828144.574524
2025-12-19,2026-01-03,15,direct_category_weather_holiday_segment,801935633.0,788700540.0585303
2025-12-20,2026-01-04,15,direct_category_weather_holiday_segment,820839320.0,776824290.4584696
2025-12-21,2026-01-05,15,direct_category_weather_holiday_segment,819629944.0,800994539.5516723
2025-12-22,2026-01-06,15,direct_category_weather_holiday_segment,848208043.0,823380235.8501652
2025-12-23,2026-01-07,15,direct_category_weather_holiday_segment,836618404.0,821219820.8888791
2025-12-24,2026-01-08,15,direct_category_weather_holiday_segment,845715705.0,816999337.2438645
2025-12-25,2026-01-09,15,direct_category_weather_holiday_segment,845779172.0,810413420.8198149
2025-09-15,2025-10-01,16,direct_category_weather_holiday,893877447.0,875106685.2903426
2025-09-16,2025-10-02,16,direct_category_weather_holiday,877524402.0,860724935.1278497
2025-09-17,2025-10-03,16,direct_category_weather_holiday,906128774.0,861663683.6584787
2025-09-18,2025-10-04,16,direct_category_weather_holiday,947397946.0,890858378.3263242
2025-09-19,2025-10-05,16,direct_category_weather_holiday,967898095.0,884325892.0442209
2025-09-20,2025-10-06,16,direct_category_weather_holiday,909397624.0,881910054.2566576
2025-09-21,2025-10-07,16,direct_category_weather_holiday,958058211.0,869818568.6101367
2025-09-22,2025-10-08,16,direct_category_weather_holiday,1002652065.0,842425038.4551516
2025-09-23,2025-10-09,16,direct_category_weather_holiday,1006596066.0,933146007.404961
2025-09-24,2025-10-10,16,direct_category_weather_holiday,988218980.0,932157999.230579
2025-09-25,2025-10-11,16,direct_category_weather_holiday,993216057.0,921056889.097515
2025-09-26,2025-10-12,16,direct_category_weather_holiday,982996119.0,925993926.7328572
2025-09-27,2025-10-13,16,direct_category_weather_holiday,994158096.0,947382598.6785042
2025-09-28,2025-10-14,16,direct_category_weather_holiday,999440675.0,937472622.9031574
2025-09-29,2025-10-15,16,direct_category_weather_holiday,979563855.0,941626154.0753301
2025-09-30,2025-10-16,16,direct_category_weather_holiday,973453600.0,940225661.3332868
2025-10-01,2025-10-17,16,direct_category_weather_holiday,976535370.0,921301358.4945383
2025-10-02,2025-10-18,16,direct_category_weather_holiday,976325746.0,898124484.2083006
2025-10-03,2025-10-19,16,direct_category_weather_holiday,896789087.0,851614260.3206376
2025-10-04,2025-10-20,16,direct_category_weather_holiday,853624251.0,816808180.4310055
2025-10-05,2025-10-21,16,direct_category_weather_holiday,795444895.0,813521360.4833697
2025-10-06,2025-10-22,16,direct_category_weather_holiday,783518576.0,827310795.5044515
2025-10-07,2025-10-23,16,direct_category_weather_holiday,783134792.0,839508673.825675
2025-10-08,2025-10-24,16,direct_category_weather_holiday,786285205.0,844420626.6660272
2025-10-09,2025-10-25,16,direct_category_weather_holiday,787344834.0,829047251.8415887
2025-10-10,2025-10-26,16,direct_category_weather_holiday,788309358.0,808882426.3729408
2025-10-11,2025-10-27,16,direct_category_weather_holiday,788347388.0,811088552.1527686
2025-10-12,2025-10-28,16,direct_category_weather_holiday,803213606.0,817182751.9536437
2025-10-13,2025-10-29,16,direct_category_weather_holiday,791815205.0,839462911.4520878
2025-10-14,2025-10-30,16,direct_category_weather_holiday,801523722.0,835751243.8557845
2025-10-15,2025-10-31,16,direct_category_weather_holiday,806599754.0,847769991.8164418
2025-10-16,2025-11-01,16,direct_category_weather_holiday,760921367.0,816087434.3709846
2025-10-17,2025-11-02,16,direct_category_weather_holiday,744828378.0,800819315.3825889
2025-10-18,2025-11-03,16,direct_category_weather_holiday,780447693.0,820765247.7484753
2025-10-19,2025-11-04,16,direct_category_weather_holiday,782600645.0,820035780.7892276
2025-10-20,2025-11-05,16,direct_category_weather_holiday,784108702.0,815097573.171624
2025-10-21,2025-11-06,16,direct_category_weather_holiday,789959014.0,817364514.8915523
2025-10-22,2025-11-07,16,direct_category_weather_holiday,808798324.0,820330394.6973066
2025-10-23,2025-11-08,16,direct_category_weather_holiday,816286170.0,817966687.6104617
2025-10-24,2025-11-09,16,direct_category_weather_holiday,794671570.0,796303661.8279401
2025-10-25,2025-11-10,16,direct_category_weather_holiday,803150509.0,798585648.7184238
2025-10-26,2025-11-11,16,direct_category_weather_holiday,811031660.0,789979256.1540846
2025-10-27,2025-11-12,16,direct_category_weather_holiday,800371284.0,789721845.6899347
2025-10-28,2025-11-13,16,direct_category_weather_holiday,795412883.0,786430375.8836653
2025-10-29,2025-11-14,16,direct_category_weather_holiday,784929625.0,811294700.1220511
2025-10-30,2025-11-15,16,direct_category_weather_holiday,771969074.0,784917252.9831202
2025-10-31,2025-11-16,16,direct_category_weather_holiday,748102925.0,762996240.2153658
2025-11-01,2025-11-17,16,direct_category_weather_holiday,784946049.0,776048162.1049589
2025-11-02,2025-11-18,16,direct_category_weather_holiday,802372785.0,794572546.1142461
2025-11-03,2025-11-19,16,direct_category_weather_holiday,785536331.0,824396880.7986708
2025-11-04,2025-11-20,16,direct_category_weather_holiday,789566797.0,822189470.682362
2025-11-05,2025-11-21,16,direct_category_weather_holiday,781713368.0,812160019.8930237
2025-11-06,2025-11-22,16,direct_category_weather_holiday,777234266.0,798723377.644246
2025-11-07,2025-11-23,16,direct_category_weather_holiday,763587139.0,773126793.7343907
2025-11-08,2025-11-24,16,direct_category_weather_holiday,787419759.0,795695693.8236562
2025-11-09,2025-11-25,16,direct_category_weather_holiday,779113247.0,799746526.6174687
2025-11-10,2025-11-26,16,direct_category_weather_holiday,779056661.0,810981911.7480162
2025-11-11,2025-11-27,16,direct_category_weather_holiday,785923784.0,818701132.952794
2025-11-12,2025-11-28,16,direct_category_weather_holiday,793532772.0,828952043.1932942
2025-11-13,2025-11-29,16,direct_category_weather_holiday,775439198.0,806026565.0851426
2025-11-14,2025-11-30,16,direct_category_weather_holiday,752415007.0,786334742.7205637
2025-11-15,2025-12-01,16,direct_category_weather_holiday,752093794.0,794611779.8382729
2025-11-16,2025-12-02,16,direct_category_weather_holiday,774181582.0,784977755.3346876
2025-11-17,2025-12-03,16,direct_category_weather_holiday,779128904.0,806198033.9827813
2025-11-18,2025-12-04,16,direct_category_weather_holiday,780611840.0,827970851.7254657
2025-11-19,2025-12-05,16,direct_category_weather_holiday,790342731.0,820747287.0010691
2025-11-20,2025-12-06,16,direct_category_weather_holiday,783475966.0,793896248.7919518
2025-11-21,2025-12-07,16,direct_category_weather_holiday,769662376.0,773470421.8221003
2025-11-22,2025-12-08,16,direct_category_weather_holiday,781993536.0,793468809.2505703
2025-11-23,2025-12-09,16,direct_category_weather_holiday,790459836.0,804351254.3730464
2025-11-24,2025-12-10,16,direct_category_weather_holiday,793331038.0,795984323.208918
2025-11-25,2025-12-11,16,direct_category_weather_holiday,792303023.0,804173493.4756582
2025-11-26,2025-12-12,16,direct_category_weather_holiday,805771337.0,808856836.2625169
2025-11-27,2025-12-13,16,direct_category_weather_holiday,805919635.0,794617717.0387264
2025-11-28,2025-12-14,16,direct_category_weather_holiday,775261923.0,800259780.8373064
2025-11-29,2025-12-15,16,direct_category_weather_holiday,800205024.0,812516454.5008267
2025-11-30,2025-12-16,16,direct_category_weather_holiday,791223092.0,792337785.2963061
2025-12-01,2025-12-17,16,direct_category_weather_holiday,797873177.0,791208929.7921013
2025-12-02,2025-12-18,16,direct_category_weather_holiday,807913091.0,801830794.3521508
2025-12-03,2025-12-19,16,direct_category_weather_holiday,813412227.0,790895152.0711944
2025-12-04,2025-12-20,16,direct_category_weather_holiday,800554656.0,779787368.4292816
2025-12-05,2025-12-21,16,direct_category_weather_holiday,775722494.0,774324327.2016643
2025-12-06,2025-12-22,16,direct_category_weather_holiday,800416947.0,797957439.9096411
2025-12-07,2025-12-23,16,direct_category_weather_holiday,805434213.0,788289466.0361181
2025-12-08,2025-12-24,16,direct_category_weather_holiday,803732375.0,794709335.7191076
2025-12-09,2025-12-25,16,direct_category_weather_holiday,824337857.0,801531060.4582528
2025-12-10,2025-12-26,16,direct_category_weather_holiday,812520530.0,823312231.957432
2025-12-11,2025-12-27,16,direct_category_weather_holiday,813024286.0,798988022.2300808
2025-12-12,2025-12-28,16,direct_category_weather_holiday,798511867.0,778794112.7410583
2025-12-13,2025-12-29,16,direct_category_weather_holiday,801303829.0,794776987.2540009
2025-12-14,2025-12-30,16,direct_category_weather_holiday,799723069.0,802286768.0101613
2025-12-15,2025-12-31,16,direct_category_weather_holiday,783373686.0,803118158.5274687
2025-12-16,2026-01-01,16,direct_category_weather_holiday,707758012.0,722681829.9350904
2025-12-17,2026-01-02,16,direct_category_weather_holiday,741910307.0,729298957.2753403
2025-12-18,2026-01-03,16,direct_category_weather_holiday,801935633.0,756033938.3338857
2025-12-19,2026-01-04,16,direct_category_weather_holiday,820839320.0,770675873.7567387
2025-12-20,2026-01-05,16,direct_category_weather_holiday,819629944.0,804685532.4100221
2025-12-21,2026-01-06,16,direct_category_weather_holiday,848208043.0,810776977.7635319
2025-12-22,2026-01-07,16,direct_category_weather_holiday,836618404.0,818898046.6839626
2025-12-23,2026-01-08,16,direct_category_weather_holiday,845715705.0,816364781.1648736
2025-12-24,2026-01-09,16,direct_category_weather_holiday,845779172.0,813366659.8851149
2025-09-15,2025-10-01,16,direct_category_weather_holiday_segment,893877447.0,874297645.3008223
2025-09-16,2025-10-02,16,direct_category_weather_holiday_segment,877524402.0,871547414.4218463
2025-09-17,2025-10-03,16,direct_category_weather_holiday_segment,906128774.0,881862891.7859339
2025-09-18,2025-10-04,16,direct_category_weather_holiday_segment,947397946.0,921525268.754745
2025-09-19,2025-10-05,16,direct_category_weather_holiday_segment,967898095.0,923309543.1944859
2025-09-20,2025-10-06,16,direct_category_weather_holiday_segment,909397624.0,929979971.6315312
2025-09-21,2025-10-07,16,direct_category_weather_holiday_segment,958058211.0,930267797.9601871
2025-09-22,2025-10-08,16,direct_category_weather_holiday_segment,1002652065.0,918970407.1958127
2025-09-23,2025-10-09,16,direct_category_weather_holiday_segment,1006596066.0,928272803.9229022
2025-09-24,2025-10-10,16,direct_category_weather_holiday_segment,988218980.0,925651916.8404734
2025-09-25,2025-10-11,16,direct_category_weather_holiday_segment,993216057.0,909600256.2679071
2025-09-26,2025-10-12,16,direct_category_weather_holiday_segment,982996119.0,919169887.5012959
2025-09-27,2025-10-13,16,direct_category_weather_holiday_segment,994158096.0,938967223.9988805
2025-09-28,2025-10-14,16,direct_category_weather_holiday_segment,999440675.0,930134661.6003448
2025-09-29,2025-10-15,16,direct_category_weather_holiday_segment,979563855.0,937894224.8006972
2025-09-30,2025-10-16,16,direct_category_weather_holiday_segment,973453600.0,937256384.0529785
2025-10-01,2025-10-17,16,direct_category_weather_holiday_segment,976535370.0,917922096.6623431
2025-10-02,2025-10-18,16,direct_category_weather_holiday_segment,976325746.0,894370646.4972258
2025-10-03,2025-10-19,16,direct_category_weather_holiday_segment,896789087.0,846448283.7647789
2025-10-04,2025-10-20,16,direct_category_weather_holiday_segment,853624251.0,808363475.0954578
2025-10-05,2025-10-21,16,direct_category_weather_holiday_segment,795444895.0,804742779.1291339
2025-10-06,2025-10-22,16,direct_category_weather_holiday_segment,783518576.0,819579102.4120562
2025-10-07,2025-10-23,16,direct_category_weather_holiday_segment,783134792.0,830838630.8250136
2025-10-08,2025-10-24,16,direct_category_weather_holiday_segment,786285205.0,836421006.9959424
2025-10-09,2025-10-25,16,direct_category_weather_holiday_segment,787344834.0,827019942.0091327
2025-10-10,2025-10-26,16,direct_category_weather_holiday_segment,788309358.0,807808933.0062732
2025-10-11,2025-10-27,16,direct_category_weather_holiday_segment,788347388.0,805816487.7009403
2025-10-12,2025-10-28,16,direct_category_weather_holiday_segment,803213606.0,811949172.3648432
2025-10-13,2025-10-29,16,direct_category_weather_holiday_segment,791815205.0,837945853.6279547
2025-10-14,2025-10-30,16,direct_category_weather_holiday_segment,801523722.0,835048304.0118988
2025-10-15,2025-10-31,16,direct_category_weather_holiday_segment,806599754.0,845875538.7359157
2025-10-16,2025-11-01,16,direct_category_weather_holiday_segment,760921367.0,815055586.2783846
2025-10-17,2025-11-02,16,direct_category_weather_holiday_segment,744828378.0,796415687.5088874
2025-10-18,2025-11-03,16,direct_category_weather_holiday_segment,780447693.0,816139027.58899
2025-10-19,2025-11-04,16,direct_category_weather_holiday_segment,782600645.0,815817228.8879427
2025-10-20,2025-11-05,16,direct_category_weather_holiday_segment,784108702.0,811329436.1499342
2025-10-21,2025-11-06,16,direct_category_weather_holiday_segment,789959014.0,816513882.1891932
2025-10-22,2025-11-07,16,direct_category_weather_holiday_segment,808798324.0,816482453.7476084
2025-10-23,2025-11-08,16,direct_category_weather_holiday_segment,816286170.0,815086196.6902887
2025-10-24,2025-11-09,16,direct_category_weather_holiday_segment,794671570.0,791572383.4726204
2025-10-25,2025-11-10,16,direct_category_weather_holiday_segment,803150509.0,789476228.6891072
2025-10-26,2025-11-11,16,direct_category_weather_holiday_segment,811031660.0,777348659.2663815
2025-10-27,2025-11-12,16,direct_category_weather_holiday_segment,800371284.0,783165283.7166332
2025-10-28,2025-11-13,16,direct_category_weather_holiday_segment,795412883.0,780019940.47769
2025-10-29,2025-11-14,16,direct_category_weather_holiday_segment,784929625.0,802990971.2032017
2025-10-30,2025-11-15,16,direct_category_weather_holiday_segment,771969074.0,778850449.4901111
2025-10-31,2025-11-16,16,direct_category_weather_holiday_segment,748102925.0,756068388.8068633
2025-11-01,2025-11-17,16,direct_category_weather_holiday_segment,784946049.0,767999631.9471117
2025-11-02,2025-11-18,16,direct_category_weather_holiday_segment,802372785.0,789411081.5360241
2025-11-03,2025-11-19,16,direct_category_weather_holiday_segment,785536331.0,821897985.9096029
2025-11-04,2025-11-20,16,direct_category_weather_holiday_segment,789566797.0,820011517.818021
2025-11-05,2025-11-21,16,direct_category_weather_holiday_segment,781713368.0,806449005.7908622
2025-11-06,2025-11-22,16,direct_category_weather_holiday_segment,777234266.0,793526221.6343131
2025-11-07,2025-11-23,16,direct_category_weather_holiday_segment,763587139.0,765428154.3294499
2025-11-08,2025-11-24,16,direct_category_weather_holiday_segment,787419759.0,785990912.3194406
2025-11-09,2025-11-25,16,direct_category_weather_holiday_segment,779113247.0,794872711.7382942
2025-11-10,2025-11-26,16,direct_category_weather_holiday_segment,779056661.0,809450434.4407241
2025-11-11,2025-11-27,16,direct_category_weather_holiday_segment,785923784.0,815717186.3215152
2025-11-12,2025-11-28,16,direct_category_weather_holiday_segment,793532772.0,825074289.5534923
2025-11-13,2025-11-29,16,direct_category_weather_holiday_segment,775439198.0,802685141.0553595
2025-11-14,2025-11-30,16,direct_category_weather_holiday_segment,752415007.0,779141960.6594726
2025-11-15,2025-12-01,16,direct_category_weather_holiday_segment,752093794.0,783270077.4215157
2025-11-16,2025-12-02,16,direct_category_weather_holiday_segment,774181582.0,775318733.0517272
2025-11-17,2025-12-03,16,direct_category_weather_holiday_segment,779128904.0,799793962.7553437
2025-11-18,2025-12-04,16,direct_category_weather_holiday_segment,780611840.0,826360572.6028248
2025-11-19,2025-12-05,16,direct_category_weather_holiday_segment,790342731.0,816873344.2889688
2025-11-20,2025-12-06,16,direct_category_weather_holiday_segment,783475966.0,791696029.0449492
2025-11-21,2025-12-07,16,direct_category_weather_holiday_segment,769662376.0,768095795.3797098
2025-11-22,2025-12-08,16,direct_category_weather_holiday_segment,781993536.0,787325328.715156
2025-11-23,2025-12-09,16,direct_category_weather_holiday_segment,790459836.0,800979187.234242
2025-11-24,2025-12-10,16,direct_category_weather_holiday_segment,793331038.0,790790241.8054976
2025-11-25,2025-12-11,16,direct_category_weather_holiday_segment,792303023.0,797544834.4549414
2025-11-26,2025-12-12,16,direct_category_weather_holiday_segment,805771337.0,799014077.4013845
2025-11-27,2025-12-13,16,direct_category_weather_holiday_segment,805919635.0,788041734.1690879
2025-11-28,2025-12-14,16,direct_category_weather_holiday_segment,775261923.0,797458018.4369144
2025-11-29,2025-12-15,16,direct_category_weather_holiday_segment,800205024.0,811396522.4142451
2025-11-30,2025-12-16,16,direct_category_weather_holiday_segment,791223092.0,788525943.2176907
2025-12-01,2025-12-17,16,direct_category_weather_holiday_segment,797873177.0,786292517.5581416
2025-12-02,2025-12-18,16,direct_category_weather_holiday_segment,807913091.0,796148780.6622219
2025-12-03,2025-12-19,16,direct_category_weather_holiday_segment,813412227.0,779641537.9855908
2025-12-04,2025-12-20,16,direct_category_weather_holiday_segment,800554656.0,766563013.2704115
2025-12-05,2025-12-21,16,direct_category_weather_holiday_segment,775722494.0,764322220.9485689
2025-12-06,2025-12-22,16,direct_category_weather_holiday_segment,800416947.0,790409377.5387955
2025-12-07,2025-12-23,16,direct_category_weather_holiday_segment,805434213.0,778998210.6350002
2025-12-08,2025-12-24,16,direct_category_weather_holiday_segment,803732375.0,785357012.2390641
2025-12-09,2025-12-25,16,direct_category_weather_holiday_segment,824337857.0,798249314.6032788
2025-12-10,2025-12-26,16,direct_category_weather_holiday_segment,812520530.0,821918797.0467142
2025-12-11,2025-12-27,16,direct_category_weather_holiday_segment,813024286.0,797011430.087096
2025-12-12,2025-12-28,16,direct_category_weather_holiday_segment,798511867.0,773753002.7349774
2025-12-13,2025-12-29,16,direct_category_weather_holiday_segment,801303829.0,794850391.9440911
2025-12-14,2025-12-30,16,direct_category_weather_holiday_segment,799723069.0,802035236.9177526
2025-12-15,2025-12-31,16,direct_category_weather_holiday_segment,783373686.0,806148835.0982063
2025-12-16,2026-01-01,16,direct_category_weather_holiday_segment,707758012.0,724494302.1752976
2025-12-17,2026-01-02,16,direct_category_weather_holiday_segment,741910307.0,742516578.6168537
2025-12-18,2026-01-03,16,direct_category_weather_holiday_segment,801935633.0,783226454.3000294
2025-12-19,2026-01-04,16,direct_category_weather_holiday_segment,820839320.0,771548882.7941332
2025-12-20,2026-01-05,16,direct_category_weather_holiday_segment,819629944.0,809331070.6728798
2025-12-21,2026-01-06,16,direct_category_weather_holiday_segment,848208043.0,820083910.4014174
2025-12-22,2026-01-07,16,direct_category_weather_holiday_segment,836618404.0,821387876.5915527
2025-12-23,2026-01-08,16,direct_category_weather_holiday_segment,845715705.0,817163944.8535651
2025-12-24,2026-01-09,16,direct_category_weather_holiday_segment,845779172.0,810921651.1231006
2025-09-14,2025-10-01,17,direct_category_weather_holiday,893877447.0,878397009.392877
2025-09-15,2025-10-02,17,direct_category_weather_holiday,877524402.0,866476924.9415588
2025-09-16,2025-10-03,17,direct_category_weather_holiday,906128774.0,857450652.8388016
2025-09-17,2025-10-04,17,direct_category_weather_holiday,947397946.0,884373708.8268105
2025-09-18,2025-10-05,17,direct_category_weather_holiday,967898095.0,880395772.097247
2025-09-19,2025-10-06,17,direct_category_weather_holiday,909397624.0,878671436.0119772
2025-09-20,2025-10-07,17,direct_category_weather_holiday,958058211.0,872567384.6568642
2025-09-21,2025-10-08,17,direct_category_weather_holiday,1002652065.0,857342177.0696691
2025-09-22,2025-10-09,17,direct_category_weather_holiday,1006596066.0,932778664.0735666
2025-09-23,2025-10-10,17,direct_category_weather_holiday,988218980.0,922087118.0731153
2025-09-24,2025-10-11,17,direct_category_weather_holiday,993216057.0,928484109.6439776
2025-09-25,2025-10-12,17,direct_category_weather_holiday,982996119.0,929739178.394058
2025-09-26,2025-10-13,17,direct_category_weather_holiday,994158096.0,951687363.4928181
2025-09-27,2025-10-14,17,direct_category_weather_holiday,999440675.0,936939940.1575087
2025-09-28,2025-10-15,17,direct_category_weather_holiday,979563855.0,929686099.1827441
2025-09-29,2025-10-16,17,direct_category_weather_holiday,973453600.0,933833495.4263436
2025-09-30,2025-10-17,17,direct_category_weather_holiday,976535370.0,939010395.5851839
2025-10-01,2025-10-18,17,direct_category_weather_holiday,976325746.0,906255192.0413582
2025-10-02,2025-10-19,17,direct_category_weather_holiday,896789087.0,858282892.5691603
2025-10-03,2025-10-20,17,direct_category_weather_holiday,853624251.0,811937803.0215818
2025-10-04,2025-10-21,17,direct_category_weather_holiday,795444895.0,811691845.8321453
2025-10-05,2025-10-22,17,direct_category_weather_holiday,783518576.0,811579798.4679438
2025-10-06,2025-10-23,17,direct_category_weather_holiday,783134792.0,831496085.5208244
2025-10-07,2025-10-24,17,direct_category_weather_holiday,786285205.0,844227024.3867098
2025-10-08,2025-10-25,17,direct_category_weather_holiday,787344834.0,841893766.3742534
2025-10-09,2025-10-26,17,direct_category_weather_holiday,788309358.0,818018991.0288082
2025-10-10,2025-10-27,17,direct_category_weather_holiday,788347388.0,818835155.8406503
2025-10-11,2025-10-28,17,direct_category_weather_holiday,803213606.0,805571379.5397028
2025-10-12,2025-10-29,17,direct_category_weather_holiday,791815205.0,814156819.1147691
2025-10-13,2025-10-30,17,direct_category_weather_holiday,801523722.0,847158341.7743516
2025-10-14,2025-10-31,17,direct_category_weather_holiday,806599754.0,832341694.2949011
2025-10-15,2025-11-01,17,direct_category_weather_holiday,760921367.0,832945015.9363091
2025-10-16,2025-11-02,17,direct_category_weather_holiday,744828378.0,801571065.5778291
2025-10-17,2025-11-03,17,direct_category_weather_holiday,780447693.0,817792035.1251903
2025-10-18,2025-11-04,17,direct_category_weather_holiday,782600645.0,816214047.2499712
2025-10-19,2025-11-05,17,direct_category_weather_holiday,784108702.0,815176446.6992819
2025-10-20,2025-11-06,17,direct_category_weather_holiday,789959014.0,827055487.3344026
2025-10-21,2025-11-07,17,direct_category_weather_holiday,808798324.0,825425356.4109147
2025-10-22,2025-11-08,17,direct_category_weather_holiday,816286170.0,818527311.7148094
2025-10-23,2025-11-09,17,direct_category_weather_holiday,794671570.0,800564076.4650655
2025-10-24,2025-11-10,17,direct_category_weather_holiday,803150509.0,802637064.5474461
2025-10-25,2025-11-11,17,direct_category_weather_holiday,811031660.0,791775130.7381153
2025-10-26,2025-11-12,17,direct_category_weather_holiday,800371284.0,787340668.616078
2025-10-27,2025-11-13,17,direct_category_weather_holiday,795412883.0,785909101.1001948
2025-10-28,2025-11-14,17,direct_category_weather_holiday,784929625.0,790931608.3656648
2025-10-29,2025-11-15,17,direct_category_weather_holiday,771969074.0,795560603.4109396
2025-10-30,2025-11-16,17,direct_category_weather_holiday,748102925.0,765888452.6193987
2025-10-31,2025-11-17,17,direct_category_weather_holiday,784946049.0,783289850.7546337
2025-11-01,2025-11-18,17,direct_category_weather_holiday,802372785.0,795524732.6143208
2025-11-02,2025-11-19,17,direct_category_weather_holiday,785536331.0,806760014.8184617
2025-11-03,2025-11-20,17,direct_category_weather_holiday,789566797.0,820145053.3255898
2025-11-04,2025-11-21,17,direct_category_weather_holiday,781713368.0,817286483.5555737
2025-11-05,2025-11-22,17,direct_category_weather_holiday,777234266.0,802796545.733934
2025-11-06,2025-11-23,17,direct_category_weather_holiday,763587139.0,775013104.7268863
2025-11-07,2025-11-24,17,direct_category_weather_holiday,787419759.0,791839349.4164133
2025-11-08,2025-11-25,17,direct_category_weather_holiday,779113247.0,808533030.8646103
2025-11-09,2025-11-26,17,direct_category_weather_holiday,779056661.0,803863237.0460106
2025-11-10,2025-11-27,17,direct_category_weather_holiday,785923784.0,807825764.1781887
2025-11-11,2025-11-28,17,direct_category_weather_holiday,793532772.0,826371380.0087564
2025-11-12,2025-11-29,17,direct_category_weather_holiday,775439198.0,805934020.6313608
2025-11-13,2025-11-30,17,direct_category_weather_holiday,752415007.0,789978310.8502831
2025-11-14,2025-12-01,17,direct_category_weather_holiday,752093794.0,798057907.1674585
2025-11-15,2025-12-02,17,direct_category_weather_holiday,774181582.0,794763052.492807
2025-11-16,2025-12-03,17,direct_category_weather_holiday,779128904.0,797059365.7877276
2025-11-17,2025-12-04,17,direct_category_weather_holiday,780611840.0,817627191.6273074
2025-11-18,2025-12-05,17,direct_category_weather_holiday,790342731.0,821348644.6880121
2025-11-19,2025-12-06,17,direct_category_weather_holiday,783475966.0,805971680.8127711
2025-11-20,2025-12-07,17,direct_category_weather_holiday,769662376.0,772054598.0671172
2025-11-21,2025-12-08,17,direct_category_weather_holiday,781993536.0,796488308.4766334
2025-11-22,2025-12-09,17,direct_category_weather_holiday,790459836.0,802866203.6081574
2025-11-23,2025-12-10,17,direct_category_weather_holiday,793331038.0,791914446.7228944
2025-11-24,2025-12-11,17,direct_category_weather_holiday,792303023.0,794624147.5757569
2025-11-25,2025-12-12,17,direct_category_weather_holiday,805771337.0,814272725.0537513
2025-11-26,2025-12-13,17,direct_category_weather_holiday,805919635.0,796656532.0563253
2025-11-27,2025-12-14,17,direct_category_weather_holiday,775261923.0,798717453.2251045
2025-11-28,2025-12-15,17,direct_category_weather_holiday,800205024.0,811715823.2696134
2025-11-29,2025-12-16,17,direct_category_weather_holiday,791223092.0,800364326.1765665
2025-11-30,2025-12-17,17,direct_category_weather_holiday,797873177.0,791741271.1317186
2025-12-01,2025-12-18,17,direct_category_weather_holiday,807913091.0,799156479.8316782
2025-12-02,2025-12-19,17,direct_category_weather_holiday,813412227.0,794457683.5608143
2025-12-03,2025-12-20,17,direct_category_weather_holiday,800554656.0,776957393.523147
2025-12-04,2025-12-21,17,direct_category_weather_holiday,775722494.0,772707490.9513302
2025-12-05,2025-12-22,17,direct_category_weather_holiday,800416947.0,794559247.0789726
2025-12-06,2025-12-23,17,direct_category_weather_holiday,805434213.0,787822640.8495554
2025-12-07,2025-12-24,17,direct_category_weather_holiday,803732375.0,786392403.2883756
2025-12-08,2025-12-25,17,direct_category_weather_holiday,824337857.0,806367748.1895322
2025-12-09,2025-12-26,17,direct_category_weather_holiday,812520530.0,822467698.9040126
2025-12-10,2025-12-27,17,direct_category_weather_holiday,813024286.0,799192267.5742897
2025-12-11,2025-12-28,17,direct_category_weather_holiday,798511867.0,779277135.0970633
2025-12-12,2025-12-29,17,direct_category_weather_holiday,801303829.0,789574101.5539312
2025-12-13,2025-12-30,17,direct_category_weather_holiday,799723069.0,796314534.3526984
2025-12-14,2025-12-31,17,direct_category_weather_holiday,783373686.0,809299560.02399
2025-12-15,2026-01-01,17,direct_category_weather_holiday,707758012.0,720950032.7955996
2025-12-16,2026-01-02,17,direct_category_weather_holiday,741910307.0,731547135.7281752
2025-12-17,2026-01-03,17,direct_category_weather_holiday,801935633.0,752199078.3624604
2025-12-18,2026-01-04,17,direct_category_weather_holiday,820839320.0,769016583.878838
2025-12-19,2026-01-05,17,direct_category_weather_holiday,819629944.0,798746351.4472723
2025-12-20,2026-01-06,17,direct_category_weather_holiday,848208043.0,817389124.9326223
2025-12-21,2026-01-07,17,direct_category_weather_holiday,836618404.0,812624574.2921278
2025-12-22,2026-01-08,17,direct_category_weather_holiday,845715705.0,818706216.2850881
2025-12-23,2026-01-09,17,direct_category_weather_holiday,845779172.0,816140083.951343
2025-09-14,2025-10-01,17,direct_category_weather_holiday_segment,893877447.0,877130285.414521
2025-09-15,2025-10-02,17,direct_category_weather_holiday_segment,877524402.0,877413804.134723
2025-09-16,2025-10-03,17,direct_category_weather_holiday_segment,906128774.0,877591144.3745048
2025-09-17,2025-10-04,17,direct_category_weather_holiday_segment,947397946.0,915487070.511726
2025-09-18,2025-10-05,17,direct_category_weather_holiday_segment,967898095.0,920730119.9608984
2025-09-19,2025-10-06,17,direct_category_weather_holiday_segment,909397624.0,929243460.9688655
2025-09-20,2025-10-07,17,direct_category_weather_holiday_segment,958058211.0,933834174.9438162
2025-09-21,2025-10-08,17,direct_category_weather_holiday_segment,1002652065.0,932551829.2024319
2025-09-22,2025-10-09,17,direct_category_weather_holiday_segment,1006596066.0,925817008.2389524
2025-09-23,2025-10-10,17,direct_category_weather_holiday_segment,988218980.0,914815917.5900702
2025-09-24,2025-10-11,17,direct_category_weather_holiday_segment,993216057.0,915514565.950746
2025-09-25,2025-10-12,17,direct_category_weather_holiday_segment,982996119.0,923075335.9814781
2025-09-26,2025-10-13,17,direct_category_weather_holiday_segment,994158096.0,943049607.0463539
2025-09-27,2025-10-14,17,direct_category_weather_holiday_segment,999440675.0,930004193.595344
2025-09-28,2025-10-15,17,direct_category_weather_holiday_segment,979563855.0,925418863.8573982
2025-09-29,2025-10-16,17,direct_category_weather_holiday_segment,973453600.0,929721009.0496315
2025-09-30,2025-10-17,17,direct_category_weather_holiday_segment,976535370.0,932834829.7153763
2025-10-01,2025-10-18,17,direct_category_weather_holiday_segment,976325746.0,903664956.3491125
2025-10-02,2025-10-19,17,direct_category_weather_holiday_segment,896789087.0,854367620.0126824
2025-10-03,2025-10-20,17,direct_category_weather_holiday_segment,853624251.0,805238966.2133559
2025-10-04,2025-10-21,17,direct_category_weather_holiday_segment,795444895.0,803012842.0693399
2025-10-05,2025-10-22,17,direct_category_weather_holiday_segment,783518576.0,806060476.3743898
2025-10-06,2025-10-23,17,direct_category_weather_holiday_segment,783134792.0,824905574.1262727
2025-10-07,2025-10-24,17,direct_category_weather_holiday_segment,786285205.0,834612155.363777
2025-10-08,2025-10-25,17,direct_category_weather_holiday_segment,787344834.0,838367134.6920077
2025-10-09,2025-10-26,17,direct_category_weather_holiday_segment,788309358.0,817483528.3008665
2025-10-10,2025-10-27,17,direct_category_weather_holiday_segment,788347388.0,815926557.8100353
2025-10-11,2025-10-28,17,direct_category_weather_holiday_segment,803213606.0,801534948.4786854
2025-10-12,2025-10-29,17,direct_category_weather_holiday_segment,791815205.0,815749079.9497907
2025-10-13,2025-10-30,17,direct_category_weather_holiday_segment,801523722.0,847792677.4647244
2025-10-14,2025-10-31,17,direct_category_weather_holiday_segment,806599754.0,829029887.6102266
2025-10-15,2025-11-01,17,direct_category_weather_holiday_segment,760921367.0,828547608.4821528
2025-10-16,2025-11-02,17,direct_category_weather_holiday_segment,744828378.0,796914319.8371273
2025-10-17,2025-11-03,17,direct_category_weather_holiday_segment,780447693.0,811902430.9464386
2025-10-18,2025-11-04,17,direct_category_weather_holiday_segment,782600645.0,812897442.823803
2025-10-19,2025-11-05,17,direct_category_weather_holiday_segment,784108702.0,810797327.3813869
2025-10-20,2025-11-06,17,direct_category_weather_holiday_segment,789959014.0,822886690.3306184
2025-10-21,2025-11-07,17,direct_category_weather_holiday_segment,808798324.0,821786869.6183543
2025-10-22,2025-11-08,17,direct_category_weather_holiday_segment,816286170.0,813813110.66641
2025-10-23,2025-11-09,17,direct_category_weather_holiday_segment,794671570.0,795709507.2210441
2025-10-24,2025-11-10,17,direct_category_weather_holiday_segment,803150509.0,792710363.4673175
2025-10-25,2025-11-11,17,direct_category_weather_holiday_segment,811031660.0,782148671.7057978
2025-10-26,2025-11-12,17,direct_category_weather_holiday_segment,800371284.0,778055976.9520519
2025-10-27,2025-11-13,17,direct_category_weather_holiday_segment,795412883.0,778569760.134372
2025-10-28,2025-11-14,17,direct_category_weather_holiday_segment,784929625.0,781754191.5157424
2025-10-29,2025-11-15,17,direct_category_weather_holiday_segment,771969074.0,787892469.5904876
2025-10-30,2025-11-16,17,direct_category_weather_holiday_segment,748102925.0,757305757.0548327
2025-10-31,2025-11-17,17,direct_category_weather_holiday_segment,784946049.0,774117315.987761
2025-11-01,2025-11-18,17,direct_category_weather_holiday_segment,802372785.0,791610639.6648074
2025-11-02,2025-11-19,17,direct_category_weather_holiday_segment,785536331.0,807088936.6527522
2025-11-03,2025-11-20,17,direct_category_weather_holiday_segment,789566797.0,817287714.9344468
2025-11-04,2025-11-21,17,direct_category_weather_holiday_segment,781713368.0,810754988.1334827
2025-11-05,2025-11-22,17,direct_category_weather_holiday_segment,777234266.0,798201504.1545192
2025-11-06,2025-11-23,17,direct_category_weather_holiday_segment,763587139.0,766908344.8997747
2025-11-07,2025-11-24,17,direct_category_weather_holiday_segment,787419759.0,781352333.6393068
2025-11-08,2025-11-25,17,direct_category_weather_holiday_segment,779113247.0,803175079.6772074
2025-11-09,2025-11-26,17,direct_category_weather_holiday_segment,779056661.0,805475084.59258
2025-11-10,2025-11-27,17,direct_category_weather_holiday_segment,785923784.0,804925591.7436453
2025-11-11,2025-11-28,17,direct_category_weather_holiday_segment,793532772.0,821004732.633363
2025-11-12,2025-11-29,17,direct_category_weather_holiday_segment,775439198.0,802158195.2375956
2025-11-13,2025-11-30,17,direct_category_weather_holiday_segment,752415007.0,782309989.7234
2025-11-14,2025-12-01,17,direct_category_weather_holiday_segment,752093794.0,785685050.5206536
2025-11-15,2025-12-02,17,direct_category_weather_holiday_segment,774181582.0,784996358.6380451
2025-11-16,2025-12-03,17,direct_category_weather_holiday_segment,779128904.0,792562522.5421058
2025-11-17,2025-12-04,17,direct_category_weather_holiday_segment,780611840.0,814217594.4145668
2025-11-18,2025-12-05,17,direct_category_weather_holiday_segment,790342731.0,815425813.0010089
2025-11-19,2025-12-06,17,direct_category_weather_holiday_segment,783475966.0,802565554.5797797
2025-11-20,2025-12-07,17,direct_category_weather_holiday_segment,769662376.0,765730517.8540611
2025-11-21,2025-12-08,17,direct_category_weather_holiday_segment,781993536.0,789113103.4932377
2025-11-22,2025-12-09,17,direct_category_weather_holiday_segment,790459836.0,798389270.2579013
2025-11-23,2025-12-10,17,direct_category_weather_holiday_segment,793331038.0,788103623.6088399
2025-11-24,2025-12-11,17,direct_category_weather_holiday_segment,792303023.0,788286132.2533582
2025-11-25,2025-12-12,17,direct_category_weather_holiday_segment,805771337.0,805050293.8779341
2025-11-26,2025-12-13,17,direct_category_weather_holiday_segment,805919635.0,789431160.7998149
2025-11-27,2025-12-14,17,direct_category_weather_holiday_segment,775261923.0,794973021.688184
2025-11-28,2025-12-15,17,direct_category_weather_holiday_segment,800205024.0,809220807.2599406
2025-11-29,2025-12-16,17,direct_category_weather_holiday_segment,791223092.0,794237902.8343796
2025-11-30,2025-12-17,17,direct_category_weather_holiday_segment,797873177.0,786342495.4101123
2025-12-01,2025-12-18,17,direct_category_weather_holiday_segment,807913091.0,794415498.565066
2025-12-02,2025-12-19,17,direct_category_weather_holiday_segment,813412227.0,783499031.9618974
2025-12-03,2025-12-20,17,direct_category_weather_holiday_segment,800554656.0,763818993.5048406
2025-12-04,2025-12-21,17,direct_category_weather_holiday_segment,775722494.0,762416650.3999231
2025-12-05,2025-12-22,17,direct_category_weather_holiday_segment,800416947.0,786072825.6489879
2025-12-06,2025-12-23,17,direct_category_weather_holiday_segment,805434213.0,777762906.4062158
2025-12-07,2025-12-24,17,direct_category_weather_holiday_segment,803732375.0,776671943.4056903
2025-12-08,2025-12-25,17,direct_category_weather_holiday_segment,824337857.0,802502428.947235
2025-12-09,2025-12-26,17,direct_category_weather_holiday_segment,812520530.0,820331097.7364001
2025-12-10,2025-12-27,17,direct_category_weather_holiday_segment,813024286.0,796487995.6666073
2025-12-11,2025-12-28,17,direct_category_weather_holiday_segment,798511867.0,774202001.540725
2025-12-12,2025-12-29,17,direct_category_weather_holiday_segment,801303829.0,794915328.0634716
2025-12-13,2025-12-30,17,direct_category_weather_holiday_segment,799723069.0,802221286.8968209
2025-12-14,2025-12-31,17,direct_category_weather_holiday_segment,783373686.0,818263994.6689539
2025-12-15,2026-01-01,17,direct_category_weather_holiday_segment,707758012.0,720769431.4081496
2025-12-16,2026-01-02,17,direct_category_weather_holiday_segment,741910307.0,743970430.4209607
2025-12-17,2026-01-03,17,direct_category_weather_holiday_segment,801935633.0,777900278.0935141
2025-12-18,2026-01-04,17,direct_category_weather_holiday_segment,820839320.0,772561931.5146569
2025-12-19,2026-01-05,17,direct_category_weather_holiday_segment,819629944.0,805387070.7510154
2025-12-20,2026-01-06,17,direct_category_weather_holiday_segment,848208043.0,828767850.9925581
2025-12-21,2026-01-07,17,direct_category_weather_holiday_segment,836618404.0,815725255.3681899
2025-12-22,2026-01-08,17,direct_category_weather_holiday_segment,845715705.0,818389278.9990032
2025-12-23,2026-01-09,17,direct_category_weather_holiday_segment,845779172.0,812765833.9249347
2025-09-13,2025-10-01,18,direct_category_weather_holiday,893877447.0,886123023.0077064
2025-09-14,2025-10-02,18,direct_category_weather_holiday,877524402.0,867601277.8717209
2025-09-15,2025-10-03,18,direct_category_weather_holiday,906128774.0,865835697.7739718
2025-09-16,2025-10-04,18,direct_category_weather_holiday,947397946.0,885531860.4976171
2025-09-17,2025-10-05,18,direct_category_weather_holiday,967898095.0,879842103.891536
2025-09-18,2025-10-06,18,direct_category_weather_holiday,909397624.0,877316894.6472493
2025-09-19,2025-10-07,18,direct_category_weather_holiday,958058211.0,871622800.5474558
2025-09-20,2025-10-08,18,direct_category_weather_holiday,1002652065.0,863348838.906455
2025-09-21,2025-10-09,18,direct_category_weather_holiday,1006596066.0,952759950.2319453
2025-09-22,2025-10-10,18,direct_category_weather_holiday,988218980.0,925807050.3025566
2025-09-23,2025-10-11,18,direct_category_weather_holiday,993216057.0,920279237.2160574
2025-09-24,2025-10-12,18,direct_category_weather_holiday,982996119.0,929388350.5581942
2025-09-25,2025-10-13,18,direct_category_weather_holiday,994158096.0,955746822.4412111
2025-09-26,2025-10-14,18,direct_category_weather_holiday,999440675.0,943621549.6636333
2025-09-27,2025-10-15,18,direct_category_weather_holiday,979563855.0,930136344.090523
2025-09-28,2025-10-16,18,direct_category_weather_holiday,973453600.0,924117418.3762742
2025-09-29,2025-10-17,18,direct_category_weather_holiday,976535370.0,933647908.2851156
2025-09-30,2025-10-18,18,direct_category_weather_holiday,976325746.0,924978712.7970709
2025-10-01,2025-10-19,18,direct_category_weather_holiday,896789087.0,866999046.8864896
2025-10-02,2025-10-20,18,direct_category_weather_holiday,853624251.0,822129265.4025565
2025-10-03,2025-10-21,18,direct_category_weather_holiday,795444895.0,812391396.7721437
2025-10-04,2025-10-22,18,direct_category_weather_holiday,783518576.0,814349544.2634361
2025-10-05,2025-10-23,18,direct_category_weather_holiday,783134792.0,816276861.9780431
2025-10-06,2025-10-24,18,direct_category_weather_holiday,786285205.0,831739980.3000922
2025-10-07,2025-10-25,18,direct_category_weather_holiday,787344834.0,843164875.7696502
2025-10-08,2025-10-26,18,direct_category_weather_holiday,788309358.0,831580339.7359966
2025-10-09,2025-10-27,18,direct_category_weather_holiday,788347388.0,828104682.7336514
2025-10-10,2025-10-28,18,direct_category_weather_holiday,803213606.0,813722831.8870844
2025-10-11,2025-10-29,18,direct_category_weather_holiday,791815205.0,804872141.8960783
2025-10-12,2025-10-30,18,direct_category_weather_holiday,801523722.0,824869322.2983652
2025-10-13,2025-10-31,18,direct_category_weather_holiday,806599754.0,841560522.3832979
2025-10-14,2025-11-01,18,direct_category_weather_holiday,760921367.0,816375639.4502364
2025-10-15,2025-11-02,18,direct_category_weather_holiday,744828378.0,818901131.3155049
2025-10-16,2025-11-03,18,direct_category_weather_holiday,780447693.0,817694302.1058363
2025-10-17,2025-11-04,18,direct_category_weather_holiday,782600645.0,813213901.1731243
2025-10-18,2025-11-05,18,direct_category_weather_holiday,784108702.0,811431022.0751245
2025-10-19,2025-11-06,18,direct_category_weather_holiday,789959014.0,823639460.4390446
2025-10-20,2025-11-07,18,direct_category_weather_holiday,808798324.0,839025624.8165638
2025-10-21,2025-11-08,18,direct_category_weather_holiday,816286170.0,824647930.329265
2025-10-22,2025-11-09,18,direct_category_weather_holiday,794671570.0,800985625.8723941
2025-10-23,2025-11-10,18,direct_category_weather_holiday,803150509.0,806334890.6838514
2025-10-24,2025-11-11,18,direct_category_weather_holiday,811031660.0,794701040.6066955
2025-10-25,2025-11-12,18,direct_category_weather_holiday,800371284.0,789014431.0252932
2025-10-26,2025-11-13,18,direct_category_weather_holiday,795412883.0,785475385.6271914
2025-10-27,2025-11-14,18,direct_category_weather_holiday,784929625.0,794276176.350133
2025-10-28,2025-11-15,18,direct_category_weather_holiday,771969074.0,780308232.9828551
2025-10-29,2025-11-16,18,direct_category_weather_holiday,748102925.0,782847605.6012007
2025-10-30,2025-11-17,18,direct_category_weather_holiday,784946049.0,791475348.1698866
2025-10-31,2025-11-18,18,direct_category_weather_holiday,802372785.0,808473287.7219033
2025-11-01,2025-11-19,18,direct_category_weather_holiday,785536331.0,812200087.4412918
2025-11-02,2025-11-20,18,direct_category_weather_holiday,789566797.0,805619759.5201944
2025-11-03,2025-11-21,18,direct_category_weather_holiday,781713368.0,822936621.002128
2025-11-04,2025-11-22,18,direct_category_weather_holiday,777234266.0,812166635.0581067
2025-11-05,2025-11-23,18,direct_category_weather_holiday,763587139.0,783403146.6395456
2025-11-06,2025-11-24,18,direct_category_weather_holiday,787419759.0,797932015.6047833
2025-11-07,2025-11-25,18,direct_category_weather_holiday,779113247.0,807981952.9575169
2025-11-08,2025-11-26,18,direct_category_weather_holiday,779056661.0,816727068.7146099
2025-11-09,2025-11-27,18,direct_category_weather_holiday,785923784.0,806491462.050541
2025-11-10,2025-11-28,18,direct_category_weather_holiday,793532772.0,820839148.1239535
2025-11-11,2025-11-29,18,direct_category_weather_holiday,775439198.0,807834382.5233104
2025-11-12,2025-11-30,18,direct_category_weather_holiday,752415007.0,794680264.3957158
2025-11-13,2025-12-01,18,direct_category_weather_holiday,752093794.0,805238041.9286013
2025-11-14,2025-12-02,18,direct_category_weather_holiday,774181582.0,800794632.2467706
2025-11-15,2025-12-03,18,direct_category_weather_holiday,779128904.0,810564880.2225676
2025-11-16,2025-12-04,18,direct_category_weather_holiday,780611840.0,812128152.0506868
2025-11-17,2025-12-05,18,direct_category_weather_holiday,790342731.0,812940032.8212956
2025-11-18,2025-12-06,18,direct_category_weather_holiday,783475966.0,806967365.1509342
2025-11-19,2025-12-07,18,direct_category_weather_holiday,769662376.0,783511409.1608508
2025-11-20,2025-12-08,18,direct_category_weather_holiday,781993536.0,795723078.6015837
2025-11-21,2025-12-09,18,direct_category_weather_holiday,790459836.0,806605961.2343239
2025-11-22,2025-12-10,18,direct_category_weather_holiday,793331038.0,791229731.539753
2025-11-23,2025-12-11,18,direct_category_weather_holiday,792303023.0,791923980.1225166
2025-11-24,2025-12-12,18,direct_category_weather_holiday,805771337.0,807176343.3608133
2025-11-25,2025-12-13,18,direct_category_weather_holiday,805919635.0,803040666.158031
2025-11-26,2025-12-14,18,direct_category_weather_holiday,775261923.0,804695413.4367443
2025-11-27,2025-12-15,18,direct_category_weather_holiday,800205024.0,811627497.8092322
2025-11-28,2025-12-16,18,direct_category_weather_holiday,791223092.0,800091049.6238872
2025-11-29,2025-12-17,18,direct_category_weather_holiday,797873177.0,800419881.624671
2025-11-30,2025-12-18,18,direct_category_weather_holiday,807913091.0,800823881.6134117
2025-12-01,2025-12-19,18,direct_category_weather_holiday,813412227.0,792087319.8269621
2025-12-02,2025-12-20,18,direct_category_weather_holiday,800554656.0,782341793.3796086
2025-12-03,2025-12-21,18,direct_category_weather_holiday,775722494.0,770603574.2716838
2025-12-04,2025-12-22,18,direct_category_weather_holiday,800416947.0,793587208.8606408
2025-12-05,2025-12-23,18,direct_category_weather_holiday,805434213.0,784278055.1073345
2025-12-06,2025-12-24,18,direct_category_weather_holiday,803732375.0,786425442.6869551
2025-12-07,2025-12-25,18,direct_category_weather_holiday,824337857.0,800529360.9915373
2025-12-08,2025-12-26,18,direct_category_weather_holiday,812520530.0,829977848.4834355
2025-12-09,2025-12-27,18,direct_category_weather_holiday,813024286.0,798946052.9046637
2025-12-10,2025-12-28,18,direct_category_weather_holiday,798511867.0,780909708.1380246
2025-12-11,2025-12-29,18,direct_category_weather_holiday,801303829.0,791626566.794204
2025-12-12,2025-12-30,18,direct_category_weather_holiday,799723069.0,791263520.1831745
2025-12-13,2025-12-31,18,direct_category_weather_holiday,783373686.0,802841380.6224806
2025-12-14,2026-01-01,18,direct_category_weather_holiday,707758012.0,723936766.7572439
2025-12-15,2026-01-02,18,direct_category_weather_holiday,741910307.0,733647794.7631235
2025-12-16,2026-01-03,18,direct_category_weather_holiday,801935633.0,759453360.7672501
2025-12-17,2026-01-04,18,direct_category_weather_holiday,820839320.0,766386009.4057579
2025-12-18,2026-01-05,18,direct_category_weather_holiday,819629944.0,794581070.4323108
2025-12-19,2026-01-06,18,direct_category_weather_holiday,848208043.0,812408107.246806
2025-12-20,2026-01-07,18,direct_category_weather_holiday,836618404.0,819636950.6178361
2025-12-21,2026-01-08,18,direct_category_weather_holiday,845715705.0,813872584.528241
2025-12-22,2026-01-09,18,direct_category_weather_holiday,845779172.0,818209152.2113239
2025-09-13,2025-10-01,18,direct_category_weather_holiday_segment,893877447.0,882065550.2716515
2025-09-14,2025-10-02,18,direct_category_weather_holiday_segment,877524402.0,875255588.8833612
2025-09-15,2025-10-03,18,direct_category_weather_holiday_segment,906128774.0,884336247.436305
2025-09-16,2025-10-04,18,direct_category_weather_holiday_segment,947397946.0,915115888.0933642
2025-09-17,2025-10-05,18,direct_category_weather_holiday_segment,967898095.0,919871464.0616763
2025-09-18,2025-10-06,18,direct_category_weather_holiday_segment,909397624.0,927848198.7658727
2025-09-19,2025-10-07,18,direct_category_weather_holiday_segment,958058211.0,934220135.1112196
2025-09-20,2025-10-08,18,direct_category_weather_holiday_segment,1002652065.0,938882280.1136768
2025-09-21,2025-10-09,18,direct_category_weather_holiday_segment,1006596066.0,940301770.415662
2025-09-22,2025-10-10,18,direct_category_weather_holiday_segment,988218980.0,914288869.7536349
2025-09-23,2025-10-11,18,direct_category_weather_holiday_segment,993216057.0,903036888.901463
2025-09-24,2025-10-12,18,direct_category_weather_holiday_segment,982996119.0,923353224.4318928
2025-09-25,2025-10-13,18,direct_category_weather_holiday_segment,994158096.0,947257443.841836
2025-09-26,2025-10-14,18,direct_category_weather_holiday_segment,999440675.0,936049596.8669652
2025-09-27,2025-10-15,18,direct_category_weather_holiday_segment,979563855.0,925439801.7695885
2025-09-28,2025-10-16,18,direct_category_weather_holiday_segment,973453600.0,919445842.4245515
2025-09-29,2025-10-17,18,direct_category_weather_holiday_segment,976535370.0,926625160.1814905
2025-09-30,2025-10-18,18,direct_category_weather_holiday_segment,976325746.0,918988712.3561127
2025-10-01,2025-10-19,18,direct_category_weather_holiday_segment,896789087.0,863251466.1016841
2025-10-02,2025-10-20,18,direct_category_weather_holiday_segment,853624251.0,814916991.1359159
2025-10-03,2025-10-21,18,direct_category_weather_holiday_segment,795444895.0,804306100.5431908
2025-10-04,2025-10-22,18,direct_category_weather_holiday_segment,783518576.0,808660132.5386969
2025-10-05,2025-10-23,18,direct_category_weather_holiday_segment,783134792.0,812348471.2422509
2025-10-06,2025-10-24,18,direct_category_weather_holiday_segment,786285205.0,824715114.4248451
2025-10-07,2025-10-25,18,direct_category_weather_holiday_segment,787344834.0,836591891.6860043
2025-10-08,2025-10-26,18,direct_category_weather_holiday_segment,788309358.0,828961706.1402832
2025-10-09,2025-10-27,18,direct_category_weather_holiday_segment,788347388.0,825703310.5169451
2025-10-10,2025-10-28,18,direct_category_weather_holiday_segment,803213606.0,811309473.8174157
2025-10-11,2025-10-29,18,direct_category_weather_holiday_segment,791815205.0,806450672.5811777
2025-10-12,2025-10-30,18,direct_category_weather_holiday_segment,801523722.0,827667866.2835361
2025-10-13,2025-10-31,18,direct_category_weather_holiday_segment,806599754.0,839183839.6863049
2025-10-14,2025-11-01,18,direct_category_weather_holiday_segment,760921367.0,812266757.5509428
2025-10-15,2025-11-02,18,direct_category_weather_holiday_segment,744828378.0,812462751.1055317
2025-10-16,2025-11-03,18,direct_category_weather_holiday_segment,780447693.0,812297246.5147567
2025-10-17,2025-11-04,18,direct_category_weather_holiday_segment,782600645.0,808401851.8009571
2025-10-18,2025-11-05,18,direct_category_weather_holiday_segment,784108702.0,807928303.5454463
2025-10-19,2025-11-06,18,direct_category_weather_holiday_segment,789959014.0,819897697.2478174
2025-10-20,2025-11-07,18,direct_category_weather_holiday_segment,808798324.0,833813898.991119
2025-10-21,2025-11-08,18,direct_category_weather_holiday_segment,816286170.0,819983395.9393849
2025-10-22,2025-11-09,18,direct_category_weather_holiday_segment,794671570.0,795050572.6476042
2025-10-23,2025-11-10,18,direct_category_weather_holiday_segment,803150509.0,796871812.3988882
2025-10-24,2025-11-11,18,direct_category_weather_holiday_segment,811031660.0,784755334.5358572
2025-10-25,2025-11-12,18,direct_category_weather_holiday_segment,800371284.0,784271493.8846803
2025-10-26,2025-11-13,18,direct_category_weather_holiday_segment,795412883.0,777753907.8236618
2025-10-27,2025-11-14,18,direct_category_weather_holiday_segment,784929625.0,785704846.6476349
2025-10-28,2025-11-15,18,direct_category_weather_holiday_segment,771969074.0,772761024.0653319
2025-10-29,2025-11-16,18,direct_category_weather_holiday_segment,748102925.0,772521973.9791749
2025-10-30,2025-11-17,18,direct_category_weather_holiday_segment,784946049.0,779521924.3012184
2025-10-31,2025-11-18,18,direct_category_weather_holiday_segment,802372785.0,802390072.4429138
2025-11-01,2025-11-19,18,direct_category_weather_holiday_segment,785536331.0,813393525.2294047
2025-11-02,2025-11-20,18,direct_category_weather_holiday_segment,789566797.0,804980587.6198364
2025-11-03,2025-11-21,18,direct_category_weather_holiday_segment,781713368.0,815535342.4628935
2025-11-04,2025-11-22,18,direct_category_weather_holiday_segment,777234266.0,805782162.301967
2025-11-05,2025-11-23,18,direct_category_weather_holiday_segment,763587139.0,776531888.9858545
2025-11-06,2025-11-24,18,direct_category_weather_holiday_segment,787419759.0,786977639.2398143
2025-11-07,2025-11-25,18,direct_category_weather_holiday_segment,779113247.0,801821428.4715959
2025-11-08,2025-11-26,18,direct_category_weather_holiday_segment,779056661.0,817304436.3006994
2025-11-09,2025-11-27,18,direct_category_weather_holiday_segment,785923784.0,807523059.4509227
2025-11-10,2025-11-28,18,direct_category_weather_holiday_segment,793532772.0,815775878.4361885
2025-11-11,2025-11-29,18,direct_category_weather_holiday_segment,775439198.0,803211790.5540711
2025-11-12,2025-11-30,18,direct_category_weather_holiday_segment,752415007.0,787029040.3374815
2025-11-13,2025-12-01,18,direct_category_weather_holiday_segment,752093794.0,792811127.9747078
2025-11-14,2025-12-02,18,direct_category_weather_holiday_segment,774181582.0,790886660.0391057
2025-11-15,2025-12-03,18,direct_category_weather_holiday_segment,779128904.0,806858621.7106953
2025-11-16,2025-12-04,18,direct_category_weather_holiday_segment,780611840.0,811030989.1382641
2025-11-17,2025-12-05,18,direct_category_weather_holiday_segment,790342731.0,805797260.6611043
2025-11-18,2025-12-06,18,direct_category_weather_holiday_segment,783475966.0,801363576.6706938
2025-11-19,2025-12-07,18,direct_category_weather_holiday_segment,769662376.0,775941112.518539
2025-11-20,2025-12-08,18,direct_category_weather_holiday_segment,781993536.0,787172957.477193
2025-11-21,2025-12-09,18,direct_category_weather_holiday_segment,790459836.0,801085094.2502648
2025-11-22,2025-12-10,18,direct_category_weather_holiday_segment,793331038.0,786380125.7204415
2025-11-23,2025-12-11,18,direct_category_weather_holiday_segment,792303023.0,786689330.0663913
2025-11-24,2025-12-12,18,direct_category_weather_holiday_segment,805771337.0,798321952.931467
2025-11-25,2025-12-13,18,direct_category_weather_holiday_segment,805919635.0,796929279.3449191
2025-11-26,2025-12-14,18,direct_category_weather_holiday_segment,775261923.0,800873293.5833383
2025-11-27,2025-12-15,18,direct_category_weather_holiday_segment,800205024.0,808784742.7516991
2025-11-28,2025-12-16,18,direct_category_weather_holiday_segment,791223092.0,793431560.2338605
2025-11-29,2025-12-17,18,direct_category_weather_holiday_segment,797873177.0,793025552.3274767
2025-11-30,2025-12-18,18,direct_category_weather_holiday_segment,807913091.0,795134023.4529552
2025-12-01,2025-12-19,18,direct_category_weather_holiday_segment,813412227.0,782047621.6250907
2025-12-02,2025-12-20,18,direct_category_weather_holiday_segment,800554656.0,769655643.008749
2025-12-03,2025-12-21,18,direct_category_weather_holiday_segment,775722494.0,760641560.6024648
2025-12-04,2025-12-22,18,direct_category_weather_holiday_segment,800416947.0,785257341.2430961
2025-12-05,2025-12-23,18,direct_category_weather_holiday_segment,805434213.0,773769615.7592671
2025-12-06,2025-12-24,18,direct_category_weather_holiday_segment,803732375.0,776396860.7404287
2025-12-07,2025-12-25,18,direct_category_weather_holiday_segment,824337857.0,796099287.7336379
2025-12-08,2025-12-26,18,direct_category_weather_holiday_segment,812520530.0,827835750.2455434
2025-12-09,2025-12-27,18,direct_category_weather_holiday_segment,813024286.0,796542056.3153319
2025-12-10,2025-12-28,18,direct_category_weather_holiday_segment,798511867.0,775727025.662468
2025-12-11,2025-12-29,18,direct_category_weather_holiday_segment,801303829.0,799481367.0211431
2025-12-12,2025-12-30,18,direct_category_weather_holiday_segment,799723069.0,798602919.920291
2025-12-13,2025-12-31,18,direct_category_weather_holiday_segment,783373686.0,813923745.3660457
2025-12-14,2026-01-01,18,direct_category_weather_holiday_segment,707758012.0,731622069.2252073
2025-12-15,2026-01-02,18,direct_category_weather_holiday_segment,741910307.0,753416356.9708847
2025-12-16,2026-01-03,18,direct_category_weather_holiday_segment,801935633.0,793503777.4763025
2025-12-17,2026-01-04,18,direct_category_weather_holiday_segment,820839320.0,768330610.0670154
2025-12-18,2026-01-05,18,direct_category_weather_holiday_segment,819629944.0,801490194.9872979
2025-12-19,2026-01-06,18,direct_category_weather_holiday_segment,848208043.0,822808891.2340297
2025-12-20,2026-01-07,18,direct_category_weather_holiday_segment,836618404.0,821907434.0458343
2025-12-21,2026-01-08,18,direct_category_weather_holiday_segment,845715705.0,814285321.4317662
2025-12-22,2026-01-09,18,direct_category_weather_holiday_segment,845779172.0,813678796.0159876
2025-09-12,2025-10-01,19,direct_category_weather_holiday,893877447.0,879427534.8084047
2025-09-13,2025-10-02,19,direct_category_weather_holiday,877524402.0,877928913.0934196
2025-09-14,2025-10-03,19,direct_category_weather_holiday,906128774.0,865547992.2928634
2025-09-15,2025-10-04,19,direct_category_weather_holiday,947397946.0,892905655.4297527
2025-09-16,2025-10-05,19,direct_category_weather_holiday,967898095.0,878429816.1799102
2025-09-17,2025-10-06,19,direct_category_weather_holiday,909397624.0,876519982.9463714
2025-09-18,2025-10-07,19,direct_category_weather_holiday,958058211.0,871229772.4729952
2025-09-19,2025-10-08,19,direct_category_weather_holiday,1002652065.0,863079778.6886623
2025-09-20,2025-10-09,19,direct_category_weather_holiday,1006596066.0,961509959.2599962
2025-09-21,2025-10-10,19,direct_category_weather_holiday,988218980.0,943295931.521747
2025-09-22,2025-10-11,19,direct_category_weather_holiday,993216057.0,927396227.6146338
2025-09-23,2025-10-12,19,direct_category_weather_holiday,982996119.0,920364202.6997094
2025-09-24,2025-10-13,19,direct_category_weather_holiday,994158096.0,956150123.5085641
2025-09-25,2025-10-14,19,direct_category_weather_holiday,999440675.0,946627319.0482711
2025-09-26,2025-10-15,19,direct_category_weather_holiday,979563855.0,938510583.2207031
2025-09-27,2025-10-16,19,direct_category_weather_holiday,973453600.0,927537728.5033355
2025-09-28,2025-10-17,19,direct_category_weather_holiday,976535370.0,927439208.4613165
2025-09-29,2025-10-18,19,direct_category_weather_holiday,976325746.0,921002262.1632522
2025-09-30,2025-10-19,19,direct_category_weather_holiday,896789087.0,882284578.3779467
2025-10-01,2025-10-20,19,direct_category_weather_holiday,853624251.0,828512471.7590995
2025-10-02,2025-10-21,19,direct_category_weather_holiday,795444895.0,820574708.4798533
2025-10-03,2025-10-22,19,direct_category_weather_holiday,783518576.0,813055522.4678901
2025-10-04,2025-10-23,19,direct_category_weather_holiday,783134792.0,820468070.2722255
2025-10-05,2025-10-24,19,direct_category_weather_holiday,786285205.0,819434756.3986278
2025-10-06,2025-10-25,19,direct_category_weather_holiday,787344834.0,825157923.3075227
2025-10-07,2025-10-26,19,direct_category_weather_holiday,788309358.0,830803501.2579652
2025-10-08,2025-10-27,19,direct_category_weather_holiday,788347388.0,842276592.7438884
2025-10-09,2025-10-28,19,direct_category_weather_holiday,803213606.0,822679386.5111016
2025-10-10,2025-10-29,19,direct_category_weather_holiday,791815205.0,813126420.3098468
2025-10-11,2025-10-30,19,direct_category_weather_holiday,801523722.0,817067557.4191184
2025-10-12,2025-10-31,19,direct_category_weather_holiday,806599754.0,822646251.412749
2025-10-13,2025-11-01,19,direct_category_weather_holiday,760921367.0,825262734.120653
2025-10-14,2025-11-02,19,direct_category_weather_holiday,744828378.0,798842493.9870073
2025-10-15,2025-11-03,19,direct_category_weather_holiday,780447693.0,834492415.575217
2025-10-16,2025-11-04,19,direct_category_weather_holiday,782600645.0,811386405.3039461
2025-10-17,2025-11-05,19,direct_category_weather_holiday,784108702.0,806573268.6110106
2025-10-18,2025-11-06,19,direct_category_weather_holiday,789959014.0,818456680.1032367
2025-10-19,2025-11-07,19,direct_category_weather_holiday,808798324.0,826499284.134701
2025-10-20,2025-11-08,19,direct_category_weather_holiday,816286170.0,836190325.4129034
2025-10-21,2025-11-09,19,direct_category_weather_holiday,794671570.0,805676213.5467321
2025-10-22,2025-11-10,19,direct_category_weather_holiday,803150509.0,809338584.7761835
2025-10-23,2025-11-11,19,direct_category_weather_holiday,811031660.0,799568637.9440497
2025-10-24,2025-11-12,19,direct_category_weather_holiday,800371284.0,793446400.7125204
2025-10-25,2025-11-13,19,direct_category_weather_holiday,795412883.0,786591597.9395494
2025-10-26,2025-11-14,19,direct_category_weather_holiday,784929625.0,796543781.237853
2025-10-27,2025-11-15,19,direct_category_weather_holiday,771969074.0,784533131.0943058
2025-10-28,2025-11-16,19,direct_category_weather_holiday,748102925.0,768282429.9675833
2025-10-29,2025-11-17,19,direct_category_weather_holiday,784946049.0,811441536.8072907
2025-10-30,2025-11-18,19,direct_category_weather_holiday,802372785.0,819222219.0332639
2025-10-31,2025-11-19,19,direct_category_weather_holiday,785536331.0,826074962.5411845
2025-11-01,2025-11-20,19,direct_category_weather_holiday,789566797.0,812242088.0227333
2025-11-02,2025-11-21,19,direct_category_weather_holiday,781713368.0,805896772.1980686
2025-11-03,2025-11-22,19,direct_category_weather_holiday,777234266.0,820514462.5237585
2025-11-04,2025-11-23,19,direct_category_weather_holiday,763587139.0,790940133.1230296
2025-11-05,2025-11-24,19,direct_category_weather_holiday,787419759.0,807312386.9687473
2025-11-06,2025-11-25,19,direct_category_weather_holiday,779113247.0,816800289.0779253
2025-11-07,2025-11-26,19,direct_category_weather_holiday,779056661.0,817176462.095708
2025-11-08,2025-11-27,19,direct_category_weather_holiday,785923784.0,818440863.0721942
2025-11-09,2025-11-28,19,direct_category_weather_holiday,793532772.0,820145722.2913495
2025-11-10,2025-11-29,19,direct_category_weather_holiday,775439198.0,801017729.4071119
2025-11-11,2025-11-30,19,direct_category_weather_holiday,752415007.0,797138279.6248804
2025-11-12,2025-12-01,19,direct_category_weather_holiday,752093794.0,809485800.9095459
2025-11-13,2025-12-02,19,direct_category_weather_holiday,774181582.0,808221669.4238424
2025-11-14,2025-12-03,19,direct_category_weather_holiday,779128904.0,816751502.6424154
2025-11-15,2025-12-04,19,direct_category_weather_holiday,780611840.0,827707785.2373086
2025-11-16,2025-12-05,19,direct_category_weather_holiday,790342731.0,805332822.7372134
2025-11-17,2025-12-06,19,direct_category_weather_holiday,783475966.0,799672130.291524
2025-11-18,2025-12-07,19,direct_category_weather_holiday,769662376.0,784046564.2704175
2025-11-19,2025-12-08,19,direct_category_weather_holiday,781993536.0,806263011.1259086
2025-11-20,2025-12-09,19,direct_category_weather_holiday,790459836.0,804679657.5893193
2025-11-21,2025-12-10,19,direct_category_weather_holiday,793331038.0,791708740.9127837
2025-11-22,2025-12-11,19,direct_category_weather_holiday,792303023.0,789283226.8450722
2025-11-23,2025-12-12,19,direct_category_weather_holiday,805771337.0,804117495.8050991
2025-11-24,2025-12-13,19,direct_category_weather_holiday,805919635.0,795113007.5038176
2025-11-25,2025-12-14,19,direct_category_weather_holiday,775261923.0,811143607.0850683
2025-11-26,2025-12-15,19,direct_category_weather_holiday,800205024.0,817155928.7632056
2025-11-27,2025-12-16,19,direct_category_weather_holiday,791223092.0,798365619.6278611
2025-11-28,2025-12-17,19,direct_category_weather_holiday,797873177.0,798898181.5396003
2025-11-29,2025-12-18,19,direct_category_weather_holiday,807913091.0,808222770.4646778
2025-11-30,2025-12-19,19,direct_category_weather_holiday,813412227.0,790712941.2118634
2025-12-01,2025-12-20,19,direct_category_weather_holiday,800554656.0,778114275.342
2025-12-02,2025-12-21,19,direct_category_weather_holiday,775722494.0,777128740.2771953
2025-12-03,2025-12-22,19,direct_category_weather_holiday,800416947.0,792292491.0766813
2025-12-04,2025-12-23,19,direct_category_weather_holiday,805434213.0,783001008.2962058
2025-12-05,2025-12-24,19,direct_category_weather_holiday,803732375.0,783072934.3950285
2025-12-06,2025-12-25,19,direct_category_weather_holiday,824337857.0,802646286.8862739
2025-12-07,2025-12-26,19,direct_category_weather_holiday,812520530.0,825087314.8017821
2025-12-08,2025-12-27,19,direct_category_weather_holiday,813024286.0,805394046.7533437
2025-12-09,2025-12-28,19,direct_category_weather_holiday,798511867.0,780487085.5800179
2025-12-10,2025-12-29,19,direct_category_weather_holiday,801303829.0,793377384.2572391
2025-12-11,2025-12-30,19,direct_category_weather_holiday,799723069.0,792938705.9550159
2025-12-12,2025-12-31,19,direct_category_weather_holiday,783373686.0,798422213.0040636
2025-12-13,2026-01-01,19,direct_category_weather_holiday,707758012.0,719414087.8909612
2025-12-14,2026-01-02,19,direct_category_weather_holiday,741910307.0,737397882.2843328
2025-12-15,2026-01-03,19,direct_category_weather_holiday,801935633.0,764529901.1864742
2025-12-16,2026-01-04,19,direct_category_weather_holiday,820839320.0,774872504.533812
2025-12-17,2026-01-05,19,direct_category_weather_holiday,819629944.0,792523473.3305765
2025-12-18,2026-01-06,19,direct_category_weather_holiday,848208043.0,809054036.5916556
2025-12-19,2026-01-07,19,direct_category_weather_holiday,836618404.0,814808805.6584857
2025-12-20,2026-01-08,19,direct_category_weather_holiday,845715705.0,818646795.5393214
2025-12-21,2026-01-09,19,direct_category_weather_holiday,845779172.0,812132857.8422555
2025-09-12,2025-10-01,19,direct_category_weather_holiday_segment,893877447.0,875542214.6213017
2025-09-13,2025-10-02,19,direct_category_weather_holiday_segment,877524402.0,883902939.6486995
2025-09-14,2025-10-03,19,direct_category_weather_holiday_segment,906128774.0,880932347.8315921
2025-09-15,2025-10-04,19,direct_category_weather_holiday_segment,947397946.0,920783750.9957343
2025-09-16,2025-10-05,19,direct_category_weather_holiday_segment,967898095.0,917746904.4734709
2025-09-17,2025-10-06,19,direct_category_weather_holiday_segment,909397624.0,927170915.0035138
2025-09-18,2025-10-07,19,direct_category_weather_holiday_segment,958058211.0,933905032.4256705
2025-09-19,2025-10-08,19,direct_category_weather_holiday_segment,1002652065.0,939602756.7385262
2025-09-20,2025-10-09,19,direct_category_weather_holiday_segment,1006596066.0,947582169.6690577
2025-09-21,2025-10-10,19,direct_category_weather_holiday_segment,988218980.0,928918335.9622172
2025-09-22,2025-10-11,19,direct_category_weather_holiday_segment,993216057.0,908442311.4625634
2025-09-23,2025-10-12,19,direct_category_weather_holiday_segment,982996119.0,914130708.2806765
2025-09-24,2025-10-13,19,direct_category_weather_holiday_segment,994158096.0,947901619.2737743
2025-09-25,2025-10-14,19,direct_category_weather_holiday_segment,999440675.0,939397304.118528
2025-09-26,2025-10-15,19,direct_category_weather_holiday_segment,979563855.0,933626770.975403
2025-09-27,2025-10-16,19,direct_category_weather_holiday_segment,973453600.0,921558715.7637666
2025-09-28,2025-10-17,19,direct_category_weather_holiday_segment,976535370.0,919746571.5187784
2025-09-29,2025-10-18,19,direct_category_weather_holiday_segment,976325746.0,915039168.2383538
2025-09-30,2025-10-19,19,direct_category_weather_holiday_segment,896789087.0,876028645.1810869
2025-10-01,2025-10-20,19,direct_category_weather_holiday_segment,853624251.0,822932031.6067213
2025-10-02,2025-10-21,19,direct_category_weather_holiday_segment,795444895.0,811207163.8432363
2025-10-03,2025-10-22,19,direct_category_weather_holiday_segment,783518576.0,806559912.2106699
2025-10-04,2025-10-23,19,direct_category_weather_holiday_segment,783134792.0,815345180.4558347
2025-10-05,2025-10-24,19,direct_category_weather_holiday_segment,786285205.0,814358427.5384372
2025-10-06,2025-10-25,19,direct_category_weather_holiday_segment,787344834.0,821008162.4714936
2025-10-07,2025-10-26,19,direct_category_weather_holiday_segment,788309358.0,823136793.5138117
2025-10-08,2025-10-27,19,direct_category_weather_holiday_segment,788347388.0,837721666.3481544
2025-10-09,2025-10-28,19,direct_category_weather_holiday_segment,803213606.0,821585533.0182256
2025-10-10,2025-10-29,19,direct_category_weather_holiday_segment,791815205.0,815989405.6216298
2025-10-11,2025-10-30,19,direct_category_weather_holiday_segment,801523722.0,819235576.7174586
2025-10-12,2025-10-31,19,direct_category_weather_holiday_segment,806599754.0,823168414.2772852
2025-10-13,2025-11-01,19,direct_category_weather_holiday_segment,760921367.0,822838104.1802353
2025-10-14,2025-11-02,19,direct_category_weather_holiday_segment,744828378.0,793578843.1449114
2025-10-15,2025-11-03,19,direct_category_weather_holiday_segment,780447693.0,828183241.103393
2025-10-16,2025-11-04,19,direct_category_weather_holiday_segment,782600645.0,807154328.6457058
2025-10-17,2025-11-05,19,direct_category_weather_holiday_segment,784108702.0,800518478.9149076
2025-10-18,2025-11-06,19,direct_category_weather_holiday_segment,789959014.0,815049170.0354246
2025-10-19,2025-11-07,19,direct_category_weather_holiday_segment,808798324.0,820775824.7977246
2025-10-20,2025-11-08,19,direct_category_weather_holiday_segment,816286170.0,829296010.5999612
2025-10-21,2025-11-09,19,direct_category_weather_holiday_segment,794671570.0,798716253.8193995
2025-10-22,2025-11-10,19,direct_category_weather_holiday_segment,803150509.0,798237843.5766822
2025-10-23,2025-11-11,19,direct_category_weather_holiday_segment,811031660.0,790111467.8142062
2025-10-24,2025-11-12,19,direct_category_weather_holiday_segment,800371284.0,787432397.329636
2025-10-25,2025-11-13,19,direct_category_weather_holiday_segment,795412883.0,781880133.5342261
2025-10-26,2025-11-14,19,direct_category_weather_holiday_segment,784929625.0,788590719.8247117
2025-10-27,2025-11-15,19,direct_category_weather_holiday_segment,771969074.0,778179267.5766894
2025-10-28,2025-11-16,19,direct_category_weather_holiday_segment,748102925.0,758872836.5887998
2025-10-29,2025-11-17,19,direct_category_weather_holiday_segment,784946049.0,798875214.4404968
2025-10-30,2025-11-18,19,direct_category_weather_holiday_segment,802372785.0,810965535.5696183
2025-10-31,2025-11-19,19,direct_category_weather_holiday_segment,785536331.0,825356564.2563337
2025-11-01,2025-11-20,19,direct_category_weather_holiday_segment,789566797.0,813229980.1988403
2025-11-02,2025-11-21,19,direct_category_weather_holiday_segment,781713368.0,800547097.4463204
2025-11-03,2025-11-22,19,direct_category_weather_holiday_segment,777234266.0,813664866.6772028
2025-11-04,2025-11-23,19,direct_category_weather_holiday_segment,763587139.0,781674878.3788794
2025-11-05,2025-11-24,19,direct_category_weather_holiday_segment,787419759.0,797681904.6503509
2025-11-06,2025-11-25,19,direct_category_weather_holiday_segment,779113247.0,810464022.5415586
2025-11-07,2025-11-26,19,direct_category_weather_holiday_segment,779056661.0,816728320.3140975
2025-11-08,2025-11-27,19,direct_category_weather_holiday_segment,785923784.0,817999199.2292007
2025-11-09,2025-11-28,19,direct_category_weather_holiday_segment,793532772.0,820358701.9299816
2025-11-10,2025-11-29,19,direct_category_weather_holiday_segment,775439198.0,796255834.6813158
2025-11-11,2025-11-30,19,direct_category_weather_holiday_segment,752415007.0,789283810.5431668
2025-11-12,2025-12-01,19,direct_category_weather_holiday_segment,752093794.0,797645316.536636
2025-11-13,2025-12-02,19,direct_category_weather_holiday_segment,774181582.0,798156300.4956597
2025-11-14,2025-12-03,19,direct_category_weather_holiday_segment,779128904.0,812708179.0183061
2025-11-15,2025-12-04,19,direct_category_weather_holiday_segment,780611840.0,827500857.9772052
2025-11-16,2025-12-05,19,direct_category_weather_holiday_segment,790342731.0,800528498.6411637
2025-11-17,2025-12-06,19,direct_category_weather_holiday_segment,783475966.0,792768098.9665977
2025-11-18,2025-12-07,19,direct_category_weather_holiday_segment,769662376.0,774031578.2814995
2025-11-19,2025-12-08,19,direct_category_weather_holiday_segment,781993536.0,796482084.9640371
2025-11-20,2025-12-09,19,direct_category_weather_holiday_segment,790459836.0,797966182.430704
2025-11-21,2025-12-10,19,direct_category_weather_holiday_segment,793331038.0,785463669.6475545
2025-11-22,2025-12-11,19,direct_category_weather_holiday_segment,792303023.0,782569115.240724
2025-11-23,2025-12-12,19,direct_category_weather_holiday_segment,805771337.0,796696913.3375775
2025-11-24,2025-12-13,19,direct_category_weather_holiday_segment,805919635.0,788627086.3751518
2025-11-25,2025-12-14,19,direct_category_weather_holiday_segment,775261923.0,808001772.0132416
2025-11-26,2025-12-15,19,direct_category_weather_holiday_segment,800205024.0,813789141.0805341
2025-11-27,2025-12-16,19,direct_category_weather_holiday_segment,791223092.0,791064196.5312537
2025-11-28,2025-12-17,19,direct_category_weather_holiday_segment,797873177.0,791666071.2789031
2025-11-29,2025-12-18,19,direct_category_weather_holiday_segment,807913091.0,801437755.6679701
2025-11-30,2025-12-19,19,direct_category_weather_holiday_segment,813412227.0,779621903.9900686
2025-12-01,2025-12-20,19,direct_category_weather_holiday_segment,800554656.0,766114263.0722755
2025-12-02,2025-12-21,19,direct_category_weather_holiday_segment,775722494.0,767247233.9571532
2025-12-03,2025-12-22,19,direct_category_weather_holiday_segment,800416947.0,783782094.9076067
2025-12-04,2025-12-23,19,direct_category_weather_holiday_segment,805434213.0,772367982.2353896
2025-12-05,2025-12-24,19,direct_category_weather_holiday_segment,803732375.0,772230962.6776642
2025-12-06,2025-12-25,19,direct_category_weather_holiday_segment,824337857.0,798041101.7006079
2025-12-07,2025-12-26,19,direct_category_weather_holiday_segment,812520530.0,822473661.4531535
2025-12-08,2025-12-27,19,direct_category_weather_holiday_segment,813024286.0,802872272.3824302
2025-12-09,2025-12-28,19,direct_category_weather_holiday_segment,798511867.0,775445778.8034364
2025-12-10,2025-12-29,19,direct_category_weather_holiday_segment,801303829.0,801761118.3556111
2025-12-11,2025-12-30,19,direct_category_weather_holiday_segment,799723069.0,801337605.2961112
2025-12-12,2025-12-31,19,direct_category_weather_holiday_segment,783373686.0,809702502.7649672
2025-12-13,2026-01-01,19,direct_category_weather_holiday_segment,707758012.0,728207333.7112075
2025-12-14,2026-01-02,19,direct_category_weather_holiday_segment,741910307.0,758368847.4553351
2025-12-15,2026-01-03,19,direct_category_weather_holiday_segment,801935633.0,798670385.9019271
2025-12-16,2026-01-04,19,direct_category_weather_holiday_segment,820839320.0,777635250.4731061
2025-12-17,2026-01-05,19,direct_category_weather_holiday_segment,819629944.0,799290246.4937575
2025-12-18,2026-01-06,19,direct_category_weather_holiday_segment,848208043.0,820329880.9287975
2025-12-19,2026-01-07,19,direct_category_weather_holiday_segment,836618404.0,815757679.4692796
2025-12-20,2026-01-08,19,direct_category_weather_holiday_segment,845715705.0,817995852.4674858
2025-12-21,2026-01-09,19,direct_category_weather_holiday_segment,845779172.0,808755539.7357671
2025-09-11,2025-10-01,20,direct_category_weather_holiday,893877447.0,885475537.165006
2025-09-12,2025-10-02,20,direct_category_weather_holiday,877524402.0,875071423.072523
2025-09-13,2025-10-03,20,direct_category_weather_holiday,906128774.0,879507688.622274
2025-09-14,2025-10-04,20,direct_category_weather_holiday,947397946.0,892981376.7951096
2025-09-15,2025-10-05,20,direct_category_weather_holiday,967898095.0,884238954.2251734
2025-09-16,2025-10-06,20,direct_category_weather_holiday,909397624.0,874641047.1889821
2025-09-17,2025-10-07,20,direct_category_weather_holiday,958058211.0,870145228.8177427
2025-09-18,2025-10-08,20,direct_category_weather_holiday,1002652065.0,863262343.1473516
2025-09-19,2025-10-09,20,direct_category_weather_holiday,1006596066.0,954538696.0220654
2025-09-20,2025-10-10,20,direct_category_weather_holiday,988218980.0,946789895.2246459
2025-09-21,2025-10-11,20,direct_category_weather_holiday,993216057.0,934860390.5633138
2025-09-22,2025-10-12,20,direct_category_weather_holiday,982996119.0,918569289.147188
2025-09-23,2025-10-13,20,direct_category_weather_holiday,994158096.0,946288200.5099348
2025-09-24,2025-10-14,20,direct_category_weather_holiday,999440675.0,943233697.8654627
2025-09-25,2025-10-15,20,direct_category_weather_holiday,979563855.0,937130616.2446293
2025-09-26,2025-10-16,20,direct_category_weather_holiday,973453600.0,932509669.3091806
2025-09-27,2025-10-17,20,direct_category_weather_holiday,976535370.0,928539413.7665528
2025-09-28,2025-10-18,20,direct_category_weather_holiday,976325746.0,915296926.8651534
2025-09-29,2025-10-19,20,direct_category_weather_holiday,896789087.0,880960723.8897518
2025-09-30,2025-10-20,20,direct_category_weather_holiday,853624251.0,838559348.1890922
2025-10-01,2025-10-21,20,direct_category_weather_holiday,795444895.0,819660625.0646763
2025-10-02,2025-10-22,20,direct_category_weather_holiday,783518576.0,814851429.9815445
2025-10-03,2025-10-23,20,direct_category_weather_holiday,783134792.0,812399976.539119
2025-10-04,2025-10-24,20,direct_category_weather_holiday,786285205.0,815756788.7849807
2025-10-05,2025-10-25,20,direct_category_weather_holiday,787344834.0,810862513.2940336
2025-10-06,2025-10-26,20,direct_category_weather_holiday,788309358.0,809455348.705276
2025-10-07,2025-10-27,20,direct_category_weather_holiday,788347388.0,840214461.1614739
2025-10-08,2025-10-28,20,direct_category_weather_holiday,803213606.0,836759183.879604
2025-10-09,2025-10-29,20,direct_category_weather_holiday,791815205.0,820013813.6996647
2025-10-10,2025-10-30,20,direct_category_weather_holiday,801523722.0,822247299.7717917
2025-10-11,2025-10-31,20,direct_category_weather_holiday,806599754.0,816331325.0941454
2025-10-12,2025-11-01,20,direct_category_weather_holiday,760921367.0,808140622.9702218
2025-10-13,2025-11-02,20,direct_category_weather_holiday,744828378.0,811309644.3987495
2025-10-14,2025-11-03,20,direct_category_weather_holiday,780447693.0,812883446.9364392
2025-10-15,2025-11-04,20,direct_category_weather_holiday,782600645.0,820719267.8704443
2025-10-16,2025-11-05,20,direct_category_weather_holiday,784108702.0,801346273.1592492
2025-10-17,2025-11-06,20,direct_category_weather_holiday,789959014.0,812196634.3036814
2025-10-18,2025-11-07,20,direct_category_weather_holiday,808798324.0,822427212.949621
2025-10-19,2025-11-08,20,direct_category_weather_holiday,816286170.0,821802397.1052439
2025-10-20,2025-11-09,20,direct_category_weather_holiday,794671570.0,808837611.5129018
2025-10-21,2025-11-10,20,direct_category_weather_holiday,803150509.0,808297428.8511649
2025-10-22,2025-11-11,20,direct_category_weather_holiday,811031660.0,797571869.8795199
2025-10-23,2025-11-12,20,direct_category_weather_holiday,800371284.0,793371501.8458713
2025-10-24,2025-11-13,20,direct_category_weather_holiday,795412883.0,786740141.7170414
2025-10-25,2025-11-14,20,direct_category_weather_holiday,784929625.0,790986490.8145711
2025-10-26,2025-11-15,20,direct_category_weather_holiday,771969074.0,780686489.0309916
2025-10-27,2025-11-16,20,direct_category_weather_holiday,748102925.0,770531543.4532641
2025-10-28,2025-11-17,20,direct_category_weather_holiday,784946049.0,793166704.9809383
2025-10-29,2025-11-18,20,direct_category_weather_holiday,802372785.0,837734074.9966255
2025-10-30,2025-11-19,20,direct_category_weather_holiday,785536331.0,835590643.1852785
2025-10-31,2025-11-20,20,direct_category_weather_holiday,789566797.0,824793357.248279
2025-11-01,2025-11-21,20,direct_category_weather_holiday,781713368.0,809426993.0471333
2025-11-02,2025-11-22,20,direct_category_weather_holiday,777234266.0,799964664.619688
2025-11-03,2025-11-23,20,direct_category_weather_holiday,763587139.0,799489948.2078733
2025-11-04,2025-11-24,20,direct_category_weather_holiday,787419759.0,810503232.940369
2025-11-05,2025-11-25,20,direct_category_weather_holiday,779113247.0,821073275.7032212
2025-11-06,2025-11-26,20,direct_category_weather_holiday,779056661.0,821328166.1824692
2025-11-07,2025-11-27,20,direct_category_weather_holiday,785923784.0,815409294.1188704
2025-11-08,2025-11-28,20,direct_category_weather_holiday,793532772.0,829287566.3084606
2025-11-09,2025-11-29,20,direct_category_weather_holiday,775439198.0,800094028.5580518
2025-11-10,2025-11-30,20,direct_category_weather_holiday,752415007.0,788387287.5759075
2025-11-11,2025-12-01,20,direct_category_weather_holiday,752093794.0,809253466.0778798
2025-11-12,2025-12-02,20,direct_category_weather_holiday,774181582.0,809791466.2794693
2025-11-13,2025-12-03,20,direct_category_weather_holiday,779128904.0,821777609.2850852
2025-11-14,2025-12-04,20,direct_category_weather_holiday,780611840.0,829598359.8647041
2025-11-15,2025-12-05,20,direct_category_weather_holiday,790342731.0,819673055.8999207
2025-11-16,2025-12-06,20,direct_category_weather_holiday,783475966.0,792412848.9000387
2025-11-17,2025-12-07,20,direct_category_weather_holiday,769662376.0,778643142.3871117
2025-11-18,2025-12-08,20,direct_category_weather_holiday,781993536.0,807686243.3784857
2025-11-19,2025-12-09,20,direct_category_weather_holiday,790459836.0,813956891.6487248
2025-11-20,2025-12-10,20,direct_category_weather_holiday,793331038.0,789630437.356582
2025-11-21,2025-12-11,20,direct_category_weather_holiday,792303023.0,790284830.0440142
2025-11-22,2025-12-12,20,direct_category_weather_holiday,805771337.0,798444096.9281095
2025-11-23,2025-12-13,20,direct_category_weather_holiday,805919635.0,791289309.4553087
2025-11-24,2025-12-14,20,direct_category_weather_holiday,775261923.0,802141805.806475
2025-11-25,2025-12-15,20,direct_category_weather_holiday,800205024.0,820987535.0431563
2025-11-26,2025-12-16,20,direct_category_weather_holiday,791223092.0,801587886.2541327
2025-11-27,2025-12-17,20,direct_category_weather_holiday,797873177.0,794605695.4605883
2025-11-28,2025-12-18,20,direct_category_weather_holiday,807913091.0,803317066.2042551
2025-11-29,2025-12-19,20,direct_category_weather_holiday,813412227.0,794769269.5345591
2025-11-30,2025-12-20,20,direct_category_weather_holiday,800554656.0,771904669.5063539
2025-12-01,2025-12-21,20,direct_category_weather_holiday,775722494.0,769800998.2735642
2025-12-02,2025-12-22,20,direct_category_weather_holiday,800416947.0,797793810.9412142
2025-12-03,2025-12-23,20,direct_category_weather_holiday,805434213.0,780609016.7064822
2025-12-04,2025-12-24,20,direct_category_weather_holiday,803732375.0,778500048.9281124
2025-12-05,2025-12-25,20,direct_category_weather_holiday,824337857.0,795963984.9478537
2025-12-06,2025-12-26,20,direct_category_weather_holiday,812520530.0,823265224.2939774
2025-12-07,2025-12-27,20,direct_category_weather_holiday,813024286.0,798988933.4717113
2025-12-08,2025-12-28,20,direct_category_weather_holiday,798511867.0,786872867.8356953
2025-12-09,2025-12-29,20,direct_category_weather_holiday,801303829.0,791505535.2966958
2025-12-10,2025-12-30,20,direct_category_weather_holiday,799723069.0,793534038.3592541
2025-12-11,2025-12-31,20,direct_category_weather_holiday,783373686.0,799089029.6708442
2025-12-12,2026-01-01,20,direct_category_weather_holiday,707758012.0,715405253.2629768
2025-12-13,2026-01-02,20,direct_category_weather_holiday,741910307.0,732463179.6049811
2025-12-14,2026-01-03,20,direct_category_weather_holiday,801935633.0,765040490.4653195
2025-12-15,2026-01-04,20,direct_category_weather_holiday,820839320.0,768884185.7568104
2025-12-16,2026-01-05,20,direct_category_weather_holiday,819629944.0,795583236.5800132
2025-12-17,2026-01-06,20,direct_category_weather_holiday,848208043.0,807741180.5347564
2025-12-18,2026-01-07,20,direct_category_weather_holiday,836618404.0,814112789.1094583
2025-12-19,2026-01-08,20,direct_category_weather_holiday,845715705.0,815938125.8244197
2025-12-20,2026-01-09,20,direct_category_weather_holiday,845779172.0,818263133.5490752
2025-09-11,2025-10-01,20,direct_category_weather_holiday_segment,893877447.0,875241037.8747371
2025-09-12,2025-10-02,20,direct_category_weather_holiday_segment,877524402.0,878193840.6202892
2025-09-13,2025-10-03,20,direct_category_weather_holiday_segment,906128774.0,893058551.6095928
2025-09-14,2025-10-04,20,direct_category_weather_holiday_segment,947397946.0,919336967.2431062
2025-09-15,2025-10-05,20,direct_category_weather_holiday_segment,967898095.0,924755373.270152
2025-09-16,2025-10-06,20,direct_category_weather_holiday_segment,909397624.0,929312976.9238116
2025-09-17,2025-10-07,20,direct_category_weather_holiday_segment,958058211.0,939560674.8678898
2025-09-18,2025-10-08,20,direct_category_weather_holiday_segment,1002652065.0,948037373.8988799
2025-09-19,2025-10-09,20,direct_category_weather_holiday_segment,1006596066.0,940941295.9512703
2025-09-20,2025-10-10,20,direct_category_weather_holiday_segment,988218980.0,932225343.2441564
2025-09-21,2025-10-11,20,direct_category_weather_holiday_segment,993216057.0,915251529.7947673
2025-09-22,2025-10-12,20,direct_category_weather_holiday_segment,982996119.0,911352516.8459196
2025-09-23,2025-10-13,20,direct_category_weather_holiday_segment,994158096.0,938222225.8077701
2025-09-24,2025-10-14,20,direct_category_weather_holiday_segment,999440675.0,936161412.3733894
2025-09-25,2025-10-15,20,direct_category_weather_holiday_segment,979563855.0,932866019.9641391
2025-09-26,2025-10-16,20,direct_category_weather_holiday_segment,973453600.0,927174809.7272211
2025-09-27,2025-10-17,20,direct_category_weather_holiday_segment,976535370.0,919210354.0547179
2025-09-28,2025-10-18,20,direct_category_weather_holiday_segment,976325746.0,907868038.9874526
2025-09-29,2025-10-19,20,direct_category_weather_holiday_segment,896789087.0,874892592.1973261
2025-09-30,2025-10-20,20,direct_category_weather_holiday_segment,853624251.0,831345385.9886736
2025-10-01,2025-10-21,20,direct_category_weather_holiday_segment,795444895.0,813465223.546368
2025-10-02,2025-10-22,20,direct_category_weather_holiday_segment,783518576.0,808135558.1524084
2025-10-03,2025-10-23,20,direct_category_weather_holiday_segment,783134792.0,807500751.3524334
2025-10-04,2025-10-24,20,direct_category_weather_holiday_segment,786285205.0,811058207.7024009
2025-10-05,2025-10-25,20,direct_category_weather_holiday_segment,787344834.0,809024246.9362938
2025-10-06,2025-10-26,20,direct_category_weather_holiday_segment,788309358.0,805870538.5304945
2025-10-07,2025-10-27,20,direct_category_weather_holiday_segment,788347388.0,831198588.179822
2025-10-08,2025-10-28,20,direct_category_weather_holiday_segment,803213606.0,834643977.2091023
2025-10-09,2025-10-29,20,direct_category_weather_holiday_segment,791815205.0,825651925.3783542
2025-10-10,2025-10-30,20,direct_category_weather_holiday_segment,801523722.0,826873270.5695148
2025-10-11,2025-10-31,20,direct_category_weather_holiday_segment,806599754.0,817189156.6567024
2025-10-12,2025-11-01,20,direct_category_weather_holiday_segment,760921367.0,808665846.6965404
2025-10-13,2025-11-02,20,direct_category_weather_holiday_segment,744828378.0,809190940.354027
2025-10-14,2025-11-03,20,direct_category_weather_holiday_segment,780447693.0,808902341.6897132
2025-10-15,2025-11-04,20,direct_category_weather_holiday_segment,782600645.0,815687730.0507034
2025-10-16,2025-11-05,20,direct_category_weather_holiday_segment,784108702.0,796105419.5832343
2025-10-17,2025-11-06,20,direct_category_weather_holiday_segment,789959014.0,806259907.4491739
2025-10-18,2025-11-07,20,direct_category_weather_holiday_segment,808798324.0,817264896.0019122
2025-10-19,2025-11-08,20,direct_category_weather_holiday_segment,816286170.0,815675061.1809965
2025-10-20,2025-11-09,20,direct_category_weather_holiday_segment,794671570.0,800593022.7828811
2025-10-21,2025-11-10,20,direct_category_weather_holiday_segment,803150509.0,796560936.6789126
2025-10-22,2025-11-11,20,direct_category_weather_holiday_segment,811031660.0,786834830.2962013
2025-10-23,2025-11-12,20,direct_category_weather_holiday_segment,800371284.0,788280171.6611371
2025-10-24,2025-11-13,20,direct_category_weather_holiday_segment,795412883.0,781307691.7297359
2025-10-25,2025-11-14,20,direct_category_weather_holiday_segment,784929625.0,785866550.2805156
2025-10-26,2025-11-15,20,direct_category_weather_holiday_segment,771969074.0,776081023.400012
2025-10-27,2025-11-16,20,direct_category_weather_holiday_segment,748102925.0,762777857.5207844
2025-10-28,2025-11-17,20,direct_category_weather_holiday_segment,784946049.0,782221196.1678709
2025-10-29,2025-11-18,20,direct_category_weather_holiday_segment,802372785.0,829589971.7845061
2025-10-30,2025-11-19,20,direct_category_weather_holiday_segment,785536331.0,832811398.5261796
2025-10-31,2025-11-20,20,direct_category_weather_holiday_segment,789566797.0,824005368.6181716
2025-11-01,2025-11-21,20,direct_category_weather_holiday_segment,781713368.0,806522650.3539879
2025-11-02,2025-11-22,20,direct_category_weather_holiday_segment,777234266.0,795306241.845833
2025-11-03,2025-11-23,20,direct_category_weather_holiday_segment,763587139.0,790952058.7846314
2025-11-04,2025-11-24,20,direct_category_weather_holiday_segment,787419759.0,798951828.4038819
2025-11-05,2025-11-25,20,direct_category_weather_holiday_segment,779113247.0,816464204.2933459
2025-11-06,2025-11-26,20,direct_category_weather_holiday_segment,779056661.0,821902722.8444759
2025-11-07,2025-11-27,20,direct_category_weather_holiday_segment,785923784.0,815065306.2232953
2025-11-08,2025-11-28,20,direct_category_weather_holiday_segment,793532772.0,828808880.4768822
2025-11-09,2025-11-29,20,direct_category_weather_holiday_segment,775439198.0,801771238.4362622
2025-11-10,2025-11-30,20,direct_category_weather_holiday_segment,752415007.0,781257579.4818631
2025-11-11,2025-12-01,20,direct_category_weather_holiday_segment,752093794.0,798061832.2058648
2025-11-12,2025-12-02,20,direct_category_weather_holiday_segment,774181582.0,800929659.0497128
2025-11-13,2025-12-03,20,direct_category_weather_holiday_segment,779128904.0,818729063.976704
2025-11-14,2025-12-04,20,direct_category_weather_holiday_segment,780611840.0,830316008.5143402
2025-11-15,2025-12-05,20,direct_category_weather_holiday_segment,790342731.0,817049288.2167032
2025-11-16,2025-12-06,20,direct_category_weather_holiday_segment,783475966.0,789237121.1165638
2025-11-17,2025-12-07,20,direct_category_weather_holiday_segment,769662376.0,769798052.7134695
2025-11-18,2025-12-08,20,direct_category_weather_holiday_segment,781993536.0,796946340.5994776
2025-11-19,2025-12-09,20,direct_category_weather_holiday_segment,790459836.0,807063078.8701117
2025-11-20,2025-12-10,20,direct_category_weather_holiday_segment,793331038.0,783489726.605135
2025-11-21,2025-12-11,20,direct_category_weather_holiday_segment,792303023.0,783763987.1455487
2025-11-22,2025-12-12,20,direct_category_weather_holiday_segment,805771337.0,790399843.283336
2025-11-23,2025-12-13,20,direct_category_weather_holiday_segment,805919635.0,786687668.2888352
2025-11-24,2025-12-14,20,direct_category_weather_holiday_segment,775261923.0,799389484.0417739
2025-11-25,2025-12-15,20,direct_category_weather_holiday_segment,800205024.0,819354682.7230011
2025-11-26,2025-12-16,20,direct_category_weather_holiday_segment,791223092.0,795923425.7073648
2025-11-27,2025-12-17,20,direct_category_weather_holiday_segment,797873177.0,788327142.4699448
2025-11-28,2025-12-18,20,direct_category_weather_holiday_segment,807913091.0,797992396.857432
2025-11-29,2025-12-19,20,direct_category_weather_holiday_segment,813412227.0,783814539.7895981
2025-11-30,2025-12-20,20,direct_category_weather_holiday_segment,800554656.0,759109239.8058715
2025-12-01,2025-12-21,20,direct_category_weather_holiday_segment,775722494.0,760623566.5300844
2025-12-02,2025-12-22,20,direct_category_weather_holiday_segment,800416947.0,789974091.3979405
2025-12-03,2025-12-23,20,direct_category_weather_holiday_segment,805434213.0,770832692.5767827
2025-12-04,2025-12-24,20,direct_category_weather_holiday_segment,803732375.0,768843711.7605786
2025-12-05,2025-12-25,20,direct_category_weather_holiday_segment,824337857.0,790889735.061977
2025-12-06,2025-12-26,20,direct_category_weather_holiday_segment,812520530.0,821190199.4897399
2025-12-07,2025-12-27,20,direct_category_weather_holiday_segment,813024286.0,796702212.3296907
2025-12-08,2025-12-28,20,direct_category_weather_holiday_segment,798511867.0,783141715.9767554
2025-12-09,2025-12-29,20,direct_category_weather_holiday_segment,801303829.0,798981031.8249834
2025-12-10,2025-12-30,20,direct_category_weather_holiday_segment,799723069.0,800202789.9795834
2025-12-11,2025-12-31,20,direct_category_weather_holiday_segment,783373686.0,809297017.3819457
2025-12-12,2026-01-01,20,direct_category_weather_holiday_segment,707758012.0,728705382.0331707
2025-12-13,2026-01-02,20,direct_category_weather_holiday_segment,741910307.0,760595312.8094199
2025-12-14,2026-01-03,20,direct_category_weather_holiday_segment,801935633.0,808741809.0466244
2025-12-15,2026-01-04,20,direct_category_weather_holiday_segment,820839320.0,773059862.1051904
2025-12-16,2026-01-05,20,direct_category_weather_holiday_segment,819629944.0,804342270.1464154
2025-12-17,2026-01-06,20,direct_category_weather_holiday_segment,848208043.0,820078780.0122179
2025-12-18,2026-01-07,20,direct_category_weather_holiday_segment,836618404.0,815982722.0648024
2025-12-19,2026-01-08,20,direct_category_weather_holiday_segment,845715705.0,815389721.2022048
2025-12-20,2026-01-09,20,direct_category_weather_holiday_segment,845779172.0,814569183.8899626
2025-09-10,2025-10-01,21,direct_category_weather_holiday,893877447.0,887682730.5009031
2025-09-11,2025-10-02,21,direct_category_weather_holiday,877524402.0,878248842.8947312
2025-09-12,2025-10-03,21,direct_category_weather_holiday,906128774.0,873268807.8137127
2025-09-13,2025-10-04,21,direct_category_weather_holiday,947397946.0,903375722.953504
2025-09-14,2025-10-05,21,direct_category_weather_holiday,967898095.0,881648383.5926726
2025-09-15,2025-10-06,21,direct_category_weather_holiday,909397624.0,880450691.5325236
2025-09-16,2025-10-07,21,direct_category_weather_holiday,958058211.0,865805729.1423196
2025-09-17,2025-10-08,21,direct_category_weather_holiday,1002652065.0,859285302.6901175
2025-09-18,2025-10-09,21,direct_category_weather_holiday,1006596066.0,950773670.4150717
2025-09-19,2025-10-10,21,direct_category_weather_holiday,988218980.0,939701392.1712021
2025-09-20,2025-10-11,21,direct_category_weather_holiday,993216057.0,940371976.8432366
2025-09-21,2025-10-12,21,direct_category_weather_holiday,982996119.0,932911088.5146749
2025-09-22,2025-10-13,21,direct_category_weather_holiday,994158096.0,943723494.9333571
2025-09-23,2025-10-14,21,direct_category_weather_holiday,999440675.0,932426602.6799407
2025-09-24,2025-10-15,21,direct_category_weather_holiday,979563855.0,932678688.688905
2025-09-25,2025-10-16,21,direct_category_weather_holiday,973453600.0,929098571.1936641
2025-09-26,2025-10-17,21,direct_category_weather_holiday,976535370.0,931805879.2730848
2025-09-27,2025-10-18,21,direct_category_weather_holiday,976325746.0,917709881.1801292
2025-09-28,2025-10-19,21,direct_category_weather_holiday,896789087.0,874123655.4404902
2025-09-29,2025-10-20,21,direct_category_weather_holiday,853624251.0,837749406.5436087
2025-09-30,2025-10-21,21,direct_category_weather_holiday,795444895.0,832253583.6043559
2025-10-01,2025-10-22,21,direct_category_weather_holiday,783518576.0,817251006.246531
2025-10-02,2025-10-23,21,direct_category_weather_holiday,783134792.0,820938231.869549
2025-10-03,2025-10-24,21,direct_category_weather_holiday,786285205.0,811200399.4364835
2025-10-04,2025-10-25,21,direct_category_weather_holiday,787344834.0,809167053.2994744
2025-10-05,2025-10-26,21,direct_category_weather_holiday,788309358.0,794018225.1679008
2025-10-06,2025-10-27,21,direct_category_weather_holiday,788347388.0,817446963.4215548
2025-10-07,2025-10-28,21,direct_category_weather_holiday,803213606.0,838471012.06176
2025-10-08,2025-10-29,21,direct_category_weather_holiday,791815205.0,831826266.6374544
2025-10-09,2025-10-30,21,direct_category_weather_holiday,801523722.0,825121320.5142194
2025-10-10,2025-10-31,21,direct_category_weather_holiday,806599754.0,819508409.7952452
2025-10-11,2025-11-01,21,direct_category_weather_holiday,760921367.0,799297280.6779077
2025-10-12,2025-11-02,21,direct_category_weather_holiday,744828378.0,788841676.783299
2025-10-13,2025-11-03,21,direct_category_weather_holiday,780447693.0,824537402.4494205
2025-10-14,2025-11-04,21,direct_category_weather_holiday,782600645.0,807008217.2785093
2025-10-15,2025-11-05,21,direct_category_weather_holiday,784108702.0,810514092.7127899
2025-10-16,2025-11-06,21,direct_category_weather_holiday,789959014.0,804169323.9686452
2025-10-17,2025-11-07,21,direct_category_weather_holiday,808798324.0,814684472.541272
2025-10-18,2025-11-08,21,direct_category_weather_holiday,816286170.0,816997958.6409824
2025-10-19,2025-11-09,21,direct_category_weather_holiday,794671570.0,799431041.9937574
2025-10-20,2025-11-10,21,direct_category_weather_holiday,803150509.0,807419187.0623578
2025-10-21,2025-11-11,21,direct_category_weather_holiday,811031660.0,795139967.9407026
2025-10-22,2025-11-12,21,direct_category_weather_holiday,800371284.0,791008977.7938124
2025-10-23,2025-11-13,21,direct_category_weather_holiday,795412883.0,785402589.8149042
2025-10-24,2025-11-14,21,direct_category_weather_holiday,784929625.0,789605439.2584146
2025-10-25,2025-11-15,21,direct_category_weather_holiday,771969074.0,773383249.6062075
2025-10-26,2025-11-16,21,direct_category_weather_holiday,748102925.0,762224195.0836729
2025-10-27,2025-11-17,21,direct_category_weather_holiday,784946049.0,793751873.5679269
2025-10-28,2025-11-18,21,direct_category_weather_holiday,802372785.0,820909836.459087
2025-10-29,2025-11-19,21,direct_category_weather_holiday,785536331.0,857824589.4764545
2025-10-30,2025-11-20,21,direct_category_weather_holiday,789566797.0,837356054.615836
2025-10-31,2025-11-21,21,direct_category_weather_holiday,781713368.0,821788868.5133953
2025-11-01,2025-11-22,21,direct_category_weather_holiday,777234266.0,804881913.0424234
2025-11-02,2025-11-23,21,direct_category_weather_holiday,763587139.0,779981583.8993148
2025-11-03,2025-11-24,21,direct_category_weather_holiday,787419759.0,818032857.2041116
2025-11-04,2025-11-25,21,direct_category_weather_holiday,779113247.0,825673857.4431231
2025-11-05,2025-11-26,21,direct_category_weather_holiday,779056661.0,827941723.6368877
2025-11-06,2025-11-27,21,direct_category_weather_holiday,785923784.0,819359128.4116582
2025-11-07,2025-11-28,21,direct_category_weather_holiday,793532772.0,822262783.8081621
2025-11-08,2025-11-29,21,direct_category_weather_holiday,775439198.0,807347961.0355948
2025-11-09,2025-11-30,21,direct_category_weather_holiday,752415007.0,784869553.086542
2025-11-10,2025-12-01,21,direct_category_weather_holiday,752093794.0,799794832.1675339
2025-11-11,2025-12-02,21,direct_category_weather_holiday,774181582.0,811082969.390479
2025-11-12,2025-12-03,21,direct_category_weather_holiday,779128904.0,824418552.8653897
2025-11-13,2025-12-04,21,direct_category_weather_holiday,780611840.0,838341840.8099786
2025-11-14,2025-12-05,21,direct_category_weather_holiday,790342731.0,824867178.112747
2025-11-15,2025-12-06,21,direct_category_weather_holiday,783475966.0,805706492.5804542
2025-11-16,2025-12-07,21,direct_category_weather_holiday,769662376.0,770967521.2851506
2025-11-17,2025-12-08,21,direct_category_weather_holiday,781993536.0,801981975.2707981
2025-11-18,2025-12-09,21,direct_category_weather_holiday,790459836.0,816513134.9744493
2025-11-19,2025-12-10,21,direct_category_weather_holiday,793331038.0,801658936.9606777
2025-11-20,2025-12-11,21,direct_category_weather_holiday,792303023.0,788527012.4222572
2025-11-21,2025-12-12,21,direct_category_weather_holiday,805771337.0,799840896.6641896
2025-11-22,2025-12-13,21,direct_category_weather_holiday,805919635.0,788642841.3120209
2025-11-23,2025-12-14,21,direct_category_weather_holiday,775261923.0,799399388.4793342
2025-11-24,2025-12-15,21,direct_category_weather_holiday,800205024.0,814284982.3675994
2025-11-25,2025-12-16,21,direct_category_weather_holiday,791223092.0,807375678.9309627
2025-11-26,2025-12-17,21,direct_category_weather_holiday,797873177.0,798451953.8784833
2025-11-27,2025-12-18,21,direct_category_weather_holiday,807913091.0,800557675.8182569
2025-11-28,2025-12-19,21,direct_category_weather_holiday,813412227.0,792174266.7515998
2025-11-29,2025-12-20,21,direct_category_weather_holiday,800554656.0,778770096.9491769
2025-11-30,2025-12-21,21,direct_category_weather_holiday,775722494.0,765025219.5741861
2025-12-01,2025-12-22,21,direct_category_weather_holiday,800416947.0,791142709.1556836
2025-12-02,2025-12-23,21,direct_category_weather_holiday,805434213.0,788926938.7495248
2025-12-03,2025-12-24,21,direct_category_weather_holiday,803732375.0,776882977.7763668
2025-12-04,2025-12-25,21,direct_category_weather_holiday,824337857.0,795310038.4570568
2025-12-05,2025-12-26,21,direct_category_weather_holiday,812520530.0,818479481.1763309
2025-12-06,2025-12-27,21,direct_category_weather_holiday,813024286.0,798285350.7233766
2025-12-07,2025-12-28,21,direct_category_weather_holiday,798511867.0,778438132.2448251
2025-12-08,2025-12-29,21,direct_category_weather_holiday,801303829.0,797035305.5828865
2025-12-09,2025-12-30,21,direct_category_weather_holiday,799723069.0,791081736.7919514
2025-12-10,2025-12-31,21,direct_category_weather_holiday,783373686.0,799284533.3575706
2025-12-11,2026-01-01,21,direct_category_weather_holiday,707758012.0,718175632.1027191
2025-12-12,2026-01-02,21,direct_category_weather_holiday,741910307.0,729420952.7555383
2025-12-13,2026-01-03,21,direct_category_weather_holiday,801935633.0,758131573.4524837
2025-12-14,2026-01-04,21,direct_category_weather_holiday,820839320.0,776704128.855331
2025-12-15,2026-01-05,21,direct_category_weather_holiday,819629944.0,794939250.2200623
2025-12-16,2026-01-06,21,direct_category_weather_holiday,848208043.0,810464277.7601031
2025-12-17,2026-01-07,21,direct_category_weather_holiday,836618404.0,812402818.4911947
2025-12-18,2026-01-08,21,direct_category_weather_holiday,845715705.0,813648985.2219521
2025-12-19,2026-01-09,21,direct_category_weather_holiday,845779172.0,814835667.9824436
2025-09-10,2025-10-01,21,direct_category_weather_holiday_segment,893877447.0,878520489.70488
2025-09-11,2025-10-02,21,direct_category_weather_holiday_segment,877524402.0,881831543.3600584
2025-09-12,2025-10-03,21,direct_category_weather_holiday_segment,906128774.0,887099990.2464113
2025-09-13,2025-10-04,21,direct_category_weather_holiday_segment,947397946.0,927509356.137516
2025-09-14,2025-10-05,21,direct_category_weather_holiday_segment,967898095.0,917084283.611495
2025-09-15,2025-10-06,21,direct_category_weather_holiday_segment,909397624.0,931646539.1593403
2025-09-16,2025-10-07,21,direct_category_weather_holiday_segment,958058211.0,931191140.6984878
2025-09-17,2025-10-08,21,direct_category_weather_holiday_segment,1002652065.0,939726144.9234629
2025-09-18,2025-10-09,21,direct_category_weather_holiday_segment,1006596066.0,939491399.2989361
2025-09-19,2025-10-10,21,direct_category_weather_holiday_segment,988218980.0,927724494.0368118
2025-09-20,2025-10-11,21,direct_category_weather_holiday_segment,993216057.0,923775608.4149138
2025-09-21,2025-10-12,21,direct_category_weather_holiday_segment,982996119.0,924335147.3394151
2025-09-22,2025-10-13,21,direct_category_weather_holiday_segment,994158096.0,935542445.5934781
2025-09-23,2025-10-14,21,direct_category_weather_holiday_segment,999440675.0,926010715.5874891
2025-09-24,2025-10-15,21,direct_category_weather_holiday_segment,979563855.0,928582353.6558053
2025-09-25,2025-10-16,21,direct_category_weather_holiday_segment,973453600.0,924975971.0399017
2025-09-26,2025-10-17,21,direct_category_weather_holiday_segment,976535370.0,924284112.4901623
2025-09-27,2025-10-18,21,direct_category_weather_holiday_segment,976325746.0,909007396.8730924
2025-09-28,2025-10-19,21,direct_category_weather_holiday_segment,896789087.0,866974204.0879174
2025-09-29,2025-10-20,21,direct_category_weather_holiday_segment,853624251.0,830962943.7410705
2025-09-30,2025-10-21,21,direct_category_weather_holiday_segment,795444895.0,824062271.9594933
2025-10-01,2025-10-22,21,direct_category_weather_holiday_segment,783518576.0,811680787.7504683
2025-10-02,2025-10-23,21,direct_category_weather_holiday_segment,783134792.0,813874000.706697
2025-10-03,2025-10-24,21,direct_category_weather_holiday_segment,786285205.0,805171571.3662263
2025-10-04,2025-10-25,21,direct_category_weather_holiday_segment,787344834.0,806167428.7736489
2025-10-05,2025-10-26,21,direct_category_weather_holiday_segment,788309358.0,790724234.5403969
2025-10-06,2025-10-27,21,direct_category_weather_holiday_segment,788347388.0,809726217.9938254
2025-10-07,2025-10-28,21,direct_category_weather_holiday_segment,803213606.0,828736912.1399215
2025-10-08,2025-10-29,21,direct_category_weather_holiday_segment,791815205.0,832295705.413659
2025-10-09,2025-10-30,21,direct_category_weather_holiday_segment,801523722.0,827779748.0105219
2025-10-10,2025-10-31,21,direct_category_weather_holiday_segment,806599754.0,819251194.3924682
2025-10-11,2025-11-01,21,direct_category_weather_holiday_segment,760921367.0,797235347.2841133
2025-10-12,2025-11-02,21,direct_category_weather_holiday_segment,744828378.0,784724012.614795
2025-10-13,2025-11-03,21,direct_category_weather_holiday_segment,780447693.0,818329260.3322972
2025-10-14,2025-11-04,21,direct_category_weather_holiday_segment,782600645.0,803320206.2806066
2025-10-15,2025-11-05,21,direct_category_weather_holiday_segment,784108702.0,806854013.2049378
2025-10-16,2025-11-06,21,direct_category_weather_holiday_segment,789959014.0,800359789.2205725
2025-10-17,2025-11-07,21,direct_category_weather_holiday_segment,808798324.0,808343493.2405212
2025-10-18,2025-11-08,21,direct_category_weather_holiday_segment,816286170.0,812142131.1649323
2025-10-19,2025-11-09,21,direct_category_weather_holiday_segment,794671570.0,792361243.9818988
2025-10-20,2025-11-10,21,direct_category_weather_holiday_segment,803150509.0,799032023.6525302
2025-10-21,2025-11-11,21,direct_category_weather_holiday_segment,811031660.0,784699754.5485032
2025-10-22,2025-11-12,21,direct_category_weather_holiday_segment,800371284.0,785299062.3966293
2025-10-23,2025-11-13,21,direct_category_weather_holiday_segment,795412883.0,781170308.7381994
2025-10-24,2025-11-14,21,direct_category_weather_holiday_segment,784929625.0,783980315.8779029
2025-10-25,2025-11-15,21,direct_category_weather_holiday_segment,771969074.0,770372307.9717252
2025-10-26,2025-11-16,21,direct_category_weather_holiday_segment,748102925.0,757909424.8929363
2025-10-27,2025-11-17,21,direct_category_weather_holiday_segment,784946049.0,784926300.8144408
2025-10-28,2025-11-18,21,direct_category_weather_holiday_segment,802372785.0,815129360.8222145
2025-10-29,2025-11-19,21,direct_category_weather_holiday_segment,785536331.0,855190629.8533924
2025-10-30,2025-11-20,21,direct_category_weather_holiday_segment,789566797.0,835167732.8628398
2025-10-31,2025-11-21,21,direct_category_weather_holiday_segment,781713368.0,817220652.8559749
2025-11-01,2025-11-22,21,direct_category_weather_holiday_segment,777234266.0,802303054.12201
2025-11-02,2025-11-23,21,direct_category_weather_holiday_segment,763587139.0,772892285.3981298
2025-11-03,2025-11-24,21,direct_category_weather_holiday_segment,787419759.0,806691352.1574085
2025-11-04,2025-11-25,21,direct_category_weather_holiday_segment,779113247.0,818076996.1327201
2025-11-05,2025-11-26,21,direct_category_weather_holiday_segment,779056661.0,828513814.2197398
2025-11-06,2025-11-27,21,direct_category_weather_holiday_segment,785923784.0,819255751.299351
2025-11-07,2025-11-28,21,direct_category_weather_holiday_segment,793532772.0,820303692.4268275
2025-11-08,2025-11-29,21,direct_category_weather_holiday_segment,775439198.0,807405715.0079706
2025-11-09,2025-11-30,21,direct_category_weather_holiday_segment,752415007.0,782137133.3591194
2025-11-10,2025-12-01,21,direct_category_weather_holiday_segment,752093794.0,787956701.0198292
2025-11-11,2025-12-02,21,direct_category_weather_holiday_segment,774181582.0,801908865.6823823
2025-11-12,2025-12-03,21,direct_category_weather_holiday_segment,779128904.0,821001016.7854816
2025-11-13,2025-12-04,21,direct_category_weather_holiday_segment,780611840.0,838511047.1190985
2025-11-14,2025-12-05,21,direct_category_weather_holiday_segment,790342731.0,822774466.2591982
2025-11-15,2025-12-06,21,direct_category_weather_holiday_segment,783475966.0,804662260.8873386
2025-11-16,2025-12-07,21,direct_category_weather_holiday_segment,769662376.0,765507018.8291768
2025-11-17,2025-12-08,21,direct_category_weather_holiday_segment,781993536.0,792757940.3262371
2025-11-18,2025-12-09,21,direct_category_weather_holiday_segment,790459836.0,808752899.9293468
2025-11-19,2025-12-10,21,direct_category_weather_holiday_segment,793331038.0,794960682.774293
2025-11-20,2025-12-11,21,direct_category_weather_holiday_segment,792303023.0,781847212.3599474
2025-11-21,2025-12-12,21,direct_category_weather_holiday_segment,805771337.0,791201110.5872462
2025-11-22,2025-12-13,21,direct_category_weather_holiday_segment,805919635.0,783470362.8179992
2025-11-23,2025-12-14,21,direct_category_weather_holiday_segment,775261923.0,798381607.9717345
2025-11-24,2025-12-15,21,direct_category_weather_holiday_segment,800205024.0,813037346.709738
2025-11-25,2025-12-16,21,direct_category_weather_holiday_segment,791223092.0,802691667.464798
2025-11-26,2025-12-17,21,direct_category_weather_holiday_segment,797873177.0,793524295.4004172
2025-11-27,2025-12-18,21,direct_category_weather_holiday_segment,807913091.0,795577330.6450149
2025-11-28,2025-12-19,21,direct_category_weather_holiday_segment,813412227.0,782408551.3884482
2025-11-29,2025-12-20,21,direct_category_weather_holiday_segment,800554656.0,766586260.2598706
2025-11-30,2025-12-21,21,direct_category_weather_holiday_segment,775722494.0,755914518.0352373
2025-12-01,2025-12-22,21,direct_category_weather_holiday_segment,800416947.0,784024518.915185
2025-12-02,2025-12-23,21,direct_category_weather_holiday_segment,805434213.0,780207132.0284907
2025-12-03,2025-12-24,21,direct_category_weather_holiday_segment,803732375.0,767845472.2173681
2025-12-04,2025-12-25,21,direct_category_weather_holiday_segment,824337857.0,791322368.0725288
2025-12-05,2025-12-26,21,direct_category_weather_holiday_segment,812520530.0,815666512.9314291
2025-12-06,2025-12-27,21,direct_category_weather_holiday_segment,813024286.0,796682845.7033881
2025-12-07,2025-12-28,21,direct_category_weather_holiday_segment,798511867.0,774829338.0635483
2025-12-08,2025-12-29,21,direct_category_weather_holiday_segment,801303829.0,803959017.6514696
2025-12-09,2025-12-30,21,direct_category_weather_holiday_segment,799723069.0,797434357.253673
2025-12-10,2025-12-31,21,direct_category_weather_holiday_segment,783373686.0,807967442.3868206
2025-12-11,2026-01-01,21,direct_category_weather_holiday_segment,707758012.0,730381593.0364139
2025-12-12,2026-01-02,21,direct_category_weather_holiday_segment,741910307.0,754735918.3161722
2025-12-13,2026-01-03,21,direct_category_weather_holiday_segment,801935633.0,798772118.8843589
2025-12-14,2026-01-04,21,direct_category_weather_holiday_segment,820839320.0,786132235.8427336
2025-12-15,2026-01-05,21,direct_category_weather_holiday_segment,819629944.0,807120245.8126103
2025-12-16,2026-01-06,21,direct_category_weather_holiday_segment,848208043.0,826753914.9092715
2025-12-17,2026-01-07,21,direct_category_weather_holiday_segment,836618404.0,813927171.1525813
2025-12-18,2026-01-08,21,direct_category_weather_holiday_segment,845715705.0,813804315.9900742
2025-12-19,2026-01-09,21,direct_category_weather_holiday_segment,845779172.0,810949567.428015
2025-09-09,2025-10-01,22,direct_category_weather_holiday,893877447.0,887085869.0223166
2025-09-10,2025-10-02,22,direct_category_weather_holiday,877524402.0,879237646.4278158
2025-09-11,2025-10-03,22,direct_category_weather_holiday,906128774.0,874595324.5361799
2025-09-12,2025-10-04,22,direct_category_weather_holiday,947397946.0,896987968.2617323
2025-09-13,2025-10-05,22,direct_category_weather_holiday,967898095.0,894772434.1503849
2025-09-14,2025-10-06,22,direct_category_weather_holiday,909397624.0,880941851.5155498
2025-09-15,2025-10-07,22,direct_category_weather_holiday,958058211.0,871761369.728059
2025-09-16,2025-10-08,22,direct_category_weather_holiday,1002652065.0,852994025.8080631
2025-09-17,2025-10-09,22,direct_category_weather_holiday,1006596066.0,945369536.1604302
2025-09-18,2025-10-10,22,direct_category_weather_holiday,988218980.0,938423927.4554367
2025-09-19,2025-10-11,22,direct_category_weather_holiday,993216057.0,936633572.7599131
2025-09-20,2025-10-12,22,direct_category_weather_holiday,982996119.0,934221417.5173388
2025-09-21,2025-10-13,22,direct_category_weather_holiday,994158096.0,959012709.5456172
2025-09-22,2025-10-14,22,direct_category_weather_holiday,999440675.0,932249705.8348613
2025-09-23,2025-10-15,22,direct_category_weather_holiday,979563855.0,922385720.7711914
2025-09-24,2025-10-16,22,direct_category_weather_holiday,973453600.0,924161291.5357116
2025-09-25,2025-10-17,22,direct_category_weather_holiday,976535370.0,926011599.1364026
2025-09-26,2025-10-18,22,direct_category_weather_holiday,976325746.0,920626309.8891717
2025-09-27,2025-10-19,22,direct_category_weather_holiday,896789087.0,878758662.2685969
2025-09-28,2025-10-20,22,direct_category_weather_holiday,853624251.0,831659439.4345571
2025-09-29,2025-10-21,22,direct_category_weather_holiday,795444895.0,831786119.9406483
2025-09-30,2025-10-22,22,direct_category_weather_holiday,783518576.0,829704486.7551687
2025-10-01,2025-10-23,22,direct_category_weather_holiday,783134792.0,820707658.361206
2025-10-02,2025-10-24,22,direct_category_weather_holiday,786285205.0,819006769.7725377
2025-10-03,2025-10-25,22,direct_category_weather_holiday,787344834.0,803757589.9753418
2025-10-04,2025-10-26,22,direct_category_weather_holiday,788309358.0,795468404.0244615
2025-10-05,2025-10-27,22,direct_category_weather_holiday,788347388.0,804774350.9360417
2025-10-06,2025-10-28,22,direct_category_weather_holiday,803213606.0,813111734.052041
2025-10-07,2025-10-29,22,direct_category_weather_holiday,791815205.0,835902227.1692724
2025-10-08,2025-10-30,22,direct_category_weather_holiday,801523722.0,837347396.5918111
2025-10-09,2025-10-31,22,direct_category_weather_holiday,806599754.0,820014087.905762
2025-10-10,2025-11-01,22,direct_category_weather_holiday,760921367.0,799633563.313441
2025-10-11,2025-11-02,22,direct_category_weather_holiday,744828378.0,778319860.9671217
2025-10-12,2025-11-03,22,direct_category_weather_holiday,780447693.0,804346920.2430813
2025-10-13,2025-11-04,22,direct_category_weather_holiday,782600645.0,821767129.9814713
2025-10-14,2025-11-05,22,direct_category_weather_holiday,784108702.0,802297211.253488
2025-10-15,2025-11-06,22,direct_category_weather_holiday,789959014.0,820423509.7374958
2025-10-16,2025-11-07,22,direct_category_weather_holiday,808798324.0,810868314.8024427
2025-10-17,2025-11-08,22,direct_category_weather_holiday,816286170.0,812796602.8743037
2025-10-18,2025-11-09,22,direct_category_weather_holiday,794671570.0,796901553.4386998
2025-10-19,2025-11-10,22,direct_category_weather_holiday,803150509.0,806715533.7011381
2025-10-20,2025-11-11,22,direct_category_weather_holiday,811031660.0,799743382.8538883
2025-10-21,2025-11-12,22,direct_category_weather_holiday,800371284.0,790802105.3090088
2025-10-22,2025-11-13,22,direct_category_weather_holiday,795412883.0,785310937.8714513
2025-10-23,2025-11-14,22,direct_category_weather_holiday,784929625.0,789794804.2010102
2025-10-24,2025-11-15,22,direct_category_weather_holiday,771969074.0,773378859.6364211
2025-10-25,2025-11-16,22,direct_category_weather_holiday,748102925.0,753735003.6415222
2025-10-26,2025-11-17,22,direct_category_weather_holiday,784946049.0,782346466.6938579
2025-10-27,2025-11-18,22,direct_category_weather_holiday,802372785.0,819452355.9288423
2025-10-28,2025-11-19,22,direct_category_weather_holiday,785536331.0,838453196.108485
2025-10-29,2025-11-20,22,direct_category_weather_holiday,789566797.0,854456335.3907791
2025-10-30,2025-11-21,22,direct_category_weather_holiday,781713368.0,830045613.3902397
2025-10-31,2025-11-22,22,direct_category_weather_holiday,777234266.0,812580042.0110633
2025-11-01,2025-11-23,22,direct_category_weather_holiday,763587139.0,781493388.2986159
2025-11-02,2025-11-24,22,direct_category_weather_holiday,787419759.0,796340540.0932385
2025-11-03,2025-11-25,22,direct_category_weather_holiday,779113247.0,832166850.012392
2025-11-04,2025-11-26,22,direct_category_weather_holiday,779056661.0,830642225.201313
2025-11-05,2025-11-27,22,direct_category_weather_holiday,785923784.0,823437548.4985914
2025-11-06,2025-11-28,22,direct_category_weather_holiday,793532772.0,824294915.4371259
2025-11-07,2025-11-29,22,direct_category_weather_holiday,775439198.0,797863357.5874703
2025-11-08,2025-11-30,22,direct_category_weather_holiday,752415007.0,787135488.5951798
2025-11-09,2025-12-01,22,direct_category_weather_holiday,752093794.0,793583570.403839
2025-11-10,2025-12-02,22,direct_category_weather_holiday,774181582.0,801191688.6086302
2025-11-11,2025-12-03,22,direct_category_weather_holiday,779128904.0,824300952.8155302
2025-11-12,2025-12-04,22,direct_category_weather_holiday,780611840.0,836831637.411997
2025-11-13,2025-12-05,22,direct_category_weather_holiday,790342731.0,829263211.445758
2025-11-14,2025-12-06,22,direct_category_weather_holiday,783475966.0,809756877.4607975
2025-11-15,2025-12-07,22,direct_category_weather_holiday,769662376.0,782868531.1015404
2025-11-16,2025-12-08,22,direct_category_weather_holiday,781993536.0,792659722.1643907
2025-11-17,2025-12-09,22,direct_category_weather_holiday,790459836.0,812281856.2396252
2025-11-18,2025-12-10,22,direct_category_weather_holiday,793331038.0,804494528.0147519
2025-11-19,2025-12-11,22,direct_category_weather_holiday,792303023.0,800911064.4130132
2025-11-20,2025-12-12,22,direct_category_weather_holiday,805771337.0,798225771.8334874
2025-11-21,2025-12-13,22,direct_category_weather_holiday,805919635.0,790025725.6914847
2025-11-22,2025-12-14,22,direct_category_weather_holiday,775261923.0,795665116.0820085
2025-11-23,2025-12-15,22,direct_category_weather_holiday,800205024.0,809450796.1972147
2025-11-24,2025-12-16,22,direct_category_weather_holiday,791223092.0,799459017.5681412
2025-11-25,2025-12-17,22,direct_category_weather_holiday,797873177.0,804386408.2312021
2025-11-26,2025-12-18,22,direct_category_weather_holiday,807913091.0,805230744.7435917
2025-11-27,2025-12-19,22,direct_category_weather_holiday,813412227.0,790870082.9155422
2025-11-28,2025-12-20,22,direct_category_weather_holiday,800554656.0,777104829.2552984
2025-11-29,2025-12-21,22,direct_category_weather_holiday,775722494.0,773215963.4902582
2025-11-30,2025-12-22,22,direct_category_weather_holiday,800416947.0,787048001.3141369
2025-12-01,2025-12-23,22,direct_category_weather_holiday,805434213.0,781341543.2572037
2025-12-02,2025-12-24,22,direct_category_weather_holiday,803732375.0,785850772.1647363
2025-12-03,2025-12-25,22,direct_category_weather_holiday,824337857.0,793693746.5895175
2025-12-04,2025-12-26,22,direct_category_weather_holiday,812520530.0,817164577.0900089
2025-12-05,2025-12-27,22,direct_category_weather_holiday,813024286.0,792802876.8747795
2025-12-06,2025-12-28,22,direct_category_weather_holiday,798511867.0,775253350.3451053
2025-12-07,2025-12-29,22,direct_category_weather_holiday,801303829.0,786787862.9372464
2025-12-08,2025-12-30,22,direct_category_weather_holiday,799723069.0,796996802.1672858
2025-12-09,2025-12-31,22,direct_category_weather_holiday,783373686.0,797047461.0403599
2025-12-10,2026-01-01,22,direct_category_weather_holiday,707758012.0,717554434.2964205
2025-12-11,2026-01-02,22,direct_category_weather_holiday,741910307.0,730020584.0047201
2025-12-12,2026-01-03,22,direct_category_weather_holiday,801935633.0,754328059.9967947
2025-12-13,2026-01-04,22,direct_category_weather_holiday,820839320.0,770355775.1284838
2025-12-14,2026-01-05,22,direct_category_weather_holiday,819629944.0,797461116.5195405
2025-12-15,2026-01-06,22,direct_category_weather_holiday,848208043.0,809573518.4590596
2025-12-16,2026-01-07,22,direct_category_weather_holiday,836618404.0,812155384.4723511
2025-12-17,2026-01-08,22,direct_category_weather_holiday,845715705.0,809233769.0980939
2025-12-18,2026-01-09,22,direct_category_weather_holiday,845779172.0,809310058.8879133
2025-09-09,2025-10-01,22,direct_category_weather_holiday_segment,893877447.0,881160750.8840271
2025-09-10,2025-10-02,22,direct_category_weather_holiday_segment,877524402.0,883650066.069075
2025-09-11,2025-10-03,22,direct_category_weather_holiday_segment,906128774.0,888784068.8753372
2025-09-12,2025-10-04,22,direct_category_weather_holiday_segment,947397946.0,921554846.5963076
2025-09-13,2025-10-05,22,direct_category_weather_holiday_segment,967898095.0,926863708.3378792
2025-09-14,2025-10-06,22,direct_category_weather_holiday_segment,909397624.0,924429248.07208
2025-09-15,2025-10-07,22,direct_category_weather_holiday_segment,958058211.0,931119172.3848116
2025-09-16,2025-10-08,22,direct_category_weather_holiday_segment,1002652065.0,927036103.4123951
2025-09-17,2025-10-09,22,direct_category_weather_holiday_segment,1006596066.0,935469366.0539067
2025-09-18,2025-10-10,22,direct_category_weather_holiday_segment,988218980.0,926693099.5366977
2025-09-19,2025-10-11,22,direct_category_weather_holiday_segment,993216057.0,920607285.8341374
2025-09-20,2025-10-12,22,direct_category_weather_holiday_segment,982996119.0,926082153.185842
2025-09-21,2025-10-13,22,direct_category_weather_holiday_segment,994158096.0,948979882.0368958
2025-09-22,2025-10-14,22,direct_category_weather_holiday_segment,999440675.0,925618172.1854987
2025-09-23,2025-10-15,22,direct_category_weather_holiday_segment,979563855.0,918893590.3949802
2025-09-24,2025-10-16,22,direct_category_weather_holiday_segment,973453600.0,919801533.4665408
2025-09-25,2025-10-17,22,direct_category_weather_holiday_segment,976535370.0,919449460.3437912
2025-09-26,2025-10-18,22,direct_category_weather_holiday_segment,976325746.0,914294660.7812587
2025-09-27,2025-10-19,22,direct_category_weather_holiday_segment,896789087.0,870933152.6527966
2025-09-28,2025-10-20,22,direct_category_weather_holiday_segment,853624251.0,824743390.4071863
2025-09-29,2025-10-21,22,direct_category_weather_holiday_segment,795444895.0,824861446.5229771
2025-09-30,2025-10-22,22,direct_category_weather_holiday_segment,783518576.0,823478946.0358272
2025-10-01,2025-10-23,22,direct_category_weather_holiday_segment,783134792.0,814879077.0447853
2025-10-02,2025-10-24,22,direct_category_weather_holiday_segment,786285205.0,810773758.8364468
2025-10-03,2025-10-25,22,direct_category_weather_holiday_segment,787344834.0,800243048.3745302
2025-10-04,2025-10-26,22,direct_category_weather_holiday_segment,788309358.0,790930682.1766222
2025-10-05,2025-10-27,22,direct_category_weather_holiday_segment,788347388.0,797429035.4333541
2025-10-06,2025-10-28,22,direct_category_weather_holiday_segment,803213606.0,803891958.2772095
2025-10-07,2025-10-29,22,direct_category_weather_holiday_segment,791815205.0,830358030.104408
2025-10-08,2025-10-30,22,direct_category_weather_holiday_segment,801523722.0,835786511.7442329
2025-10-09,2025-10-31,22,direct_category_weather_holiday_segment,806599754.0,818834297.2611022
2025-10-10,2025-11-01,22,direct_category_weather_holiday_segment,760921367.0,797279600.9501029
2025-10-11,2025-11-02,22,direct_category_weather_holiday_segment,744828378.0,773248806.2543066
2025-10-12,2025-11-03,22,direct_category_weather_holiday_segment,780447693.0,798929360.5407896
2025-10-13,2025-11-04,22,direct_category_weather_holiday_segment,782600645.0,815149748.8845832
2025-10-14,2025-11-05,22,direct_category_weather_holiday_segment,784108702.0,798398964.1747847
2025-10-15,2025-11-06,22,direct_category_weather_holiday_segment,789959014.0,817864243.763516
2025-10-16,2025-11-07,22,direct_category_weather_holiday_segment,808798324.0,807213343.235076
2025-10-17,2025-11-08,22,direct_category_weather_holiday_segment,816286170.0,808362783.6559105
2025-10-18,2025-11-09,22,direct_category_weather_holiday_segment,794671570.0,792856552.7839496
2025-10-19,2025-11-10,22,direct_category_weather_holiday_segment,803150509.0,796589181.0839393
2025-10-20,2025-11-11,22,direct_category_weather_holiday_segment,811031660.0,792237557.9212735
2025-10-21,2025-11-12,22,direct_category_weather_holiday_segment,800371284.0,785416485.77367
2025-10-22,2025-11-13,22,direct_category_weather_holiday_segment,795412883.0,780697981.4084849
2025-10-23,2025-11-14,22,direct_category_weather_holiday_segment,784929625.0,785118644.7486892
2025-10-24,2025-11-15,22,direct_category_weather_holiday_segment,771969074.0,769421507.8201118
2025-10-25,2025-11-16,22,direct_category_weather_holiday_segment,748102925.0,748915889.5951374
2025-10-26,2025-11-17,22,direct_category_weather_holiday_segment,784946049.0,776979523.1494851
2025-10-27,2025-11-18,22,direct_category_weather_holiday_segment,802372785.0,815690255.136698
2025-10-28,2025-11-19,22,direct_category_weather_holiday_segment,785536331.0,839617311.2954085
2025-10-29,2025-11-20,22,direct_category_weather_holiday_segment,789566797.0,852582555.7785537
2025-10-30,2025-11-21,22,direct_category_weather_holiday_segment,781713368.0,824226490.6288879
2025-10-31,2025-11-22,22,direct_category_weather_holiday_segment,777234266.0,808352948.0450037
2025-11-01,2025-11-23,22,direct_category_weather_holiday_segment,763587139.0,776235200.8541414
2025-11-02,2025-11-24,22,direct_category_weather_holiday_segment,787419759.0,787163544.8272517
2025-11-03,2025-11-25,22,direct_category_weather_holiday_segment,779113247.0,824461408.1205738
2025-11-04,2025-11-26,22,direct_category_weather_holiday_segment,779056661.0,827608020.2671278
2025-11-05,2025-11-27,22,direct_category_weather_holiday_segment,785923784.0,821787323.6916721
2025-11-06,2025-11-28,22,direct_category_weather_holiday_segment,793532772.0,821695413.0752292
2025-11-07,2025-11-29,22,direct_category_weather_holiday_segment,775439198.0,795614346.5839584
2025-11-08,2025-11-30,22,direct_category_weather_holiday_segment,752415007.0,782765749.96921
2025-11-09,2025-12-01,22,direct_category_weather_holiday_segment,752093794.0,785646979.633812
2025-11-10,2025-12-02,22,direct_category_weather_holiday_segment,774181582.0,790724119.8614979
2025-11-11,2025-12-03,22,direct_category_weather_holiday_segment,779128904.0,819668837.2838953
2025-11-12,2025-12-04,22,direct_category_weather_holiday_segment,780611840.0,835991376.7803202
2025-11-13,2025-12-05,22,direct_category_weather_holiday_segment,790342731.0,825604539.6418612
2025-11-14,2025-12-06,22,direct_category_weather_holiday_segment,783475966.0,807548962.6277885
2025-11-15,2025-12-07,22,direct_category_weather_holiday_segment,769662376.0,778362373.8695661
2025-11-16,2025-12-08,22,direct_category_weather_holiday_segment,781993536.0,785951821.4184234
2025-11-17,2025-12-09,22,direct_category_weather_holiday_segment,790459836.0,805612862.2462611
2025-11-18,2025-12-10,22,direct_category_weather_holiday_segment,793331038.0,797124218.5167592
2025-11-19,2025-12-11,22,direct_category_weather_holiday_segment,792303023.0,792873510.3093085
2025-11-20,2025-12-12,22,direct_category_weather_holiday_segment,805771337.0,789287795.1014972
2025-11-21,2025-12-13,22,direct_category_weather_holiday_segment,805919635.0,784098580.363544
2025-11-22,2025-12-14,22,direct_category_weather_holiday_segment,775261923.0,794369831.6600116
2025-11-23,2025-12-15,22,direct_category_weather_holiday_segment,800205024.0,810009450.4500299
2025-11-24,2025-12-16,22,direct_category_weather_holiday_segment,791223092.0,794415835.8104944
2025-11-25,2025-12-17,22,direct_category_weather_holiday_segment,797873177.0,799042433.1315441
2025-11-26,2025-12-18,22,direct_category_weather_holiday_segment,807913091.0,800649426.0973544
2025-11-27,2025-12-19,22,direct_category_weather_holiday_segment,813412227.0,781441038.3167048
2025-11-28,2025-12-20,22,direct_category_weather_holiday_segment,800554656.0,766285546.2990154
2025-11-29,2025-12-21,22,direct_category_weather_holiday_segment,775722494.0,764482407.9985789
2025-11-30,2025-12-22,22,direct_category_weather_holiday_segment,800416947.0,780539846.7724223
2025-12-01,2025-12-23,22,direct_category_weather_holiday_segment,805434213.0,772978254.3050499
2025-12-02,2025-12-24,22,direct_category_weather_holiday_segment,803732375.0,777481494.9452608
2025-12-03,2025-12-25,22,direct_category_weather_holiday_segment,824337857.0,789801809.2830307
2025-12-04,2025-12-26,22,direct_category_weather_holiday_segment,812520530.0,814891189.3931489
2025-12-05,2025-12-27,22,direct_category_weather_holiday_segment,813024286.0,789797289.6877953
2025-12-06,2025-12-28,22,direct_category_weather_holiday_segment,798511867.0,771646462.770833
2025-12-07,2025-12-29,22,direct_category_weather_holiday_segment,801303829.0,795928648.862703
2025-12-08,2025-12-30,22,direct_category_weather_holiday_segment,799723069.0,805624567.8282238
2025-12-09,2025-12-31,22,direct_category_weather_holiday_segment,783373686.0,809073952.2225665
2025-12-10,2026-01-01,22,direct_category_weather_holiday_segment,707758012.0,730502205.0827049
2025-12-11,2026-01-02,22,direct_category_weather_holiday_segment,741910307.0,755019927.8170983
2025-12-12,2026-01-03,22,direct_category_weather_holiday_segment,801935633.0,792277820.7573535
2025-12-13,2026-01-04,22,direct_category_weather_holiday_segment,820839320.0,782103586.4776214
2025-12-14,2026-01-05,22,direct_category_weather_holiday_segment,819629944.0,811657485.1888857
2025-12-15,2026-01-06,22,direct_category_weather_holiday_segment,848208043.0,828206830.5829765
2025-12-16,2026-01-07,22,direct_category_weather_holiday_segment,836618404.0,814790499.4146786
2025-12-17,2026-01-08,22,direct_category_weather_holiday_segment,845715705.0,808870567.2556336
2025-12-18,2026-01-09,22,direct_category_weather_holiday_segment,845779172.0,806176599.1285795
2025-09-08,2025-10-01,23,direct_category_weather_holiday,893877447.0,896532506.22878
2025-09-09,2025-10-02,23,direct_category_weather_holiday,877524402.0,879111611.4743074
2025-09-10,2025-10-03,23,direct_category_weather_holiday,906128774.0,876327997.9680879
2025-09-11,2025-10-04,23,direct_category_weather_holiday,947397946.0,898766887.6433302
2025-09-12,2025-10-05,23,direct_category_weather_holiday,967898095.0,888271419.2832965
2025-09-13,2025-10-06,23,direct_category_weather_holiday,909397624.0,891079118.9695293
2025-09-14,2025-10-07,23,direct_category_weather_holiday,958058211.0,872391256.556612
2025-09-15,2025-10-08,23,direct_category_weather_holiday,1002652065.0,862108996.8778925
2025-09-16,2025-10-09,23,direct_category_weather_holiday,1006596066.0,941163676.8918233
2025-09-17,2025-10-10,23,direct_category_weather_holiday,988218980.0,934613357.0616121
2025-09-18,2025-10-11,23,direct_category_weather_holiday,993216057.0,936357048.1687503
2025-09-19,2025-10-12,23,direct_category_weather_holiday,982996119.0,929579664.5775868
2025-09-20,2025-10-13,23,direct_category_weather_holiday,994158096.0,958061688.1175314
2025-09-21,2025-10-14,23,direct_category_weather_holiday,999440675.0,946772497.5252112
2025-09-22,2025-10-15,23,direct_category_weather_holiday,979563855.0,923235416.1913916
2025-09-23,2025-10-16,23,direct_category_weather_holiday,973453600.0,912019818.684748
2025-09-24,2025-10-17,23,direct_category_weather_holiday,976535370.0,920082512.242474
2025-09-25,2025-10-18,23,direct_category_weather_holiday,976325746.0,910929569.9729851
2025-09-26,2025-10-19,23,direct_category_weather_holiday,896789087.0,877647899.2933602
2025-09-27,2025-10-20,23,direct_category_weather_holiday,853624251.0,833456849.3533448
2025-09-28,2025-10-21,23,direct_category_weather_holiday,795444895.0,823183405.0041388
2025-09-29,2025-10-22,23,direct_category_weather_holiday,783518576.0,825715337.527188
2025-09-30,2025-10-23,23,direct_category_weather_holiday,783134792.0,831033415.2959563
2025-10-01,2025-10-24,23,direct_category_weather_holiday,786285205.0,818415999.5191191
2025-10-02,2025-10-25,23,direct_category_weather_holiday,787344834.0,809213560.9242105
2025-10-03,2025-10-26,23,direct_category_weather_holiday,788309358.0,785033896.6855896
2025-10-04,2025-10-27,23,direct_category_weather_holiday,788347388.0,802698056.62858
2025-10-05,2025-10-28,23,direct_category_weather_holiday,803213606.0,798266167.4158577
2025-10-06,2025-10-29,23,direct_category_weather_holiday,791815205.0,812596931.0012954
2025-10-07,2025-10-30,23,direct_category_weather_holiday,801523722.0,843723984.1427234
2025-10-08,2025-10-31,23,direct_category_weather_holiday,806599754.0,833531846.1739813
2025-10-09,2025-11-01,23,direct_category_weather_holiday,760921367.0,802852968.170616
2025-10-10,2025-11-02,23,direct_category_weather_holiday,744828378.0,779689480.945012
2025-10-11,2025-11-03,23,direct_category_weather_holiday,780447693.0,791087658.7805079
2025-10-12,2025-11-04,23,direct_category_weather_holiday,782600645.0,800949972.9682504
2025-10-13,2025-11-05,23,direct_category_weather_holiday,784108702.0,817441360.8199781
2025-10-14,2025-11-06,23,direct_category_weather_holiday,789959014.0,811962678.1473986
2025-10-15,2025-11-07,23,direct_category_weather_holiday,808798324.0,826971098.9313964
2025-10-16,2025-11-08,23,direct_category_weather_holiday,816286170.0,807734572.9088277
2025-10-17,2025-11-09,23,direct_category_weather_holiday,794671570.0,791205598.6470022
2025-10-18,2025-11-10,23,direct_category_weather_holiday,803150509.0,799966503.1562971
2025-10-19,2025-11-11,23,direct_category_weather_holiday,811031660.0,800222355.0128092
2025-10-20,2025-11-12,23,direct_category_weather_holiday,800371284.0,796033237.1480635
2025-10-21,2025-11-13,23,direct_category_weather_holiday,795412883.0,782337225.9896618
2025-10-22,2025-11-14,23,direct_category_weather_holiday,784929625.0,785250272.5741552
2025-10-23,2025-11-15,23,direct_category_weather_holiday,771969074.0,774339983.456157
2025-10-24,2025-11-16,23,direct_category_weather_holiday,748102925.0,753950818.7020643
2025-10-25,2025-11-17,23,direct_category_weather_holiday,784946049.0,773382304.2515808
2025-10-26,2025-11-18,23,direct_category_weather_holiday,802372785.0,802306663.5903529
2025-10-27,2025-11-19,23,direct_category_weather_holiday,785536331.0,831308947.48974
2025-10-28,2025-11-20,23,direct_category_weather_holiday,789566797.0,833909547.8884114
2025-10-29,2025-11-21,23,direct_category_weather_holiday,781713368.0,843607396.9324094
2025-10-30,2025-11-22,23,direct_category_weather_holiday,777234266.0,819961984.5847175
2025-10-31,2025-11-23,23,direct_category_weather_holiday,763587139.0,790068335.7291824
2025-11-01,2025-11-24,23,direct_category_weather_holiday,787419759.0,799997253.7010685
2025-11-02,2025-11-25,23,direct_category_weather_holiday,779113247.0,807820244.8247083
2025-11-03,2025-11-26,23,direct_category_weather_holiday,779056661.0,832645433.9701384
2025-11-04,2025-11-27,23,direct_category_weather_holiday,785923784.0,825043773.8096906
2025-11-05,2025-11-28,23,direct_category_weather_holiday,793532772.0,827002844.0957729
2025-11-06,2025-11-29,23,direct_category_weather_holiday,775439198.0,799131718.0943686
2025-11-07,2025-11-30,23,direct_category_weather_holiday,752415007.0,777848162.8882065
2025-11-08,2025-12-01,23,direct_category_weather_holiday,752093794.0,795560758.9731902
2025-11-09,2025-12-02,23,direct_category_weather_holiday,774181582.0,794425047.6076247
2025-11-10,2025-12-03,23,direct_category_weather_holiday,779128904.0,814058973.9798177
2025-11-11,2025-12-04,23,direct_category_weather_holiday,780611840.0,836322006.1976055
2025-11-12,2025-12-05,23,direct_category_weather_holiday,790342731.0,828579073.7720128
2025-11-13,2025-12-06,23,direct_category_weather_holiday,783475966.0,814651847.6171541
2025-11-14,2025-12-07,23,direct_category_weather_holiday,769662376.0,788553067.7213441
2025-11-15,2025-12-08,23,direct_category_weather_holiday,781993536.0,806511659.3235754
2025-11-16,2025-12-09,23,direct_category_weather_holiday,790459836.0,803479615.6918474
2025-11-17,2025-12-10,23,direct_category_weather_holiday,793331038.0,798028484.1625406
2025-11-18,2025-12-11,23,direct_category_weather_holiday,792303023.0,801141448.6896905
2025-11-19,2025-12-12,23,direct_category_weather_holiday,805771337.0,808041703.7952882
2025-11-20,2025-12-13,23,direct_category_weather_holiday,805919635.0,785500125.2879089
2025-11-21,2025-12-14,23,direct_category_weather_holiday,775261923.0,793125100.8825412
2025-11-22,2025-12-15,23,direct_category_weather_holiday,800205024.0,807954139.3697003
2025-11-23,2025-12-16,23,direct_category_weather_holiday,791223092.0,794006113.1302077
2025-11-24,2025-12-17,23,direct_category_weather_holiday,797873177.0,794551819.6194636
2025-11-25,2025-12-18,23,direct_category_weather_holiday,807913091.0,809055895.590736
2025-11-26,2025-12-19,23,direct_category_weather_holiday,813412227.0,793078587.7074484
2025-11-27,2025-12-20,23,direct_category_weather_holiday,800554656.0,772882429.9063717
2025-11-28,2025-12-21,23,direct_category_weather_holiday,775722494.0,769202668.869483
2025-11-29,2025-12-22,23,direct_category_weather_holiday,800416947.0,793661223.532617
2025-11-30,2025-12-23,23,direct_category_weather_holiday,805434213.0,776042271.0219537
2025-12-01,2025-12-24,23,direct_category_weather_holiday,803732375.0,775866782.2727424
2025-12-02,2025-12-25,23,direct_category_weather_holiday,824337857.0,799214808.456508
2025-12-03,2025-12-26,23,direct_category_weather_holiday,812520530.0,810744482.296904
2025-12-04,2025-12-27,23,direct_category_weather_holiday,813024286.0,788944101.3166416
2025-12-05,2025-12-28,23,direct_category_weather_holiday,798511867.0,768607819.0913361
2025-12-06,2025-12-29,23,direct_category_weather_holiday,801303829.0,783010655.7635156
2025-12-07,2025-12-30,23,direct_category_weather_holiday,799723069.0,785543106.7259697
2025-12-08,2025-12-31,23,direct_category_weather_holiday,783373686.0,801108587.550007
2025-12-09,2026-01-01,23,direct_category_weather_holiday,707758012.0,709539652.8482505
2025-12-10,2026-01-02,23,direct_category_weather_holiday,741910307.0,722676536.1639607
2025-12-11,2026-01-03,23,direct_category_weather_holiday,801935633.0,750075466.5069784
2025-12-12,2026-01-04,23,direct_category_weather_holiday,820839320.0,766381006.5659286
2025-12-13,2026-01-05,23,direct_category_weather_holiday,819629944.0,790417863.9218789
2025-12-14,2026-01-06,23,direct_category_weather_holiday,848208043.0,809764747.164312
2025-12-15,2026-01-07,23,direct_category_weather_holiday,836618404.0,808990954.7944528
2025-12-16,2026-01-08,23,direct_category_weather_holiday,845715705.0,805863748.2499379
2025-12-17,2026-01-09,23,direct_category_weather_holiday,845779172.0,802744904.8403056
2025-09-08,2025-10-01,23,direct_category_weather_holiday_segment,893877447.0,888456802.8928115
2025-09-09,2025-10-02,23,direct_category_weather_holiday_segment,877524402.0,884582298.4064895
2025-09-10,2025-10-03,23,direct_category_weather_holiday_segment,906128774.0,890356911.9434167
2025-09-11,2025-10-04,23,direct_category_weather_holiday_segment,947397946.0,924117707.1219862
2025-09-12,2025-10-05,23,direct_category_weather_holiday_segment,967898095.0,923815671.4374549
2025-09-13,2025-10-06,23,direct_category_weather_holiday_segment,909397624.0,934904706.4550513
2025-09-14,2025-10-07,23,direct_category_weather_holiday_segment,958058211.0,928953041.5830938
2025-09-15,2025-10-08,23,direct_category_weather_holiday_segment,1002652065.0,936882406.7910675
2025-09-16,2025-10-09,23,direct_category_weather_holiday_segment,1006596066.0,929932278.0019011
2025-09-17,2025-10-10,23,direct_category_weather_holiday_segment,988218980.0,921504879.942283
2025-09-18,2025-10-11,23,direct_category_weather_holiday_segment,993216057.0,917578056.8987347
2025-09-19,2025-10-12,23,direct_category_weather_holiday_segment,982996119.0,922245289.9171599
2025-09-20,2025-10-13,23,direct_category_weather_holiday_segment,994158096.0,949141582.3749205
2025-09-21,2025-10-14,23,direct_category_weather_holiday_segment,999440675.0,937834912.6583084
2025-09-22,2025-10-15,23,direct_category_weather_holiday_segment,979563855.0,919867255.0147921
2025-09-23,2025-10-16,23,direct_category_weather_holiday_segment,973453600.0,908745513.4501549
2025-09-24,2025-10-17,23,direct_category_weather_holiday_segment,976535370.0,913355375.1219295
2025-09-25,2025-10-18,23,direct_category_weather_holiday_segment,976325746.0,905621280.3299369
2025-09-26,2025-10-19,23,direct_category_weather_holiday_segment,896789087.0,872547506.2387608
2025-09-27,2025-10-20,23,direct_category_weather_holiday_segment,853624251.0,826536970.0836929
2025-09-28,2025-10-21,23,direct_category_weather_holiday_segment,795444895.0,815707273.6037844
2025-09-29,2025-10-22,23,direct_category_weather_holiday_segment,783518576.0,820030269.0812184
2025-09-30,2025-10-23,23,direct_category_weather_holiday_segment,783134792.0,825269371.2907453
2025-10-01,2025-10-24,23,direct_category_weather_holiday_segment,786285205.0,811530415.5623816
2025-10-02,2025-10-25,23,direct_category_weather_holiday_segment,787344834.0,804685185.5892882
2025-10-03,2025-10-26,23,direct_category_weather_holiday_segment,788309358.0,782803380.424977
2025-10-04,2025-10-27,23,direct_category_weather_holiday_segment,788347388.0,796087358.6459118
2025-10-05,2025-10-28,23,direct_category_weather_holiday_segment,803213606.0,790660630.2784398
2025-10-06,2025-10-29,23,direct_category_weather_holiday_segment,791815205.0,807552232.0639721
2025-10-07,2025-10-30,23,direct_category_weather_holiday_segment,801523722.0,838594280.3971453
2025-10-08,2025-10-31,23,direct_category_weather_holiday_segment,806599754.0,828723987.4653172
2025-10-09,2025-11-01,23,direct_category_weather_holiday_segment,760921367.0,798871660.4823321
2025-10-10,2025-11-02,23,direct_category_weather_holiday_segment,744828378.0,774249868.1650207
2025-10-11,2025-11-03,23,direct_category_weather_holiday_segment,780447693.0,785144661.7495369
2025-10-12,2025-11-04,23,direct_category_weather_holiday_segment,782600645.0,795805568.2341821
2025-10-13,2025-11-05,23,direct_category_weather_holiday_segment,784108702.0,810112143.7571728
2025-10-14,2025-11-06,23,direct_category_weather_holiday_segment,789959014.0,808372423.4422349
2025-10-15,2025-11-07,23,direct_category_weather_holiday_segment,808798324.0,826049905.8730243
2025-10-16,2025-11-08,23,direct_category_weather_holiday_segment,816286170.0,807329766.3430185
2025-10-17,2025-11-09,23,direct_category_weather_holiday_segment,794671570.0,788776222.8020413
2025-10-18,2025-11-10,23,direct_category_weather_holiday_segment,803150509.0,793188499.5976473
2025-10-19,2025-11-11,23,direct_category_weather_holiday_segment,811031660.0,790045251.2508873
2025-10-20,2025-11-12,23,direct_category_weather_holiday_segment,800371284.0,796054320.0409539
2025-10-21,2025-11-13,23,direct_category_weather_holiday_segment,795412883.0,778538528.3186789
2025-10-22,2025-11-14,23,direct_category_weather_holiday_segment,784929625.0,780552122.9509165
2025-10-23,2025-11-15,23,direct_category_weather_holiday_segment,771969074.0,771532179.654941
2025-10-24,2025-11-16,23,direct_category_weather_holiday_segment,748102925.0,749102140.8399203
2025-10-25,2025-11-17,23,direct_category_weather_holiday_segment,784946049.0,767324804.3667225
2025-10-26,2025-11-18,23,direct_category_weather_holiday_segment,802372785.0,800653615.9982092
2025-10-27,2025-11-19,23,direct_category_weather_holiday_segment,785536331.0,833320485.8458343
2025-10-28,2025-11-20,23,direct_category_weather_holiday_segment,789566797.0,835149941.1122254
2025-10-29,2025-11-21,23,direct_category_weather_holiday_segment,781713368.0,836657222.581149
2025-10-30,2025-11-22,23,direct_category_weather_holiday_segment,777234266.0,814445071.88403
2025-10-31,2025-11-23,23,direct_category_weather_holiday_segment,763587139.0,782951448.1662884
2025-11-01,2025-11-24,23,direct_category_weather_holiday_segment,787419759.0,791384818.4026004
2025-11-02,2025-11-25,23,direct_category_weather_holiday_segment,779113247.0,802316698.2110959
2025-11-03,2025-11-26,23,direct_category_weather_holiday_segment,779056661.0,830299918.050633
2025-11-04,2025-11-27,23,direct_category_weather_holiday_segment,785923784.0,821020694.7679139
2025-11-05,2025-11-28,23,direct_category_weather_holiday_segment,793532772.0,823292358.1408762
2025-11-06,2025-11-29,23,direct_category_weather_holiday_segment,775439198.0,796242383.922408
2025-11-07,2025-11-30,23,direct_category_weather_holiday_segment,752415007.0,771945036.1726133
2025-11-08,2025-12-01,23,direct_category_weather_holiday_segment,752093794.0,786029930.7852783
2025-11-09,2025-12-02,23,direct_category_weather_holiday_segment,774181582.0,786769127.0752418
2025-11-10,2025-12-03,23,direct_category_weather_holiday_segment,779128904.0,808321609.7146938
2025-11-11,2025-12-04,23,direct_category_weather_holiday_segment,780611840.0,833878137.0514739
2025-11-12,2025-12-05,23,direct_category_weather_holiday_segment,790342731.0,823052794.1461089
2025-11-13,2025-12-06,23,direct_category_weather_holiday_segment,783475966.0,809816597.4876282
2025-11-14,2025-12-07,23,direct_category_weather_holiday_segment,769662376.0,781737279.4218768
2025-11-15,2025-12-08,23,direct_category_weather_holiday_segment,781993536.0,800554798.396634
2025-11-16,2025-12-09,23,direct_category_weather_holiday_segment,790459836.0,799428329.692757
2025-11-17,2025-12-10,23,direct_category_weather_holiday_segment,793331038.0,792171029.8646705
2025-11-18,2025-12-11,23,direct_category_weather_holiday_segment,792303023.0,793463736.1700798
2025-11-19,2025-12-12,23,direct_category_weather_holiday_segment,805771337.0,798485316.075783
2025-11-20,2025-12-13,23,direct_category_weather_holiday_segment,805919635.0,779715387.8065833
2025-11-21,2025-12-14,23,direct_category_weather_holiday_segment,775261923.0,791228088.2607368
2025-11-22,2025-12-15,23,direct_category_weather_holiday_segment,800205024.0,808332525.1338956
2025-11-23,2025-12-16,23,direct_category_weather_holiday_segment,791223092.0,791329359.5303483
2025-11-24,2025-12-17,23,direct_category_weather_holiday_segment,797873177.0,789991770.2858206
2025-11-25,2025-12-18,23,direct_category_weather_holiday_segment,807913091.0,804701321.7009531
2025-11-26,2025-12-19,23,direct_category_weather_holiday_segment,813412227.0,784483321.0073229
2025-11-27,2025-12-20,23,direct_category_weather_holiday_segment,800554656.0,762211976.7664821
2025-11-28,2025-12-21,23,direct_category_weather_holiday_segment,775722494.0,761419170.2365549
2025-11-29,2025-12-22,23,direct_category_weather_holiday_segment,800416947.0,787306371.282253
2025-11-30,2025-12-23,23,direct_category_weather_holiday_segment,805434213.0,769291952.0564348
2025-12-01,2025-12-24,23,direct_category_weather_holiday_segment,803732375.0,768858675.7441229
2025-12-02,2025-12-25,23,direct_category_weather_holiday_segment,824337857.0,796465276.8374245
2025-12-03,2025-12-26,23,direct_category_weather_holiday_segment,812520530.0,809302816.5272002
2025-12-04,2025-12-27,23,direct_category_weather_holiday_segment,813024286.0,786719513.8438747
2025-12-05,2025-12-28,23,direct_category_weather_holiday_segment,798511867.0,763929661.4905301
2025-12-06,2025-12-29,23,direct_category_weather_holiday_segment,801303829.0,796958965.2955396
2025-12-07,2025-12-30,23,direct_category_weather_holiday_segment,799723069.0,799703553.3656551
2025-12-08,2025-12-31,23,direct_category_weather_holiday_segment,783373686.0,818512214.347764
2025-12-09,2026-01-01,23,direct_category_weather_holiday_segment,707758012.0,724413232.3252393
2025-12-10,2026-01-02,23,direct_category_weather_holiday_segment,741910307.0,748903607.6751888
2025-12-11,2026-01-03,23,direct_category_weather_holiday_segment,801935633.0,789686893.9141338
2025-12-12,2026-01-04,23,direct_category_weather_holiday_segment,820839320.0,780433328.571416
2025-12-13,2026-01-05,23,direct_category_weather_holiday_segment,819629944.0,808452306.134043
2025-12-14,2026-01-06,23,direct_category_weather_holiday_segment,848208043.0,831537472.0275574
2025-12-15,2026-01-07,23,direct_category_weather_holiday_segment,836618404.0,813750747.6674128
2025-12-16,2026-01-08,23,direct_category_weather_holiday_segment,845715705.0,807455181.7427667
2025-12-17,2026-01-09,23,direct_category_weather_holiday_segment,845779172.0,800097013.4355958
2025-09-07,2025-10-01,24,direct_category_weather_holiday,893877447.0,893018516.6446344
2025-09-08,2025-10-02,24,direct_category_weather_holiday,877524402.0,889138917.6685506
2025-09-09,2025-10-03,24,direct_category_weather_holiday,906128774.0,878138331.1271305
2025-09-10,2025-10-04,24,direct_category_weather_holiday,947397946.0,905155624.2306981
2025-09-11,2025-10-05,24,direct_category_weather_holiday,967898095.0,892336350.9597323
2025-09-12,2025-10-06,24,direct_category_weather_holiday,909397624.0,886456050.5449251
2025-09-13,2025-10-07,24,direct_category_weather_holiday,958058211.0,884336695.8290691
2025-09-14,2025-10-08,24,direct_category_weather_holiday,1002652065.0,861007063.83769
2025-09-15,2025-10-09,24,direct_category_weather_holiday,1006596066.0,948841441.4034789
2025-09-16,2025-10-10,24,direct_category_weather_holiday,988218980.0,926318516.8275126
2025-09-17,2025-10-11,24,direct_category_weather_holiday,993216057.0,926048232.5811603
2025-09-18,2025-10-12,24,direct_category_weather_holiday,982996119.0,923855392.1183844
2025-09-19,2025-10-13,24,direct_category_weather_holiday,994158096.0,954821728.4414858
2025-09-20,2025-10-14,24,direct_category_weather_holiday,999440675.0,945634319.2358526
2025-09-21,2025-10-15,24,direct_category_weather_holiday,979563855.0,937043180.2962139
2025-09-22,2025-10-16,24,direct_category_weather_holiday,973453600.0,916506782.689039
2025-09-23,2025-10-17,24,direct_category_weather_holiday,976535370.0,910720149.6233482
2025-09-24,2025-10-18,24,direct_category_weather_holiday,976325746.0,905434959.1595901
2025-09-25,2025-10-19,24,direct_category_weather_holiday,896789087.0,867597170.2305434
2025-09-26,2025-10-20,24,direct_category_weather_holiday,853624251.0,834325208.9209207
2025-09-27,2025-10-21,24,direct_category_weather_holiday,795444895.0,826961764.3550624
2025-09-28,2025-10-22,24,direct_category_weather_holiday,783518576.0,816274431.9604517
2025-09-29,2025-10-23,24,direct_category_weather_holiday,783134792.0,826482550.1187595
2025-09-30,2025-10-24,24,direct_category_weather_holiday,786285205.0,829918047.2618737
2025-10-01,2025-10-25,24,direct_category_weather_holiday,787344834.0,808056280.9817904
2025-10-02,2025-10-26,24,direct_category_weather_holiday,788309358.0,790776288.2895869
2025-10-03,2025-10-27,24,direct_category_weather_holiday,788347388.0,793530442.5342247
2025-10-04,2025-10-28,24,direct_category_weather_holiday,803213606.0,799294374.956251
2025-10-05,2025-10-29,24,direct_category_weather_holiday,791815205.0,797185196.4883149
2025-10-06,2025-10-30,24,direct_category_weather_holiday,801523722.0,822156491.9045146
2025-10-07,2025-10-31,24,direct_category_weather_holiday,806599754.0,842356317.069091
2025-10-08,2025-11-01,24,direct_category_weather_holiday,760921367.0,821222903.6515207
2025-10-09,2025-11-02,24,direct_category_weather_holiday,744828378.0,790154427.3574926
2025-10-10,2025-11-03,24,direct_category_weather_holiday,780447693.0,799081647.2821798
2025-10-11,2025-11-04,24,direct_category_weather_holiday,782600645.0,786424347.6585885
2025-10-12,2025-11-05,24,direct_category_weather_holiday,784108702.0,793963993.2787819
2025-10-13,2025-11-06,24,direct_category_weather_holiday,789959014.0,825729574.784438
2025-10-14,2025-11-07,24,direct_category_weather_holiday,808798324.0,817017682.0152649
2025-10-15,2025-11-08,24,direct_category_weather_holiday,816286170.0,818159081.7263131
2025-10-16,2025-11-09,24,direct_category_weather_holiday,794671570.0,782481521.3979731
2025-10-17,2025-11-10,24,direct_category_weather_holiday,803150509.0,793651077.6247656
2025-10-18,2025-11-11,24,direct_category_weather_holiday,811031660.0,789892221.3552545
2025-10-19,2025-11-12,24,direct_category_weather_holiday,800371284.0,795232840.5060456
2025-10-20,2025-11-13,24,direct_category_weather_holiday,795412883.0,786272276.9623051
2025-10-21,2025-11-14,24,direct_category_weather_holiday,784929625.0,782189899.4213239
2025-10-22,2025-11-15,24,direct_category_weather_holiday,771969074.0,767020611.4804077
2025-10-23,2025-11-16,24,direct_category_weather_holiday,748102925.0,754390737.3743255
2025-10-24,2025-11-17,24,direct_category_weather_holiday,784946049.0,774896848.8211592
2025-10-25,2025-11-18,24,direct_category_weather_holiday,802372785.0,795654373.203991
2025-10-26,2025-11-19,24,direct_category_weather_holiday,785536331.0,815691355.4412969
2025-10-27,2025-11-20,24,direct_category_weather_holiday,789566797.0,828578525.1171573
2025-10-28,2025-11-21,24,direct_category_weather_holiday,781713368.0,828436017.8015449
2025-10-29,2025-11-22,24,direct_category_weather_holiday,777234266.0,836024097.2806036
2025-10-30,2025-11-23,24,direct_category_weather_holiday,763587139.0,798737400.906195
2025-10-31,2025-11-24,24,direct_category_weather_holiday,787419759.0,810874329.3377268
2025-11-01,2025-11-25,24,direct_category_weather_holiday,779113247.0,816653359.5232946
2025-11-02,2025-11-26,24,direct_category_weather_holiday,779056661.0,816863432.5750371
2025-11-03,2025-11-27,24,direct_category_weather_holiday,785923784.0,834418102.4036123
2025-11-04,2025-11-28,24,direct_category_weather_holiday,793532772.0,838103310.0075846
2025-11-05,2025-11-29,24,direct_category_weather_holiday,775439198.0,809118254.7604011
2025-11-06,2025-11-30,24,direct_category_weather_holiday,752415007.0,784528885.0388383
2025-11-07,2025-12-01,24,direct_category_weather_holiday,752093794.0,792037571.1990678
2025-11-08,2025-12-02,24,direct_category_weather_holiday,774181582.0,802839589.7143601
2025-11-09,2025-12-03,24,direct_category_weather_holiday,779128904.0,811379644.7637005
2025-11-10,2025-12-04,24,direct_category_weather_holiday,780611840.0,831056538.1390852
2025-11-11,2025-12-05,24,direct_category_weather_holiday,790342731.0,831177953.772005
2025-11-12,2025-12-06,24,direct_category_weather_holiday,783475966.0,816401897.8376858
2025-11-13,2025-12-07,24,direct_category_weather_holiday,769662376.0,794730902.0500581
2025-11-14,2025-12-08,24,direct_category_weather_holiday,781993536.0,814156046.9461012
2025-11-15,2025-12-09,24,direct_category_weather_holiday,790459836.0,819465980.0321391
2025-11-16,2025-12-10,24,direct_category_weather_holiday,793331038.0,793111391.9903564
2025-11-17,2025-12-11,24,direct_category_weather_holiday,792303023.0,797010240.3471546
2025-11-18,2025-12-12,24,direct_category_weather_holiday,805771337.0,810107860.426019
2025-11-19,2025-12-13,24,direct_category_weather_holiday,805919635.0,796434553.12626
2025-11-20,2025-12-14,24,direct_category_weather_holiday,775261923.0,788686955.2273285
2025-11-21,2025-12-15,24,direct_category_weather_holiday,800205024.0,805205640.4931462
2025-11-22,2025-12-16,24,direct_category_weather_holiday,791223092.0,793456580.5818354
2025-11-23,2025-12-17,24,direct_category_weather_holiday,797873177.0,791218376.4134259
2025-11-24,2025-12-18,24,direct_category_weather_holiday,807913091.0,802324460.961938
2025-11-25,2025-12-19,24,direct_category_weather_holiday,813412227.0,798620158.1144941
2025-11-26,2025-12-20,24,direct_category_weather_holiday,800554656.0,776543460.4478886
2025-11-27,2025-12-21,24,direct_category_weather_holiday,775722494.0,767198897.5304451
2025-11-28,2025-12-22,24,direct_category_weather_holiday,800416947.0,791580720.8146113
2025-11-29,2025-12-23,24,direct_category_weather_holiday,805434213.0,783812630.0627317
2025-11-30,2025-12-24,24,direct_category_weather_holiday,803732375.0,773173461.2857949
2025-12-01,2025-12-25,24,direct_category_weather_holiday,824337857.0,790171194.2130426
2025-12-02,2025-12-26,24,direct_category_weather_holiday,812520530.0,818692144.0144914
2025-12-03,2025-12-27,24,direct_category_weather_holiday,813024286.0,784466261.4087359
2025-12-04,2025-12-28,24,direct_category_weather_holiday,798511867.0,766797401.9815801
2025-12-05,2025-12-29,24,direct_category_weather_holiday,801303829.0,778118994.1057721
2025-12-06,2025-12-30,24,direct_category_weather_holiday,799723069.0,783839002.6813568
2025-12-07,2025-12-31,24,direct_category_weather_holiday,783373686.0,793342699.4643404
2025-12-08,2026-01-01,24,direct_category_weather_holiday,707758012.0,715179324.7068316
2025-12-09,2026-01-02,24,direct_category_weather_holiday,741910307.0,716811820.3597792
2025-12-10,2026-01-03,24,direct_category_weather_holiday,801935633.0,745759293.707761
2025-12-11,2026-01-04,24,direct_category_weather_holiday,820839320.0,763718246.1572863
2025-12-12,2026-01-05,24,direct_category_weather_holiday,819629944.0,786288993.2267004
2025-12-13,2026-01-06,24,direct_category_weather_holiday,848208043.0,802547567.1477679
2025-12-14,2026-01-07,24,direct_category_weather_holiday,836618404.0,810377398.390364
2025-12-15,2026-01-08,24,direct_category_weather_holiday,845715705.0,804608336.6656168
2025-12-16,2026-01-09,24,direct_category_weather_holiday,845779172.0,800790400.6650519
2025-09-07,2025-10-01,24,direct_category_weather_holiday_segment,893877447.0,881536041.5141008
2025-09-08,2025-10-02,24,direct_category_weather_holiday_segment,877524402.0,889892545.09601
2025-09-09,2025-10-03,24,direct_category_weather_holiday_segment,906128774.0,891117915.9625198
2025-09-10,2025-10-04,24,direct_category_weather_holiday_segment,947397946.0,928570262.8662893
2025-09-11,2025-10-05,24,direct_category_weather_holiday_segment,967898095.0,925916113.221125
2025-09-12,2025-10-06,24,direct_category_weather_holiday_segment,909397624.0,931493043.807755
2025-09-13,2025-10-07,24,direct_category_weather_holiday_segment,958058211.0,939061517.2493017
2025-09-14,2025-10-08,24,direct_category_weather_holiday_segment,1002652065.0,930627280.0788398
2025-09-15,2025-10-09,24,direct_category_weather_holiday_segment,1006596066.0,939196227.106109
2025-09-16,2025-10-10,24,direct_category_weather_holiday_segment,988218980.0,916128423.7078294
2025-09-17,2025-10-11,24,direct_category_weather_holiday_segment,993216057.0,909394296.1946907
2025-09-18,2025-10-12,24,direct_category_weather_holiday_segment,982996119.0,916179159.2825829
2025-09-19,2025-10-13,24,direct_category_weather_holiday_segment,994158096.0,945422151.2118446
2025-09-20,2025-10-14,24,direct_category_weather_holiday_segment,999440675.0,937071202.1334499
2025-09-21,2025-10-15,24,direct_category_weather_holiday_segment,979563855.0,929945649.9519825
2025-09-22,2025-10-16,24,direct_category_weather_holiday_segment,973453600.0,912096636.1934831
2025-09-23,2025-10-17,24,direct_category_weather_holiday_segment,976535370.0,904214042.235435
2025-09-24,2025-10-18,24,direct_category_weather_holiday_segment,976325746.0,899238867.9761716
2025-09-25,2025-10-19,24,direct_category_weather_holiday_segment,896789087.0,862647292.4422008
2025-09-26,2025-10-20,24,direct_category_weather_holiday_segment,853624251.0,829749473.3731612
2025-09-27,2025-10-21,24,direct_category_weather_holiday_segment,795444895.0,820742011.8912463
2025-09-28,2025-10-22,24,direct_category_weather_holiday_segment,783518576.0,811332869.0517304
2025-09-29,2025-10-23,24,direct_category_weather_holiday_segment,783134792.0,821039037.6461712
2025-09-30,2025-10-24,24,direct_category_weather_holiday_segment,786285205.0,823431675.0555646
2025-10-01,2025-10-25,24,direct_category_weather_holiday_segment,787344834.0,804946468.8148576
2025-10-02,2025-10-26,24,direct_category_weather_holiday_segment,788309358.0,787225846.1671448
2025-10-03,2025-10-27,24,direct_category_weather_holiday_segment,788347388.0,789988986.1079619
2025-10-04,2025-10-28,24,direct_category_weather_holiday_segment,803213606.0,794313396.7614067
2025-10-05,2025-10-29,24,direct_category_weather_holiday_segment,791815205.0,795744621.7452656
2025-10-06,2025-10-30,24,direct_category_weather_holiday_segment,801523722.0,818105908.4043043
2025-10-07,2025-10-31,24,direct_category_weather_holiday_segment,806599754.0,834414835.8212403
2025-10-08,2025-11-01,24,direct_category_weather_holiday_segment,760921367.0,814999587.3527681
2025-10-09,2025-11-02,24,direct_category_weather_holiday_segment,744828378.0,782337140.9530363
2025-10-10,2025-11-03,24,direct_category_weather_holiday_segment,780447693.0,792386020.8346021
2025-10-11,2025-11-04,24,direct_category_weather_holiday_segment,782600645.0,781657881.0169764
2025-10-12,2025-11-05,24,direct_category_weather_holiday_segment,784108702.0,789648969.2761656
2025-10-13,2025-11-06,24,direct_category_weather_holiday_segment,789959014.0,818310167.3048939
2025-10-14,2025-11-07,24,direct_category_weather_holiday_segment,808798324.0,812429137.2722057
2025-10-15,2025-11-08,24,direct_category_weather_holiday_segment,816286170.0,819499070.9470135
2025-10-16,2025-11-09,24,direct_category_weather_holiday_segment,794671570.0,783079824.2224364
2025-10-17,2025-11-10,24,direct_category_weather_holiday_segment,803150509.0,788394972.0936038
2025-10-18,2025-11-11,24,direct_category_weather_holiday_segment,811031660.0,782956727.9813008
2025-10-19,2025-11-12,24,direct_category_weather_holiday_segment,800371284.0,789480395.824517
2025-10-20,2025-11-13,24,direct_category_weather_holiday_segment,795412883.0,787827599.5772179
2025-10-21,2025-11-14,24,direct_category_weather_holiday_segment,784929625.0,777204964.7086594
2025-10-22,2025-11-15,24,direct_category_weather_holiday_segment,771969074.0,763689677.0139236
2025-10-23,2025-11-16,24,direct_category_weather_holiday_segment,748102925.0,749781977.2242702
2025-10-24,2025-11-17,24,direct_category_weather_holiday_segment,784946049.0,768108947.2504128
2025-10-25,2025-11-18,24,direct_category_weather_holiday_segment,802372785.0,793300017.9057606
2025-10-26,2025-11-19,24,direct_category_weather_holiday_segment,785536331.0,818269961.4876655
2025-10-27,2025-11-20,24,direct_category_weather_holiday_segment,789566797.0,829843220.235309
2025-10-28,2025-11-21,24,direct_category_weather_holiday_segment,781713368.0,825180293.7853231
2025-10-29,2025-11-22,24,direct_category_weather_holiday_segment,777234266.0,829249034.3468963
2025-10-30,2025-11-23,24,direct_category_weather_holiday_segment,763587139.0,790592269.599657
2025-10-31,2025-11-24,24,direct_category_weather_holiday_segment,787419759.0,800958870.2782426
2025-11-01,2025-11-25,24,direct_category_weather_holiday_segment,779113247.0,811074988.2342978
2025-11-02,2025-11-26,24,direct_category_weather_holiday_segment,779056661.0,816217743.9774045
2025-11-03,2025-11-27,24,direct_category_weather_holiday_segment,785923784.0,831274088.186647
2025-11-04,2025-11-28,24,direct_category_weather_holiday_segment,793532772.0,832548962.8228437
2025-11-05,2025-11-29,24,direct_category_weather_holiday_segment,775439198.0,805623308.4943814
2025-11-06,2025-11-30,24,direct_category_weather_holiday_segment,752415007.0,777952609.181278
2025-11-07,2025-12-01,24,direct_category_weather_holiday_segment,752093794.0,781322104.8164033
2025-11-08,2025-12-02,24,direct_category_weather_holiday_segment,774181582.0,794230750.7693112
2025-11-09,2025-12-03,24,direct_category_weather_holiday_segment,779128904.0,808562794.0526054
2025-11-10,2025-12-04,24,direct_category_weather_holiday_segment,780611840.0,828578791.4332266
2025-11-11,2025-12-05,24,direct_category_weather_holiday_segment,790342731.0,824586474.6174124
2025-11-12,2025-12-06,24,direct_category_weather_holiday_segment,783475966.0,810853883.4500632
2025-11-13,2025-12-07,24,direct_category_weather_holiday_segment,769662376.0,785566759.9929364
2025-11-14,2025-12-08,24,direct_category_weather_holiday_segment,781993536.0,805648626.4358742
2025-11-15,2025-12-09,24,direct_category_weather_holiday_segment,790459836.0,816067895.9109931
2025-11-16,2025-12-10,24,direct_category_weather_holiday_segment,793331038.0,789531858.1948186
2025-11-17,2025-12-11,24,direct_category_weather_holiday_segment,792303023.0,790655871.2788683
2025-11-18,2025-12-12,24,direct_category_weather_holiday_segment,805771337.0,800957589.4001925
2025-11-19,2025-12-13,24,direct_category_weather_holiday_segment,805919635.0,789693632.8030194
2025-11-20,2025-12-14,24,direct_category_weather_holiday_segment,775261923.0,786094589.5919706
2025-11-21,2025-12-15,24,direct_category_weather_holiday_segment,800205024.0,804439597.953168
2025-11-22,2025-12-16,24,direct_category_weather_holiday_segment,791223092.0,789953291.1374649
2025-11-23,2025-12-17,24,direct_category_weather_holiday_segment,797873177.0,787643944.9496342
2025-11-24,2025-12-18,24,direct_category_weather_holiday_segment,807913091.0,798686830.7934488
2025-11-25,2025-12-19,24,direct_category_weather_holiday_segment,813412227.0,789554127.1051188
2025-11-26,2025-12-20,24,direct_category_weather_holiday_segment,800554656.0,766320774.0723338
2025-11-27,2025-12-21,24,direct_category_weather_holiday_segment,775722494.0,759518597.265585
2025-11-28,2025-12-22,24,direct_category_weather_holiday_segment,800416947.0,785153342.4736181
2025-11-29,2025-12-23,24,direct_category_weather_holiday_segment,805434213.0,775559165.2206858
2025-11-30,2025-12-24,24,direct_category_weather_holiday_segment,803732375.0,767261912.1999537
2025-12-01,2025-12-25,24,direct_category_weather_holiday_segment,824337857.0,788741142.9361466
2025-12-02,2025-12-26,24,direct_category_weather_holiday_segment,812520530.0,817628538.9332683
2025-12-03,2025-12-27,24,direct_category_weather_holiday_segment,813024286.0,782426783.3330635
2025-12-04,2025-12-28,24,direct_category_weather_holiday_segment,798511867.0,762079904.15095
2025-12-05,2025-12-29,24,direct_category_weather_holiday_segment,801303829.0,796990360.1064712
2025-12-06,2025-12-30,24,direct_category_weather_holiday_segment,799723069.0,803102164.6985455
2025-12-07,2025-12-31,24,direct_category_weather_holiday_segment,783373686.0,816523975.3306043
2025-12-08,2026-01-01,24,direct_category_weather_holiday_segment,707758012.0,730449752.919677
2025-12-09,2026-01-02,24,direct_category_weather_holiday_segment,741910307.0,744783114.2407353
2025-12-10,2026-01-03,24,direct_category_weather_holiday_segment,801935633.0,786435888.4788938
2025-12-11,2026-01-04,24,direct_category_weather_holiday_segment,820839320.0,778955672.4595423
2025-12-12,2026-01-05,24,direct_category_weather_holiday_segment,819629944.0,805367582.706958
2025-12-13,2026-01-06,24,direct_category_weather_holiday_segment,848208043.0,825463834.8701441
2025-12-14,2026-01-07,24,direct_category_weather_holiday_segment,836618404.0,812974529.2713617
2025-12-15,2026-01-08,24,direct_category_weather_holiday_segment,845715705.0,807827970.817444
2025-12-16,2026-01-09,24,direct_category_weather_holiday_segment,845779172.0,798899586.7000978
2025-09-06,2025-10-01,25,direct_category_weather_holiday,893877447.0,891577185.2698658
2025-09-07,2025-10-02,25,direct_category_weather_holiday,877524402.0,884188365.923476
2025-09-08,2025-10-03,25,direct_category_weather_holiday,906128774.0,888679732.0570627
2025-09-09,2025-10-04,25,direct_category_weather_holiday,947397946.0,906367570.6173772
2025-09-10,2025-10-05,25,direct_category_weather_holiday,967898095.0,897583250.8500928
2025-09-11,2025-10-06,25,direct_category_weather_holiday,909397624.0,888618102.1551987
2025-09-12,2025-10-07,25,direct_category_weather_holiday,958058211.0,881311677.0545409
2025-09-13,2025-10-08,25,direct_category_weather_holiday,1002652065.0,876073174.2898388
2025-09-14,2025-10-09,25,direct_category_weather_holiday,1006596066.0,943678001.5660594
2025-09-15,2025-10-10,25,direct_category_weather_holiday,988218980.0,930894788.373101
2025-09-16,2025-10-11,25,direct_category_weather_holiday,993216057.0,923752905.1866093
2025-09-17,2025-10-12,25,direct_category_weather_holiday,982996119.0,916038277.0714369
2025-09-18,2025-10-13,25,direct_category_weather_holiday,994158096.0,951191820.1116289
2025-09-19,2025-10-14,25,direct_category_weather_holiday,999440675.0,944188702.5045261
2025-09-20,2025-10-15,25,direct_category_weather_holiday,979563855.0,934546092.3118831
2025-09-21,2025-10-16,25,direct_category_weather_holiday,973453600.0,929303929.1462501
2025-09-22,2025-10-17,25,direct_category_weather_holiday,976535370.0,914539239.320476
2025-09-23,2025-10-18,25,direct_category_weather_holiday,976325746.0,897805544.1941075
2025-09-24,2025-10-19,25,direct_category_weather_holiday,896789087.0,862285820.6621485
2025-09-25,2025-10-20,25,direct_category_weather_holiday,853624251.0,823203144.3147892
2025-09-26,2025-10-21,25,direct_category_weather_holiday,795444895.0,828017954.9484649
2025-09-27,2025-10-22,25,direct_category_weather_holiday,783518576.0,820807951.7376461
2025-09-28,2025-10-23,25,direct_category_weather_holiday,783134792.0,815546780.3721135
2025-09-29,2025-10-24,25,direct_category_weather_holiday,786285205.0,828089424.4074812
2025-09-30,2025-10-25,25,direct_category_weather_holiday,787344834.0,822706201.0772636
2025-10-01,2025-10-26,25,direct_category_weather_holiday,788309358.0,794575766.2653451
2025-10-02,2025-10-27,25,direct_category_weather_holiday,788347388.0,802631164.6205862
2025-10-03,2025-10-28,25,direct_category_weather_holiday,803213606.0,791012136.1233085
2025-10-04,2025-10-29,25,direct_category_weather_holiday,791815205.0,799765489.058627
2025-10-05,2025-10-30,25,direct_category_weather_holiday,801523722.0,808674524.9106025
2025-10-06,2025-10-31,25,direct_category_weather_holiday,806599754.0,824157881.5743124
2025-10-07,2025-11-01,25,direct_category_weather_holiday,760921367.0,829379190.3677801
2025-10-08,2025-11-02,25,direct_category_weather_holiday,744828378.0,811611945.521664
2025-10-09,2025-11-03,25,direct_category_weather_holiday,780447693.0,811369562.13968
2025-10-10,2025-11-04,25,direct_category_weather_holiday,782600645.0,798454113.081743
2025-10-11,2025-11-05,25,direct_category_weather_holiday,784108702.0,783274871.3348393
2025-10-12,2025-11-06,25,direct_category_weather_holiday,789959014.0,804419648.8775793
2025-10-13,2025-11-07,25,direct_category_weather_holiday,808798324.0,837473162.298956
2025-10-14,2025-11-08,25,direct_category_weather_holiday,816286170.0,814806875.0194155
2025-10-15,2025-11-09,25,direct_category_weather_holiday,794671570.0,790985950.6837368
2025-10-16,2025-11-10,25,direct_category_weather_holiday,803150509.0,785209606.11844
2025-10-17,2025-11-11,25,direct_category_weather_holiday,811031660.0,783834583.390371
2025-10-18,2025-11-12,25,direct_category_weather_holiday,800371284.0,785702068.3745819
2025-10-19,2025-11-13,25,direct_category_weather_holiday,795412883.0,789270055.77192
2025-10-20,2025-11-14,25,direct_category_weather_holiday,784929625.0,781322058.3675245
2025-10-21,2025-11-15,25,direct_category_weather_holiday,771969074.0,766543281.3781012
2025-10-22,2025-11-16,25,direct_category_weather_holiday,748102925.0,748045080.020167
2025-10-23,2025-11-17,25,direct_category_weather_holiday,784946049.0,776015390.9771247
2025-10-24,2025-11-18,25,direct_category_weather_holiday,802372785.0,796648906.0095195
2025-10-25,2025-11-19,25,direct_category_weather_holiday,785536331.0,807030217.9207515
2025-10-26,2025-11-20,25,direct_category_weather_holiday,789566797.0,809780853.9769324
2025-10-27,2025-11-21,25,direct_category_weather_holiday,781713368.0,822271492.9999644
2025-10-28,2025-11-22,25,direct_category_weather_holiday,777234266.0,817181178.2103246
2025-10-29,2025-11-23,25,direct_category_weather_holiday,763587139.0,816686149.8613203
2025-10-30,2025-11-24,25,direct_category_weather_holiday,787419759.0,818790362.6728631
2025-10-31,2025-11-25,25,direct_category_weather_holiday,779113247.0,825365353.3503814
2025-11-01,2025-11-26,25,direct_category_weather_holiday,779056661.0,823801232.0287975
2025-11-02,2025-11-27,25,direct_category_weather_holiday,785923784.0,818337438.0991981
2025-11-03,2025-11-28,25,direct_category_weather_holiday,793532772.0,847949170.1457571
2025-11-04,2025-11-29,25,direct_category_weather_holiday,775439198.0,822225456.2836266
2025-11-05,2025-11-30,25,direct_category_weather_holiday,752415007.0,795385992.5951425
2025-11-06,2025-12-01,25,direct_category_weather_holiday,752093794.0,798298646.9148324
2025-11-07,2025-12-02,25,direct_category_weather_holiday,774181582.0,797193145.7051651
2025-11-08,2025-12-03,25,direct_category_weather_holiday,779128904.0,820098723.543274
2025-11-09,2025-12-04,25,direct_category_weather_holiday,780611840.0,826673196.6634995
2025-11-10,2025-12-05,25,direct_category_weather_holiday,790342731.0,826762292.638506
2025-11-11,2025-12-06,25,direct_category_weather_holiday,783475966.0,819918152.6869923
2025-11-12,2025-12-07,25,direct_category_weather_holiday,769662376.0,797621531.2789873
2025-11-13,2025-12-08,25,direct_category_weather_holiday,781993536.0,820527943.7846066
2025-11-14,2025-12-09,25,direct_category_weather_holiday,790459836.0,825161677.485302
2025-11-15,2025-12-10,25,direct_category_weather_holiday,793331038.0,808090068.9495934
2025-11-16,2025-12-11,25,direct_category_weather_holiday,792303023.0,795296284.3610632
2025-11-17,2025-12-12,25,direct_category_weather_holiday,805771337.0,807992005.6734942
2025-11-18,2025-12-13,25,direct_category_weather_holiday,805919635.0,799578782.4610565
2025-11-19,2025-12-14,25,direct_category_weather_holiday,775261923.0,800432405.386845
2025-11-20,2025-12-15,25,direct_category_weather_holiday,800205024.0,801333975.7683257
2025-11-21,2025-12-16,25,direct_category_weather_holiday,791223092.0,791212490.8269283
2025-11-22,2025-12-17,25,direct_category_weather_holiday,797873177.0,789996203.9449325
2025-11-23,2025-12-18,25,direct_category_weather_holiday,807913091.0,798556529.3291888
2025-11-24,2025-12-19,25,direct_category_weather_holiday,813412227.0,791875412.9414396
2025-11-25,2025-12-20,25,direct_category_weather_holiday,800554656.0,780682387.3365995
2025-11-26,2025-12-21,25,direct_category_weather_holiday,775722494.0,767410063.3842251
2025-11-27,2025-12-22,25,direct_category_weather_holiday,800416947.0,787479878.3353484
2025-11-28,2025-12-23,25,direct_category_weather_holiday,805434213.0,780816918.0116614
2025-11-29,2025-12-24,25,direct_category_weather_holiday,803732375.0,780897982.7835748
2025-11-30,2025-12-25,25,direct_category_weather_holiday,824337857.0,785886001.085035
2025-12-01,2025-12-26,25,direct_category_weather_holiday,812520530.0,807564642.6718311
2025-12-02,2025-12-27,25,direct_category_weather_holiday,813024286.0,791886919.6713798
2025-12-03,2025-12-28,25,direct_category_weather_holiday,798511867.0,762873153.8506418
2025-12-04,2025-12-29,25,direct_category_weather_holiday,801303829.0,776752442.5527447
2025-12-05,2025-12-30,25,direct_category_weather_holiday,799723069.0,778062754.4520826
2025-12-06,2025-12-31,25,direct_category_weather_holiday,783373686.0,788993906.7728716
2025-12-07,2026-01-01,25,direct_category_weather_holiday,707758012.0,705220675.2735205
2025-12-08,2026-01-02,25,direct_category_weather_holiday,741910307.0,725266500.9869639
2025-12-09,2026-01-03,25,direct_category_weather_holiday,801935633.0,743006476.8703909
2025-12-10,2026-01-04,25,direct_category_weather_holiday,820839320.0,767600947.5756197
2025-12-11,2026-01-05,25,direct_category_weather_holiday,819629944.0,785460797.8174977
2025-12-12,2026-01-06,25,direct_category_weather_holiday,848208043.0,798759171.6117188
2025-12-13,2026-01-07,25,direct_category_weather_holiday,836618404.0,804143484.7834203
2025-12-14,2026-01-08,25,direct_category_weather_holiday,845715705.0,808615332.730395
2025-12-15,2026-01-09,25,direct_category_weather_holiday,845779172.0,798460191.3216096
2025-09-06,2025-10-01,25,direct_category_weather_holiday_segment,893877447.0,880614398.6370058
2025-09-07,2025-10-02,25,direct_category_weather_holiday_segment,877524402.0,882333570.909705
2025-09-08,2025-10-03,25,direct_category_weather_holiday_segment,906128774.0,897952065.2189466
2025-09-09,2025-10-04,25,direct_category_weather_holiday_segment,947397946.0,929182242.7852173
2025-09-10,2025-10-05,25,direct_category_weather_holiday_segment,967898095.0,930542732.3357676
2025-09-11,2025-10-06,25,direct_category_weather_holiday_segment,909397624.0,932268396.8307726
2025-09-12,2025-10-07,25,direct_category_weather_holiday_segment,958058211.0,937265463.7944891
2025-09-13,2025-10-08,25,direct_category_weather_holiday_segment,1002652065.0,943358512.1764431
2025-09-14,2025-10-09,25,direct_category_weather_holiday_segment,1006596066.0,930540868.83335
2025-09-15,2025-10-10,25,direct_category_weather_holiday_segment,988218980.0,920572417.8391432
2025-09-16,2025-10-11,25,direct_category_weather_holiday_segment,993216057.0,908773256.8055811
2025-09-17,2025-10-12,25,direct_category_weather_holiday_segment,982996119.0,909383214.6554374
2025-09-18,2025-10-13,25,direct_category_weather_holiday_segment,994158096.0,941478703.2131634
2025-09-19,2025-10-14,25,direct_category_weather_holiday_segment,999440675.0,935480224.4747598
2025-09-20,2025-10-15,25,direct_category_weather_holiday_segment,979563855.0,927072210.7047843
2025-09-21,2025-10-16,25,direct_category_weather_holiday_segment,973453600.0,920135967.7548642
2025-09-22,2025-10-17,25,direct_category_weather_holiday_segment,976535370.0,906651249.22742
2025-09-23,2025-10-18,25,direct_category_weather_holiday_segment,976325746.0,891804650.696428
2025-09-24,2025-10-19,25,direct_category_weather_holiday_segment,896789087.0,856293343.7290307
2025-09-25,2025-10-20,25,direct_category_weather_holiday_segment,853624251.0,818230863.5816275
2025-09-26,2025-10-21,25,direct_category_weather_holiday_segment,795444895.0,823517605.0371177
2025-09-27,2025-10-22,25,direct_category_weather_holiday_segment,783518576.0,816584140.6318988
2025-09-28,2025-10-23,25,direct_category_weather_holiday_segment,783134792.0,810313864.2668632
2025-09-29,2025-10-24,25,direct_category_weather_holiday_segment,786285205.0,821182587.9577191
2025-09-30,2025-10-25,25,direct_category_weather_holiday_segment,787344834.0,818884887.4829278
2025-10-01,2025-10-26,25,direct_category_weather_holiday_segment,788309358.0,792333346.1807866
2025-10-02,2025-10-27,25,direct_category_weather_holiday_segment,788347388.0,798235676.7910984
2025-10-03,2025-10-28,25,direct_category_weather_holiday_segment,803213606.0,789254330.8578825
2025-10-04,2025-10-29,25,direct_category_weather_holiday_segment,791815205.0,800316035.4600521
2025-10-05,2025-10-30,25,direct_category_weather_holiday_segment,801523722.0,808598361.7814178
2025-10-06,2025-10-31,25,direct_category_weather_holiday_segment,806599754.0,819353026.2483051
2025-10-07,2025-11-01,25,direct_category_weather_holiday_segment,760921367.0,822736166.9625077
2025-10-08,2025-11-02,25,direct_category_weather_holiday_segment,744828378.0,804918737.318373
2025-10-09,2025-11-03,25,direct_category_weather_holiday_segment,780447693.0,804479844.0919445
2025-10-10,2025-11-04,25,direct_category_weather_holiday_segment,782600645.0,793981651.8173229
2025-10-11,2025-11-05,25,direct_category_weather_holiday_segment,784108702.0,778779855.8296227
2025-10-12,2025-11-06,25,direct_category_weather_holiday_segment,789959014.0,800906931.0061512
2025-10-13,2025-11-07,25,direct_category_weather_holiday_segment,808798324.0,829152182.5655068
2025-10-14,2025-11-08,25,direct_category_weather_holiday_segment,816286170.0,810428631.2259959
2025-10-15,2025-11-09,25,direct_category_weather_holiday_segment,794671570.0,790273598.8288698
2025-10-16,2025-11-10,25,direct_category_weather_holiday_segment,803150509.0,781719093.7655904
2025-10-17,2025-11-11,25,direct_category_weather_holiday_segment,811031660.0,778089109.959662
2025-10-18,2025-11-12,25,direct_category_weather_holiday_segment,800371284.0,781638795.9484371
2025-10-19,2025-11-13,25,direct_category_weather_holiday_segment,795412883.0,782490187.6510333
2025-10-20,2025-11-14,25,direct_category_weather_holiday_segment,784929625.0,778828788.9653293
2025-10-21,2025-11-15,25,direct_category_weather_holiday_segment,771969074.0,762114951.2057161
2025-10-22,2025-11-16,25,direct_category_weather_holiday_segment,748102925.0,741165759.4835466
2025-10-23,2025-11-17,25,direct_category_weather_holiday_segment,784946049.0,768335949.7200159
2025-10-24,2025-11-18,25,direct_category_weather_holiday_segment,802372785.0,792985022.3038946
2025-10-25,2025-11-19,25,direct_category_weather_holiday_segment,785536331.0,808618346.3314289
2025-10-26,2025-11-20,25,direct_category_weather_holiday_segment,789566797.0,810481326.5167375
2025-10-27,2025-11-21,25,direct_category_weather_holiday_segment,781713368.0,819058631.0109646
2025-10-28,2025-11-22,25,direct_category_weather_holiday_segment,777234266.0,814022371.3177156
2025-10-29,2025-11-23,25,direct_category_weather_holiday_segment,763587139.0,807525904.3478929
2025-10-30,2025-11-24,25,direct_category_weather_holiday_segment,787419759.0,808190650.6342607
2025-10-31,2025-11-25,25,direct_category_weather_holiday_segment,779113247.0,819250342.7687433
2025-11-01,2025-11-26,25,direct_category_weather_holiday_segment,779056661.0,823121325.4875245
2025-11-02,2025-11-27,25,direct_category_weather_holiday_segment,785923784.0,816807437.0323317
2025-11-03,2025-11-28,25,direct_category_weather_holiday_segment,793532772.0,844071565.4556975
2025-11-04,2025-11-29,25,direct_category_weather_holiday_segment,775439198.0,818326999.521911
2025-11-05,2025-11-30,25,direct_category_weather_holiday_segment,752415007.0,788807612.8431313
2025-11-06,2025-12-01,25,direct_category_weather_holiday_segment,752093794.0,788282340.8077261
2025-11-07,2025-12-02,25,direct_category_weather_holiday_segment,774181582.0,789561109.4168893
2025-11-08,2025-12-03,25,direct_category_weather_holiday_segment,779128904.0,817358868.704595
2025-11-09,2025-12-04,25,direct_category_weather_holiday_segment,780611840.0,826441787.7705806
2025-11-10,2025-12-05,25,direct_category_weather_holiday_segment,790342731.0,821591075.270123
2025-11-11,2025-12-06,25,direct_category_weather_holiday_segment,783475966.0,814691738.1857123
2025-11-12,2025-12-07,25,direct_category_weather_holiday_segment,769662376.0,788998657.8767698
2025-11-13,2025-12-08,25,direct_category_weather_holiday_segment,781993536.0,810598120.7260568
2025-11-14,2025-12-09,25,direct_category_weather_holiday_segment,790459836.0,819720642.4153353
2025-11-15,2025-12-10,25,direct_category_weather_holiday_segment,793331038.0,805108508.3127532
2025-11-16,2025-12-11,25,direct_category_weather_holiday_segment,792303023.0,790794875.5588366
2025-11-17,2025-12-12,25,direct_category_weather_holiday_segment,805771337.0,799868277.8594844
2025-11-18,2025-12-13,25,direct_category_weather_holiday_segment,805919635.0,792925806.7210786
2025-11-19,2025-12-14,25,direct_category_weather_holiday_segment,775261923.0,796125553.4891798
2025-11-20,2025-12-15,25,direct_category_weather_holiday_segment,800205024.0,799661045.2140754
2025-11-21,2025-12-16,25,direct_category_weather_holiday_segment,791223092.0,786463750.4215524
2025-11-22,2025-12-17,25,direct_category_weather_holiday_segment,797873177.0,785941821.7257589
2025-11-23,2025-12-18,25,direct_category_weather_holiday_segment,807913091.0,795343099.1729047
2025-11-24,2025-12-19,25,direct_category_weather_holiday_segment,813412227.0,783220547.33612
2025-11-25,2025-12-20,25,direct_category_weather_holiday_segment,800554656.0,769938836.3292367
2025-11-26,2025-12-21,25,direct_category_weather_holiday_segment,775722494.0,759506994.6590984
2025-11-27,2025-12-22,25,direct_category_weather_holiday_segment,800416947.0,781077012.4896915
2025-11-28,2025-12-23,25,direct_category_weather_holiday_segment,805434213.0,772652291.8680416
2025-11-29,2025-12-24,25,direct_category_weather_holiday_segment,803732375.0,772957762.685749
2025-11-30,2025-12-25,25,direct_category_weather_holiday_segment,824337857.0,784516647.3659687
2025-12-01,2025-12-26,25,direct_category_weather_holiday_segment,812520530.0,807063754.0943099
2025-12-02,2025-12-27,25,direct_category_weather_holiday_segment,813024286.0,789592193.4815629
2025-12-03,2025-12-28,25,direct_category_weather_holiday_segment,798511867.0,757686403.4942259
2025-12-04,2025-12-29,25,direct_category_weather_holiday_segment,801303829.0,798230252.090726
2025-12-05,2025-12-30,25,direct_category_weather_holiday_segment,799723069.0,799829087.856219
2025-12-06,2025-12-31,25,direct_category_weather_holiday_segment,783373686.0,814236107.9316416
2025-12-07,2026-01-01,25,direct_category_weather_holiday_segment,707758012.0,731725957.5819634
2025-12-08,2026-01-02,25,direct_category_weather_holiday_segment,741910307.0,763686871.4663352
2025-12-09,2026-01-03,25,direct_category_weather_holiday_segment,801935633.0,796050082.3469634
2025-12-10,2026-01-04,25,direct_category_weather_holiday_segment,820839320.0,780669539.1071165
2025-12-11,2026-01-05,25,direct_category_weather_holiday_segment,819629944.0,801930707.5430231
2025-12-12,2026-01-06,25,direct_category_weather_holiday_segment,848208043.0,818805296.2435188
2025-12-13,2026-01-07,25,direct_category_weather_holiday_segment,836618404.0,805702727.7936846
2025-12-14,2026-01-08,25,direct_category_weather_holiday_segment,845715705.0,808285935.9736179
2025-12-15,2026-01-09,25,direct_category_weather_holiday_segment,845779172.0,797577877.2447103
2025-09-05,2025-10-01,26,direct_category_weather_holiday,893877447.0,890409314.5320259
2025-09-06,2025-10-02,26,direct_category_weather_holiday,877524402.0,883083255.8283255
2025-09-07,2025-10-03,26,direct_category_weather_holiday,906128774.0,880744086.92786
2025-09-08,2025-10-04,26,direct_category_weather_holiday,947397946.0,914241323.786517
2025-09-09,2025-10-05,26,direct_category_weather_holiday,967898095.0,893098801.5361477
2025-09-10,2025-10-06,26,direct_category_weather_holiday,909397624.0,892502845.6841378
2025-09-11,2025-10-07,26,direct_category_weather_holiday,958058211.0,881435755.382082
2025-09-12,2025-10-08,26,direct_category_weather_holiday,1002652065.0,872626352.2668024
2025-09-13,2025-10-09,26,direct_category_weather_holiday,1006596066.0,961316018.984677
2025-09-14,2025-10-10,26,direct_category_weather_holiday,988218980.0,931507723.4673406
2025-09-15,2025-10-11,26,direct_category_weather_holiday,993216057.0,928931970.016179
2025-09-16,2025-10-12,26,direct_category_weather_holiday,982996119.0,911875619.928688
2025-09-17,2025-10-13,26,direct_category_weather_holiday,994158096.0,943948668.7466768
2025-09-18,2025-10-14,26,direct_category_weather_holiday,999440675.0,940403303.9221822
2025-09-19,2025-10-15,26,direct_category_weather_holiday,979563855.0,936786342.783048
2025-09-20,2025-10-16,26,direct_category_weather_holiday,973453600.0,929653182.8280404
2025-09-21,2025-10-17,26,direct_category_weather_holiday,976535370.0,929496605.5916295
2025-09-22,2025-10-18,26,direct_category_weather_holiday,976325746.0,902113236.5083959
2025-09-23,2025-10-19,26,direct_category_weather_holiday,896789087.0,855528657.3717347
2025-09-24,2025-10-20,26,direct_category_weather_holiday,853624251.0,818083737.0461402
2025-09-25,2025-10-21,26,direct_category_weather_holiday,795444895.0,818289010.4723305
2025-09-26,2025-10-22,26,direct_category_weather_holiday,783518576.0,823554661.5302293
2025-09-27,2025-10-23,26,direct_category_weather_holiday,783134792.0,820695107.4553999
2025-09-28,2025-10-24,26,direct_category_weather_holiday,786285205.0,812311501.4357921
2025-09-29,2025-10-25,26,direct_category_weather_holiday,787344834.0,820016176.730896
2025-09-30,2025-10-26,26,direct_category_weather_holiday,788309358.0,807676294.1615058
2025-10-01,2025-10-27,26,direct_category_weather_holiday,788347388.0,803601898.7652892
2025-10-02,2025-10-28,26,direct_category_weather_holiday,803213606.0,797388374.2806362
2025-10-03,2025-10-29,26,direct_category_weather_holiday,791815205.0,789498898.245712
2025-10-04,2025-10-30,26,direct_category_weather_holiday,801523722.0,802331391.7030729
2025-10-05,2025-10-31,26,direct_category_weather_holiday,806599754.0,802881552.6369076
2025-10-06,2025-11-01,26,direct_category_weather_holiday,760921367.0,807653730.7688669
2025-10-07,2025-11-02,26,direct_category_weather_holiday,744828378.0,811148194.49432
2025-10-08,2025-11-03,26,direct_category_weather_holiday,780447693.0,828048136.274983
2025-10-09,2025-11-04,26,direct_category_weather_holiday,782600645.0,804777583.0224441
2025-10-10,2025-11-05,26,direct_category_weather_holiday,784108702.0,792476489.5381414
2025-10-11,2025-11-06,26,direct_category_weather_holiday,789959014.0,788928205.3532261
2025-10-12,2025-11-07,26,direct_category_weather_holiday,808798324.0,810535067.7086318
2025-10-13,2025-11-08,26,direct_category_weather_holiday,816286170.0,839085984.318359
2025-10-14,2025-11-09,26,direct_category_weather_holiday,794671570.0,794009483.0162379
2025-10-15,2025-11-10,26,direct_category_weather_holiday,803150509.0,793566355.7641654
2025-10-16,2025-11-11,26,direct_category_weather_holiday,811031660.0,774304151.2988766
2025-10-17,2025-11-12,26,direct_category_weather_holiday,800371284.0,778580801.5630305
2025-10-18,2025-11-13,26,direct_category_weather_holiday,795412883.0,781659746.0319029
2025-10-19,2025-11-14,26,direct_category_weather_holiday,784929625.0,794504580.1567426
2025-10-20,2025-11-15,26,direct_category_weather_holiday,771969074.0,766439410.825302
2025-10-21,2025-11-16,26,direct_category_weather_holiday,748102925.0,750718107.0680631
2025-10-22,2025-11-17,26,direct_category_weather_holiday,784946049.0,769553512.9815896
2025-10-23,2025-11-18,26,direct_category_weather_holiday,802372785.0,796360358.5976958
2025-10-24,2025-11-19,26,direct_category_weather_holiday,785536331.0,808940308.4047811
2025-10-25,2025-11-20,26,direct_category_weather_holiday,789566797.0,805910362.9431977
2025-10-26,2025-11-21,26,direct_category_weather_holiday,781713368.0,804537883.9902083
2025-10-27,2025-11-22,26,direct_category_weather_holiday,777234266.0,812116342.889318
2025-10-28,2025-11-23,26,direct_category_weather_holiday,763587139.0,795428006.4565475
2025-10-29,2025-11-24,26,direct_category_weather_holiday,787419759.0,832989517.6999482
2025-10-30,2025-11-25,26,direct_category_weather_holiday,779113247.0,832968228.2428083
2025-10-31,2025-11-26,26,direct_category_weather_holiday,779056661.0,832470481.1459999
2025-11-01,2025-11-27,26,direct_category_weather_holiday,785923784.0,822762629.0636181
2025-11-02,2025-11-28,26,direct_category_weather_holiday,793532772.0,824547877.5793412
2025-11-03,2025-11-29,26,direct_category_weather_holiday,775439198.0,825824114.4513696
2025-11-04,2025-11-30,26,direct_category_weather_holiday,752415007.0,802235644.3471133
2025-11-05,2025-12-01,26,direct_category_weather_holiday,752093794.0,802085407.644207
2025-11-06,2025-12-02,26,direct_category_weather_holiday,774181582.0,798282876.1149448
2025-11-07,2025-12-03,26,direct_category_weather_holiday,779128904.0,805746593.5365897
2025-11-08,2025-12-04,26,direct_category_weather_holiday,780611840.0,830069276.1788181
2025-11-09,2025-12-05,26,direct_category_weather_holiday,790342731.0,817313348.4352218
2025-11-10,2025-12-06,26,direct_category_weather_holiday,783475966.0,813324017.3619311
2025-11-11,2025-12-07,26,direct_category_weather_holiday,769662376.0,797771019.7466141
2025-11-12,2025-12-08,26,direct_category_weather_holiday,781993536.0,818225853.7813102
2025-11-13,2025-12-09,26,direct_category_weather_holiday,790459836.0,826559354.5495291
2025-11-14,2025-12-10,26,direct_category_weather_holiday,793331038.0,812822536.3982683
2025-11-15,2025-12-11,26,direct_category_weather_holiday,792303023.0,805911089.9681683
2025-11-16,2025-12-12,26,direct_category_weather_holiday,805771337.0,801443408.4913752
2025-11-17,2025-12-13,26,direct_category_weather_holiday,805919635.0,796595594.3175579
2025-11-18,2025-12-14,26,direct_category_weather_holiday,775261923.0,801985557.132411
2025-11-19,2025-12-15,26,direct_category_weather_holiday,800205024.0,815210605.1652458
2025-11-20,2025-12-16,26,direct_category_weather_holiday,791223092.0,788446187.323387
2025-11-21,2025-12-17,26,direct_category_weather_holiday,797873177.0,786704056.6606824
2025-11-22,2025-12-18,26,direct_category_weather_holiday,807913091.0,795131963.0127277
2025-11-23,2025-12-19,26,direct_category_weather_holiday,813412227.0,788232797.8874061
2025-11-24,2025-12-20,26,direct_category_weather_holiday,800554656.0,775000943.5297619
2025-11-25,2025-12-21,26,direct_category_weather_holiday,775722494.0,773312569.5288304
2025-11-26,2025-12-22,26,direct_category_weather_holiday,800416947.0,788882309.6331643
2025-11-27,2025-12-23,26,direct_category_weather_holiday,805434213.0,778078660.6326056
2025-11-28,2025-12-24,26,direct_category_weather_holiday,803732375.0,775849255.9445524
2025-11-29,2025-12-25,26,direct_category_weather_holiday,824337857.0,793662139.1902504
2025-11-30,2025-12-26,26,direct_category_weather_holiday,812520530.0,803336043.9907337
2025-12-01,2025-12-27,26,direct_category_weather_holiday,813024286.0,783713491.0288587
2025-12-02,2025-12-28,26,direct_category_weather_holiday,798511867.0,770760606.5965354
2025-12-03,2025-12-29,26,direct_category_weather_holiday,801303829.0,773758957.2038914
2025-12-04,2025-12-30,26,direct_category_weather_holiday,799723069.0,776513552.7049425
2025-12-05,2025-12-31,26,direct_category_weather_holiday,783373686.0,780828071.516193
2025-12-06,2026-01-01,26,direct_category_weather_holiday,707758012.0,703505164.9931686
2025-12-07,2026-01-02,26,direct_category_weather_holiday,741910307.0,718368395.2356595
2025-12-08,2026-01-03,26,direct_category_weather_holiday,801935633.0,754208655.7588806
2025-12-09,2026-01-04,26,direct_category_weather_holiday,820839320.0,764351013.0589913
2025-12-10,2026-01-05,26,direct_category_weather_holiday,819629944.0,780468092.8075676
2025-12-11,2026-01-06,26,direct_category_weather_holiday,848208043.0,796075049.4000367
2025-12-12,2026-01-07,26,direct_category_weather_holiday,836618404.0,799564435.5828228
2025-12-13,2026-01-08,26,direct_category_weather_holiday,845715705.0,800848308.0775197
2025-12-14,2026-01-09,26,direct_category_weather_holiday,845779172.0,804958617.2947364
2025-09-05,2025-10-01,26,direct_category_weather_holiday_segment,893877447.0,881015406.4794346
2025-09-06,2025-10-02,26,direct_category_weather_holiday_segment,877524402.0,882223050.9654276
2025-09-07,2025-10-03,26,direct_category_weather_holiday_segment,906128774.0,888644720.796954
2025-09-08,2025-10-04,26,direct_category_weather_holiday_segment,947397946.0,936137207.1946844
2025-09-09,2025-10-05,26,direct_category_weather_holiday_segment,967898095.0,928144076.1423082
2025-09-10,2025-10-06,26,direct_category_weather_holiday_segment,909397624.0,939525021.6105008
2025-09-11,2025-10-07,26,direct_category_weather_holiday_segment,958058211.0,941443551.9526592
2025-09-12,2025-10-08,26,direct_category_weather_holiday_segment,1002652065.0,947272161.6644185
2025-09-13,2025-10-09,26,direct_category_weather_holiday_segment,1006596066.0,946103807.5376549
2025-09-14,2025-10-10,26,direct_category_weather_holiday_segment,988218980.0,916582322.0107765
2025-09-15,2025-10-11,26,direct_category_weather_holiday_segment,993216057.0,912384668.8450958
2025-09-16,2025-10-12,26,direct_category_weather_holiday_segment,982996119.0,905944151.2131987
2025-09-17,2025-10-13,26,direct_category_weather_holiday_segment,994158096.0,935842328.7533587
2025-09-18,2025-10-14,26,direct_category_weather_holiday_segment,999440675.0,931990128.6680062
2025-09-19,2025-10-15,26,direct_category_weather_holiday_segment,979563855.0,930352864.7844182
2025-09-20,2025-10-16,26,direct_category_weather_holiday_segment,973453600.0,919773884.8858054
2025-09-21,2025-10-17,26,direct_category_weather_holiday_segment,976535370.0,915653040.7499044
2025-09-22,2025-10-18,26,direct_category_weather_holiday_segment,976325746.0,894301352.0050784
2025-09-23,2025-10-19,26,direct_category_weather_holiday_segment,896789087.0,849527745.948252
2025-09-24,2025-10-20,26,direct_category_weather_holiday_segment,853624251.0,812643538.4018936
2025-09-25,2025-10-21,26,direct_category_weather_holiday_segment,795444895.0,812879286.116162
2025-09-26,2025-10-22,26,direct_category_weather_holiday_segment,783518576.0,820175055.7524183
2025-09-27,2025-10-23,26,direct_category_weather_holiday_segment,783134792.0,816102552.3946178
2025-09-28,2025-10-24,26,direct_category_weather_holiday_segment,786285205.0,804989440.2832083
2025-09-29,2025-10-25,26,direct_category_weather_holiday_segment,787344834.0,815722754.0890002
2025-09-30,2025-10-26,26,direct_category_weather_holiday_segment,788309358.0,804135895.4505473
2025-10-01,2025-10-27,26,direct_category_weather_holiday_segment,788347388.0,799523360.1732928
2025-10-02,2025-10-28,26,direct_category_weather_holiday_segment,803213606.0,795622557.8427713
2025-10-03,2025-10-29,26,direct_category_weather_holiday_segment,791815205.0,793345151.5530891
2025-10-04,2025-10-30,26,direct_category_weather_holiday_segment,801523722.0,803583082.201354
2025-10-05,2025-10-31,26,direct_category_weather_holiday_segment,806599754.0,801886445.4822892
2025-10-06,2025-11-01,26,direct_category_weather_holiday_segment,760921367.0,804888420.6471976
2025-10-07,2025-11-02,26,direct_category_weather_holiday_segment,744828378.0,806098415.0741647
2025-10-08,2025-11-03,26,direct_category_weather_holiday_segment,780447693.0,821400251.1461757
2025-10-09,2025-11-04,26,direct_category_weather_holiday_segment,782600645.0,799565625.4258766
2025-10-10,2025-11-05,26,direct_category_weather_holiday_segment,784108702.0,788258845.3143085
2025-10-11,2025-11-06,26,direct_category_weather_holiday_segment,789959014.0,783869917.9090587
2025-10-12,2025-11-07,26,direct_category_weather_holiday_segment,808798324.0,804469422.1302094
2025-10-13,2025-11-08,26,direct_category_weather_holiday_segment,816286170.0,829577879.2436953
2025-10-14,2025-11-09,26,direct_category_weather_holiday_segment,794671570.0,787858757.5462383
2025-10-15,2025-11-10,26,direct_category_weather_holiday_segment,803150509.0,788124144.418422
2025-10-16,2025-11-11,26,direct_category_weather_holiday_segment,811031660.0,770186972.7838287
2025-10-17,2025-11-12,26,direct_category_weather_holiday_segment,800371284.0,775815877.265614
2025-10-18,2025-11-13,26,direct_category_weather_holiday_segment,795412883.0,776405183.1381058
2025-10-19,2025-11-14,26,direct_category_weather_holiday_segment,784929625.0,786087627.425633
2025-10-20,2025-11-15,26,direct_category_weather_holiday_segment,771969074.0,763729642.1715252
2025-10-21,2025-11-16,26,direct_category_weather_holiday_segment,748102925.0,742955623.8858004
2025-10-22,2025-11-17,26,direct_category_weather_holiday_segment,784946049.0,758412705.0926138
2025-10-23,2025-11-18,26,direct_category_weather_holiday_segment,802372785.0,790429495.375601
2025-10-24,2025-11-19,26,direct_category_weather_holiday_segment,785536331.0,808944325.3042873
2025-10-25,2025-11-20,26,direct_category_weather_holiday_segment,789566797.0,805495363.7558618
2025-10-26,2025-11-21,26,direct_category_weather_holiday_segment,781713368.0,799296915.6623898
2025-10-27,2025-11-22,26,direct_category_weather_holiday_segment,777234266.0,808366603.0872627
2025-10-28,2025-11-23,26,direct_category_weather_holiday_segment,763587139.0,788939082.7086527
2025-10-29,2025-11-24,26,direct_category_weather_holiday_segment,787419759.0,821541862.5627828
2025-10-30,2025-11-25,26,direct_category_weather_holiday_segment,779113247.0,826927124.0739429
2025-10-31,2025-11-26,26,direct_category_weather_holiday_segment,779056661.0,831646940.9832499
2025-11-01,2025-11-27,26,direct_category_weather_holiday_segment,785923784.0,820699550.6226465
2025-11-02,2025-11-28,26,direct_category_weather_holiday_segment,793532772.0,822278579.9453475
2025-11-03,2025-11-29,26,direct_category_weather_holiday_segment,775439198.0,823100279.5370826
2025-11-04,2025-11-30,26,direct_category_weather_holiday_segment,752415007.0,796012538.9202774
2025-11-05,2025-12-01,26,direct_category_weather_holiday_segment,752093794.0,791335629.3740702
2025-11-06,2025-12-02,26,direct_category_weather_holiday_segment,774181582.0,790441016.1789498
2025-11-07,2025-12-03,26,direct_category_weather_holiday_segment,779128904.0,803469516.7383687
2025-11-08,2025-12-04,26,direct_category_weather_holiday_segment,780611840.0,830270789.6054181
2025-11-09,2025-12-05,26,direct_category_weather_holiday_segment,790342731.0,813349030.0389174
2025-11-10,2025-12-06,26,direct_category_weather_holiday_segment,783475966.0,809802815.2729347
2025-11-11,2025-12-07,26,direct_category_weather_holiday_segment,769662376.0,789292403.8227637
2025-11-12,2025-12-08,26,direct_category_weather_holiday_segment,781993536.0,808551230.6913799
2025-11-13,2025-12-09,26,direct_category_weather_holiday_segment,790459836.0,819327668.2889178
2025-11-14,2025-12-10,26,direct_category_weather_holiday_segment,793331038.0,807398465.1766125
2025-11-15,2025-12-11,26,direct_category_weather_holiday_segment,792303023.0,801697365.4547261
2025-11-16,2025-12-12,26,direct_category_weather_holiday_segment,805771337.0,794760675.3624544
2025-11-17,2025-12-13,26,direct_category_weather_holiday_segment,805919635.0,790910462.6775733
2025-11-18,2025-12-14,26,direct_category_weather_holiday_segment,775261923.0,798004368.6475585
2025-11-19,2025-12-15,26,direct_category_weather_holiday_segment,800205024.0,811597989.2392274
2025-11-20,2025-12-16,26,direct_category_weather_holiday_segment,791223092.0,783018401.8572129
2025-11-21,2025-12-17,26,direct_category_weather_holiday_segment,797873177.0,781260025.7285858
2025-11-22,2025-12-18,26,direct_category_weather_holiday_segment,807913091.0,791315283.2339092
2025-11-23,2025-12-19,26,direct_category_weather_holiday_segment,813412227.0,779769830.6985306
2025-11-24,2025-12-20,26,direct_category_weather_holiday_segment,800554656.0,764379110.0452143
2025-11-25,2025-12-21,26,direct_category_weather_holiday_segment,775722494.0,764029513.8498023
2025-11-26,2025-12-22,26,direct_category_weather_holiday_segment,800416947.0,781199321.6528147
2025-11-27,2025-12-23,26,direct_category_weather_holiday_segment,805434213.0,769103879.9767575
2025-11-28,2025-12-24,26,direct_category_weather_holiday_segment,803732375.0,767206228.6731329
2025-11-29,2025-12-25,26,direct_category_weather_holiday_segment,824337857.0,790223113.32378
2025-11-30,2025-12-26,26,direct_category_weather_holiday_segment,812520530.0,803087888.0587002
2025-12-01,2025-12-27,26,direct_category_weather_holiday_segment,813024286.0,782192114.6407063
2025-12-02,2025-12-28,26,direct_category_weather_holiday_segment,798511867.0,765370377.8190287
2025-12-03,2025-12-29,26,direct_category_weather_holiday_segment,801303829.0,793152976.7391313
2025-12-04,2025-12-30,26,direct_category_weather_holiday_segment,799723069.0,795718239.9436278
2025-12-05,2025-12-31,26,direct_category_weather_holiday_segment,783373686.0,803797836.0674058
2025-12-06,2026-01-01,26,direct_category_weather_holiday_segment,707758012.0,732945170.236272
2025-12-07,2026-01-02,26,direct_category_weather_holiday_segment,741910307.0,761071050.5599616
2025-12-08,2026-01-03,26,direct_category_weather_holiday_segment,801935633.0,810875180.5300969
2025-12-09,2026-01-04,26,direct_category_weather_holiday_segment,820839320.0,777851545.9736023
2025-12-10,2026-01-05,26,direct_category_weather_holiday_segment,819629944.0,796743924.4258683
2025-12-11,2026-01-06,26,direct_category_weather_holiday_segment,848208043.0,815663906.8273976
2025-12-12,2026-01-07,26,direct_category_weather_holiday_segment,836618404.0,799699637.9784042
2025-12-13,2026-01-08,26,direct_category_weather_holiday_segment,845715705.0,799868858.6012418
2025-12-14,2026-01-09,26,direct_category_weather_holiday_segment,845779172.0,801256554.8888545
2025-09-04,2025-10-01,27,direct_category_weather_holiday,893877447.0,891582627.928939
2025-09-05,2025-10-02,27,direct_category_weather_holiday,877524402.0,880777586.4694822
2025-09-06,2025-10-03,27,direct_category_weather_holiday,906128774.0,878073950.1314421
2025-09-07,2025-10-04,27,direct_category_weather_holiday,947397946.0,902224391.1538982
2025-09-08,2025-10-05,27,direct_category_weather_holiday,967898095.0,895334094.8178092
2025-09-09,2025-10-06,27,direct_category_weather_holiday,909397624.0,884933962.1688905
2025-09-10,2025-10-07,27,direct_category_weather_holiday,958058211.0,881049906.9144317
2025-09-11,2025-10-08,27,direct_category_weather_holiday,1002652065.0,868575688.9815674
2025-09-12,2025-10-09,27,direct_category_weather_holiday,1006596066.0,959024838.6241649
2025-09-13,2025-10-10,27,direct_category_weather_holiday,988218980.0,952762465.8664954
2025-09-14,2025-10-11,27,direct_category_weather_holiday,993216057.0,932659475.5562924
2025-09-15,2025-10-12,27,direct_category_weather_holiday,982996119.0,917425016.7024224
2025-09-16,2025-10-13,27,direct_category_weather_holiday,994158096.0,937009229.4146928
2025-09-17,2025-10-14,27,direct_category_weather_holiday,999440675.0,931967571.3314288
2025-09-18,2025-10-15,27,direct_category_weather_holiday,979563855.0,929758811.0752448
2025-09-19,2025-10-16,27,direct_category_weather_holiday,973453600.0,929735723.2180728
2025-09-20,2025-10-17,27,direct_category_weather_holiday,976535370.0,930129500.4413418
2025-09-21,2025-10-18,27,direct_category_weather_holiday,976325746.0,918588685.0130178
2025-09-22,2025-10-19,27,direct_category_weather_holiday,896789087.0,859452493.46106
2025-09-23,2025-10-20,27,direct_category_weather_holiday,853624251.0,811987108.543019
2025-09-24,2025-10-21,27,direct_category_weather_holiday,795444895.0,817996548.5307806
2025-09-25,2025-10-22,27,direct_category_weather_holiday,783518576.0,820266616.4990277
2025-09-26,2025-10-23,27,direct_category_weather_holiday,783134792.0,825657836.2518255
2025-09-27,2025-10-24,27,direct_category_weather_holiday,786285205.0,820713613.924935
2025-09-28,2025-10-25,27,direct_category_weather_holiday,787344834.0,805985974.4314685
2025-09-29,2025-10-26,27,direct_category_weather_holiday,788309358.0,803922541.9576865
2025-09-30,2025-10-27,27,direct_category_weather_holiday,788347388.0,816305404.6231242
2025-10-01,2025-10-28,27,direct_category_weather_holiday,803213606.0,795583125.5275967
2025-10-02,2025-10-29,27,direct_category_weather_holiday,791815205.0,794036095.7862278
2025-10-03,2025-10-30,27,direct_category_weather_holiday,801523722.0,790557898.4190993
2025-10-04,2025-10-31,27,direct_category_weather_holiday,806599754.0,799805176.5340267
2025-10-05,2025-11-01,27,direct_category_weather_holiday,760921367.0,788143815.3756433
2025-10-06,2025-11-02,27,direct_category_weather_holiday,744828378.0,790510950.7767006
2025-10-07,2025-11-03,27,direct_category_weather_holiday,780447693.0,827677932.8881444
2025-10-08,2025-11-04,27,direct_category_weather_holiday,782600645.0,820356967.687898
2025-10-09,2025-11-05,27,direct_category_weather_holiday,784108702.0,796465344.4641732
2025-10-10,2025-11-06,27,direct_category_weather_holiday,789959014.0,794227170.9793158
2025-10-11,2025-11-07,27,direct_category_weather_holiday,808798324.0,790846565.0522598
2025-10-12,2025-11-08,27,direct_category_weather_holiday,816286170.0,805596192.2698606
2025-10-13,2025-11-09,27,direct_category_weather_holiday,794671570.0,809552155.778748
2025-10-14,2025-11-10,27,direct_category_weather_holiday,803150509.0,798192283.2625092
2025-10-15,2025-11-11,27,direct_category_weather_holiday,811031660.0,792387776.3262588
2025-10-16,2025-11-12,27,direct_category_weather_holiday,800371284.0,778222046.4537803
2025-10-17,2025-11-13,27,direct_category_weather_holiday,795412883.0,780367946.0116134
2025-10-18,2025-11-14,27,direct_category_weather_holiday,784929625.0,790044211.3968716
2025-10-19,2025-11-15,27,direct_category_weather_holiday,771969074.0,785292266.8755342
2025-10-20,2025-11-16,27,direct_category_weather_holiday,748102925.0,758219161.5238547
2025-10-21,2025-11-17,27,direct_category_weather_holiday,784946049.0,776900593.8659192
2025-10-22,2025-11-18,27,direct_category_weather_holiday,802372785.0,796385878.0931093
2025-10-23,2025-11-19,27,direct_category_weather_holiday,785536331.0,816577756.4572597
2025-10-24,2025-11-20,27,direct_category_weather_holiday,789566797.0,815706337.9129697
2025-10-25,2025-11-21,27,direct_category_weather_holiday,781713368.0,809483138.5494804
2025-10-26,2025-11-22,27,direct_category_weather_holiday,777234266.0,800839947.0663786
2025-10-27,2025-11-23,27,direct_category_weather_holiday,763587139.0,791227920.182292
2025-10-28,2025-11-24,27,direct_category_weather_holiday,787419759.0,809448894.3159153
2025-10-29,2025-11-25,27,direct_category_weather_holiday,779113247.0,844924026.3096274
2025-10-30,2025-11-26,27,direct_category_weather_holiday,779056661.0,838831448.667294
2025-10-31,2025-11-27,27,direct_category_weather_holiday,785923784.0,829109005.6468272
2025-11-01,2025-11-28,27,direct_category_weather_holiday,793532772.0,825716997.6018232
2025-11-02,2025-11-29,27,direct_category_weather_holiday,775439198.0,804956596.6091177
2025-11-03,2025-11-30,27,direct_category_weather_holiday,752415007.0,805325956.6943842
2025-11-04,2025-12-01,27,direct_category_weather_holiday,752093794.0,809660342.52926
2025-11-05,2025-12-02,27,direct_category_weather_holiday,774181582.0,802679884.5938962
2025-11-06,2025-12-03,27,direct_category_weather_holiday,779128904.0,806237979.3436635
2025-11-07,2025-12-04,27,direct_category_weather_holiday,780611840.0,816647929.0866258
2025-11-08,2025-12-05,27,direct_category_weather_holiday,790342731.0,820479515.3555074
2025-11-09,2025-12-06,27,direct_category_weather_holiday,783475966.0,800736281.6806403
2025-11-10,2025-12-07,27,direct_category_weather_holiday,769662376.0,786194144.0140041
2025-11-11,2025-12-08,27,direct_category_weather_holiday,781993536.0,812467584.3494912
2025-11-12,2025-12-09,27,direct_category_weather_holiday,790459836.0,821703765.5193238
2025-11-13,2025-12-10,27,direct_category_weather_holiday,793331038.0,812285280.4186833
2025-11-14,2025-12-11,27,direct_category_weather_holiday,792303023.0,807999642.9981027
2025-11-15,2025-12-12,27,direct_category_weather_holiday,805771337.0,809804576.4056363
2025-11-16,2025-12-13,27,direct_category_weather_holiday,805919635.0,791857862.3647333
2025-11-17,2025-12-14,27,direct_category_weather_holiday,775261923.0,799679411.9142317
2025-11-18,2025-12-15,27,direct_category_weather_holiday,800205024.0,818506351.3985115
2025-11-19,2025-12-16,27,direct_category_weather_holiday,791223092.0,803599519.3581058
2025-11-20,2025-12-17,27,direct_category_weather_holiday,797873177.0,784355104.8304021
2025-11-21,2025-12-18,27,direct_category_weather_holiday,807913091.0,792071315.643975
2025-11-22,2025-12-19,27,direct_category_weather_holiday,813412227.0,786377911.4561898
2025-11-23,2025-12-20,27,direct_category_weather_holiday,800554656.0,771990985.7535237
2025-11-24,2025-12-21,27,direct_category_weather_holiday,775722494.0,769773556.9551934
2025-11-25,2025-12-22,27,direct_category_weather_holiday,800416947.0,796830404.1981586
2025-11-26,2025-12-23,27,direct_category_weather_holiday,805434213.0,781585822.8127283
2025-11-27,2025-12-24,27,direct_category_weather_holiday,803732375.0,773532295.2581127
2025-11-28,2025-12-25,27,direct_category_weather_holiday,824337857.0,789888821.1666322
2025-11-29,2025-12-26,27,direct_category_weather_holiday,812520530.0,813378968.6292831
2025-11-30,2025-12-27,27,direct_category_weather_holiday,813024286.0,785166809.0331461
2025-12-01,2025-12-28,27,direct_category_weather_holiday,798511867.0,764453301.1116111
2025-12-02,2025-12-29,27,direct_category_weather_holiday,801303829.0,782921878.4205316
2025-12-03,2025-12-30,27,direct_category_weather_holiday,799723069.0,775026292.9149414
2025-12-04,2025-12-31,27,direct_category_weather_holiday,783373686.0,782423287.9752238
2025-12-05,2026-01-01,27,direct_category_weather_holiday,707758012.0,697744776.6517354
2025-12-06,2026-01-02,27,direct_category_weather_holiday,741910307.0,713084809.2654814
2025-12-07,2026-01-03,27,direct_category_weather_holiday,801935633.0,742054333.3883883
2025-12-08,2026-01-04,27,direct_category_weather_holiday,820839320.0,773336002.573559
2025-12-09,2026-01-05,27,direct_category_weather_holiday,819629944.0,780102587.9482527
2025-12-10,2026-01-06,27,direct_category_weather_holiday,848208043.0,794664490.2590392
2025-12-11,2026-01-07,27,direct_category_weather_holiday,836618404.0,799278287.4448769
2025-12-12,2026-01-08,27,direct_category_weather_holiday,845715705.0,798041740.3485491
2025-12-13,2026-01-09,27,direct_category_weather_holiday,845779172.0,798685428.1659167
2025-09-04,2025-10-01,27,direct_category_weather_holiday_segment,893877447.0,883694057.8276911
2025-09-05,2025-10-02,27,direct_category_weather_holiday_segment,877524402.0,884274378.4562188
2025-09-06,2025-10-03,27,direct_category_weather_holiday_segment,906128774.0,887295362.7233882
2025-09-07,2025-10-04,27,direct_category_weather_holiday_segment,947397946.0,921192308.6746346
2025-09-08,2025-10-05,27,direct_category_weather_holiday_segment,967898095.0,927177808.4363817
2025-09-09,2025-10-06,27,direct_category_weather_holiday_segment,909397624.0,930739644.3937714
2025-09-10,2025-10-07,27,direct_category_weather_holiday_segment,958058211.0,940063055.5978215
2025-09-11,2025-10-08,27,direct_category_weather_holiday_segment,1002652065.0,941782807.1695331
2025-09-12,2025-10-09,27,direct_category_weather_holiday_segment,1006596066.0,943436761.9256794
2025-09-13,2025-10-10,27,direct_category_weather_holiday_segment,988218980.0,933608631.7753105
2025-09-14,2025-10-11,27,direct_category_weather_holiday_segment,993216057.0,910060331.0920018
2025-09-15,2025-10-12,27,direct_category_weather_holiday_segment,982996119.0,910580771.2353544
2025-09-16,2025-10-13,27,direct_category_weather_holiday_segment,994158096.0,929270863.5637189
2025-09-17,2025-10-14,27,direct_category_weather_holiday_segment,999440675.0,926015659.558333
2025-09-18,2025-10-15,27,direct_category_weather_holiday_segment,979563855.0,924868821.9531304
2025-09-19,2025-10-16,27,direct_category_weather_holiday_segment,973453600.0,923901021.6492754
2025-09-20,2025-10-17,27,direct_category_weather_holiday_segment,976535370.0,917933492.4614122
2025-09-21,2025-10-18,27,direct_category_weather_holiday_segment,976325746.0,905492769.8179842
2025-09-22,2025-10-19,27,direct_category_weather_holiday_segment,896789087.0,852813499.8372604
2025-09-23,2025-10-20,27,direct_category_weather_holiday_segment,853624251.0,808070755.6370877
2025-09-24,2025-10-21,27,direct_category_weather_holiday_segment,795444895.0,813493029.0868379
2025-09-25,2025-10-22,27,direct_category_weather_holiday_segment,783518576.0,816354827.772979
2025-09-26,2025-10-23,27,direct_category_weather_holiday_segment,783134792.0,822067569.6507838
2025-09-27,2025-10-24,27,direct_category_weather_holiday_segment,786285205.0,814916569.302766
2025-09-28,2025-10-25,27,direct_category_weather_holiday_segment,787344834.0,800872793.3363698
2025-09-29,2025-10-26,27,direct_category_weather_holiday_segment,788309358.0,799139068.598797
2025-09-30,2025-10-27,27,direct_category_weather_holiday_segment,788347388.0,810583742.0017216
2025-10-01,2025-10-28,27,direct_category_weather_holiday_segment,803213606.0,792147702.8146914
2025-10-02,2025-10-29,27,direct_category_weather_holiday_segment,791815205.0,795790589.5567957
2025-10-03,2025-10-30,27,direct_category_weather_holiday_segment,801523722.0,794353623.2490311
2025-10-04,2025-10-31,27,direct_category_weather_holiday_segment,806599754.0,799255477.2110152
2025-10-05,2025-11-01,27,direct_category_weather_holiday_segment,760921367.0,787321022.0857675
2025-10-06,2025-11-02,27,direct_category_weather_holiday_segment,744828378.0,786638214.9614602
2025-10-07,2025-11-03,27,direct_category_weather_holiday_segment,780447693.0,821445074.7056533
2025-10-08,2025-11-04,27,direct_category_weather_holiday_segment,782600645.0,815337226.4709789
2025-10-09,2025-11-05,27,direct_category_weather_holiday_segment,784108702.0,791679943.0917108
2025-10-10,2025-11-06,27,direct_category_weather_holiday_segment,789959014.0,789961666.3890853
2025-10-11,2025-11-07,27,direct_category_weather_holiday_segment,808798324.0,783458921.8478248
2025-10-12,2025-11-08,27,direct_category_weather_holiday_segment,816286170.0,799009811.7102003
2025-10-13,2025-11-09,27,direct_category_weather_holiday_segment,794671570.0,799863724.0207882
2025-10-14,2025-11-10,27,direct_category_weather_holiday_segment,803150509.0,788319928.0251093
2025-10-15,2025-11-11,27,direct_category_weather_holiday_segment,811031660.0,786581370.167257
2025-10-16,2025-11-12,27,direct_category_weather_holiday_segment,800371284.0,776286930.9239465
2025-10-17,2025-11-13,27,direct_category_weather_holiday_segment,795412883.0,776070235.5570635
2025-10-18,2025-11-14,27,direct_category_weather_holiday_segment,784929625.0,782799420.2785188
2025-10-19,2025-11-15,27,direct_category_weather_holiday_segment,771969074.0,778744805.4529991
2025-10-20,2025-11-16,27,direct_category_weather_holiday_segment,748102925.0,755049920.3494203
2025-10-21,2025-11-17,27,direct_category_weather_holiday_segment,784946049.0,767546241.5561719
2025-10-22,2025-11-18,27,direct_category_weather_holiday_segment,802372785.0,789779455.7377702
2025-10-23,2025-11-19,27,direct_category_weather_holiday_segment,785536331.0,816264968.3522624
2025-10-24,2025-11-20,27,direct_category_weather_holiday_segment,789566797.0,816212733.657211
2025-10-25,2025-11-21,27,direct_category_weather_holiday_segment,781713368.0,804713082.5150421
2025-10-26,2025-11-22,27,direct_category_weather_holiday_segment,777234266.0,796438467.6940243
2025-10-27,2025-11-23,27,direct_category_weather_holiday_segment,763587139.0,784816802.9439948
2025-10-28,2025-11-24,27,direct_category_weather_holiday_segment,787419759.0,800510965.2268298
2025-10-29,2025-11-25,27,direct_category_weather_holiday_segment,779113247.0,837226679.921471
2025-10-30,2025-11-26,27,direct_category_weather_holiday_segment,779056661.0,838371281.5220023
2025-10-31,2025-11-27,27,direct_category_weather_holiday_segment,785923784.0,827151292.5847886
2025-11-01,2025-11-28,27,direct_category_weather_holiday_segment,793532772.0,821852038.8014576
2025-11-02,2025-11-29,27,direct_category_weather_holiday_segment,775439198.0,802512692.3220689
2025-11-03,2025-11-30,27,direct_category_weather_holiday_segment,752415007.0,798214448.6264141
2025-11-04,2025-12-01,27,direct_category_weather_holiday_segment,752093794.0,798535558.4761152
2025-11-05,2025-12-02,27,direct_category_weather_holiday_segment,774181582.0,792221142.8149735
2025-11-06,2025-12-03,27,direct_category_weather_holiday_segment,779128904.0,802655322.2478663
2025-11-07,2025-12-04,27,direct_category_weather_holiday_segment,780611840.0,816524135.1977696
2025-11-08,2025-12-05,27,direct_category_weather_holiday_segment,790342731.0,816625980.2208501
2025-11-09,2025-12-06,27,direct_category_weather_holiday_segment,783475966.0,795692816.2283181
2025-11-10,2025-12-07,27,direct_category_weather_holiday_segment,769662376.0,779032223.1173724
2025-11-11,2025-12-08,27,direct_category_weather_holiday_segment,781993536.0,802281284.9210764
2025-11-12,2025-12-09,27,direct_category_weather_holiday_segment,790459836.0,813802945.6218655
2025-11-13,2025-12-10,27,direct_category_weather_holiday_segment,793331038.0,804350593.5147918
2025-11-14,2025-12-11,27,direct_category_weather_holiday_segment,792303023.0,800545077.5382338
2025-11-15,2025-12-12,27,direct_category_weather_holiday_segment,805771337.0,802201724.1211119
2025-11-16,2025-12-13,27,direct_category_weather_holiday_segment,805919635.0,786345375.3015543
2025-11-17,2025-12-14,27,direct_category_weather_holiday_segment,775261923.0,797115296.488601
2025-11-18,2025-12-15,27,direct_category_weather_holiday_segment,800205024.0,815710891.7906766
2025-11-19,2025-12-16,27,direct_category_weather_holiday_segment,791223092.0,796884842.641198
2025-11-20,2025-12-17,27,direct_category_weather_holiday_segment,797873177.0,778353366.332067
2025-11-21,2025-12-18,27,direct_category_weather_holiday_segment,807913091.0,786603469.0325497
2025-11-22,2025-12-19,27,direct_category_weather_holiday_segment,813412227.0,777636298.4714352
2025-11-23,2025-12-20,27,direct_category_weather_holiday_segment,800554656.0,762109082.8623542
2025-11-24,2025-12-21,27,direct_category_weather_holiday_segment,775722494.0,761700670.1214013
2025-11-25,2025-12-22,27,direct_category_weather_holiday_segment,800416947.0,789093452.8694015
2025-11-26,2025-12-23,27,direct_category_weather_holiday_segment,805434213.0,772847839.406824
2025-11-27,2025-12-24,27,direct_category_weather_holiday_segment,803732375.0,764926000.9219054
2025-11-28,2025-12-25,27,direct_category_weather_holiday_segment,824337857.0,786028833.5888362
2025-11-29,2025-12-26,27,direct_category_weather_holiday_segment,812520530.0,811439065.7602469
2025-11-30,2025-12-27,27,direct_category_weather_holiday_segment,813024286.0,784535021.5119148
2025-12-01,2025-12-28,27,direct_category_weather_holiday_segment,798511867.0,760468874.895423
2025-12-02,2025-12-29,27,direct_category_weather_holiday_segment,801303829.0,796610767.1700623
2025-12-03,2025-12-30,27,direct_category_weather_holiday_segment,799723069.0,788630052.3989455
2025-12-04,2025-12-31,27,direct_category_weather_holiday_segment,783373686.0,799376127.6107354
2025-12-05,2026-01-01,27,direct_category_weather_holiday_segment,707758012.0,724895654.0843451
2025-12-06,2026-01-02,27,direct_category_weather_holiday_segment,741910307.0,752788707.9286935
2025-12-07,2026-01-03,27,direct_category_weather_holiday_segment,801935633.0,795882811.2564406
2025-12-08,2026-01-04,27,direct_category_weather_holiday_segment,820839320.0,788844712.4300312
2025-12-09,2026-01-05,27,direct_category_weather_holiday_segment,819629944.0,799442073.2831243
2025-12-10,2026-01-06,27,direct_category_weather_holiday_segment,848208043.0,816910307.0748272
2025-12-11,2026-01-07,27,direct_category_weather_holiday_segment,836618404.0,798659773.914449
2025-12-12,2026-01-08,27,direct_category_weather_holiday_segment,845715705.0,795821092.964351
2025-12-13,2026-01-09,27,direct_category_weather_holiday_segment,845779172.0,793991598.2714263
2025-09-03,2025-10-01,28,direct_category_weather_holiday,893877447.0,882187428.3740706
2025-09-04,2025-10-02,28,direct_category_weather_holiday,877524402.0,880743610.3627996
2025-09-05,2025-10-03,28,direct_category_weather_holiday,906128774.0,875620647.387591
2025-09-06,2025-10-04,28,direct_category_weather_holiday,947397946.0,900550729.6883355
2025-09-07,2025-10-05,28,direct_category_weather_holiday,967898095.0,891329457.2196512
2025-09-08,2025-10-06,28,direct_category_weather_holiday,909397624.0,889255096.7246188
2025-09-09,2025-10-07,28,direct_category_weather_holiday,958058211.0,870210731.1901802
2025-09-10,2025-10-08,28,direct_category_weather_holiday,1002652065.0,864876172.5617305
2025-09-11,2025-10-09,28,direct_category_weather_holiday,1006596066.0,957397437.3822247
2025-09-12,2025-10-10,28,direct_category_weather_holiday,988218980.0,949399604.4269879
2025-09-13,2025-10-11,28,direct_category_weather_holiday,993216057.0,953367792.0662835
2025-09-14,2025-10-12,28,direct_category_weather_holiday,982996119.0,923081463.1045418
2025-09-15,2025-10-13,28,direct_category_weather_holiday,994158096.0,949992910.5883503
2025-09-16,2025-10-14,28,direct_category_weather_holiday,999440675.0,928783970.5534639
2025-09-17,2025-10-15,28,direct_category_weather_holiday,979563855.0,927884973.0791492
2025-09-18,2025-10-16,28,direct_category_weather_holiday,973453600.0,925489192.1349041
2025-09-19,2025-10-17,28,direct_category_weather_holiday,976535370.0,931032016.3083483
2025-09-20,2025-10-18,28,direct_category_weather_holiday,976325746.0,920286791.255299
2025-09-21,2025-10-19,28,direct_category_weather_holiday,896789087.0,876902401.4244714
2025-09-22,2025-10-20,28,direct_category_weather_holiday,853624251.0,816227215.3256596
2025-09-23,2025-10-21,28,direct_category_weather_holiday,795444895.0,811118036.0223011
2025-09-24,2025-10-22,28,direct_category_weather_holiday,783518576.0,820254552.3437577
2025-09-25,2025-10-23,28,direct_category_weather_holiday,783134792.0,827299770.6776195
2025-09-26,2025-10-24,28,direct_category_weather_holiday,786285205.0,827427919.8032278
2025-09-27,2025-10-25,28,direct_category_weather_holiday,787344834.0,814461605.147494
2025-09-28,2025-10-26,28,direct_category_weather_holiday,788309358.0,791576683.5617971
2025-09-29,2025-10-27,28,direct_category_weather_holiday,788347388.0,812381785.4288732
2025-09-30,2025-10-28,28,direct_category_weather_holiday,803213606.0,813052982.1201023
2025-10-01,2025-10-29,28,direct_category_weather_holiday,791815205.0,793979025.9928273
2025-10-02,2025-10-30,28,direct_category_weather_holiday,801523722.0,800026054.7695678
2025-10-03,2025-10-31,28,direct_category_weather_holiday,806599754.0,790322428.9942895
2025-10-04,2025-11-01,28,direct_category_weather_holiday,760921367.0,790823078.0033771
2025-10-05,2025-11-02,28,direct_category_weather_holiday,744828378.0,775735127.4662244
2025-10-06,2025-11-03,28,direct_category_weather_holiday,780447693.0,810614227.3837016
2025-10-07,2025-11-04,28,direct_category_weather_holiday,782600645.0,830608777.2691733
2025-10-08,2025-11-05,28,direct_category_weather_holiday,784108702.0,815418420.39483
2025-10-09,2025-11-06,28,direct_category_weather_holiday,789959014.0,802354194.1846982
2025-10-10,2025-11-07,28,direct_category_weather_holiday,808798324.0,796598891.284162
2025-10-11,2025-11-08,28,direct_category_weather_holiday,816286170.0,787650333.5035315
2025-10-12,2025-11-09,28,direct_category_weather_holiday,794671570.0,785214748.2719594
2025-10-13,2025-11-10,28,direct_category_weather_holiday,803150509.0,814932537.0163447
2025-10-14,2025-11-11,28,direct_category_weather_holiday,811031660.0,792140333.2277677
2025-10-15,2025-11-12,28,direct_category_weather_holiday,800371284.0,797953008.5988146
2025-10-16,2025-11-13,28,direct_category_weather_holiday,795412883.0,781553080.6415964
2025-10-17,2025-11-14,28,direct_category_weather_holiday,784929625.0,788227019.22486
2025-10-18,2025-11-15,28,direct_category_weather_holiday,771969074.0,779969979.4116085
2025-10-19,2025-11-16,28,direct_category_weather_holiday,748102925.0,770879658.7832572
2025-10-20,2025-11-17,28,direct_category_weather_holiday,784946049.0,785637222.8275582
2025-10-21,2025-11-18,28,direct_category_weather_holiday,802372785.0,800704743.2596394
2025-10-22,2025-11-19,28,direct_category_weather_holiday,785536331.0,815364600.874607
2025-10-23,2025-11-20,28,direct_category_weather_holiday,789566797.0,823234323.5419143
2025-10-24,2025-11-21,28,direct_category_weather_holiday,781713368.0,818613064.6212428
2025-10-25,2025-11-22,28,direct_category_weather_holiday,777234266.0,808224154.7263322
2025-10-26,2025-11-23,28,direct_category_weather_holiday,763587139.0,781636923.6897676
2025-10-27,2025-11-24,28,direct_category_weather_holiday,787419759.0,804860144.2962075
2025-10-28,2025-11-25,28,direct_category_weather_holiday,779113247.0,820011469.9034873
2025-10-29,2025-11-26,28,direct_category_weather_holiday,779056661.0,848994143.577764
2025-10-30,2025-11-27,28,direct_category_weather_holiday,785923784.0,836079209.6623515
2025-10-31,2025-11-28,28,direct_category_weather_holiday,793532772.0,833241092.9906273
2025-11-01,2025-11-29,28,direct_category_weather_holiday,775439198.0,806122992.8118914
2025-11-02,2025-11-30,28,direct_category_weather_holiday,752415007.0,780924887.77791
2025-11-03,2025-12-01,28,direct_category_weather_holiday,752093794.0,811429176.0209652
2025-11-04,2025-12-02,28,direct_category_weather_holiday,774181582.0,812654141.2260375
2025-11-05,2025-12-03,28,direct_category_weather_holiday,779128904.0,813756193.2574278
2025-11-06,2025-12-04,28,direct_category_weather_holiday,780611840.0,818398311.5412325
2025-11-07,2025-12-05,28,direct_category_weather_holiday,790342731.0,810763773.1576852
2025-11-08,2025-12-06,28,direct_category_weather_holiday,783475966.0,804367645.739396
2025-11-09,2025-12-07,28,direct_category_weather_holiday,769662376.0,775215600.9039156
2025-11-10,2025-12-08,28,direct_category_weather_holiday,781993536.0,802461267.9189408
2025-11-11,2025-12-09,28,direct_category_weather_holiday,790459836.0,818212384.0538906
2025-11-12,2025-12-10,28,direct_category_weather_holiday,793331038.0,810125955.8457946
2025-11-13,2025-12-11,28,direct_category_weather_holiday,792303023.0,810059770.960975
2025-11-14,2025-12-12,28,direct_category_weather_holiday,805771337.0,813457124.2093047
2025-11-15,2025-12-13,28,direct_category_weather_holiday,805919635.0,800793309.7035539
2025-11-16,2025-12-14,28,direct_category_weather_holiday,775261923.0,796578538.5653483
2025-11-17,2025-12-15,28,direct_category_weather_holiday,800205024.0,816052518.6297439
2025-11-18,2025-12-16,28,direct_category_weather_holiday,791223092.0,809029947.9547615
2025-11-19,2025-12-17,28,direct_category_weather_holiday,797873177.0,802196759.0943841
2025-11-20,2025-12-18,28,direct_category_weather_holiday,807913091.0,792630537.1593733
2025-11-21,2025-12-19,28,direct_category_weather_holiday,813412227.0,785281379.7256079
2025-11-22,2025-12-20,28,direct_category_weather_holiday,800554656.0,772566288.3888047
2025-11-23,2025-12-21,28,direct_category_weather_holiday,775722494.0,765874965.7212976
2025-11-24,2025-12-22,28,direct_category_weather_holiday,800416947.0,794750116.5268009
2025-11-25,2025-12-23,28,direct_category_weather_holiday,805434213.0,791435281.6882082
2025-11-26,2025-12-24,28,direct_category_weather_holiday,803732375.0,779577147.6818016
2025-11-27,2025-12-25,28,direct_category_weather_holiday,824337857.0,789709270.2362318
2025-11-28,2025-12-26,28,direct_category_weather_holiday,812520530.0,809678331.5855052
2025-11-29,2025-12-27,28,direct_category_weather_holiday,813024286.0,794251884.8002142
2025-11-30,2025-12-28,28,direct_category_weather_holiday,798511867.0,766785045.3404235
2025-12-01,2025-12-29,28,direct_category_weather_holiday,801303829.0,776535337.3562748
2025-12-02,2025-12-30,28,direct_category_weather_holiday,799723069.0,785887610.1718973
2025-12-03,2025-12-31,28,direct_category_weather_holiday,783373686.0,781336980.8431326
2025-12-04,2026-01-01,28,direct_category_weather_holiday,707758012.0,698573315.7245408
2025-12-05,2026-01-02,28,direct_category_weather_holiday,741910307.0,708687250.8862385
2025-12-06,2026-01-03,28,direct_category_weather_holiday,801935633.0,738501377.0575882
2025-12-07,2026-01-04,28,direct_category_weather_holiday,820839320.0,768399652.9696122
2025-12-08,2026-01-05,28,direct_category_weather_holiday,819629944.0,791169832.4545913
2025-12-09,2026-01-06,28,direct_category_weather_holiday,848208043.0,793004663.4373372
2025-12-10,2026-01-07,28,direct_category_weather_holiday,836618404.0,797267008.0073029
2025-12-11,2026-01-08,28,direct_category_weather_holiday,845715705.0,797926811.9729455
2025-12-12,2026-01-09,28,direct_category_weather_holiday,845779172.0,796780006.2695823
2025-09-03,2025-10-01,28,direct_category_weather_holiday_segment,893877447.0,876801102.9603888
2025-09-04,2025-10-02,28,direct_category_weather_holiday_segment,877524402.0,885565908.0616728
2025-09-05,2025-10-03,28,direct_category_weather_holiday_segment,906128774.0,888945470.1196486
2025-09-06,2025-10-04,28,direct_category_weather_holiday_segment,947397946.0,921898524.0024916
2025-09-07,2025-10-05,28,direct_category_weather_holiday_segment,967898095.0,920713700.6806128
2025-09-08,2025-10-06,28,direct_category_weather_holiday_segment,909397624.0,932481100.7173142
2025-09-09,2025-10-07,28,direct_category_weather_holiday_segment,958058211.0,928540902.5668948
2025-09-10,2025-10-08,28,direct_category_weather_holiday_segment,1002652065.0,937102375.2450255
2025-09-11,2025-10-09,28,direct_category_weather_holiday_segment,1006596066.0,941206874.3330938
2025-09-12,2025-10-10,28,direct_category_weather_holiday_segment,988218980.0,932390968.2837873
2025-09-13,2025-10-11,28,direct_category_weather_holiday_segment,993216057.0,930120352.1493591
2025-09-14,2025-10-12,28,direct_category_weather_holiday_segment,982996119.0,912892102.6376935
2025-09-15,2025-10-13,28,direct_category_weather_holiday_segment,994158096.0,940380030.9362986
2025-09-16,2025-10-14,28,direct_category_weather_holiday_segment,999440675.0,921925373.7469023
2025-09-17,2025-10-15,28,direct_category_weather_holiday_segment,979563855.0,924241484.0170825
2025-09-18,2025-10-16,28,direct_category_weather_holiday_segment,973453600.0,920119588.1705077
2025-09-19,2025-10-17,28,direct_category_weather_holiday_segment,976535370.0,922954991.0136237
2025-09-20,2025-10-18,28,direct_category_weather_holiday_segment,976325746.0,910449949.7485263
2025-09-21,2025-10-19,28,direct_category_weather_holiday_segment,896789087.0,866275688.5027903
2025-09-22,2025-10-20,28,direct_category_weather_holiday_segment,853624251.0,810779801.8037705
2025-09-23,2025-10-21,28,direct_category_weather_holiday_segment,795444895.0,807429193.500854
2025-09-24,2025-10-22,28,direct_category_weather_holiday_segment,783518576.0,816783612.1615684
2025-09-25,2025-10-23,28,direct_category_weather_holiday_segment,783134792.0,822225203.9304415
2025-09-26,2025-10-24,28,direct_category_weather_holiday_segment,786285205.0,822280924.6972979
2025-09-27,2025-10-25,28,direct_category_weather_holiday_segment,787344834.0,811149403.3648436
2025-09-28,2025-10-26,28,direct_category_weather_holiday_segment,788309358.0,786203494.8268374
2025-09-29,2025-10-27,28,direct_category_weather_holiday_segment,788347388.0,805133920.6151747
2025-09-30,2025-10-28,28,direct_category_weather_holiday_segment,803213606.0,806767857.8933204
2025-10-01,2025-10-29,28,direct_category_weather_holiday_segment,791815205.0,794617140.4885275
2025-10-02,2025-10-30,28,direct_category_weather_holiday_segment,801523722.0,800885918.2780727
2025-10-03,2025-10-31,28,direct_category_weather_holiday_segment,806599754.0,791890991.437761
2025-10-04,2025-11-01,28,direct_category_weather_holiday_segment,760921367.0,788942728.055613
2025-10-05,2025-11-02,28,direct_category_weather_holiday_segment,744828378.0,771686242.7010642
2025-10-06,2025-11-03,28,direct_category_weather_holiday_segment,780447693.0,805093611.6117615
2025-10-07,2025-11-04,28,direct_category_weather_holiday_segment,782600645.0,823109466.118072
2025-10-08,2025-11-05,28,direct_category_weather_holiday_segment,784108702.0,811821354.2215747
2025-10-09,2025-11-06,28,direct_category_weather_holiday_segment,789959014.0,797388225.710766
2025-10-10,2025-11-07,28,direct_category_weather_holiday_segment,808798324.0,790614870.0984029
2025-10-11,2025-11-08,28,direct_category_weather_holiday_segment,816286170.0,780999266.6535475
2025-10-12,2025-11-09,28,direct_category_weather_holiday_segment,794671570.0,778324277.2929586
2025-10-13,2025-11-10,28,direct_category_weather_holiday_segment,803150509.0,803727802.1477814
2025-10-14,2025-11-11,28,direct_category_weather_holiday_segment,811031660.0,782080453.3150982
2025-10-15,2025-11-12,28,direct_category_weather_holiday_segment,800371284.0,793959294.8377378
2025-10-16,2025-11-13,28,direct_category_weather_holiday_segment,795412883.0,777455551.7125615
2025-10-17,2025-11-14,28,direct_category_weather_holiday_segment,784929625.0,781790515.6387916
2025-10-18,2025-11-15,28,direct_category_weather_holiday_segment,771969074.0,774013427.969261
2025-10-19,2025-11-16,28,direct_category_weather_holiday_segment,748102925.0,762503577.5945485
2025-10-20,2025-11-17,28,direct_category_weather_holiday_segment,784946049.0,780777009.4723644
2025-10-21,2025-11-18,28,direct_category_weather_holiday_segment,802372785.0,796569186.387443
2025-10-22,2025-11-19,28,direct_category_weather_holiday_segment,785536331.0,815345307.9515848
2025-10-23,2025-11-20,28,direct_category_weather_holiday_segment,789566797.0,823452195.2439054
2025-10-24,2025-11-21,28,direct_category_weather_holiday_segment,781713368.0,814911079.8822392
2025-10-25,2025-11-22,28,direct_category_weather_holiday_segment,777234266.0,803312688.4299951
2025-10-26,2025-11-23,28,direct_category_weather_holiday_segment,763587139.0,774564220.3842028
2025-10-27,2025-11-24,28,direct_category_weather_holiday_segment,787419759.0,796068412.5157611
2025-10-28,2025-11-25,28,direct_category_weather_holiday_segment,779113247.0,814825595.1416527
2025-10-29,2025-11-26,28,direct_category_weather_holiday_segment,779056661.0,846042235.1530151
2025-10-30,2025-11-27,28,direct_category_weather_holiday_segment,785923784.0,833712471.3330889
2025-10-31,2025-11-28,28,direct_category_weather_holiday_segment,793532772.0,829581327.0820049
2025-11-01,2025-11-29,28,direct_category_weather_holiday_segment,775439198.0,802601939.8694053
2025-11-02,2025-11-30,28,direct_category_weather_holiday_segment,752415007.0,774955158.2956567
2025-11-03,2025-12-01,28,direct_category_weather_holiday_segment,752093794.0,799931098.3492813
2025-11-04,2025-12-02,28,direct_category_weather_holiday_segment,774181582.0,801967268.9386915
2025-11-05,2025-12-03,28,direct_category_weather_holiday_segment,779128904.0,806943444.8190496
2025-11-06,2025-12-04,28,direct_category_weather_holiday_segment,780611840.0,816605382.7424291
2025-11-07,2025-12-05,28,direct_category_weather_holiday_segment,790342731.0,806370770.8978715
2025-11-08,2025-12-06,28,direct_category_weather_holiday_segment,783475966.0,800655751.9604908
2025-11-09,2025-12-07,28,direct_category_weather_holiday_segment,769662376.0,766326528.7923899
2025-11-10,2025-12-08,28,direct_category_weather_holiday_segment,781993536.0,793774668.2543992
2025-11-11,2025-12-09,28,direct_category_weather_holiday_segment,790459836.0,810564196.0266722
2025-11-12,2025-12-10,28,direct_category_weather_holiday_segment,793331038.0,801850206.7968955
2025-11-13,2025-12-11,28,direct_category_weather_holiday_segment,792303023.0,800358889.3419433
2025-11-14,2025-12-12,28,direct_category_weather_holiday_segment,805771337.0,803908502.27493
2025-11-15,2025-12-13,28,direct_category_weather_holiday_segment,805919635.0,794894986.8755728
2025-11-16,2025-12-14,28,direct_category_weather_holiday_segment,775261923.0,793281392.9533335
2025-11-17,2025-12-15,28,direct_category_weather_holiday_segment,800205024.0,813961235.0446464
2025-11-18,2025-12-16,28,direct_category_weather_holiday_segment,791223092.0,802676256.3425794
2025-11-19,2025-12-17,28,direct_category_weather_holiday_segment,797873177.0,794799510.6042919
2025-11-20,2025-12-18,28,direct_category_weather_holiday_segment,807913091.0,786748612.8965074
2025-11-21,2025-12-19,28,direct_category_weather_holiday_segment,813412227.0,775200974.3781334
2025-11-22,2025-12-20,28,direct_category_weather_holiday_segment,800554656.0,762386109.8553644
2025-11-23,2025-12-21,28,direct_category_weather_holiday_segment,775722494.0,758541759.7789657
2025-11-24,2025-12-22,28,direct_category_weather_holiday_segment,800416947.0,787956206.570049
2025-11-25,2025-12-23,28,direct_category_weather_holiday_segment,805434213.0,782003497.57382
2025-11-26,2025-12-24,28,direct_category_weather_holiday_segment,803732375.0,770983601.44817
2025-11-27,2025-12-25,28,direct_category_weather_holiday_segment,824337857.0,785634843.3761708
2025-11-28,2025-12-26,28,direct_category_weather_holiday_segment,812520530.0,807198820.9898552
2025-11-29,2025-12-27,28,direct_category_weather_holiday_segment,813024286.0,791224405.5470349
2025-11-30,2025-12-28,28,direct_category_weather_holiday_segment,798511867.0,763126060.4721844
2025-12-01,2025-12-29,28,direct_category_weather_holiday_segment,801303829.0,789959996.9267132
2025-12-02,2025-12-30,28,direct_category_weather_holiday_segment,799723069.0,797222660.3770839
2025-12-03,2025-12-31,28,direct_category_weather_holiday_segment,783373686.0,796314986.7484412
2025-12-04,2026-01-01,28,direct_category_weather_holiday_segment,707758012.0,722349534.6597669
2025-12-05,2026-01-02,28,direct_category_weather_holiday_segment,741910307.0,745184386.982725
2025-12-06,2026-01-03,28,direct_category_weather_holiday_segment,801935633.0,788887644.7266716
2025-12-07,2026-01-04,28,direct_category_weather_holiday_segment,820839320.0,787740441.8839177
2025-12-08,2026-01-05,28,direct_category_weather_holiday_segment,819629944.0,813211677.9055334
2025-12-09,2026-01-06,28,direct_category_weather_holiday_segment,848208043.0,818469131.6282333
2025-12-10,2026-01-07,28,direct_category_weather_holiday_segment,836618404.0,796558693.3546157
2025-12-11,2026-01-08,28,direct_category_weather_holiday_segment,845715705.0,795171301.5457186
2025-12-12,2026-01-09,28,direct_category_weather_holiday_segment,845779172.0,791350652.0516233
2025-09-02,2025-10-01,29,direct_category_weather_holiday,893877447.0,876900543.6620657
2025-09-03,2025-10-02,29,direct_category_weather_holiday,877524402.0,867442684.7420565
2025-09-04,2025-10-03,29,direct_category_weather_holiday,906128774.0,873700282.4024367
2025-09-05,2025-10-04,29,direct_category_weather_holiday,947397946.0,896260530.6441059
2025-09-06,2025-10-05,29,direct_category_weather_holiday,967898095.0,882326215.2137693
2025-09-07,2025-10-06,29,direct_category_weather_holiday,909397624.0,881333602.2787561
2025-09-08,2025-10-07,29,direct_category_weather_holiday,958058211.0,873667829.6800292
2025-09-09,2025-10-08,29,direct_category_weather_holiday,1002652065.0,851537310.0778326
2025-09-10,2025-10-09,29,direct_category_weather_holiday,1006596066.0,955904544.6668942
2025-09-11,2025-10-10,29,direct_category_weather_holiday,988218980.0,944090022.3022236
2025-09-12,2025-10-11,29,direct_category_weather_holiday,993216057.0,945176586.6415759
2025-09-13,2025-10-12,29,direct_category_weather_holiday,982996119.0,937323840.7378092
2025-09-14,2025-10-13,29,direct_category_weather_holiday,994158096.0,951396455.2688595
2025-09-15,2025-10-14,29,direct_category_weather_holiday,999440675.0,941886225.8491182
2025-09-16,2025-10-15,29,direct_category_weather_holiday,979563855.0,923536027.7440563
2025-09-17,2025-10-16,29,direct_category_weather_holiday,973453600.0,924540760.5566344
2025-09-18,2025-10-17,29,direct_category_weather_holiday,976535370.0,924974347.7332008
2025-09-19,2025-10-18,29,direct_category_weather_holiday,976325746.0,919054333.9883844
2025-09-20,2025-10-19,29,direct_category_weather_holiday,896789087.0,876232378.5733494
2025-09-21,2025-10-20,29,direct_category_weather_holiday,853624251.0,831358306.9716531
2025-09-22,2025-10-21,29,direct_category_weather_holiday,795444895.0,814607851.580828
2025-09-23,2025-10-22,29,direct_category_weather_holiday,783518576.0,809755935.2895495
2025-09-24,2025-10-23,29,direct_category_weather_holiday,783134792.0,823303030.862554
2025-09-25,2025-10-24,29,direct_category_weather_holiday,786285205.0,829019428.2836791
2025-09-26,2025-10-25,29,direct_category_weather_holiday,787344834.0,821104935.1507753
2025-09-27,2025-10-26,29,direct_category_weather_holiday,788309358.0,801025202.9882933
2025-09-28,2025-10-27,29,direct_category_weather_holiday,788347388.0,801888047.3766824
2025-09-29,2025-10-28,29,direct_category_weather_holiday,803213606.0,807216158.432853
2025-09-30,2025-10-29,29,direct_category_weather_holiday,791815205.0,809730385.0361217
2025-10-01,2025-10-30,29,direct_category_weather_holiday,801523722.0,798856357.1031865
2025-10-02,2025-10-31,29,direct_category_weather_holiday,806599754.0,800148465.8094243
2025-10-03,2025-11-01,29,direct_category_weather_holiday,760921367.0,781356744.427303
2025-10-04,2025-11-02,29,direct_category_weather_holiday,744828378.0,784218288.467107
2025-10-05,2025-11-03,29,direct_category_weather_holiday,780447693.0,801248418.9208409
2025-10-06,2025-11-04,29,direct_category_weather_holiday,782600645.0,813355628.8925349
2025-10-07,2025-11-05,29,direct_category_weather_holiday,784108702.0,829155207.8481193
2025-10-08,2025-11-06,29,direct_category_weather_holiday,789959014.0,828662260.3745058
2025-10-09,2025-11-07,29,direct_category_weather_holiday,808798324.0,813819261.9470937
2025-10-10,2025-11-08,29,direct_category_weather_holiday,816286170.0,798488952.8613517
2025-10-11,2025-11-09,29,direct_category_weather_holiday,794671570.0,770599789.5150841
2025-10-12,2025-11-10,29,direct_category_weather_holiday,803150509.0,796171787.9458836
2025-10-13,2025-11-11,29,direct_category_weather_holiday,811031660.0,811443220.1152178
2025-10-14,2025-11-12,29,direct_category_weather_holiday,800371284.0,792403178.323847
2025-10-15,2025-11-13,29,direct_category_weather_holiday,795412883.0,796944715.2173259
2025-10-16,2025-11-14,29,direct_category_weather_holiday,784929625.0,786133287.5544611
2025-10-17,2025-11-15,29,direct_category_weather_holiday,771969074.0,775157332.4903474
2025-10-18,2025-11-16,29,direct_category_weather_holiday,748102925.0,761147432.1458426
2025-10-19,2025-11-17,29,direct_category_weather_holiday,784946049.0,787408290.9505236
2025-10-20,2025-11-18,29,direct_category_weather_holiday,802372785.0,802767713.6371472
2025-10-21,2025-11-19,29,direct_category_weather_holiday,785536331.0,810149263.842992
2025-10-22,2025-11-20,29,direct_category_weather_holiday,789566797.0,812730991.8821106
2025-10-23,2025-11-21,29,direct_category_weather_holiday,781713368.0,817661769.2553596
2025-10-24,2025-11-22,29,direct_category_weather_holiday,777234266.0,809657326.0678784
2025-10-25,2025-11-23,29,direct_category_weather_holiday,763587139.0,786190193.2719628
2025-10-26,2025-11-24,29,direct_category_weather_holiday,787419759.0,793712320.3221319
2025-10-27,2025-11-25,29,direct_category_weather_holiday,779113247.0,812394400.5871539
2025-10-28,2025-11-26,29,direct_category_weather_holiday,779056661.0,821089921.355306
2025-10-29,2025-11-27,29,direct_category_weather_holiday,785923784.0,842706409.5594852
2025-10-30,2025-11-28,29,direct_category_weather_holiday,793532772.0,837291616.452955
2025-10-31,2025-11-29,29,direct_category_weather_holiday,775439198.0,810278374.104666
2025-11-01,2025-11-30,29,direct_category_weather_holiday,752415007.0,781979181.514026
2025-11-02,2025-12-01,29,direct_category_weather_holiday,752093794.0,786636187.3149282
2025-11-03,2025-12-02,29,direct_category_weather_holiday,774181582.0,817334188.1734127
2025-11-04,2025-12-03,29,direct_category_weather_holiday,779128904.0,826389813.8692788
2025-11-05,2025-12-04,29,direct_category_weather_holiday,780611840.0,830186422.6598662
2025-11-06,2025-12-05,29,direct_category_weather_holiday,790342731.0,814212337.393043
2025-11-07,2025-12-06,29,direct_category_weather_holiday,783475966.0,800067695.6346477
2025-11-08,2025-12-07,29,direct_category_weather_holiday,769662376.0,783866073.2864126
2025-11-09,2025-12-08,29,direct_category_weather_holiday,781993536.0,797428356.7657807
2025-11-10,2025-12-09,29,direct_category_weather_holiday,790459836.0,811785292.1919913
2025-11-11,2025-12-10,29,direct_category_weather_holiday,793331038.0,807734065.5455829
2025-11-12,2025-12-11,29,direct_category_weather_holiday,792303023.0,808884049.6834726
2025-11-13,2025-12-12,29,direct_category_weather_holiday,805771337.0,816642539.1577302
2025-11-14,2025-12-13,29,direct_category_weather_holiday,805919635.0,805256662.0910543
2025-11-15,2025-12-14,29,direct_category_weather_holiday,775261923.0,805664966.3396902
2025-11-16,2025-12-15,29,direct_category_weather_holiday,800205024.0,813163570.593326
2025-11-17,2025-12-16,29,direct_category_weather_holiday,791223092.0,803927892.8129393
2025-11-18,2025-12-17,29,direct_category_weather_holiday,797873177.0,803646177.7313566
2025-11-19,2025-12-18,29,direct_category_weather_holiday,807913091.0,807831718.1174754
2025-11-20,2025-12-19,29,direct_category_weather_holiday,813412227.0,783084718.2699443
2025-11-21,2025-12-20,29,direct_category_weather_holiday,800554656.0,767264311.5276257
2025-11-22,2025-12-21,29,direct_category_weather_holiday,775722494.0,767239407.965409
2025-11-23,2025-12-22,29,direct_category_weather_holiday,800416947.0,788781182.2062985
2025-11-24,2025-12-23,29,direct_category_weather_holiday,805434213.0,786371778.5022978
2025-11-25,2025-12-24,29,direct_category_weather_holiday,803732375.0,787569521.5612067
2025-11-26,2025-12-25,29,direct_category_weather_holiday,824337857.0,795173198.050842
2025-11-27,2025-12-26,29,direct_category_weather_holiday,812520530.0,808979437.7059035
2025-11-28,2025-12-27,29,direct_category_weather_holiday,813024286.0,788387080.1830984
2025-11-29,2025-12-28,29,direct_category_weather_holiday,798511867.0,774057350.7741649
2025-11-30,2025-12-29,29,direct_category_weather_holiday,801303829.0,777225926.4165089
2025-12-01,2025-12-30,29,direct_category_weather_holiday,799723069.0,777741246.0192964
2025-12-02,2025-12-31,29,direct_category_weather_holiday,783373686.0,792500070.7923727
2025-12-03,2026-01-01,29,direct_category_weather_holiday,707758012.0,694309281.6375538
2025-12-04,2026-01-02,29,direct_category_weather_holiday,741910307.0,708321662.0777493
2025-12-05,2026-01-03,29,direct_category_weather_holiday,801935633.0,733036681.0925738
2025-12-06,2026-01-04,29,direct_category_weather_holiday,820839320.0,762531343.0393983
2025-12-07,2026-01-05,29,direct_category_weather_holiday,819629944.0,784905935.5119494
2025-12-08,2026-01-06,29,direct_category_weather_holiday,848208043.0,805182860.7361761
2025-12-09,2026-01-07,29,direct_category_weather_holiday,836618404.0,795302861.1615957
2025-12-10,2026-01-08,29,direct_category_weather_holiday,845715705.0,793873711.0392517
2025-12-11,2026-01-09,29,direct_category_weather_holiday,845779172.0,793222891.3164495
2025-09-02,2025-10-01,29,direct_category_weather_holiday_segment,893877447.0,873203963.7209762
2025-09-03,2025-10-02,29,direct_category_weather_holiday_segment,877524402.0,875755856.2587613
2025-09-04,2025-10-03,29,direct_category_weather_holiday_segment,906128774.0,889587691.8834915
2025-09-05,2025-10-04,29,direct_category_weather_holiday_segment,947397946.0,922686558.3056682
2025-09-06,2025-10-05,29,direct_category_weather_holiday_segment,967898095.0,916296831.6730865
2025-09-07,2025-10-06,29,direct_category_weather_holiday_segment,909397624.0,923658296.7028209
2025-09-08,2025-10-07,29,direct_category_weather_holiday_segment,958058211.0,930458884.8318448
2025-09-09,2025-10-08,29,direct_category_weather_holiday_segment,1002652065.0,924532881.5114244
2025-09-10,2025-10-09,29,direct_category_weather_holiday_segment,1006596066.0,940302433.6251606
2025-09-11,2025-10-10,29,direct_category_weather_holiday_segment,988218980.0,927087024.5972006
2025-09-12,2025-10-11,29,direct_category_weather_holiday_segment,993216057.0,924139150.5560824
2025-09-13,2025-10-12,29,direct_category_weather_holiday_segment,982996119.0,926152840.8523017
2025-09-14,2025-10-13,29,direct_category_weather_holiday_segment,994158096.0,938967825.5501338
2025-09-15,2025-10-14,29,direct_category_weather_holiday_segment,999440675.0,932685326.246452
2025-09-16,2025-10-15,29,direct_category_weather_holiday_segment,979563855.0,918196022.2924469
2025-09-17,2025-10-16,29,direct_category_weather_holiday_segment,973453600.0,919659520.2498293
2025-09-18,2025-10-17,29,direct_category_weather_holiday_segment,976535370.0,916811389.4668919
2025-09-19,2025-10-18,29,direct_category_weather_holiday_segment,976325746.0,912107417.6944783
2025-09-20,2025-10-19,29,direct_category_weather_holiday_segment,896789087.0,868442749.3397309
2025-09-21,2025-10-20,29,direct_category_weather_holiday_segment,853624251.0,823149436.2641296
2025-09-22,2025-10-21,29,direct_category_weather_holiday_segment,795444895.0,808975403.5799553
2025-09-23,2025-10-22,29,direct_category_weather_holiday_segment,783518576.0,806513727.3622571
2025-09-24,2025-10-23,29,direct_category_weather_holiday_segment,783134792.0,818685793.9013075
2025-09-25,2025-10-24,29,direct_category_weather_holiday_segment,786285205.0,822095135.341194
2025-09-26,2025-10-25,29,direct_category_weather_holiday_segment,787344834.0,817588656.0541321
2025-09-27,2025-10-26,29,direct_category_weather_holiday_segment,788309358.0,796958525.1936095
2025-09-28,2025-10-27,29,direct_category_weather_holiday_segment,788347388.0,794580188.151513
2025-09-29,2025-10-28,29,direct_category_weather_holiday_segment,803213606.0,799886924.9587597
2025-09-30,2025-10-29,29,direct_category_weather_holiday_segment,791815205.0,806267952.3267863
2025-10-01,2025-10-30,29,direct_category_weather_holiday_segment,801523722.0,799434005.9981276
2025-10-02,2025-10-31,29,direct_category_weather_holiday_segment,806599754.0,799526732.5160869
2025-10-03,2025-11-01,29,direct_category_weather_holiday_segment,760921367.0,781909704.9808954
2025-10-04,2025-11-02,29,direct_category_weather_holiday_segment,744828378.0,779102769.7152909
2025-10-05,2025-11-03,29,direct_category_weather_holiday_segment,780447693.0,796001609.7993851
2025-10-06,2025-11-04,29,direct_category_weather_holiday_segment,782600645.0,807694072.166324
2025-10-07,2025-11-05,29,direct_category_weather_holiday_segment,784108702.0,822342441.5895317
2025-10-08,2025-11-06,29,direct_category_weather_holiday_segment,789959014.0,824889531.5396248
2025-10-09,2025-11-07,29,direct_category_weather_holiday_segment,808798324.0,807203752.9426988
2025-10-10,2025-11-08,29,direct_category_weather_holiday_segment,816286170.0,793407322.659585
2025-10-11,2025-11-09,29,direct_category_weather_holiday_segment,794671570.0,764436444.6523021
2025-10-12,2025-11-10,29,direct_category_weather_holiday_segment,803150509.0,787026805.8472114
2025-10-13,2025-11-11,29,direct_category_weather_holiday_segment,811031660.0,799999385.2793206
2025-10-14,2025-11-12,29,direct_category_weather_holiday_segment,800371284.0,785048848.6583703
2025-10-15,2025-11-13,29,direct_category_weather_holiday_segment,795412883.0,790486919.5475048
2025-10-16,2025-11-14,29,direct_category_weather_holiday_segment,784929625.0,779290310.9187614
2025-10-17,2025-11-15,29,direct_category_weather_holiday_segment,771969074.0,769173287.3424429
2025-10-18,2025-11-16,29,direct_category_weather_holiday_segment,748102925.0,753226899.3680278
2025-10-19,2025-11-17,29,direct_category_weather_holiday_segment,784946049.0,777598058.8829017
2025-10-20,2025-11-18,29,direct_category_weather_holiday_segment,802372785.0,801200649.1740488
2025-10-21,2025-11-19,29,direct_category_weather_holiday_segment,785536331.0,810886150.6241529
2025-10-22,2025-11-20,29,direct_category_weather_holiday_segment,789566797.0,812657811.1942878
2025-10-23,2025-11-21,29,direct_category_weather_holiday_segment,781713368.0,813399351.6894544
2025-10-24,2025-11-22,29,direct_category_weather_holiday_segment,777234266.0,805200469.1326005
2025-10-25,2025-11-23,29,direct_category_weather_holiday_segment,763587139.0,777430103.2455876
2025-10-26,2025-11-24,29,direct_category_weather_holiday_segment,787419759.0,784376243.5249864
2025-10-27,2025-11-25,29,direct_category_weather_holiday_segment,779113247.0,806374987.3035381
2025-10-28,2025-11-26,29,direct_category_weather_holiday_segment,779056661.0,820013511.5874652
2025-10-29,2025-11-27,29,direct_category_weather_holiday_segment,785923784.0,837895587.9163483
2025-10-30,2025-11-28,29,direct_category_weather_holiday_segment,793532772.0,832997855.742281
2025-10-31,2025-11-29,29,direct_category_weather_holiday_segment,775439198.0,806202400.6580251
2025-11-01,2025-11-30,29,direct_category_weather_holiday_segment,752415007.0,775270721.8949702
2025-11-02,2025-12-01,29,direct_category_weather_holiday_segment,752093794.0,776927948.102663
2025-11-03,2025-12-02,29,direct_category_weather_holiday_segment,774181582.0,806756216.98801
2025-11-04,2025-12-03,29,direct_category_weather_holiday_segment,779128904.0,818889663.0777975
2025-11-05,2025-12-04,29,direct_category_weather_holiday_segment,780611840.0,824804300.7410738
2025-11-06,2025-12-05,29,direct_category_weather_holiday_segment,790342731.0,807770984.994912
2025-11-07,2025-12-06,29,direct_category_weather_holiday_segment,783475966.0,795030480.4760519
2025-11-08,2025-12-07,29,direct_category_weather_holiday_segment,769662376.0,775838920.1580137
2025-11-09,2025-12-08,29,direct_category_weather_holiday_segment,781993536.0,787672598.6779529
2025-11-10,2025-12-09,29,direct_category_weather_holiday_segment,790459836.0,804940250.9998966
2025-11-11,2025-12-10,29,direct_category_weather_holiday_segment,793331038.0,799591145.1424243
2025-11-12,2025-12-11,29,direct_category_weather_holiday_segment,792303023.0,799196088.204507
2025-11-13,2025-12-12,29,direct_category_weather_holiday_segment,805771337.0,805499227.1456425
2025-11-14,2025-12-13,29,direct_category_weather_holiday_segment,805919635.0,797756151.1253254
2025-11-15,2025-12-14,29,direct_category_weather_holiday_segment,775261923.0,801643523.5055697
2025-11-16,2025-12-15,29,direct_category_weather_holiday_segment,800205024.0,809596132.7605499
2025-11-17,2025-12-16,29,direct_category_weather_holiday_segment,791223092.0,798003822.9980978
2025-11-18,2025-12-17,29,direct_category_weather_holiday_segment,797873177.0,796585550.72333
2025-11-19,2025-12-18,29,direct_category_weather_holiday_segment,807913091.0,800575646.6280376
2025-11-20,2025-12-19,29,direct_category_weather_holiday_segment,813412227.0,772537671.7999533
2025-11-21,2025-12-20,29,direct_category_weather_holiday_segment,800554656.0,755941971.9090081
2025-11-22,2025-12-21,29,direct_category_weather_holiday_segment,775722494.0,759028242.4882267
2025-11-23,2025-12-22,29,direct_category_weather_holiday_segment,800416947.0,782443755.5172901
2025-11-24,2025-12-23,29,direct_category_weather_holiday_segment,805434213.0,777482855.4944627
2025-11-25,2025-12-24,29,direct_category_weather_holiday_segment,803732375.0,778309215.9892434
2025-11-26,2025-12-25,29,direct_category_weather_holiday_segment,824337857.0,790738026.8642164
2025-11-27,2025-12-26,29,direct_category_weather_holiday_segment,812520530.0,805773849.2598697
2025-11-28,2025-12-27,29,direct_category_weather_holiday_segment,813024286.0,784588007.1477127
2025-11-29,2025-12-28,29,direct_category_weather_holiday_segment,798511867.0,767937941.2804986
2025-11-30,2025-12-29,29,direct_category_weather_holiday_segment,801303829.0,789199614.7726713
2025-12-01,2025-12-30,29,direct_category_weather_holiday_segment,799723069.0,789476969.495077
2025-12-02,2025-12-31,29,direct_category_weather_holiday_segment,783373686.0,806157804.1966466
2025-12-03,2026-01-01,29,direct_category_weather_holiday_segment,707758012.0,719428005.0580527
2025-12-04,2026-01-02,29,direct_category_weather_holiday_segment,741910307.0,744840993.3481652
2025-12-05,2026-01-03,29,direct_category_weather_holiday_segment,801935633.0,783938475.7216017
2025-12-06,2026-01-04,29,direct_category_weather_holiday_segment,820839320.0,780445815.7672051
2025-12-07,2026-01-05,29,direct_category_weather_holiday_segment,819629944.0,806283809.7507374
2025-12-08,2026-01-06,29,direct_category_weather_holiday_segment,848208043.0,829701643.9634705
2025-12-09,2026-01-07,29,direct_category_weather_holiday_segment,836618404.0,795060306.925969
2025-12-10,2026-01-08,29,direct_category_weather_holiday_segment,845715705.0,791183792.4630779
2025-12-11,2026-01-09,29,direct_category_weather_holiday_segment,845779172.0,787376945.3635983
2025-09-01,2025-10-01,30,direct_category_weather_holiday,893877447.0,852112418.0481235
2025-09-02,2025-10-02,30,direct_category_weather_holiday,877524402.0,862235798.6590513
2025-09-03,2025-10-03,30,direct_category_weather_holiday,906128774.0,860789803.0433351
2025-09-04,2025-10-04,30,direct_category_weather_holiday,947397946.0,897786713.4887094
2025-09-05,2025-10-05,30,direct_category_weather_holiday,967898095.0,884327140.3890917
2025-09-06,2025-10-06,30,direct_category_weather_holiday,909397624.0,872838858.2421865
2025-09-07,2025-10-07,30,direct_category_weather_holiday,958058211.0,865498774.5383476
2025-09-08,2025-10-08,30,direct_category_weather_holiday,1002652065.0,856658994.2569925
2025-09-09,2025-10-09,30,direct_category_weather_holiday,1006596066.0,941134127.7636983
2025-09-10,2025-10-10,30,direct_category_weather_holiday,988218980.0,939978625.7007755
2025-09-11,2025-10-11,30,direct_category_weather_holiday,993216057.0,932380930.2573456
2025-09-12,2025-10-12,30,direct_category_weather_holiday,982996119.0,932072112.2891716
2025-09-13,2025-10-13,30,direct_category_weather_holiday,994158096.0,962489077.2366772
2025-09-14,2025-10-14,30,direct_category_weather_holiday,999440675.0,938581211.8182092
2025-09-15,2025-10-15,30,direct_category_weather_holiday,979563855.0,932054187.4381621
2025-09-16,2025-10-16,30,direct_category_weather_holiday,973453600.0,920058754.3009604
2025-09-17,2025-10-17,30,direct_category_weather_holiday,976535370.0,923785733.1591644
2025-09-18,2025-10-18,30,direct_category_weather_holiday,976325746.0,911444822.8877403
2025-09-19,2025-10-19,30,direct_category_weather_holiday,896789087.0,872356906.0498934
2025-09-20,2025-10-20,30,direct_category_weather_holiday,853624251.0,824574354.938636
2025-09-21,2025-10-21,30,direct_category_weather_holiday,795444895.0,823239108.4576677
2025-09-22,2025-10-22,30,direct_category_weather_holiday,783518576.0,809087797.1803925
2025-09-23,2025-10-23,30,direct_category_weather_holiday,783134792.0,811638661.7064089
2025-09-24,2025-10-24,30,direct_category_weather_holiday,786285205.0,822605805.87285
2025-09-25,2025-10-25,30,direct_category_weather_holiday,787344834.0,821681968.1606072
2025-09-26,2025-10-26,30,direct_category_weather_holiday,788309358.0,807847512.2835588
2025-09-27,2025-10-27,30,direct_category_weather_holiday,788347388.0,808479612.4752493
2025-09-28,2025-10-28,30,direct_category_weather_holiday,803213606.0,795013876.388524
2025-09-29,2025-10-29,30,direct_category_weather_holiday,791815205.0,805457944.9175994
2025-09-30,2025-10-30,30,direct_category_weather_holiday,801523722.0,812353123.5483505
2025-10-01,2025-10-31,30,direct_category_weather_holiday,806599754.0,796754086.1720335
2025-10-02,2025-11-01,30,direct_category_weather_holiday,760921367.0,789133791.4580036
2025-10-03,2025-11-02,30,direct_category_weather_holiday,744828378.0,774296526.55932
2025-10-04,2025-11-03,30,direct_category_weather_holiday,780447693.0,808239491.5385481
2025-10-05,2025-11-04,30,direct_category_weather_holiday,782600645.0,805163968.3744532
2025-10-06,2025-11-05,30,direct_category_weather_holiday,784108702.0,809982827.8835886
2025-10-07,2025-11-06,30,direct_category_weather_holiday,789959014.0,839472267.6616594
2025-10-08,2025-11-07,30,direct_category_weather_holiday,808798324.0,844794958.0348299
2025-10-09,2025-11-08,30,direct_category_weather_holiday,816286170.0,818129061.7040658
2025-10-10,2025-11-09,30,direct_category_weather_holiday,794671570.0,784155483.9395924
2025-10-11,2025-11-10,30,direct_category_weather_holiday,803150509.0,781062601.3902746
2025-10-12,2025-11-11,30,direct_category_weather_holiday,811031660.0,792812770.1160126
2025-10-13,2025-11-12,30,direct_category_weather_holiday,800371284.0,809854272.9352236
2025-10-14,2025-11-13,30,direct_category_weather_holiday,795412883.0,790977309.1436539
2025-10-15,2025-11-14,30,direct_category_weather_holiday,784929625.0,796864919.8931023
2025-10-16,2025-11-15,30,direct_category_weather_holiday,771969074.0,773671000.0166032
2025-10-17,2025-11-16,30,direct_category_weather_holiday,748102925.0,756668652.5745391
2025-10-18,2025-11-17,30,direct_category_weather_holiday,784946049.0,778594928.2259082
2025-10-19,2025-11-18,30,direct_category_weather_holiday,802372785.0,801764944.557045
2025-10-20,2025-11-19,30,direct_category_weather_holiday,785536331.0,806947470.4480193
2025-10-21,2025-11-20,30,direct_category_weather_holiday,789566797.0,807388763.1160628
2025-10-22,2025-11-21,30,direct_category_weather_holiday,781713368.0,805066217.4511731
2025-10-23,2025-11-22,30,direct_category_weather_holiday,777234266.0,806613451.8825905
2025-10-24,2025-11-23,30,direct_category_weather_holiday,763587139.0,784380285.7775174
2025-10-25,2025-11-24,30,direct_category_weather_holiday,787419759.0,798560442.4520947
2025-10-26,2025-11-25,30,direct_category_weather_holiday,779113247.0,802333856.2177274
2025-10-27,2025-11-26,30,direct_category_weather_holiday,779056661.0,815682894.0377886
2025-10-28,2025-11-27,30,direct_category_weather_holiday,785923784.0,812623373.8751155
2025-10-29,2025-11-28,30,direct_category_weather_holiday,793532772.0,847576985.1997199
2025-10-30,2025-11-29,30,direct_category_weather_holiday,775439198.0,814066309.5739642
2025-10-31,2025-11-30,30,direct_category_weather_holiday,752415007.0,786014502.6426206
2025-11-01,2025-12-01,30,direct_category_weather_holiday,752093794.0,785446779.8230357
2025-11-02,2025-12-02,30,direct_category_weather_holiday,774181582.0,791083025.4656255
2025-11-03,2025-12-03,30,direct_category_weather_holiday,779128904.0,835202410.7130815
2025-11-04,2025-12-04,30,direct_category_weather_holiday,780611840.0,842698337.3737488
2025-11-05,2025-12-05,30,direct_category_weather_holiday,790342731.0,826090892.0157104
2025-11-06,2025-12-06,30,direct_category_weather_holiday,783475966.0,804309036.3521045
2025-11-07,2025-12-07,30,direct_category_weather_holiday,769662376.0,780449756.6767114
2025-11-08,2025-12-08,30,direct_category_weather_holiday,781993536.0,808879032.0180339
2025-11-09,2025-12-09,30,direct_category_weather_holiday,790459836.0,811181503.7881643
2025-11-10,2025-12-10,30,direct_category_weather_holiday,793331038.0,801849549.265423
2025-11-11,2025-12-11,30,direct_category_weather_holiday,792303023.0,807651301.3472651
2025-11-12,2025-12-12,30,direct_category_weather_holiday,805771337.0,817198005.5685791
2025-11-13,2025-12-13,30,direct_category_weather_holiday,805919635.0,809092839.1162192
2025-11-14,2025-12-14,30,direct_category_weather_holiday,775261923.0,811225079.6822379
2025-11-15,2025-12-15,30,direct_category_weather_holiday,800205024.0,826922922.5792414
2025-11-16,2025-12-16,30,direct_category_weather_holiday,791223092.0,801700952.6225481
2025-11-17,2025-12-17,30,direct_category_weather_holiday,797873177.0,799360261.2124875
2025-11-18,2025-12-18,30,direct_category_weather_holiday,807913091.0,809084573.0456196
2025-11-19,2025-12-19,30,direct_category_weather_holiday,813412227.0,794960692.3016131
2025-11-20,2025-12-20,30,direct_category_weather_holiday,800554656.0,762334755.6461816
2025-11-21,2025-12-21,30,direct_category_weather_holiday,775722494.0,760553726.9043139
2025-11-22,2025-12-22,30,direct_category_weather_holiday,800416947.0,789295541.7108032
2025-11-23,2025-12-23,30,direct_category_weather_holiday,805434213.0,779915172.6165509
2025-11-24,2025-12-24,30,direct_category_weather_holiday,803732375.0,779278265.023329
2025-11-25,2025-12-25,30,direct_category_weather_holiday,824337857.0,800776918.1050569
2025-11-26,2025-12-26,30,direct_category_weather_holiday,812520530.0,813180880.2768142
2025-11-27,2025-12-27,30,direct_category_weather_holiday,813024286.0,786312394.2155643
2025-11-28,2025-12-28,30,direct_category_weather_holiday,798511867.0,767073017.4415674
2025-11-29,2025-12-29,30,direct_category_weather_holiday,801303829.0,783587934.5265889
2025-11-30,2025-12-30,30,direct_category_weather_holiday,799723069.0,776673089.6949632
2025-12-01,2025-12-31,30,direct_category_weather_holiday,783373686.0,783595495.0537664
2025-12-02,2026-01-01,30,direct_category_weather_holiday,707758012.0,703441825.9947238
2025-12-03,2026-01-02,30,direct_category_weather_holiday,741910307.0,703954402.588567
2025-12-04,2026-01-03,30,direct_category_weather_holiday,801935633.0,733969717.8425332
2025-12-05,2026-01-04,30,direct_category_weather_holiday,820839320.0,755765215.4003214
2025-12-06,2026-01-05,30,direct_category_weather_holiday,819629944.0,780789582.4950484
2025-12-07,2026-01-06,30,direct_category_weather_holiday,848208043.0,799254064.0920057
2025-12-08,2026-01-07,30,direct_category_weather_holiday,836618404.0,808555693.8434039
2025-12-09,2026-01-08,30,direct_category_weather_holiday,845715705.0,794769160.1229569
2025-12-10,2026-01-09,30,direct_category_weather_holiday,845779172.0,791943145.0240469
2025-09-01,2025-10-01,30,direct_category_weather_holiday_segment,893877447.0,849027976.273691
2025-09-02,2025-10-02,30,direct_category_weather_holiday_segment,877524402.0,869730912.3165337
2025-09-03,2025-10-03,30,direct_category_weather_holiday_segment,906128774.0,878583307.20396
2025-09-04,2025-10-04,30,direct_category_weather_holiday_segment,947397946.0,925044648.7781519
2025-09-05,2025-10-05,30,direct_category_weather_holiday_segment,967898095.0,921309831.2704331
2025-09-06,2025-10-06,30,direct_category_weather_holiday_segment,909397624.0,919351414.8279757
2025-09-07,2025-10-07,30,direct_category_weather_holiday_segment,958058211.0,923076381.12216
2025-09-08,2025-10-08,30,direct_category_weather_holiday_segment,1002652065.0,930287656.8635526
2025-09-09,2025-10-09,30,direct_category_weather_holiday_segment,1006596066.0,929674923.4679823
2025-09-10,2025-10-10,30,direct_category_weather_holiday_segment,988218980.0,927023655.7390656
2025-09-11,2025-10-11,30,direct_category_weather_holiday_segment,993216057.0,915468256.3757297
2025-09-12,2025-10-12,30,direct_category_weather_holiday_segment,982996119.0,922898200.4884546
2025-09-13,2025-10-13,30,direct_category_weather_holiday_segment,994158096.0,950800557.708279
2025-09-14,2025-10-14,30,direct_category_weather_holiday_segment,999440675.0,927913443.6956772
2025-09-15,2025-10-15,30,direct_category_weather_holiday_segment,979563855.0,925269387.7914963
2025-09-16,2025-10-16,30,direct_category_weather_holiday_segment,973453600.0,913928134.8313596
2025-09-17,2025-10-17,30,direct_category_weather_holiday_segment,976535370.0,915772320.5209532
2025-09-18,2025-10-18,30,direct_category_weather_holiday_segment,976325746.0,903824717.4425253
2025-09-19,2025-10-19,30,direct_category_weather_holiday_segment,896789087.0,865823943.4287708
2025-09-20,2025-10-20,30,direct_category_weather_holiday_segment,853624251.0,818437649.6823467
2025-09-21,2025-10-21,30,direct_category_weather_holiday_segment,795444895.0,815828992.2568686
2025-09-22,2025-10-22,30,direct_category_weather_holiday_segment,783518576.0,804515278.6425608
2025-09-23,2025-10-23,30,direct_category_weather_holiday_segment,783134792.0,808127510.1454377
2025-09-24,2025-10-24,30,direct_category_weather_holiday_segment,786285205.0,816404295.637964
2025-09-25,2025-10-25,30,direct_category_weather_holiday_segment,787344834.0,816981129.6579663
2025-09-26,2025-10-26,30,direct_category_weather_holiday_segment,788309358.0,803550521.3081579
2025-09-27,2025-10-27,30,direct_category_weather_holiday_segment,788347388.0,803058694.7682152
2025-09-28,2025-10-28,30,direct_category_weather_holiday_segment,803213606.0,788527445.6474198
2025-09-29,2025-10-29,30,direct_category_weather_holiday_segment,791815205.0,801853131.8703461
2025-09-30,2025-10-30,30,direct_category_weather_holiday_segment,801523722.0,809397956.9120708
2025-10-01,2025-10-31,30,direct_category_weather_holiday_segment,806599754.0,794194443.1646172
2025-10-02,2025-11-01,30,direct_category_weather_holiday_segment,760921367.0,785407428.2993699
2025-10-03,2025-11-02,30,direct_category_weather_holiday_segment,744828378.0,769131614.8968881
2025-10-04,2025-11-03,30,direct_category_weather_holiday_segment,780447693.0,801191640.7952024
2025-10-05,2025-11-04,30,direct_category_weather_holiday_segment,782600645.0,800311165.8074721
2025-10-06,2025-11-05,30,direct_category_weather_holiday_segment,784108702.0,803993574.7649711
2025-10-07,2025-11-06,30,direct_category_weather_holiday_segment,789959014.0,832791782.732865
2025-10-08,2025-11-07,30,direct_category_weather_holiday_segment,808798324.0,842735762.2397636
2025-10-09,2025-11-08,30,direct_category_weather_holiday_segment,816286170.0,815327401.6714531
2025-10-10,2025-11-09,30,direct_category_weather_holiday_segment,794671570.0,780535563.3756992
2025-10-11,2025-11-10,30,direct_category_weather_holiday_segment,803150509.0,773823350.0148915
2025-10-12,2025-11-11,30,direct_category_weather_holiday_segment,811031660.0,784919644.4649559
2025-10-13,2025-11-12,30,direct_category_weather_holiday_segment,800371284.0,806088152.7510718
2025-10-14,2025-11-13,30,direct_category_weather_holiday_segment,795412883.0,783650872.2961224
2025-10-15,2025-11-14,30,direct_category_weather_holiday_segment,784929625.0,786321015.7543776
2025-10-16,2025-11-15,30,direct_category_weather_holiday_segment,771969074.0,766073109.2972373
2025-10-17,2025-11-16,30,direct_category_weather_holiday_segment,748102925.0,746950590.3353285
2025-10-18,2025-11-17,30,direct_category_weather_holiday_segment,784946049.0,769011759.1018378
2025-10-19,2025-11-18,30,direct_category_weather_holiday_segment,802372785.0,795274609.0275918
2025-10-20,2025-11-19,30,direct_category_weather_holiday_segment,785536331.0,806774545.4316204
2025-10-21,2025-11-20,30,direct_category_weather_holiday_segment,789566797.0,806209630.0995866
2025-10-22,2025-11-21,30,direct_category_weather_holiday_segment,781713368.0,800457597.5850205
2025-10-23,2025-11-22,30,direct_category_weather_holiday_segment,777234266.0,802208047.231471
2025-10-24,2025-11-23,30,direct_category_weather_holiday_segment,763587139.0,776174822.6208239
2025-10-25,2025-11-24,30,direct_category_weather_holiday_segment,787419759.0,787855922.0908004
2025-10-26,2025-11-25,30,direct_category_weather_holiday_segment,779113247.0,795176287.756184
2025-10-27,2025-11-26,30,direct_category_weather_holiday_segment,779056661.0,813872498.4783007
2025-10-28,2025-11-27,30,direct_category_weather_holiday_segment,785923784.0,809356432.4588128
2025-10-29,2025-11-28,30,direct_category_weather_holiday_segment,793532772.0,841277055.6603838
2025-10-30,2025-11-29,30,direct_category_weather_holiday_segment,775439198.0,809197062.3377385
2025-10-31,2025-11-30,30,direct_category_weather_holiday_segment,752415007.0,778491082.2551022
2025-11-01,2025-12-01,30,direct_category_weather_holiday_segment,752093794.0,774791732.5408838
2025-11-02,2025-12-02,30,direct_category_weather_holiday_segment,774181582.0,782070906.69696
2025-11-03,2025-12-03,30,direct_category_weather_holiday_segment,779128904.0,828822100.9564271
2025-11-04,2025-12-04,30,direct_category_weather_holiday_segment,780611840.0,838278610.9860109
2025-11-05,2025-12-05,30,direct_category_weather_holiday_segment,790342731.0,818290477.3563598
2025-11-06,2025-12-06,30,direct_category_weather_holiday_segment,783475966.0,798045403.7780355
2025-11-07,2025-12-07,30,direct_category_weather_holiday_segment,769662376.0,771813168.1779677
2025-11-08,2025-12-08,30,direct_category_weather_holiday_segment,781993536.0,800737979.0911981
2025-11-09,2025-12-09,30,direct_category_weather_holiday_segment,790459836.0,804497964.5045198
2025-11-10,2025-12-10,30,direct_category_weather_holiday_segment,793331038.0,794525923.7827896
2025-11-11,2025-12-11,30,direct_category_weather_holiday_segment,792303023.0,798082611.0554258
2025-11-12,2025-12-12,30,direct_category_weather_holiday_segment,805771337.0,806047278.1967088
2025-11-13,2025-12-13,30,direct_category_weather_holiday_segment,805919635.0,799874853.4428887
2025-11-14,2025-12-14,30,direct_category_weather_holiday_segment,775261923.0,805155599.2535535
2025-11-15,2025-12-15,30,direct_category_weather_holiday_segment,800205024.0,822270620.0476505
2025-11-16,2025-12-16,30,direct_category_weather_holiday_segment,791223092.0,794361128.2264806
2025-11-17,2025-12-17,30,direct_category_weather_holiday_segment,797873177.0,792658943.818446
2025-11-18,2025-12-18,30,direct_category_weather_holiday_segment,807913091.0,802820525.4640017
2025-11-19,2025-12-19,30,direct_category_weather_holiday_segment,813412227.0,784318078.8387535
2025-11-20,2025-12-20,30,direct_category_weather_holiday_segment,800554656.0,751214347.6800083
2025-11-21,2025-12-21,30,direct_category_weather_holiday_segment,775722494.0,751177381.5394868
2025-11-22,2025-12-22,30,direct_category_weather_holiday_segment,800416947.0,782176110.1366469
2025-11-23,2025-12-23,30,direct_category_weather_holiday_segment,805434213.0,771977871.2644621
2025-11-24,2025-12-24,30,direct_category_weather_holiday_segment,803732375.0,771144413.8771584
2025-11-25,2025-12-25,30,direct_category_weather_holiday_segment,824337857.0,795532627.6220489
2025-11-26,2025-12-26,30,direct_category_weather_holiday_segment,812520530.0,809555662.9047502
2025-11-27,2025-12-27,30,direct_category_weather_holiday_segment,813024286.0,781625719.4441028
2025-11-28,2025-12-28,30,direct_category_weather_holiday_segment,798511867.0,760375685.4109875
2025-11-29,2025-12-29,30,direct_category_weather_holiday_segment,801303829.0,793792399.4719664
2025-11-30,2025-12-30,30,direct_category_weather_holiday_segment,799723069.0,788385342.683299
2025-12-01,2025-12-31,30,direct_category_weather_holiday_segment,783373686.0,798779013.5741599
2025-12-02,2026-01-01,30,direct_category_weather_holiday_segment,707758012.0,719705575.7153295
2025-12-03,2026-01-02,30,direct_category_weather_holiday_segment,741910307.0,731994373.4715092
2025-12-04,2026-01-03,30,direct_category_weather_holiday_segment,801935633.0,774957131.7689682
2025-12-05,2026-01-04,30,direct_category_weather_holiday_segment,820839320.0,773928253.3533229
2025-12-06,2026-01-05,30,direct_category_weather_holiday_segment,819629944.0,801778400.1095841
2025-12-07,2026-01-06,30,direct_category_weather_holiday_segment,848208043.0,823903032.1704452
2025-12-08,2026-01-07,30,direct_category_weather_holiday_segment,836618404.0,809726523.7168683
2025-12-09,2026-01-08,30,direct_category_weather_holiday_segment,845715705.0,793079040.028623
2025-12-10,2026-01-09,30,direct_category_weather_holiday_segment,845779172.0,786577193.2524716
