cutoff,date,horizon,model,actual,prediction,error,abs_error,ape
2025-04-01,2025-04-01,1,naive_yesterday,778980626.0,805459869.0,-26479243.0,26479243.0,0.033992171456135804
2025-04-01,2025-04-02,2,naive_yesterday,778588924.0,805459869.0,-26870945.0,26870945.0,0.034512364832973146
2025-04-01,2025-04-03,3,naive_yesterday,771461596.0,805459869.0,-33998273.0,33998273.0,0.04406994875218649
2025-04-01,2025-04-04,4,naive_yesterday,691329721.0,805459869.0,-114130148.0,114130148.0,0.1650878655049173
2025-04-01,2025-04-05,5,naive_yesterday,730112374.0,805459869.0,-75347495.0,75347495.0,0.10319986029986118
2025-04-01,2025-04-06,6,naive_yesterday,753299399.0,805459869.0,-52160470.0,52160470.0,0.06924268102329921
2025-04-01,2025-04-07,7,naive_yesterday,763153819.0,805459869.0,-42306050.0,42306050.0,0.055435809854736506
2025-04-01,2025-04-08,8,naive_yesterday,788563682.0,805459869.0,-16896187.0,16896187.0,0.021426534578852185
2025-04-01,2025-04-09,9,naive_yesterday,784699240.0,805459869.0,-20760629.0,20760629.0,0.026456797638799802
2025-04-01,2025-04-10,10,naive_yesterday,787071092.0,805459869.0,-18388777.0,18388777.0,0.023363552780566357
2025-04-01,2025-04-11,11,naive_yesterday,789843242.0,805459869.0,-15616627.0,15616627.0,0.01977180555531043
2025-04-01,2025-04-12,12,naive_yesterday,790998549.0,805459869.0,-14461320.0,14461320.0,0.018282359706326086
2025-04-01,2025-04-13,13,naive_yesterday,746986569.0,805459869.0,-58473300.0,58473300.0,0.07827891748880962
2025-04-01,2025-04-14,14,naive_yesterday,763397006.0,805459869.0,-42062863.0,42062863.0,0.0550995912603828
2025-04-01,2025-04-15,15,naive_yesterday,773084799.0,805459869.0,-32375070.0,32375070.0,0.041877773359245675
2025-04-01,2025-04-16,16,naive_yesterday,769938451.0,805459869.0,-35521418.0,35521418.0,0.04613539946454759
2025-04-01,2025-04-17,17,naive_yesterday,786585956.0,805459869.0,-18873913.0,18873913.0,0.02399472410615986
2025-04-01,2025-04-18,18,naive_yesterday,804671858.0,805459869.0,-788011.0,788011.0,0.000979294841947859
2025-04-01,2025-04-19,19,naive_yesterday,805623645.0,805459869.0,163776.0,163776.0,0.00020329095479813033
2025-04-01,2025-04-20,20,naive_yesterday,790681781.0,805459869.0,-14778088.0,14778088.0,0.01869031050811578
2025-04-01,2025-04-21,21,naive_yesterday,810724363.0,805459869.0,5264494.0,5264494.0,0.006493568270872353
2025-04-01,2025-04-22,22,naive_yesterday,828026944.0,805459869.0,22567075.0,22567075.0,0.02725403462233229
2025-04-01,2025-04-23,23,naive_yesterday,822216224.0,805459869.0,16756355.0,16756355.0,0.020379499346877397
2025-04-01,2025-04-24,24,naive_yesterday,798671788.0,805459869.0,-6788081.0,6788081.0,0.008499212194534159
2025-04-01,2025-04-25,25,naive_yesterday,777689983.0,805459869.0,-27769886.0,27769886.0,0.03570816984536112
2025-04-01,2025-04-26,26,naive_yesterday,775145053.0,805459869.0,-30314816.0,30314816.0,0.03910857185074495
2025-04-01,2025-04-27,27,naive_yesterday,754767999.0,805459869.0,-50691870.0,50691870.0,0.06716218767510305
2025-04-01,2025-04-28,28,naive_yesterday,775745278.0,805459869.0,-29714591.0,29714591.0,0.03830457218716064
2025-04-01,2025-04-29,29,naive_yesterday,768174962.0,805459869.0,-37284907.0,37284907.0,0.04853699852820769
2025-04-01,2025-04-30,30,naive_yesterday,752598820.0,805459869.0,-52861049.0,52861049.0,0.07023801738089358
2025-04-01,2025-04-01,1,seasonal_week,778980626.0,773528634.0,5451992.0,5451992.0,0.006998880097949959
2025-04-01,2025-04-02,2,seasonal_week,778588924.0,774278439.0,4310485.0,4310485.0,0.005536278345516253
2025-04-01,2025-04-03,3,seasonal_week,771461596.0,782397629.0,-10936033.0,10936033.0,0.014175732216228169
2025-04-01,2025-04-04,4,seasonal_week,691329721.0,788897142.0,-97567421.0,97567421.0,0.14113008313727626
2025-04-01,2025-04-05,5,seasonal_week,730112374.0,788306552.0,-58194178.0,58194178.0,0.0797057823868631
2025-04-01,2025-04-06,6,seasonal_week,753299399.0,786173578.0,-32874179.0,32874179.0,0.04364025650842183
2025-04-01,2025-04-07,7,seasonal_week,763153819.0,805459869.0,-42306050.0,42306050.0,0.055435809854736506
2025-04-01,2025-04-08,8,seasonal_week,788563682.0,773528634.0,15035048.0,15035048.0,0.01906637135743718
2025-04-01,2025-04-09,9,seasonal_week,784699240.0,774278439.0,10420801.0,10420801.0,0.013279993746393841
2025-04-01,2025-04-10,10,seasonal_week,787071092.0,782397629.0,4673463.0,4673463.0,0.00593779017867931
2025-04-01,2025-04-11,11,seasonal_week,789843242.0,788897142.0,946100.0,946100.0,0.0011978326200580444
2025-04-01,2025-04-12,12,seasonal_week,790998549.0,788306552.0,2691997.0,2691997.0,0.00340328942879009
2025-04-01,2025-04-13,13,seasonal_week,746986569.0,786173578.0,-39187009.0,39187009.0,0.052460125290418706
2025-04-01,2025-04-14,14,seasonal_week,763397006.0,805459869.0,-42062863.0,42062863.0,0.0550995912603828
2025-04-01,2025-04-15,15,seasonal_week,773084799.0,773528634.0,-443835.0,443835.0,0.0005741090764869637
2025-04-01,2025-04-16,16,seasonal_week,769938451.0,774278439.0,-4339988.0,4339988.0,0.005636798622491449
2025-04-01,2025-04-17,17,seasonal_week,786585956.0,782397629.0,4188327.0,4188327.0,0.005324690795776171
2025-04-01,2025-04-18,18,seasonal_week,804671858.0,788897142.0,15774716.0,15774716.0,0.019603911635741586
2025-04-01,2025-04-19,19,seasonal_week,805623645.0,788306552.0,17317093.0,17317093.0,0.021495264082026788
2025-04-01,2025-04-20,20,seasonal_week,790681781.0,786173578.0,4508203.0,4508203.0,0.005701665459267741
2025-04-01,2025-04-21,21,seasonal_week,810724363.0,805459869.0,5264494.0,5264494.0,0.006493568270872353
2025-04-01,2025-04-22,22,seasonal_week,828026944.0,773528634.0,54498310.0,54498310.0,0.06581707321833237
2025-04-01,2025-04-23,23,seasonal_week,822216224.0,774278439.0,47937785.0,47937785.0,0.058303136815748356
2025-04-01,2025-04-24,24,seasonal_week,798671788.0,782397629.0,16274159.0,16274159.0,0.0203765291882327
2025-04-01,2025-04-25,25,seasonal_week,777689983.0,788897142.0,-11207159.0,11207159.0,0.014410831108776155
2025-04-01,2025-04-26,26,seasonal_week,775145053.0,788306552.0,-13161499.0,13161499.0,0.01697940140243661
2025-04-01,2025-04-27,27,seasonal_week,754767999.0,786173578.0,-31405579.0,31405579.0,0.04160957942256373
2025-04-01,2025-04-28,28,seasonal_week,775745278.0,805459869.0,-29714591.0,29714591.0,0.03830457218716064
2025-04-01,2025-04-29,29,seasonal_week,768174962.0,773528634.0,-5353672.0,5353672.0,0.006969339362560479
2025-04-01,2025-04-30,30,seasonal_week,752598820.0,774278439.0,-21679619.0,21679619.0,0.02880634200303423
2025-04-01,2025-04-01,1,rolling7,778980626.0,785577406.1428572,-6596780.142857194,6596780.142857194,0.00846847780634944
2025-04-01,2025-04-02,2,rolling7,778588924.0,787298659.3061225,-8709735.306122541,8709735.306122541,0.011186564614066538
2025-04-01,2025-04-03,3,rolling7,771461596.0,789158690.7784258,-17697094.778425813,17697094.778425813,0.022939696376572206
2025-04-01,2025-04-04,4,rolling7,691329721.0,790124556.7467722,-98794835.74677217,98794835.74677217,0.14290552358123218
2025-04-01,2025-04-05,5,rolling7,730112374.0,790299901.7105968,-60187527.7105968,60187527.7105968,0.08243597815066862
2025-04-01,2025-04-06,6,rolling7,753299399.0,790584665.9549677,-37285266.95496774,37285266.95496774,0.049495946770253214
2025-04-01,2025-04-07,7,rolling7,763153819.0,791214821.377106,-28061002.37710595,28061002.37710595,0.036769785695203276
2025-04-01,2025-04-08,8,rolling7,788563682.0,789179814.5738354,-616132.5738353729,616132.5738353729,0.0007813352147701026
2025-04-01,2025-04-09,9,rolling7,784699240.0,789694444.3496895,-4995204.349689484,4995204.349689484,0.006365756579156982
2025-04-01,2025-04-10,10,rolling7,787071092.0,790036699.3559133,-2965607.3559132814,2965607.3559132814,0.0037679027803923988
2025-04-01,2025-04-11,11,rolling7,789843242.0,790162129.1526972,-318887.15269720554,318887.15269720554,0.0004037347358821936
2025-04-01,2025-04-12,12,rolling7,790998549.0,790167496.639258,831052.3607419729,831052.3607419729,0.001050637023029448
2025-04-01,2025-04-13,13,rolling7,746986569.0,790148581.6290667,-43162012.629066706,43162012.629066706,0.057781510967256366
2025-04-01,2025-04-14,14,rolling7,763397006.0,790086283.8682235,-26689277.868223548,26689277.868223548,0.034961203225132305
2025-04-01,2025-04-15,15,rolling7,773084799.0,789925064.2240975,-16840265.22409749,16840265.22409749,0.021783205730963404
2025-04-01,2025-04-16,16,rolling7,769938451.0,790031528.4598492,-20093077.45984924,20093077.45984924,0.02609699182285577
2025-04-01,2025-04-17,17,rolling7,786585956.0,790079683.3327295,-3493727.332729459,3493727.332729459,0.004441634516964932
2025-04-01,2025-04-18,18,rolling7,804671858.0,790085823.9008459,14586034.099154115,14586034.099154115,0.01812668599521734
2025-04-01,2025-04-19,19,rolling7,805623645.0,790074923.1505815,15548721.84941852,15548721.84941852,0.019300230257539824
2025-04-01,2025-04-20,20,rolling7,790681781.0,790061698.3664848,620082.6335152388,620082.6335152388,0.0007842379177258907
2025-04-01,2025-04-21,21,rolling7,810724363.0,790049286.4718302,20675076.52816975,20675076.52816975,0.025501980046169836
2025-04-01,2025-04-22,22,rolling7,828026944.0,790044001.1294883,37982942.87051165,37982942.87051165,0.04587162669734531
2025-04-01,2025-04-23,23,rolling7,822216224.0,790060992.1159726,32155231.884027362,32155231.884027362,0.03910799975168985
2025-04-01,2025-04-24,24,rolling7,798671788.0,790065201.2097046,8606586.790295362,8606586.790295362,0.010776124710561785
2025-04-01,2025-04-25,25,rolling7,777689983.0,790063132.3349868,-12373149.334986806,12373149.334986806,0.015910130778920943
2025-04-01,2025-04-26,26,rolling7,775145053.0,790059890.6827213,-14914837.682721257,14914837.682721257,0.019241350538195666
2025-04-01,2025-04-27,27,rolling7,754767999.0,790057743.1873127,-35289744.18731272,35289744.18731272,0.04675575042141224
2025-04-01,2025-04-28,28,rolling7,775745278.0,790057178.1617167,-14311900.1617167,14311900.1617167,0.018449226270013726
2025-04-01,2025-04-29,29,rolling7,768174962.0,790058305.5459862,-21883343.545986176,21883343.545986176,0.028487447038121734
2025-04-01,2025-04-30,30,rolling7,752598820.0,790060349.0340573,-37461529.03405726,37461529.03405726,0.04977622610949252
2025-04-01,2025-04-01,1,rolling28,778980626.0,778488148.3214285,492477.67857146263,492477.67857146263,0.0006322078651689889
2025-04-01,2025-04-02,2,rolling28,778588924.0,778837837.7257653,-248913.72576534748,248913.72576534748,0.000319698518810868
2025-04-01,2025-04-03,3,rolling28,771461596.0,778894522.680257,-7432926.680256963,7432926.680256963,0.0096348628613484
2025-04-01,2025-04-04,4,rolling28,691329721.0,778332516.5259804,-87002795.52598035,87002795.52598035,0.1258484813876248
2025-04-01,2025-04-05,5,rolling28,730112374.0,777040872.116194,-46928498.11619401,46928498.11619401,0.06427571944725595
2025-04-01,2025-04-06,6,rolling28,753299399.0,776673118.3346294,-23373719.334629416,23373719.334629416,0.031028458758440368
2025-04-01,2025-04-07,7,rolling28,763153819.0,777034866.5608664,-13881047.560866356,13881047.560866356,0.018189056013708235
2025-04-01,2025-04-08,8,rolling28,788563682.0,776969967.4023259,11593714.597674131,11593714.597674131,0.014702318737618621
2025-04-01,2025-04-09,9,rolling28,784699240.0,777010454.9166946,7688785.083305359,7688785.083305359,0.009798384771349287
2025-04-01,2025-04-10,10,rolling28,787071092.0,776991547.5565764,10079544.443423629,10079544.443423629,0.012806396456272883
2025-04-01,2025-04-11,11,rolling28,789843242.0,777298828.1478827,12544413.8521173,12544413.8521173,0.015882156338203245
2025-04-01,2025-04-12,12,rolling28,790998549.0,777129791.86745,13868757.132550001,13868757.132550001,0.017533227020559303
2025-04-01,2025-04-13,13,rolling28,746986569.0,777532644.1841447,-30546075.184144735,30546075.184144735,0.04089240215528525
2025-04-01,2025-04-14,14,rolling28,763397006.0,778665869.9764355,-15268863.976435542,15268863.976435542,0.02000121019132677
2025-04-01,2025-04-15,15,rolling28,773084799.0,778544350.5470226,-5459551.547022581,5459551.547022581,0.007062034532414317
2025-04-01,2025-04-16,16,rolling28,769938451.0,778537328.6022733,-8598877.602273345,8598877.602273345,0.01116826623102805
2025-04-01,2025-04-17,17,rolling28,786585956.0,778534638.2666403,8051317.7333596945,8051317.7333596945,0.010235776105516552
2025-04-01,2025-04-18,18,rolling28,804671858.0,778427086.0261631,26244771.9738369,26244771.9738369,0.032615496258397665
2025-04-01,2025-04-19,19,rolling28,805623645.0,778363719.598526,27259925.401474,27259925.401474,0.033837047324342125
2025-04-01,2025-04-20,20,rolling28,790681781.0,778683300.1199019,11998480.880098104,11998480.880098104,0.015174854370519643
2025-04-01,2025-04-21,21,rolling28,810724363.0,779624728.9456128,31099634.05438721,31099634.05438721,0.038360305269853116
2025-04-01,2025-04-22,22,rolling28,828026944.0,779880642.1936704,48146301.80632961,48146301.80632961,0.05814581536893757
2025-04-01,2025-04-23,23,rolling28,822216224.0,780107499.6291587,42108724.370841265,42108724.370841265,0.05121368703476382
2025-04-01,2025-04-24,24,rolling28,798671788.0,780315680.3659145,18356107.634085536,18356107.634085536,0.02298329289939253
2025-04-01,2025-04-25,25,rolling28,777689983.0,780241325.0575541,-2551342.057554126,2551342.057554126,0.003280667249579484
2025-04-01,2025-04-26,26,rolling28,775145053.0,779932188.738181,-4787135.738180995,4787135.738180995,0.006175793446211925
2025-04-01,2025-04-27,27,rolling28,754767999.0,779633104.335973,-24865105.335973024,24865105.335973024,0.03294403759687356
2025-04-01,2025-04-28,28,rolling28,775745278.0,779399515.9908293,-3654237.9908293486,3654237.9908293486,0.004710615835459005
2025-04-01,2025-04-29,29,rolling28,768174962.0,778468789.0976447,-10293827.097644687,10293827.097644687,0.013400367893850577
2025-04-01,2025-04-30,30,rolling28,752598820.0,778468097.6967953,-25869277.696795344,25869277.696795344,0.03437326369551755
2025-04-01,2025-04-01,1,ridge_recursive,778980626.0,799545135.6452543,-20564509.645254254,20564509.645254254,0.026399256873500542
2025-04-01,2025-04-02,2,ridge_recursive,778588924.0,788778885.4061999,-10189961.406199932,10189961.406199932,0.01308772972758078
2025-04-01,2025-04-03,3,ridge_recursive,771461596.0,785851458.2580968,-14389862.258096814,14389862.258096814,0.018652726633066014
2025-04-01,2025-04-04,4,ridge_recursive,691329721.0,785541767.9036316,-94212046.90363157,94212046.90363157,0.13627657547740749
2025-04-01,2025-04-05,5,ridge_recursive,730112374.0,776379910.380935,-46267536.38093495,46267536.38093495,0.06337043176991129
2025-04-01,2025-04-06,6,ridge_recursive,753299399.0,761835557.3007294,-8536158.300729394,8536158.300729394,0.011331694027714728
2025-04-01,2025-04-07,7,ridge_recursive,763153819.0,774256951.065488,-11103132.06548798,11103132.06548798,0.014549009372759204
2025-04-01,2025-04-08,8,ridge_recursive,788563682.0,774709645.0412077,13854036.958792329,13854036.958792329,0.017568697715896493
2025-04-01,2025-04-09,9,ridge_recursive,784699240.0,767985944.291515,16713295.708485007,16713295.708485007,0.021298982917945745
2025-04-01,2025-04-10,10,ridge_recursive,787071092.0,768123294.7755088,18947797.22449124,18947797.22449124,0.02407380656853198
2025-04-01,2025-04-11,11,ridge_recursive,789843242.0,772130649.3330846,17712592.666915417,17712592.666915417,0.022425453210265508
2025-04-01,2025-04-12,12,ridge_recursive,790998549.0,765401730.9452666,25596818.054733396,25596818.054733396,0.03236013275510243
2025-04-01,2025-04-13,13,ridge_recursive,746986569.0,751539283.7172096,-4552714.717209578,4552714.717209578,0.006094774532966974
2025-04-01,2025-04-14,14,ridge_recursive,763397006.0,763697665.4130669,-300659.413066864,300659.413066864,0.0003938441082474772
2025-04-01,2025-04-15,15,ridge_recursive,773084799.0,765594431.5551316,7490367.444868445,7490367.444868445,0.009688933807206375
2025-04-01,2025-04-16,16,ridge_recursive,769938451.0,760704416.8838451,9234034.11615491,9234034.11615491,0.011993210761407875
2025-04-01,2025-04-17,17,ridge_recursive,786585956.0,762839884.7395662,23746071.260433793,23746071.260433793,0.030188781123412015
2025-04-01,2025-04-18,18,ridge_recursive,804671858.0,768638904.4511541,36032953.54884589,36032953.54884589,0.04477968651520293
2025-04-01,2025-04-19,19,ridge_recursive,805623645.0,763362697.3945358,42260947.60546422,42260947.60546422,0.05245743203759148
2025-04-01,2025-04-20,20,ridge_recursive,790681781.0,751276482.4969555,39405298.503044486,39405298.503044486,0.04983711456359519
2025-04-01,2025-04-21,21,ridge_recursive,810724363.0,765568440.848,45155922.15199995,45155922.15199995,0.0556982424765246
2025-04-01,2025-04-22,22,ridge_recursive,828026944.0,768743745.8897202,59283198.1102798,59283198.1102798,0.07159573554925261
2025-04-01,2025-04-23,23,ridge_recursive,822216224.0,764889718.1849627,57326505.81503725,57326505.81503725,0.06972193462219647
2025-04-01,2025-04-24,24,ridge_recursive,798671788.0,767631416.9943988,31040371.005601168,31040371.005601168,0.0388649899395234
2025-04-01,2025-04-25,25,ridge_recursive,777689983.0,774013157.5066041,3676825.4933959246,3676825.4933959246,0.004727880741387825
2025-04-01,2025-04-26,26,ridge_recursive,775145053.0,769294763.1699878,5850289.830012202,5850289.830012202,0.0075473484702897305
2025-04-01,2025-04-27,27,ridge_recursive,754767999.0,757938887.9297293,-3170888.9297293425,3170888.9297293425,0.004201143840134302
2025-04-01,2025-04-28,28,ridge_recursive,775745278.0,773219530.9959836,2525747.0040163994,2525747.0040163994,0.0032558973617321835
2025-04-01,2025-04-29,29,ridge_recursive,768174962.0,777124542.292887,-8949580.292886972,8949580.292886972,0.011650445192311504
2025-04-01,2025-04-30,30,ridge_recursive,752598820.0,773509285.0520949,-20910465.052094936,20910465.052094936,0.027784344721793395
2025-06-01,2025-06-01,1,naive_yesterday,723476848.0,670465567.0,53011281.0,53011281.0,0.07327294736043855
2025-06-01,2025-06-02,2,naive_yesterday,849071563.0,670465567.0,178605996.0,178605996.0,0.21035446690610696
2025-06-01,2025-06-03,3,naive_yesterday,847089200.0,670465567.0,176623633.0,176623633.0,0.2085065339045758
2025-06-01,2025-06-04,4,naive_yesterday,803949393.0,670465567.0,133483826.0,133483826.0,0.16603511012290795
2025-06-01,2025-06-05,5,naive_yesterday,817736151.0,670465567.0,147270584.0,147270584.0,0.18009547923239608
2025-06-01,2025-06-06,6,naive_yesterday,835291230.0,670465567.0,164825663.0,164825663.0,0.19732718012614595
2025-06-01,2025-06-07,7,naive_yesterday,875680687.0,670465567.0,205215120.0,205215120.0,0.23434925886403613
2025-06-01,2025-06-08,8,naive_yesterday,890636767.0,670465567.0,220171200.0,220171200.0,0.24720650231139626
2025-06-01,2025-06-09,9,naive_yesterday,923447588.0,670465567.0,252982021.0,252982021.0,0.27395384891080576
2025-06-01,2025-06-10,10,naive_yesterday,939969506.0,670465567.0,269503939.0,269503939.0,0.2867156192618019
2025-06-01,2025-06-11,11,naive_yesterday,937459336.0,670465567.0,266993769.0,266993769.0,0.28480570702855534
2025-06-01,2025-06-12,12,naive_yesterday,965428296.0,670465567.0,294962729.0,294962729.0,0.3055252577763683
2025-06-01,2025-06-13,13,naive_yesterday,957465611.0,670465567.0,287000044.0,287000044.0,0.2997497149795806
2025-06-01,2025-06-14,14,naive_yesterday,911419852.0,670465567.0,240954285.0,240954285.0,0.26437243436299435
2025-06-01,2025-06-15,15,naive_yesterday,881852218.0,670465567.0,211386651.0,211386651.0,0.23970756855317
2025-06-01,2025-06-16,16,naive_yesterday,903488797.0,670465567.0,233023230.0,233023230.0,0.25791490804727707
2025-06-01,2025-06-17,17,naive_yesterday,869204921.0,670465567.0,198739354.0,198739354.0,0.22864499406118755
2025-06-01,2025-06-18,18,naive_yesterday,898896044.0,670465567.0,228430477.0,228430477.0,0.25412335333405917
2025-06-01,2025-06-19,19,naive_yesterday,909065742.0,670465567.0,238600175.0,238600175.0,0.2624674585966303
2025-06-01,2025-06-20,20,naive_yesterday,914483647.0,670465567.0,244018080.0,244018080.0,0.2668370077480456
2025-06-01,2025-06-21,21,naive_yesterday,918974499.0,670465567.0,248508932.0,248508932.0,0.27041983457693314
2025-06-01,2025-06-22,22,naive_yesterday,912174977.0,670465567.0,241709410.0,241709410.0,0.2649814082764518
2025-06-01,2025-06-23,23,naive_yesterday,961528145.0,670465567.0,291062578.0,291062578.0,0.3027083289382028
2025-06-01,2025-06-24,24,naive_yesterday,972791102.0,670465567.0,302325535.0,302325535.0,0.31078155873181496
2025-06-01,2025-06-25,25,naive_yesterday,985104531.0,670465567.0,314638964.0,314638964.0,0.31939652503740235
2025-06-01,2025-06-26,26,naive_yesterday,989655769.0,670465567.0,319190202.0,319190202.0,0.32252649052157445
2025-06-01,2025-06-27,27,naive_yesterday,1010176709.0,670465567.0,339711142.0,339711142.0,0.3362888284528841
2025-06-01,2025-06-28,28,naive_yesterday,977471577.0,670465567.0,307006010.0,307006010.0,0.3140817771318173
2025-06-01,2025-06-29,29,naive_yesterday,947870659.0,670465567.0,277405092.0,277405092.0,0.29266133450386717
2025-06-01,2025-06-30,30,naive_yesterday,969130501.0,670465567.0,298664934.0,298664934.0,0.3081782419311143
2025-06-01,2025-06-01,1,seasonal_week,723476848.0,784527037.0,-61050189.0,61050189.0,0.08438444045413324
2025-06-01,2025-06-02,2,seasonal_week,849071563.0,780126218.0,68945345.0,68945345.0,0.08120086457306072
2025-06-01,2025-06-03,3,seasonal_week,847089200.0,783541067.0,63548133.0,63548133.0,0.07501941117889356
2025-06-01,2025-06-04,4,seasonal_week,803949393.0,798579206.0,5370187.0,5370187.0,0.006679757515533071
2025-06-01,2025-06-05,5,seasonal_week,817736151.0,786954807.0,30781344.0,30781344.0,0.03764214650698499
2025-06-01,2025-06-06,6,seasonal_week,835291230.0,757656644.0,77634586.0,77634586.0,0.09294313553369883
2025-06-01,2025-06-07,7,seasonal_week,875680687.0,670465567.0,205215120.0,205215120.0,0.23434925886403613
2025-06-01,2025-06-08,8,seasonal_week,890636767.0,784527037.0,106109730.0,106109730.0,0.1191391753985382
2025-06-01,2025-06-09,9,seasonal_week,923447588.0,780126218.0,143321370.0,143321370.0,0.1552024953689088
2025-06-01,2025-06-10,10,seasonal_week,939969506.0,783541067.0,156428439.0,156428439.0,0.16641863166995122
2025-06-01,2025-06-11,11,seasonal_week,937459336.0,798579206.0,138880130.0,138880130.0,0.14814523112285694
2025-06-01,2025-06-12,12,seasonal_week,965428296.0,786954807.0,178473489.0,178473489.0,0.18486457227269834
2025-06-01,2025-06-13,13,seasonal_week,957465611.0,757656644.0,199808967.0,199808967.0,0.20868526733959117
2025-06-01,2025-06-14,14,seasonal_week,911419852.0,670465567.0,240954285.0,240954285.0,0.26437243436299435
2025-06-01,2025-06-15,15,seasonal_week,881852218.0,784527037.0,97325181.0,97325181.0,0.11036450213929155
2025-06-01,2025-06-16,16,seasonal_week,903488797.0,780126218.0,123362579.0,123362579.0,0.13654024201475518
2025-06-01,2025-06-17,17,seasonal_week,869204921.0,783541067.0,85663854.0,85663854.0,0.09855426715882572
2025-06-01,2025-06-18,18,seasonal_week,898896044.0,798579206.0,100316838.0,100316838.0,0.11160004393122015
2025-06-01,2025-06-19,19,seasonal_week,909065742.0,786954807.0,122110935.0,122110935.0,0.13432574714711887
2025-06-01,2025-06-20,20,seasonal_week,914483647.0,757656644.0,156827003.0,156827003.0,0.17149240832734103
2025-06-01,2025-06-21,21,seasonal_week,918974499.0,670465567.0,248508932.0,248508932.0,0.27041983457693314
2025-06-01,2025-06-22,22,seasonal_week,912174977.0,784527037.0,127647940.0,127647940.0,0.13993799788261457
2025-06-01,2025-06-23,23,seasonal_week,961528145.0,780126218.0,181401927.0,181401927.0,0.18866002825117512
2025-06-01,2025-06-24,24,seasonal_week,972791102.0,783541067.0,189250035.0,189250035.0,0.19454334503154203
2025-06-01,2025-06-25,25,seasonal_week,985104531.0,798579206.0,186525325.0,186525325.0,0.18934571827687594
2025-06-01,2025-06-26,26,seasonal_week,989655769.0,786954807.0,202700962.0,202700962.0,0.20481966391689876
2025-06-01,2025-06-27,27,seasonal_week,1010176709.0,757656644.0,252520065.0,252520065.0,0.24997613066131383
2025-06-01,2025-06-28,28,seasonal_week,977471577.0,670465567.0,307006010.0,307006010.0,0.3140817771318173
2025-06-01,2025-06-29,29,seasonal_week,947870659.0,784527037.0,163343622.0,163343622.0,0.172326910268883
2025-06-01,2025-06-30,30,seasonal_week,969130501.0,780126218.0,189004283.0,189004283.0,0.19502459452568607
2025-06-01,2025-06-01,1,rolling7,723476848.0,765978649.4285715,-42501801.42857146,42501801.42857146,0.05874659506529428
2025-06-01,2025-06-02,2,rolling7,849071563.0,763328879.7755102,85742683.22448981,85742683.22448981,0.10098404770681245
2025-06-01,2025-06-03,3,rolling7,847089200.0,760929260.0291545,86159939.97084546,86159939.97084546,0.1017129482595758
2025-06-01,2025-06-04,4,rolling7,803949393.0,757699001.8904623,46250391.10953772,46250391.10953772,0.057528983182574184
2025-06-01,2025-06-05,5,rolling7,817736151.0,751858972.7319568,65877178.26804316,65877178.26804316,0.08056043283335673
2025-06-01,2025-06-06,6,rolling7,835291230.0,746845282.1222364,88445947.87776363,88445947.87776363,0.10588635999178829
2025-06-01,2025-06-07,7,rolling7,875680687.0,745300801.8539846,130379885.1460154,130379885.1460154,0.14888975751273523
2025-06-01,2025-06-08,8,rolling7,890636767.0,755991549.6902682,134645217.30973184,134645217.30973184,0.15117859749184578
2025-06-01,2025-06-09,9,rolling7,923447588.0,754564821.1562248,168882766.84377515,168882766.84377515,0.18288289345098724
2025-06-01,2025-06-10,10,rolling7,939969506.0,753312812.7820412,186656693.2179588,186656693.2179588,0.19857739216697398
2025-06-01,2025-06-11,11,rolling7,937459336.0,752224748.8895963,185234587.11040366,185234587.11040366,0.19759213012990215
2025-06-01,2025-06-12,12,rolling7,965428296.0,751442712.7466154,213985583.2533846,213985583.2533846,0.22164834420119855
2025-06-01,2025-06-13,13,rolling7,957465611.0,751383247.0344238,206082363.96557617,206082363.96557617,0.21523735327719898
2025-06-01,2025-06-14,14,rolling7,911419852.0,752031527.7361649,159388324.26383507,159388324.26383507,0.1748791447915873
2025-06-01,2025-06-15,15,rolling7,881852218.0,752993060.0050478,128859157.9949522,128859157.9949522,0.14612330202808677
2025-06-01,2025-06-16,16,rolling7,903488797.0,752564704.3357306,150924092.66426945,150924092.66426945,0.1670458927276211
2025-06-01,2025-06-17,17,rolling7,869204921.0,752278973.3613743,116925947.63862574,116925947.63862574,0.13452057715470037
2025-06-01,2025-06-18,18,rolling7,898896044.0,752131282.0155648,146764761.9844352,146764761.9844352,0.16327223038088617
2025-06-01,2025-06-19,19,rolling7,909065742.0,752117929.6049888,156947812.3950112,156947812.3950112,0.17264737316986167
2025-06-01,2025-06-20,20,rolling7,914483647.0,752214389.156185,162269257.84381497,162269257.84381497,0.17744358619877537
2025-06-01,2025-06-21,21,rolling7,918974499.0,752333123.7450081,166641375.2549919,166641375.2549919,0.18133405816627768
2025-06-01,2025-06-22,22,rolling7,912174977.0,752376208.8891286,159798768.11087143,159798768.11087143,0.17518433649257123
2025-06-01,2025-06-23,23,rolling7,961528145.0,752288087.3011401,209240057.69885993,209240057.69885993,0.21761199480942903
2025-06-01,2025-06-24,24,rolling7,972791102.0,752248570.5819128,220542531.41808724,220542531.41808724,0.22671109035091405
2025-06-01,2025-06-25,25,rolling7,985104531.0,752244227.3277041,232860303.67229593,232860303.67229593,0.23638131421029462
2025-06-01,2025-06-26,26,rolling7,989655769.0,752260362.3722954,237395406.62770462,237395406.62770462,0.23987674711135304
2025-06-01,2025-06-27,27,rolling7,1010176709.0,752280709.9104822,257895999.08951783,257895999.08951783,0.2552979065858841
2025-06-01,2025-06-28,28,rolling7,977471577.0,752290184.3039532,225181392.69604683,225181392.69604683,0.2303712946694171
2025-06-01,2025-06-29,29,rolling7,947870659.0,752284050.098088,195586608.90191197,195586608.90191197,0.20634314085452873
2025-06-01,2025-06-30,30,rolling7,969130501.0,752270884.5565108,216859616.4434892,216859616.4434892,0.22376719773004977
2025-06-01,2025-06-01,1,rolling28,723476848.0,817811447.1071428,-94334599.1071428,94334599.1071428,0.13039062599988382
2025-06-01,2025-06-02,2,rolling28,849071563.0,819597611.3252552,29473951.674744844,29473951.674744844,0.034713153707097884
2025-06-01,2025-06-03,3,rolling28,847089200.0,821045262.4797286,26043937.52027142,26043937.52027142,0.030745212570614074
2025-06-01,2025-06-04,4,rolling28,803949393.0,820844392.5682904,-16894999.568290353,16894999.568290353,0.021015003824115523
2025-06-01,2025-06-05,5,rolling28,817736151.0,820904657.4457293,-3168506.4457292557,3168506.4457292557,0.00387472957121258
2025-06-01,2025-06-06,6,rolling28,835291230.0,821675939.9259338,13615290.074066162,13615290.074066162,0.016300051509060096
2025-06-01,2025-06-07,7,rolling28,875680687.0,821379221.8518599,54301465.14814007,54301465.14814007,0.062010577547589645
2025-06-01,2025-06-08,8,rolling28,890636767.0,821309259.4537122,69327507.54628778,69327507.54628778,0.07784038354918686
2025-06-01,2025-06-09,9,rolling28,923447588.0,823361983.1484874,100085604.85151255,100085604.85151255,0.10838255051191119
2025-06-01,2025-06-10,10,rolling28,939969506.0,825380351.7609336,114589154.23906636,114589154.23906636,0.12190731029849639
2025-06-01,2025-06-11,11,rolling28,937459336.0,826808117.573824,110651218.42617595,110651218.42617595,0.11803308599849066
2025-06-01,2025-06-12,12,rolling28,965428296.0,827454058.4514607,137974237.54853928,137974237.54853928,0.14291505451021014
2025-06-01,2025-06-13,13,rolling28,957465611.0,827232715.3604414,130232895.63955855,130232895.63955855,0.1360183531850718
2025-06-01,2025-06-14,14,rolling28,911419852.0,826008382.3733145,85411469.6266855,85411469.6266855,0.09371254031746228
2025-06-01,2025-06-15,15,rolling28,881852218.0,824284419.2437899,57567798.75621009,57567798.75621009,0.0652805510732526
2025-06-01,2025-06-16,16,rolling28,903488797.0,822911283.6096395,80577513.39036047,80577513.39036047,0.08918485061233192
2025-06-01,2025-06-17,17,rolling28,869204921.0,821379908.7028408,47825012.297159195,47825012.297159195,0.05502156182242691
2025-06-01,2025-06-18,18,rolling28,898896044.0,819362450.0136566,79533593.98634338,79533593.98634338,0.08847919013240577
2025-06-01,2025-06-19,19,rolling28,909065742.0,816497801.72843,92567940.27156997,92567940.27156997,0.10182755327234624
2025-06-01,2025-06-20,20,rolling28,914483647.0,812830499.3973026,101653147.60269737,101653147.60269737,0.11115906548594343
2025-06-01,2025-06-21,21,rolling28,918974499.0,808991701.5186348,109982797.4813652,109982797.4813652,0.11967992321989906
2025-06-01,2025-06-22,22,rolling28,912174977.0,807461500.3943003,104713476.60569966,104713476.60569966,0.11479538383094635
2025-06-01,2025-06-23,23,rolling28,961528145.0,808280588.3726681,153247556.62733185,153247556.62733185,0.15937916890340412
2025-06-01,2025-06-24,24,rolling28,972791102.0,809286101.6002635,163505000.39973652,163505000.39973652,0.16807822364285618
2025-06-01,2025-06-25,25,rolling28,985104531.0,810205567.1217014,174898963.87829864,174898963.87829864,0.17754355844933034
2025-06-01,2025-06-26,26,rolling28,989655769.0,810620794.3046192,179034974.6953808,179034974.6953808,0.1809063113695453
2025-06-01,2025-06-27,27,rolling28,1010176709.0,811466008.136927,198710700.863073,198710700.863073,0.19670885211735067
2025-06-01,2025-06-28,28,rolling28,977471577.0,813387771.1418175,164083805.85818255,164083805.85818255,0.16786555202124567
2025-06-01,2025-06-29,29,rolling28,947870659.0,818492135.5754538,129378523.42454624,129378523.42454624,0.1364938583087276
2025-06-01,2025-06-30,30,rolling28,969130501.0,818516445.8778936,150614055.12210643,150614055.12210643,0.15541153122999937
2025-06-01,2025-06-01,1,ridge_recursive,723476848.0,673720705.9028901,49756142.097109914,49756142.097109914,0.06877364802295638
2025-06-01,2025-06-02,2,ridge_recursive,849071563.0,699560139.5607864,149511423.43921363,149511423.43921363,0.1760881296164828
2025-06-01,2025-06-03,3,ridge_recursive,847089200.0,714654920.6797675,132434279.32023251,132434279.32023251,0.156340417656408
2025-06-01,2025-06-04,4,ridge_recursive,803949393.0,718101413.5811168,85847979.4188832,85847979.4188832,0.10678281514528515
2025-06-01,2025-06-05,5,ridge_recursive,817736151.0,723171579.0965463,94564571.90345371,94564571.90345371,0.11564191186584058
2025-06-01,2025-06-06,6,ridge_recursive,835291230.0,730151865.2547766,105139364.7452234,105139364.7452234,0.12587150561274707
2025-06-01,2025-06-07,7,ridge_recursive,875680687.0,730411676.2718824,145269010.7281176,145269010.7281176,0.16589267399032814
2025-06-01,2025-06-08,8,ridge_recursive,890636767.0,725435348.1239337,165201418.87606633,165201418.87606633,0.18548686175681575
2025-06-01,2025-06-09,9,ridge_recursive,923447588.0,747536456.8440623,175911131.15593767,175911131.15593767,0.19049389856215387
2025-06-01,2025-06-10,10,ridge_recursive,939969506.0,756860914.5455254,183108591.45447457,183108591.45447457,0.19480269337000658
2025-06-01,2025-06-11,11,ridge_recursive,937459336.0,761302629.1844213,176156706.8155787,176156706.8155787,0.18790863779458772
2025-06-01,2025-06-12,12,ridge_recursive,965428296.0,771484715.1359837,193943580.8640163,193943580.8640163,0.20088864358706998
2025-06-01,2025-06-13,13,ridge_recursive,957465611.0,785782260.8940693,171683350.1059307,171683350.1059307,0.17931019990015148
2025-06-01,2025-06-14,14,ridge_recursive,911419852.0,792493429.4176474,118926422.58235264,118926422.58235264,0.13048478406673178
2025-06-01,2025-06-15,15,ridge_recursive,881852218.0,789767535.0274042,92084682.97259581,92084682.97259581,0.10442189869572434
2025-06-01,2025-06-16,16,ridge_recursive,903488797.0,811842748.8302262,91646048.16977382,91646048.16977382,0.10143573276622911
2025-06-01,2025-06-17,17,ridge_recursive,869204921.0,823965949.692874,45238971.307126045,45238971.307126045,0.0520463819453296
2025-06-01,2025-06-18,18,ridge_recursive,898896044.0,827594725.86436,71301318.13564003,71301318.13564003,0.07932098334570045
2025-06-01,2025-06-19,19,ridge_recursive,909065742.0,835829220.9882618,73236521.01173818,73236521.01173818,0.08056240338637487
2025-06-01,2025-06-20,20,ridge_recursive,914483647.0,848714898.7728248,65768748.227175236,65768748.227175236,0.071918998708104
2025-06-01,2025-06-21,21,ridge_recursive,918974499.0,852885293.6169372,66089205.38306284,66089205.38306284,0.07191625606040113
2025-06-01,2025-06-22,22,ridge_recursive,912174977.0,849662096.0714699,62512880.9285301,62512880.9285301,0.06853167704087337
2025-06-01,2025-06-23,23,ridge_recursive,961528145.0,872558130.0157219,88970014.98427808,88970014.98427808,0.092529808354469
2025-06-01,2025-06-24,24,ridge_recursive,972791102.0,884955578.4121679,87835523.5878321,87835523.5878321,0.09029227694131611
2025-06-01,2025-06-25,25,ridge_recursive,985104531.0,888696367.4870919,96408163.5129081,96408163.5129081,0.0978659223250574
2025-06-01,2025-06-26,26,ridge_recursive,989655769.0,896051458.5876559,93604310.4123441,93604310.4123441,0.09458269566490457
2025-06-01,2025-06-27,27,ridge_recursive,1010176709.0,906900411.7440938,103276297.25590622,103276297.25590622,0.10223587253178912
2025-06-01,2025-06-28,28,ridge_recursive,977471577.0,908226975.9279314,69244601.07206857,69244601.07206857,0.07084052641672728
2025-06-01,2025-06-29,29,ridge_recursive,947870659.0,900075506.7160791,47795152.283920884,47795152.283920884,0.05042370689514178
2025-06-01,2025-06-30,30,ridge_recursive,969130501.0,917064002.0930116,52066498.90698838,52066498.90698838,0.05372496155395318
2025-08-01,2025-08-01,1,naive_yesterday,955778635.0,971204607.0,-15425972.0,15425972.0,0.016139691174410904
2025-08-01,2025-08-02,2,naive_yesterday,942052095.0,971204607.0,-29152512.0,29152512.0,0.030945753589136704
2025-08-01,2025-08-03,3,naive_yesterday,912749309.0,971204607.0,-58455298.0,58455298.0,0.06404310298962933
2025-08-01,2025-08-04,4,naive_yesterday,938335989.0,971204607.0,-32868618.0,32868618.0,0.03502862341987823
2025-08-01,2025-08-05,5,naive_yesterday,921188858.0,971204607.0,-50015749.0,50015749.0,0.054294782840284855
2025-08-01,2025-08-06,6,naive_yesterday,944830985.0,971204607.0,-26373622.0,26373622.0,0.0279135871057404
2025-08-01,2025-08-07,7,naive_yesterday,972611930.0,971204607.0,1407323.0,1407323.0,0.0014469522289326639
2025-08-01,2025-08-08,8,naive_yesterday,1002080258.0,971204607.0,30875651.0,30875651.0,0.03081155501618514
2025-08-01,2025-08-09,9,naive_yesterday,995738380.0,971204607.0,24533773.0,24533773.0,0.024638774092447857
2025-08-01,2025-08-10,10,naive_yesterday,972585910.0,971204607.0,1381303.0,1381303.0,0.0014202375191719567
2025-08-01,2025-08-11,11,naive_yesterday,1010182487.0,971204607.0,38977880.0,38977880.0,0.03858498885261312
2025-08-01,2025-08-12,12,naive_yesterday,1011739628.0,971204607.0,40535021.0,40535021.0,0.040064676600766694
2025-08-01,2025-08-13,13,naive_yesterday,1005693539.0,971204607.0,34488932.0,34488932.0,0.03429367959775667
2025-08-01,2025-08-14,14,naive_yesterday,962591091.0,971204607.0,-8613516.0,8613516.0,0.008948260669077812
2025-08-01,2025-08-15,15,naive_yesterday,974896014.0,971204607.0,3691407.0,3691407.0,0.003786462296480371
2025-08-01,2025-08-16,16,naive_yesterday,957904446.0,971204607.0,-13300161.0,13300161.0,0.013884642727715245
2025-08-01,2025-08-17,17,naive_yesterday,938738474.0,971204607.0,-32466133.0,32466133.0,0.034584853928123965
2025-08-01,2025-08-18,18,naive_yesterday,973263576.0,971204607.0,2058969.0,2058969.0,0.0021155307264884224
2025-08-01,2025-08-19,19,naive_yesterday,992963023.0,971204607.0,21758416.0,21758416.0,0.02191261456470167
2025-08-01,2025-08-20,20,naive_yesterday,970066538.0,971204607.0,-1138069.0,1138069.0,0.0011731865345508909
2025-08-01,2025-08-21,21,naive_yesterday,940901211.0,971204607.0,-30303396.0,30303396.0,0.03220677755084747
2025-08-01,2025-08-22,22,naive_yesterday,956896247.0,971204607.0,-14308360.0,14308360.0,0.014952885482473838
2025-08-01,2025-08-23,23,naive_yesterday,985160599.0,971204607.0,13955992.0,13955992.0,0.01416621007190727
2025-08-01,2025-08-24,24,naive_yesterday,978669698.0,971204607.0,7465091.0,7465091.0,0.007627794152874651
2025-08-01,2025-08-25,25,naive_yesterday,1011693989.0,971204607.0,40489382.0,40489382.0,0.04002137251010197
2025-08-01,2025-08-26,26,naive_yesterday,1010328876.0,971204607.0,39124269.0,39124269.0,0.038724290604161646
2025-08-01,2025-08-27,27,naive_yesterday,983966624.0,971204607.0,12762017.0,12762017.0,0.012969969396035124
2025-08-01,2025-08-28,28,naive_yesterday,1001894053.0,971204607.0,30689446.0,30689446.0,0.030631428451048007
2025-08-01,2025-08-29,29,naive_yesterday,1010018069.0,971204607.0,38813462.0,38813462.0,0.038428482807667474
2025-08-01,2025-08-30,30,naive_yesterday,994376010.0,971204607.0,23171403.0,23171403.0,0.023302455778272446
2025-08-01,2025-08-01,1,seasonal_week,955778635.0,967824502.0,-12045867.0,12045867.0,0.012603197601293943
2025-08-01,2025-08-02,2,seasonal_week,942052095.0,946943769.0,-4891674.0,4891674.0,0.005192572710111111
2025-08-01,2025-08-03,3,seasonal_week,912749309.0,915795407.0,-3046098.0,3046098.0,0.003337277793545829
2025-08-01,2025-08-04,4,seasonal_week,938335989.0,939501671.0,-1165682.0,1165682.0,0.0012422863597529562
2025-08-01,2025-08-05,5,seasonal_week,921188858.0,943001107.0,-21812249.0,21812249.0,0.023678368241835595
2025-08-01,2025-08-06,6,seasonal_week,944830985.0,975051300.0,-30220315.0,30220315.0,0.031984889868953655
2025-08-01,2025-08-07,7,seasonal_week,972611930.0,971204607.0,1407323.0,1407323.0,0.0014469522289326639
2025-08-01,2025-08-08,8,seasonal_week,1002080258.0,967824502.0,34255756.0,34255756.0,0.034184643122666926
2025-08-01,2025-08-09,9,seasonal_week,995738380.0,946943769.0,48794611.0,48794611.0,0.04900344506154317
2025-08-01,2025-08-10,10,seasonal_week,972585910.0,915795407.0,56790503.0,56790503.0,0.058391245869478
2025-08-01,2025-08-11,11,seasonal_week,1010182487.0,939501671.0,70680816.0,70680816.0,0.0699683640427237
2025-08-01,2025-08-12,12,seasonal_week,1011739628.0,943001107.0,68738521.0,68738521.0,0.06794091987469329
2025-08-01,2025-08-13,13,seasonal_week,1005693539.0,975051300.0,30642239.0,30642239.0,0.030468763904428344
2025-08-01,2025-08-14,14,seasonal_week,962591091.0,971204607.0,-8613516.0,8613516.0,0.008948260669077812
2025-08-01,2025-08-15,15,seasonal_week,974896014.0,967824502.0,7071512.0,7071512.0,0.007253606434378139
2025-08-01,2025-08-16,16,seasonal_week,957904446.0,946943769.0,10960677.0,10960677.0,0.011442349021104763
2025-08-01,2025-08-17,17,seasonal_week,938738474.0,915795407.0,22943067.0,22943067.0,0.024440318188130424
2025-08-01,2025-08-18,18,seasonal_week,973263576.0,939501671.0,33761905.0,33761905.0,0.034689374833852815
2025-08-01,2025-08-19,19,seasonal_week,992963023.0,943001107.0,49961916.0,49961916.0,0.0503159884534794
2025-08-01,2025-08-20,20,seasonal_week,970066538.0,975051300.0,-4984762.0,4984762.0,0.0051385774116867846
2025-08-01,2025-08-21,21,seasonal_week,940901211.0,971204607.0,-30303396.0,30303396.0,0.03220677755084747
2025-08-01,2025-08-22,22,seasonal_week,956896247.0,967824502.0,-10928255.0,10928255.0,0.011420522375609234
2025-08-01,2025-08-23,23,seasonal_week,985160599.0,946943769.0,38216830.0,38216830.0,0.038792487274453
2025-08-01,2025-08-24,24,seasonal_week,978669698.0,915795407.0,62874291.0,62874291.0,0.0642446487599333
2025-08-01,2025-08-25,25,seasonal_week,1011693989.0,939501671.0,72192318.0,72192318.0,0.07135785997044211
2025-08-01,2025-08-26,26,seasonal_week,1010328876.0,943001107.0,67327769.0,67327769.0,0.06663945829852734
2025-08-01,2025-08-27,27,seasonal_week,983966624.0,975051300.0,8915324.0,8915324.0,0.009060595941514375
2025-08-01,2025-08-28,28,seasonal_week,1001894053.0,971204607.0,30689446.0,30689446.0,0.030631428451048007
2025-08-01,2025-08-29,29,seasonal_week,1010018069.0,967824502.0,42193567.0,42193567.0,0.0417750615509038
2025-08-01,2025-08-30,30,seasonal_week,994376010.0,946943769.0,47432241.0,47432241.0,0.04770050818100489
2025-08-01,2025-08-01,1,rolling7,955778635.0,951331766.1428572,4446868.857142806,4446868.857142806,0.004652613789743068
2025-08-01,2025-08-02,2,rolling7,942052095.0,948975661.0204083,-6923566.020408273,6923566.020408273,0.007349451327750906
2025-08-01,2025-08-03,3,rolling7,912749309.0,949265931.309038,-36516622.30903804,36516622.30903804,0.04000728562483967
2025-08-01,2025-08-04,4,rolling7,938335989.0,954047434.7817577,-15711445.781757712,15711445.781757712,0.01674394456350508
2025-08-01,2025-08-05,5,rolling7,921188858.0,956125401.0362943,-34936543.03629434,34936543.03629434,0.037925494574636225
2025-08-01,2025-08-06,6,rolling7,944830985.0,958000300.1843364,-13169315.184336424,13169315.184336424,0.01393827615034918
2025-08-01,2025-08-07,7,rolling7,972611930.0,955564443.067813,17047486.93218696,17047486.93218696,0.017527532211317788
2025-08-01,2025-08-08,8,rolling7,1002080258.0,953330133.9346436,48750124.065356374,48750124.065356374,0.04864892175668067
2025-08-01,2025-08-09,9,rolling7,995738380.0,953615615.047756,42122764.95224404,42122764.95224404,0.042303044452543896
2025-08-01,2025-08-10,10,rolling7,972585910.0,954278465.6230913,18307444.37690866,18307444.37690866,0.01882347275307398
2025-08-01,2025-08-11,11,rolling7,1010182487.0,954994541.9536704,55187945.04632962,55187945.04632962,0.05463165888989483
2025-08-01,2025-08-12,12,rolling7,1011739628.0,955129842.9782294,56609785.0217706,56609785.0217706,0.05595291857221846
2025-08-01,2025-08-13,13,rolling7,1005693539.0,954987620.3985059,50705918.601494074,50705918.601494074,0.050418856873549106
2025-08-01,2025-08-14,14,rolling7,962591091.0,954557237.5719585,8033853.428041458,8033853.428041458,0.008346070832315087
2025-08-01,2025-08-15,15,rolling7,974896014.0,954413351.0725508,20482662.927449226,20482662.927449226,0.02101010018843838
2025-08-01,2025-08-16,16,rolling7,957904446.0,954568096.377966,3336349.6220339537,3336349.6220339537,0.003482967049548441
2025-08-01,2025-08-17,17,rolling7,938738474.0,954704165.1394246,-15965691.139424562,15965691.139424562,0.017007602843200995
2025-08-01,2025-08-18,18,rolling7,973263576.0,954764979.3560436,18498596.643956423,18498596.643956423,0.01900676969745801
2025-08-01,2025-08-19,19,rolling7,992963023.0,954732184.6992399,38230838.30076015,38230838.30076015,0.03850177440168399
2025-08-01,2025-08-20,20,rolling7,970066538.0,954675376.3736699,15391161.626330137,15391161.626330137,0.01586608858611113
2025-08-01,2025-08-21,21,rolling7,940901211.0,954630770.0844076,-13729559.084407568,13729559.084407568,0.014591924129649747
2025-08-01,2025-08-22,22,rolling7,956896247.0,954641274.7290431,2254972.270956874,2254972.270956874,0.002356548348921337
2025-08-01,2025-08-23,23,rolling7,985160599.0,954673835.2513992,30486763.74860084,30486763.74860084,0.030945983608709916
2025-08-01,2025-08-24,24,rolling7,978669698.0,954688940.8047467,23980757.195253253,23980757.195253253,0.0245034225993306
2025-08-01,2025-08-25,25,rolling7,1011693989.0,954686765.8997928,57007223.10020721,57007223.10020721,0.05634828685357269
2025-08-01,2025-08-26,26,rolling7,1010328876.0,954675592.5488998,55653283.45110023,55653283.45110023,0.05508432429590405
2025-08-01,2025-08-27,27,rolling7,983966624.0,954667507.955994,29299116.04400599,29299116.04400599,0.029776534416279133
2025-08-01,2025-08-28,28,rolling7,1001894053.0,954666383.8963261,47227669.103673935,47227669.103673935,0.04713838650130598
2025-08-01,2025-08-29,29,rolling7,1010018069.0,954671471.5837431,55346597.416256905,55346597.416256905,0.05479763096818113
2025-08-01,2025-08-30,30,rolling7,994376010.0,954675785.4201288,39700224.57987118,39700224.57987118,0.039924761036693936
2025-08-01,2025-08-01,1,rolling28,955778635.0,939927828.7857143,15850806.214285731,15850806.214285731,0.016584181351036092
2025-08-01,2025-08-02,2,rolling28,942052095.0,938456052.9566326,3596042.043367386,3596042.043367386,0.003817243295199493
2025-08-01,2025-08-03,3,rolling28,912749309.0,937629588.8836553,-24880279.88365531,24880279.88365531,0.027258612675274355
2025-08-01,2025-08-04,4,rolling28,938335989.0,937183530.2723572,1152458.7276427746,1152458.7276427746,0.0012281941022756345
2025-08-01,2025-08-05,5,rolling28,921188858.0,935377519.4606558,-14188661.460655808,14188661.460655808,0.015402554359440384
2025-08-01,2025-08-06,6,rolling28,944830985.0,932157023.7985363,12673961.2014637,12673961.2014637,0.013413998273419981
2025-08-01,2025-08-07,7,rolling28,972611930.0,931559194.8627698,41052735.13723016,41052735.13723016,0.04220875137448721
2025-08-01,2025-08-08,8,rolling28,1002080258.0,933091171.2507259,68989086.74927413,68989086.74927413,0.06884586957831688
2025-08-01,2025-08-09,9,rolling28,995738380.0,935550054.7953947,60188325.20460534,60188325.20460534,0.06044592275794907
2025-08-01,2025-08-10,10,rolling28,972585910.0,938450444.1809444,34135465.81905556,34135465.81905556,0.035097635559058794
2025-08-01,2025-08-11,11,rolling28,1010182487.0,940892241.7588351,69290245.24116492,69290245.24116492,0.06859181002725592
2025-08-01,2025-08-12,12,rolling28,1011739628.0,941608638.9287938,70130989.07120621,70130989.07120621,0.06931723057032042
2025-08-01,2025-08-13,13,rolling28,1005693539.0,940836408.2833936,64857130.71660638,64857130.71660638,0.06448995464472838
2025-08-01,2025-08-14,14,rolling28,962591091.0,938922856.6863719,23668234.313628078,23668234.313628078,0.024588046300158494
2025-08-01,2025-08-15,15,rolling28,974896014.0,936648448.6751707,38247565.32482934,38247565.32482934,0.039232456360037325
2025-08-01,2025-08-16,16,rolling28,957904446.0,935445016.2707126,22459429.729287386,22459429.729287386,0.02344641975833087
2025-08-01,2025-08-17,17,rolling28,938738474.0,934987316.6375238,3751157.3624762297,3751157.3624762297,0.003995955706909941
2025-08-01,2025-08-18,18,rolling28,973263576.0,935738363.6602924,37525212.33970761,37525212.33970761,0.038556063603994994
2025-08-01,2025-08-19,19,rolling28,992963023.0,937439326.0053028,55523696.99469721,55523696.99469721,0.05591718493901783
2025-08-01,2025-08-20,20,rolling28,970066538.0,939608169.8983494,30458368.101650596,30458368.101650596,0.0313982256974321
2025-08-01,2025-08-21,21,rolling28,940901211.0,940503899.1090049,397311.89099514484,397311.89099514484,0.00042226738189961245
2025-08-01,2025-08-22,22,rolling28,956896247.0,940761980.6486121,16134266.351387858,16134266.351387858,0.016861040475360814
2025-08-01,2025-08-23,23,rolling28,985160599.0,939795462.0289196,45365136.97108042,45365136.97108042,0.046048468663006714
2025-08-01,2025-08-24,24,rolling28,978669698.0,939540165.3513811,39129532.64861894,39129532.64861894,0.03998236864652464
2025-08-01,2025-08-25,25,rolling28,1011693989.0,940388192.4353589,71305796.56464112,71305796.56464112,0.07048158567703136
2025-08-01,2025-08-26,26,rolling28,1010328876.0,940419853.9151933,69909022.08480668,69909022.08480668,0.06919432250772042
2025-08-01,2025-08-27,27,rolling28,983966624.0,940327666.3050214,43638957.694978595,43638957.694978595,0.044350038538480546
2025-08-01,2025-08-28,28,rolling28,1001894053.0,939087536.5302008,62806516.46979916,62806516.46979916,0.06268778248731571
2025-08-01,2025-08-29,29,rolling28,1010018069.0,937940498.2991365,72077570.70086348,72077570.70086348,0.07136265470203532
2025-08-01,2025-08-30,30,rolling28,994376010.0,937869522.2103304,56506487.78966963,56506487.78966963,0.0568260770789006
2025-08-01,2025-08-01,1,ridge_recursive,955778635.0,968704884.2391653,-12926249.239165306,12926249.239165306,0.013524312812417392
2025-08-01,2025-08-02,2,ridge_recursive,942052095.0,958088694.5895956,-16036599.589595556,16036599.589595556,0.017023049653740813
2025-08-01,2025-08-03,3,ridge_recursive,912749309.0,943904825.2321317,-31155516.23213172,31155516.23213172,0.03413370563519289
2025-08-01,2025-08-04,4,ridge_recursive,938335989.0,959685563.0154086,-21349574.015408635,21349574.015408635,0.0227525899738336
2025-08-01,2025-08-05,5,ridge_recursive,921188858.0,963275693.5230393,-42086835.52303934,42086835.52303934,0.04568752124772154
2025-08-01,2025-08-06,6,ridge_recursive,944830985.0,960040265.648405,-15209280.648404956,15209280.648404956,0.01609735591853495
2025-08-01,2025-08-07,7,ridge_recursive,972611930.0,961194595.9441882,11417334.055811763,11417334.055811763,0.011738838177536813
2025-08-01,2025-08-08,8,ridge_recursive,1002080258.0,964275482.7923185,37804775.20768154,37804775.20768154,0.037726294781152685
2025-08-01,2025-08-09,9,ridge_recursive,995738380.0,957241125.2335204,38497254.76647961,38497254.76647961,0.03866201759389812
2025-08-01,2025-08-10,10,ridge_recursive,972585910.0,943594586.8066651,28991323.193334937,28991323.193334937,0.029808495985033278
2025-08-01,2025-08-11,11,ridge_recursive,1010182487.0,957337085.0377164,52845401.96228361,52845401.96228361,0.05231272828657107
2025-08-01,2025-08-12,12,ridge_recursive,1011739628.0,959293629.5117059,52445998.488294125,52445998.488294125,0.05183744615397641
2025-08-01,2025-08-13,13,ridge_recursive,1005693539.0,952092481.0477048,53601057.952295184,53601057.952295184,0.05329760595418838
2025-08-01,2025-08-14,14,ridge_recursive,962591091.0,948430945.4720826,14160145.527917385,14160145.527917385,0.014710447312790873
2025-08-01,2025-08-15,15,ridge_recursive,974896014.0,948437150.1822122,26458863.817787766,26458863.817787766,0.02714019078735075
2025-08-01,2025-08-16,16,ridge_recursive,957904446.0,938669625.253051,19234820.746948957,19234820.746948957,0.020080103842579886
2025-08-01,2025-08-17,17,ridge_recursive,938738474.0,922909237.5938915,15829236.406108499,15829236.406108499,0.016862243153473327
2025-08-01,2025-08-18,18,ridge_recursive,973263576.0,935927052.1638706,37336523.83612943,37336523.83612943,0.03836219165786332
2025-08-01,2025-08-19,19,ridge_recursive,992963023.0,937953683.1449872,55009339.855012774,55009339.855012774,0.05539918262899179
2025-08-01,2025-08-20,20,ridge_recursive,970066538.0,931449358.8759705,38617179.12402952,38617179.12402952,0.03980879415101474
2025-08-01,2025-08-21,21,ridge_recursive,940901211.0,929172202.8840843,11729008.115915656,11729008.115915656,0.01246571688801414
2025-08-01,2025-08-22,22,ridge_recursive,956896247.0,929731161.399053,27165085.600947022,27165085.600947022,0.028388747145903503
2025-08-01,2025-08-23,23,ridge_recursive,985160599.0,921756952.169712,63403646.83028805,63403646.83028805,0.06435869125769621
2025-08-01,2025-08-24,24,ridge_recursive,978669698.0,907655495.7149626,71014202.2850374,71014202.2850374,0.07256197104105842
2025-08-01,2025-08-25,25,ridge_recursive,1011693989.0,922011131.3704602,89682857.62953985,89682857.62953985,0.0886462295957556
2025-08-01,2025-08-26,26,ridge_recursive,1010328876.0,925358604.2734325,84970271.7265675,84970271.7265675,0.08410159676220866
2025-08-01,2025-08-27,27,ridge_recursive,983966624.0,921569697.9581443,62396926.04185569,62396926.04185569,0.06341366111403357
2025-08-01,2025-08-28,28,ridge_recursive,1001894053.0,922167649.8748568,79726403.12514317,79726403.12514317,0.07957568256485416
2025-08-01,2025-08-29,29,ridge_recursive,1010018069.0,924711506.1494035,85306562.85059655,85306562.85059655,0.08446043241093397
2025-08-01,2025-08-30,30,ridge_recursive,994376010.0,917997228.6572329,76378781.34276712,76378781.34276712,0.07681076431315667
2025-10-01,2025-10-01,1,naive_yesterday,893877447.0,997716787.0,-103839340.0,103839340.0,0.11616731169189012
2025-10-01,2025-10-02,2,naive_yesterday,877524402.0,997716787.0,-120192385.0,120192385.0,0.1369675700482686
2025-10-01,2025-10-03,3,naive_yesterday,906128774.0,997716787.0,-91588013.0,91588013.0,0.10107615565025639
2025-10-01,2025-10-04,4,naive_yesterday,947397946.0,997716787.0,-50318841.0,50318841.0,0.053112676898288316
2025-10-01,2025-10-05,5,naive_yesterday,967898095.0,997716787.0,-29818692.0,29818692.0,0.03080767712431545
2025-10-01,2025-10-06,6,naive_yesterday,909397624.0,997716787.0,-88319163.0,88319163.0,0.0971183129020359
2025-10-01,2025-10-07,7,naive_yesterday,958058211.0,997716787.0,-39658576.0,39658576.0,0.041394745689414064
2025-10-01,2025-10-08,8,naive_yesterday,1002652065.0,997716787.0,4935278.0,4935278.0,0.004922223942160834
2025-10-01,2025-10-09,9,naive_yesterday,1006596066.0,997716787.0,8879279.0,8879279.0,0.008821094478626742
2025-10-01,2025-10-10,10,naive_yesterday,988218980.0,997716787.0,-9497807.0,9497807.0,0.009611034793118424
2025-10-01,2025-10-11,11,naive_yesterday,993216057.0,997716787.0,-4500730.0,4500730.0,0.004531471242616047
2025-10-01,2025-10-12,12,naive_yesterday,982996119.0,997716787.0,-14720668.0,14720668.0,0.014975306326718061
2025-10-01,2025-10-13,13,naive_yesterday,994158096.0,997716787.0,-3558691.0,3558691.0,0.003579602695304108
2025-10-01,2025-10-14,14,naive_yesterday,999440675.0,997716787.0,1723888.0,1723888.0,0.0017248527532662207
2025-10-01,2025-10-15,15,naive_yesterday,979563855.0,997716787.0,-18152932.0,18152932.0,0.018531647434051148
2025-10-01,2025-10-16,16,naive_yesterday,973453600.0,997716787.0,-24263187.0,24263187.0,0.02492485209361802
2025-10-01,2025-10-17,17,naive_yesterday,976535370.0,997716787.0,-21181417.0,21181417.0,0.021690373590871573
2025-10-01,2025-10-18,18,naive_yesterday,976325746.0,997716787.0,-21391041.0,21391041.0,0.021909737695271225
2025-10-01,2025-10-19,19,naive_yesterday,896789087.0,997716787.0,-100927700.0,100927700.0,0.11254340787936015
2025-10-01,2025-10-20,20,naive_yesterday,853624251.0,997716787.0,-144092536.0,144092536.0,0.1688008931695639
2025-10-01,2025-10-21,21,naive_yesterday,795444895.0,997716787.0,-202271892.0,202271892.0,0.2542877492475453
2025-10-01,2025-10-22,22,naive_yesterday,783518576.0,997716787.0,-214198211.0,214198211.0,0.27337987580782
2025-10-01,2025-10-23,23,naive_yesterday,783134792.0,997716787.0,-214581995.0,214581995.0,0.27400390991695334
2025-10-01,2025-10-24,24,naive_yesterday,786285205.0,997716787.0,-211431582.0,211431582.0,0.26889935185795594
2025-10-01,2025-10-25,25,naive_yesterday,787344834.0,997716787.0,-210371953.0,210371953.0,0.267191634358269
2025-10-01,2025-10-26,26,naive_yesterday,788309358.0,997716787.0,-209407429.0,209407429.0,0.2656411811871451
2025-10-01,2025-10-27,27,naive_yesterday,788347388.0,997716787.0,-209369399.0,209369399.0,0.2655801264606968
2025-10-01,2025-10-28,28,naive_yesterday,803213606.0,997716787.0,-194503181.0,194503181.0,0.24215623284648394
2025-10-01,2025-10-29,29,naive_yesterday,791815205.0,997716787.0,-205901582.0,205901582.0,0.26003741870554253
2025-10-01,2025-10-30,30,naive_yesterday,801523722.0,997716787.0,-196193065.0,196193065.0,0.24477511970631358
2025-10-01,2025-10-01,1,seasonal_week,893877447.0,933485851.0,-39608404.0,39608404.0,0.044310776754612535
2025-10-01,2025-10-02,2,seasonal_week,877524402.0,957675282.0,-80150880.0,80150880.0,0.09133749422503239
2025-10-01,2025-10-03,3,seasonal_week,906128774.0,971714796.0,-65586022.0,65586022.0,0.07238046498675695
2025-10-01,2025-10-04,4,seasonal_week,947397946.0,976790766.0,-29392820.0,29392820.0,0.03102478755004605
2025-10-01,2025-10-05,5,seasonal_week,967898095.0,998238254.0,-30340159.0,30340159.0,0.031346439420360674
2025-10-01,2025-10-06,6,seasonal_week,909397624.0,1021699613.0,-112301989.0,112301989.0,0.12349052387671512
2025-10-01,2025-10-07,7,seasonal_week,958058211.0,997716787.0,-39658576.0,39658576.0,0.041394745689414064
2025-10-01,2025-10-08,8,seasonal_week,1002652065.0,933485851.0,69166214.0,69166214.0,0.06898326589493435
2025-10-01,2025-10-09,9,seasonal_week,1006596066.0,957675282.0,48920784.0,48920784.0,0.04860021378227798
2025-10-01,2025-10-10,10,seasonal_week,988218980.0,971714796.0,16504184.0,16504184.0,0.01670093808560528
2025-10-01,2025-10-11,11,seasonal_week,993216057.0,976790766.0,16425291.0,16425291.0,0.01653748032388083
2025-10-01,2025-10-12,12,seasonal_week,982996119.0,998238254.0,-15242135.0,15242135.0,0.015505793670381724
2025-10-01,2025-10-13,13,seasonal_week,994158096.0,1021699613.0,-27541517.0,27541517.0,0.027703357354140583
2025-10-01,2025-10-14,14,seasonal_week,999440675.0,997716787.0,1723888.0,1723888.0,0.0017248527532662207
2025-10-01,2025-10-15,15,seasonal_week,979563855.0,933485851.0,46078004.0,46078004.0,0.047039306079745054
2025-10-01,2025-10-16,16,seasonal_week,973453600.0,957675282.0,15778318.0,15778318.0,0.016208597923927755
2025-10-01,2025-10-17,17,seasonal_week,976535370.0,971714796.0,4820574.0,4820574.0,0.004936404914857308
2025-10-01,2025-10-18,18,seasonal_week,976325746.0,976790766.0,-465020.0,465020.0,0.0004762959513309813
2025-10-01,2025-10-19,19,seasonal_week,896789087.0,998238254.0,-101449167.0,101449167.0,0.11312489020063198
2025-10-01,2025-10-20,20,seasonal_week,853624251.0,1021699613.0,-168075362.0,168075362.0,0.19689618916414783
2025-10-01,2025-10-21,21,seasonal_week,795444895.0,997716787.0,-202271892.0,202271892.0,0.2542877492475453
2025-10-01,2025-10-22,22,seasonal_week,783518576.0,933485851.0,-149967275.0,149967275.0,0.19140232228520898
2025-10-01,2025-10-23,23,seasonal_week,783134792.0,957675282.0,-174540490.0,174540490.0,0.22287413582309595
2025-10-01,2025-10-24,24,seasonal_week,786285205.0,971714796.0,-185429591.0,185429591.0,0.23582993781499426
2025-10-01,2025-10-25,25,seasonal_week,787344834.0,976790766.0,-189445932.0,189445932.0,0.24061367245854057
2025-10-01,2025-10-26,26,seasonal_week,788309358.0,998238254.0,-209928896.0,209928896.0,0.2663026816434164
2025-10-01,2025-10-27,27,seasonal_week,788347388.0,1021699613.0,-233352225.0,233352225.0,0.2960017735227151
2025-10-01,2025-10-28,28,seasonal_week,803213606.0,997716787.0,-194503181.0,194503181.0,0.24215623284648394
2025-10-01,2025-10-29,29,seasonal_week,791815205.0,933485851.0,-141670646.0,141670646.0,0.17891882487909536
2025-10-01,2025-10-30,30,seasonal_week,801523722.0,957675282.0,-156151560.0,156151560.0,0.19481838866897566
2025-10-01,2025-10-01,1,rolling7,893877447.0,979617335.5714285,-85739888.57142854,85739888.57142854,0.0959190645867459
2025-10-01,2025-10-02,2,rolling7,877524402.0,986207547.6530612,-108683145.65306115,108683145.65306115,0.12385199249770966
2025-10-01,2025-10-03,3,rolling7,906128774.0,990283585.6034985,-84154811.60349846,84154811.60349846,0.09287290506404165
2025-10-01,2025-10-04,4,rolling7,947397946.0,992936269.8325697,-45538323.83256972,45538323.83256972,0.048066732701750776
2025-10-01,2025-10-05,5,rolling7,967898095.0,995242770.3800796,-27344675.380079627,27344675.380079627,0.028251605743763373
2025-10-01,2025-10-06,6,rolling7,909397624.0,994814844.1486624,-85417220.14866245,85417220.14866245,0.09392725238598429
2025-10-01,2025-10-07,7,rolling7,958058211.0,990974162.8841857,-32915951.88418567,32915951.88418567,0.03435694356173695
2025-10-01,2025-10-08,8,rolling7,1002652065.0,990010930.8676407,12641134.132359266,12641134.132359266,0.012607697698562329
2025-10-01,2025-10-09,9,rolling7,1006596066.0,991495730.1956711,15100335.804328918,15100335.804328918,0.015001385674329586
2025-10-01,2025-10-10,10,rolling7,988218980.0,992251184.8446153,-4032204.8446153402,4032204.8446153402,0.004080274641775591
2025-10-01,2025-10-11,11,rolling7,993216057.0,992532270.4504892,683786.5495108366,683786.5495108366,0.0006884570025742512
2025-10-01,2025-10-12,12,rolling7,982996119.0,992474556.253049,-9478437.253049016,9478437.253049016,0.00964239539693342
2025-10-01,2025-10-13,13,rolling7,994158096.0,992079097.0920447,2078998.907955289,2078998.907955289,0.0020912155886675886
2025-10-01,2025-10-14,14,rolling7,999440675.0,991688276.0839566,7752398.916043401,7752398.916043401,0.007756737453219423
2025-10-01,2025-10-15,15,rolling7,979563855.0,991790292.2553524,-12226437.255352378,12226437.255352378,0.012481511228639993
2025-10-01,2025-10-16,16,rolling7,973453600.0,992044486.7393111,-18590886.7393111,18590886.7393111,0.019097866338273442
2025-10-01,2025-10-17,17,rolling7,976535370.0,992122880.5312597,-15587510.531259656,15587510.531259656,0.015962054227753836
2025-10-01,2025-10-18,18,rolling7,976325746.0,992104551.3436375,-15778805.343637466,15778805.343637466,0.016161414782190398
2025-10-01,2025-10-19,19,rolling7,896789087.0,992043448.6140872,-95254361.61408722,95254361.61408722,0.10621712841392686
2025-10-01,2025-10-20,20,rolling7,853624251.0,991981861.8085213,-138357610.80852127,138357610.80852127,0.1620825681164033
2025-10-01,2025-10-21,21,rolling7,795444895.0,991967971.0537322,-196523076.05373216,196523076.05373216,0.2470605786636322
2025-10-01,2025-10-22,22,rolling7,783518576.0,992007927.477986,-208489351.47798598,208489351.47798598,0.26609369307152964
2025-10-01,2025-10-23,23,rolling7,783134792.0,992039018.2240764,-208904226.2240764,208904226.2240764,0.266753856881481
2025-10-01,2025-10-24,24,rolling7,786285205.0,992038237.0076143,-205753032.00761425,205753032.00761425,0.2616773540939439
2025-10-01,2025-10-25,25,rolling7,787344834.0,992026145.0756649,-204681311.07566488,204681311.07566488,0.2599639982849813
2025-10-01,2025-10-26,26,rolling7,788309358.0,992014944.1802403,-203705586.18024027,203705586.18024027,0.2584081796225997
2025-10-01,2025-10-27,27,rolling7,788347388.0,992010872.1182622,-203663484.11826217,203663484.11826217,0.2583423085030405
2025-10-01,2025-10-28,28,rolling7,803213606.0,992015016.4482251,-188801410.44822514,188801410.44822514,0.23505753517853772
2025-10-01,2025-10-29,29,rolling7,791815205.0,992021737.2188671,-200206532.21886706,200206532.21886706,0.25284502110421975
2025-10-01,2025-10-30,30,rolling7,801523722.0,992023710.0389929,-190499988.03899288,190499988.03899288,0.23767230190473748
2025-10-01,2025-10-01,1,rolling28,893877447.0,991526384.3928572,-97648937.3928572,97648937.3928572,0.10924197463598967
2025-10-01,2025-10-02,2,rolling28,877524402.0,991856670.0497448,-114332268.04974484,114332268.04974484,0.13028955979932377
2025-10-01,2025-10-03,3,rolling28,906128774.0,991651921.4443786,-85523147.44437861,85523147.44437861,0.09438299488807383
2025-10-01,2025-10-04,4,rolling28,947397946.0,990692309.8888206,-43294363.88882065,43294363.88882065,0.045698182133087135
2025-10-01,2025-10-05,5,rolling28,967898095.0,989917814.9919928,-22019719.99199283,22019719.99199283,0.022750039602043883
2025-10-01,2025-10-06,6,rolling28,909397624.0,989528712.2417068,-80131088.24170685,80131088.24170685,0.08811446844258178
2025-10-01,2025-10-07,7,rolling28,958058211.0,988837094.6074822,-30778883.607482195,30778883.607482195,0.0321263188959634
2025-10-01,2025-10-08,8,rolling28,1002652065.0,988326111.7006065,14325953.299393535,14325953.299393535,0.014288060434397584
2025-10-01,2025-10-09,9,rolling28,1006596066.0,987560090.2613426,19035975.738657355,19035975.738657355,0.01891123597800486
2025-10-01,2025-10-10,10,rolling28,988218980.0,987114575.4135332,1104404.5864667892,1104404.5864667892,0.0011175707093449968
2025-10-01,2025-10-11,11,rolling28,993216057.0,985751817.9283022,7464239.071697831,7464239.071697831,0.007515221908759205
2025-10-01,2025-10-12,12,rolling28,982996119.0,984374961.961456,-1378842.9614559412,1378842.9614559412,0.001402694206828238
2025-10-01,2025-10-13,13,rolling28,994158096.0,984029793.3172222,10128302.682777762,10128302.682777762,0.010187818943012222
2025-10-01,2025-10-14,14,rolling28,999440675.0,982964324.9714088,16476350.028591156,16476350.028591156,0.016485570820490326
2025-10-01,2025-10-15,15,rolling28,979563855.0,981627670.148959,-2063815.1489590406,2063815.1489590406,0.002106871480021117
2025-10-01,2025-10-16,16,rolling28,973453600.0,979703554.6185648,-6249954.618564844,6249954.618564844,0.006420392937644737
2025-10-01,2025-10-17,17,rolling28,976535370.0,978261686.5692279,-1726316.569227934,1726316.569227934,0.0017677972782777279
2025-10-01,2025-10-18,18,rolling28,976325746.0,978215114.5895574,-1889368.5895574093,1889368.5895574093,0.00193518259381988
2025-10-01,2025-10-19,19,rolling28,896789087.0,979149923.9677559,-82360836.96775591,82360836.96775591,0.09183969582332341
2025-10-01,2025-10-20,20,rolling28,853624251.0,981327516.0380328,-127703265.03803277,127703265.03803277,0.14960126178284122
2025-10-01,2025-10-21,21,rolling28,795444895.0,982950856.146534,-187505961.14653397,187505961.14653397,0.23572463953839815
2025-10-01,2025-10-22,22,rolling28,783518576.0,984024651.9374816,-200506075.93748164,200506075.93748164,0.25590468698406665
2025-10-01,2025-10-23,23,rolling28,783134792.0,985829609.1138202,-202694817.1138202,202694817.1138202,0.2588249419951964
2025-10-01,2025-10-24,24,rolling28,786285205.0,986835120.7964566,-200549915.79645658,200549915.79645658,0.25506001451020127
2025-10-01,2025-10-25,25,rolling28,787344834.0,987375132.39633,-200030298.39633,200030298.39633,0.2540567865037011
2025-10-01,2025-10-26,26,rolling28,788309358.0,987753145.4819134,-199443787.48191345,199443787.48191345,0.25300192806021904
2025-10-01,2025-10-27,27,rolling28,788347388.0,987378677.3205531,-199031289.32055306,199031289.32055306,0.25246647905498365
2025-10-01,2025-10-28,28,rolling28,803213606.0,986152929.6177158,-182939323.61771584,182939323.61771584,0.22775924393107932
2025-10-01,2025-10-29,29,rolling28,791815205.0,985739934.7112056,-193924729.7112056,193924729.7112056,0.24491160120018862
2025-10-01,2025-10-30,30,rolling28,801523722.0,985533275.7940038,-184009553.79400384,184009553.79400384,0.2295746822500206
2025-10-01,2025-10-01,1,ridge_recursive,893877447.0,975700431.9296895,-81822984.92968953,81822984.92968953,0.09153713991140613
2025-10-01,2025-10-02,2,ridge_recursive,877524402.0,958514169.269862,-80989767.26986206,80989767.26986206,0.09229346452961892
2025-10-01,2025-10-03,3,ridge_recursive,906128774.0,949376439.3076642,-43247665.307664156,43247665.307664156,0.04772794612486741
2025-10-01,2025-10-04,4,ridge_recursive,947397946.0,933618768.72254,13779177.277459979,13779177.277459979,0.014544233851927709
2025-10-01,2025-10-05,5,ridge_recursive,967898095.0,913245038.16182,54653056.838179946,54653056.838179946,0.05646571381895317
2025-10-01,2025-10-06,6,ridge_recursive,909397624.0,923788885.8383731,-14391261.838373065,14391261.838373065,0.015825048865943665
2025-10-01,2025-10-07,7,ridge_recursive,958058211.0,921192402.5075393,36865808.49246073,36865808.49246073,0.038479716648929935
2025-10-01,2025-10-08,8,ridge_recursive,1002652065.0,911231799.5139011,91420265.48609889,91420265.48609889,0.09117845429869921
2025-10-01,2025-10-09,9,ridge_recursive,1006596066.0,904266630.5759401,102329435.42405987,102329435.42405987,0.10165888669791391
2025-10-01,2025-10-10,10,ridge_recursive,988218980.0,899970759.5042088,88248220.4957912,88248220.4957912,0.08930026874791577
2025-10-01,2025-10-11,11,ridge_recursive,993216057.0,885264051.7499344,107952005.25006557,107952005.25006557,0.10868934758881528
2025-10-01,2025-10-12,12,ridge_recursive,982996119.0,863863660.5803832,119132458.41961682,119132458.41961682,0.12119321339824823
2025-10-01,2025-10-13,13,ridge_recursive,994158096.0,872941298.0372491,121216797.96275091,121216797.96275091,0.12192909603660353
2025-10-01,2025-10-14,14,ridge_recursive,999440675.0,870685977.2138987,128754697.78610134,128754697.78610134,0.12882675381017622
2025-10-01,2025-10-15,15,ridge_recursive,979563855.0,862664268.2352192,116899586.76478076,116899586.76478076,0.11933840368658842
2025-10-01,2025-10-16,16,ridge_recursive,973453600.0,858553132.8369219,114900467.16307807,114900467.16307807,0.11803384071215933
2025-10-01,2025-10-17,17,ridge_recursive,976535370.0,859903480.1914781,116631889.80852187,116631889.80852187,0.11943437318457996
2025-10-01,2025-10-18,18,ridge_recursive,976325746.0,851702167.2748024,124623578.72519755,124623578.72519755,0.12764549048898846
2025-10-01,2025-10-19,19,ridge_recursive,896789087.0,836939708.7793065,59849378.22069347,59849378.22069347,0.0667374069201775
2025-10-01,2025-10-20,20,ridge_recursive,853624251.0,850674244.1667362,2950006.833263755,2950006.833263755,0.0034558610885385387
2025-10-01,2025-10-21,21,ridge_recursive,795444895.0,850522824.380573,-55077929.380573034,55077929.380573034,0.06924166554689251
2025-10-01,2025-10-22,22,ridge_recursive,783518576.0,844906997.6710402,-61388421.67104018,61388421.67104018,0.07834966974802161
2025-10-01,2025-10-23,23,ridge_recursive,783134792.0,842154332.0958687,-59019540.09586871,59019540.09586871,0.07536319507034328
2025-10-01,2025-10-24,24,ridge_recursive,786285205.0,842281238.0252663,-55996033.02526629,55996033.02526629,0.07121593115219088
2025-10-01,2025-10-25,25,ridge_recursive,787344834.0,832463894.3392212,-45119060.33922124,45119060.33922124,0.057305336100320736
2025-10-01,2025-10-26,26,ridge_recursive,788309358.0,815916964.4843708,-27607606.484370828,27607606.484370828,0.03502128473320854
2025-10-01,2025-10-27,27,ridge_recursive,788347388.0,829156516.6267809,-40809128.62678087,40809128.62678087,0.051765413633590766
2025-10-01,2025-10-28,28,ridge_recursive,803213606.0,829426719.7840453,-26213113.78404534,26213113.78404534,0.032635296001254914
2025-10-01,2025-10-29,29,ridge_recursive,791815205.0,822952920.3829002,-31137715.382900238,31137715.382900238,0.03932447266265901
2025-10-01,2025-10-30,30,ridge_recursive,801523722.0,820471366.1425986,-18947644.14259863,18947644.14259863,0.023639530088167035
2025-11-01,2025-11-01,1,naive_yesterday,760921367.0,806599754.0,-45678387.0,45678387.0,0.06003036447785807
2025-11-01,2025-11-02,2,naive_yesterday,744828378.0,806599754.0,-61771376.0,61771376.0,0.0829337036887174
2025-11-01,2025-11-03,3,naive_yesterday,780447693.0,806599754.0,-26152061.0,26152061.0,0.03350905029839072
2025-11-01,2025-11-04,4,naive_yesterday,782600645.0,806599754.0,-23999109.0,23999109.0,0.030665843624496373
2025-11-01,2025-11-05,5,naive_yesterday,784108702.0,806599754.0,-22491052.0,22491052.0,0.028683589332235214
2025-11-01,2025-11-06,6,naive_yesterday,789959014.0,806599754.0,-16640740.0,16640740.0,0.02106532073827314
2025-11-01,2025-11-07,7,naive_yesterday,808798324.0,806599754.0,2198570.0,2198570.0,0.0027183167110519384
2025-11-01,2025-11-08,8,naive_yesterday,816286170.0,806599754.0,9686416.0,9686416.0,0.011866446297871248
2025-11-01,2025-11-09,9,naive_yesterday,794671570.0,806599754.0,-11928184.0,11928184.0,0.015010206040213568
2025-11-01,2025-11-10,10,naive_yesterday,803150509.0,806599754.0,-3449245.0,3449245.0,0.004294643359305896
2025-11-01,2025-11-11,11,naive_yesterday,811031660.0,806599754.0,4431906.0,4431906.0,0.0054645289679566885
2025-11-01,2025-11-12,12,naive_yesterday,800371284.0,806599754.0,-6228470.0,6228470.0,0.007781975846099946
2025-11-01,2025-11-13,13,naive_yesterday,795412883.0,806599754.0,-11186871.0,11186871.0,0.014064231594800558
2025-11-01,2025-11-14,14,naive_yesterday,784929625.0,806599754.0,-21670129.0,21670129.0,0.027607734897252732
2025-11-01,2025-11-15,15,naive_yesterday,771969074.0,806599754.0,-34630680.0,34630680.0,0.04486019086303449
2025-11-01,2025-11-16,16,naive_yesterday,748102925.0,806599754.0,-58496829.0,58496829.0,0.07819355739051548
2025-11-01,2025-11-17,17,naive_yesterday,784946049.0,806599754.0,-21653705.0,21653705.0,0.027586233509406453
2025-11-01,2025-11-18,18,naive_yesterday,802372785.0,806599754.0,-4226969.0,4226969.0,0.005268086205092313
2025-11-01,2025-11-19,19,naive_yesterday,785536331.0,806599754.0,-21063423.0,21063423.0,0.026814065968388673
2025-11-01,2025-11-20,20,naive_yesterday,789566797.0,806599754.0,-17032957.0,17032957.0,0.021572534540101742
2025-11-01,2025-11-21,21,naive_yesterday,781713368.0,806599754.0,-24886386.0,24886386.0,0.03183569197962085
2025-11-01,2025-11-22,22,naive_yesterday,777234266.0,806599754.0,-29365488.0,29365488.0,0.03778202954320081
2025-11-01,2025-11-23,23,naive_yesterday,763587139.0,806599754.0,-43012615.0,43012615.0,0.05632967451014127
2025-11-01,2025-11-24,24,naive_yesterday,787419759.0,806599754.0,-19179995.0,19179995.0,0.024358031127334208
2025-11-01,2025-11-25,25,naive_yesterday,779113247.0,806599754.0,-27486507.0,27486507.0,0.03527921917107386
2025-11-01,2025-11-26,26,naive_yesterday,779056661.0,806599754.0,-27543093.0,27543093.0,0.035354415639865765
2025-11-01,2025-11-27,27,naive_yesterday,785923784.0,806599754.0,-20675970.0,20675970.0,0.026307856335341544
2025-11-01,2025-11-28,28,naive_yesterday,793532772.0,806599754.0,-13066982.0,13066982.0,0.016466846059887744
2025-11-01,2025-11-29,29,naive_yesterday,775439198.0,806599754.0,-31160556.0,31160556.0,0.04018439624972376
2025-11-01,2025-11-30,30,naive_yesterday,752415007.0,806599754.0,-54184747.0,54184747.0,0.07201444215745155
2025-11-01,2025-11-01,1,seasonal_week,760921367.0,787344834.0,-26423467.0,26423467.0,0.034725620998365264
2025-11-01,2025-11-02,2,seasonal_week,744828378.0,788309358.0,-43480980.0,43480980.0,0.058377179608481565
2025-11-01,2025-11-03,3,seasonal_week,780447693.0,788347388.0,-7899695.0,7899695.0,0.010122004422402719
2025-11-01,2025-11-04,4,seasonal_week,782600645.0,803213606.0,-20612961.0,20612961.0,0.02633905444838983
2025-11-01,2025-11-05,5,seasonal_week,784108702.0,791815205.0,-7706503.0,7706503.0,0.009828360507086936
2025-11-01,2025-11-06,6,seasonal_week,789959014.0,801523722.0,-11564708.0,11564708.0,0.0146396304049263
2025-11-01,2025-11-07,7,seasonal_week,808798324.0,806599754.0,2198570.0,2198570.0,0.0027183167110519384
2025-11-01,2025-11-08,8,seasonal_week,816286170.0,787344834.0,28941336.0,28941336.0,0.035454889551785496
2025-11-01,2025-11-09,9,seasonal_week,794671570.0,788309358.0,6362212.0,6362212.0,0.008006089861752573
2025-11-01,2025-11-10,10,seasonal_week,803150509.0,788347388.0,14803121.0,14803121.0,0.01843131621547662
2025-11-01,2025-11-11,11,seasonal_week,811031660.0,803213606.0,7818054.0,7818054.0,0.00963964094817211
2025-11-01,2025-11-12,12,seasonal_week,800371284.0,791815205.0,8556079.0,8556079.0,0.010690137403780218
2025-11-01,2025-11-13,13,seasonal_week,795412883.0,801523722.0,-6110839.0,6110839.0,0.007682599981222582
2025-11-01,2025-11-14,14,seasonal_week,784929625.0,806599754.0,-21670129.0,21670129.0,0.027607734897252732
2025-11-01,2025-11-15,15,seasonal_week,771969074.0,787344834.0,-15375760.0,15375760.0,0.019917585454984173
2025-11-01,2025-11-16,16,seasonal_week,748102925.0,788309358.0,-40206433.0,40206433.0,0.05374452051500801
2025-11-01,2025-11-17,17,seasonal_week,784946049.0,788347388.0,-3401339.0,3401339.0,0.004333213734030783
2025-11-01,2025-11-18,18,seasonal_week,802372785.0,803213606.0,-840821.0,840821.0,0.0010479181444320797
2025-11-01,2025-11-19,19,seasonal_week,785536331.0,791815205.0,-6278874.0,6278874.0,0.007993104522622009
2025-11-01,2025-11-20,20,seasonal_week,789566797.0,801523722.0,-11956925.0,11956925.0,0.015143652247575452
2025-11-01,2025-11-21,21,seasonal_week,781713368.0,806599754.0,-24886386.0,24886386.0,0.03183569197962085
2025-11-01,2025-11-22,22,seasonal_week,777234266.0,787344834.0,-10110568.0,10110568.0,0.013008391989758207
2025-11-01,2025-11-23,23,seasonal_week,763587139.0,788309358.0,-24722219.0,24722219.0,0.032376421415866725
2025-11-01,2025-11-24,24,seasonal_week,787419759.0,788347388.0,-927629.0,927629.0,0.0011780616239273213
2025-11-01,2025-11-25,25,seasonal_week,779113247.0,803213606.0,-24100359.0,24100359.0,0.030933062802871326
2025-11-01,2025-11-26,26,seasonal_week,779056661.0,791815205.0,-12758544.0,12758544.0,0.016376914079167342
2025-11-01,2025-11-27,27,seasonal_week,785923784.0,801523722.0,-15599938.0,15599938.0,0.019849174077164713
2025-11-01,2025-11-28,28,seasonal_week,793532772.0,806599754.0,-13066982.0,13066982.0,0.016466846059887744
2025-11-01,2025-11-29,29,seasonal_week,775439198.0,787344834.0,-11905636.0,11905636.0,0.015353410081289185
2025-11-01,2025-11-30,30,seasonal_week,752415007.0,788309358.0,-35894351.0,35894351.0,0.04770552243916103
2025-11-01,2025-11-01,1,rolling7,760921367.0,795307695.2857143,-34386328.28571427,34386328.28571427,0.045190383365478905
2025-11-01,2025-11-02,2,rolling7,744828378.0,796445246.8979591,-51616868.89795911,51616868.89795911,0.06930035216509851
2025-11-01,2025-11-03,3,rolling7,780447693.0,797607516.7405246,-17159823.74052465,17159823.74052465,0.021987154160919082
2025-11-01,2025-11-04,4,rolling7,782600645.0,798930392.2748853,-16329747.274885297,16329747.274885297,0.020866002831987567
2025-11-01,2025-11-05,5,rolling7,784108702.0,798318504.599869,-14209802.599869013,14209802.599869013,0.018122235556912634
2025-11-01,2025-11-06,6,rolling7,789959014.0,799247547.3998502,-9288533.39985025,9288533.39985025,0.01175824724477446
2025-11-01,2025-11-07,7,rolling7,808798324.0,798922379.5998288,9875944.40017116,9875944.40017116,0.012210639051931519
2025-11-01,2025-11-08,8,rolling7,816286170.0,797825611.8283758,18460558.171624184,18460558.171624184,0.022615301900342357
2025-11-01,2025-11-09,9,rolling7,794671570.0,798185314.1916133,-3513744.1916133165,3513744.1916133165,0.0044216306764482795
2025-11-01,2025-11-10,10,rolling7,803150509.0,798433895.233564,4716613.766435981,4716613.766435981,0.005872639951767721
2025-11-01,2025-11-11,11,rolling7,811031660.0,798551949.3039981,12479710.696001887,12479710.696001887,0.01538745194731595
2025-11-01,2025-11-12,12,rolling7,800371284.0,798497886.0224427,1873397.9775573015,1873397.9775573015,0.0023406611593992438
2025-11-01,2025-11-13,13,rolling7,795412883.0,798523511.9399532,-3110628.939953208,3110628.939953208,0.003910709779078607
2025-11-01,2025-11-14,14,rolling7,784929625.0,798420078.302825,-13490453.302824974,13490453.302824974,0.017186831625605893
2025-11-01,2025-11-15,15,rolling7,771969074.0,798348320.9746817,-26379246.974681735,26379246.974681735,0.03417137792579724
2025-11-01,2025-11-16,16,rolling7,748102925.0,798422993.7098683,-50320068.70986831,50320068.70986831,0.06726356364649733
2025-11-01,2025-11-17,17,rolling7,784946049.0,798456947.9267619,-13510898.926761866,13510898.926761866,0.017212519183929118
2025-11-01,2025-11-18,18,rolling7,802372785.0,798460241.1686472,3912543.83135283,3912543.83135283,0.00487621702093601
2025-11-01,2025-11-19,19,rolling7,785536331.0,798447140.0064542,-12910809.00645423,12910809.00645423,0.016435661212535604
2025-11-01,2025-11-20,20,rolling7,789566797.0,798439890.5755988,-8873093.575598836,8873093.575598836,0.011237926429166748
2025-11-01,2025-11-21,21,rolling7,781713368.0,798427944.6664053,-16714576.66640532,16714576.66640532,0.021381976246829797
2025-11-01,2025-11-22,22,rolling7,777234266.0,798429068.4326311,-21194802.432631135,21194802.432631135,0.027269516231842428
2025-11-01,2025-11-23,23,rolling7,763587139.0,798440603.7837667,-34853464.78376675,34853464.78376675,0.04564438425378815
2025-11-01,2025-11-24,24,rolling7,787419759.0,798443119.5086092,-11023360.508609176,11023360.508609176,0.01399934454605066
2025-11-01,2025-11-25,25,rolling7,779113247.0,798441144.0203017,-19327897.0203017,19327897.0203017,0.0248075579445278
2025-11-01,2025-11-26,26,rolling7,779056661.0,798438415.8562524,-19381754.856252432,19381754.856252432,0.024878491933274714
2025-11-01,2025-11-27,27,rolling7,785923784.0,798437169.5490808,-12513385.549080849,12513385.549080849,0.01592188174455457
2025-11-01,2025-11-28,28,rolling7,793532772.0,798436780.8310068,-4904008.831006765,4904008.831006765,0.006179970133617576
2025-11-01,2025-11-29,29,rolling7,775439198.0,798438043.1402357,-22998845.140235662,22998845.140235662,0.029659121178751222
2025-11-01,2025-11-30,30,rolling7,752415007.0,798439325.2413219,-46024318.24132192,46024318.24132192,0.06116879356889531
2025-11-01,2025-11-01,1,rolling28,760921367.0,897209256.3571428,-136287889.3571428,136287889.3571428,0.17910903184972962
2025-11-01,2025-11-02,2,rolling28,744828378.0,895416803.1556122,-150588425.15561223,150588425.15561223,0.20217868921693022
2025-11-01,2025-11-03,3,rolling28,780447693.0,892828185.5897413,-112380492.58974135,112380492.58974135,0.14399490651033464
2025-11-01,2025-11-04,4,rolling28,782600645.0,892236419.932232,-109635774.93223202,109635774.93223202,0.1400915979723375
2025-11-01,2025-11-05,5,rolling28,784108702.0,889885641.6798117,-105776939.67981172,105776939.67981172,0.13490086184480543
2025-11-01,2025-11-06,6,rolling28,789959014.0,885858269.4183766,-95899255.41837656,95899255.41837656,0.12139776079367146
2025-11-01,2025-11-07,7,rolling28,808798324.0,881546205.2547472,-72747881.25474715,72747881.25474715,0.08994563798669192
2025-11-01,2025-11-08,8,rolling28,816286170.0,877736463.2995595,-61450293.299559474,61450293.299559474,0.07528033128327959
2025-11-01,2025-11-09,9,rolling28,794671570.0,873612192.0959723,-78940622.0959723,78940622.0959723,0.09933741821916732
2025-11-01,2025-11-10,10,rolling28,803150509.0,869705623.2779713,-66555114.27797127,66555114.27797127,0.08286754914821484
2025-11-01,2025-11-11,11,rolling28,811031660.0,865260892.1093273,-54229232.10932732,54229232.10932732,0.06686450700251001
2025-11-01,2025-11-12,12,rolling28,800371284.0,860468757.0060893,-60097473.00608933,60097473.00608933,0.07508699300872135
2025-11-01,2025-11-13,13,rolling28,795412883.0,856215360.649164,-60802477.64916396,60802477.64916396,0.07644140414200956
2025-11-01,2025-11-14,14,rolling28,784929625.0,852028280.672348,-67098655.67234802,67098655.67234802,0.0854836580697894
2025-11-01,2025-11-15,15,rolling28,771969074.0,847581598.9106462,-75612524.9106462,75612524.9106462,0.09794760885802817
2025-11-01,2025-11-16,16,rolling28,748102925.0,842983593.6574548,-94880668.65745485,94880668.65745485,0.1268283620966391
2025-11-01,2025-11-17,17,rolling28,784946049.0,841061968.8952214,-56115919.89522135,56115919.89522135,0.07149016160628048
2025-11-01,2025-11-18,18,rolling28,802372785.0,840613315.9629078,-38240530.96290779,38240530.96290779,0.047659307092410653
2025-11-01,2025-11-19,19,rolling28,785536331.0,842226473.8544401,-56690142.85444009,56690142.85444009,0.07216743595076329
2025-11-01,2025-11-20,20,rolling28,789566797.0,844323184.4920987,-54756387.49209869,54756387.49209869,0.06934991149596009
2025-11-01,2025-11-21,21,rolling28,781713368.0,846508484.2239597,-64795116.223959684,64795116.223959684,0.08288858663084764
2025-11-01,2025-11-22,22,rolling28,777234266.0,848659315.6248151,-71425049.6248151,71425049.6248151,0.0918964239603084
2025-11-01,2025-11-23,23,rolling28,763587139.0,850849118.5399872,-87261979.5399872,87261979.5399872,0.11427900639377742
2025-11-01,2025-11-24,24,rolling28,787419759.0,853082681.4164153,-65662922.416415334,65662922.416415334,0.08338998566635579
2025-11-01,2025-11-25,25,rolling28,779113247.0,855394656.1812874,-76281409.18128741,76281409.18128741,0.09790798638710273
2025-11-01,2025-11-26,26,rolling28,779056661.0,857258265.1163332,-78201604.11633325,78201604.11633325,0.10037986712796138
2025-11-01,2025-11-27,27,rolling28,785923784.0,859595517.2633449,-73671733.26334488,73671733.26334488,0.09373903012374656
2025-11-01,2025-11-28,28,rolling28,793532772.0,861669509.9513216,-68136737.9513216,68136737.9513216,0.08586505857797339
2025-11-01,2025-11-29,29,rolling28,775439198.0,863636286.949583,-88197088.94958305,88197088.94958305,0.11373823915151508
2025-11-01,2025-11-30,30,rolling28,752415007.0,862437252.3278844,-110022245.32788444,110022245.32788444,0.14622547969445862
2025-11-01,2025-11-01,1,ridge_recursive,760921367.0,796589199.4278836,-35667832.427883625,35667832.427883625,0.04687453129159353
2025-11-01,2025-11-02,2,ridge_recursive,744828378.0,780132921.024401,-35304543.02440095,35304543.02440095,0.047399567561053575
2025-11-01,2025-11-03,3,ridge_recursive,780447693.0,795068913.6713133,-14621220.671313286,14621220.671313286,0.018734401808672252
2025-11-01,2025-11-04,4,ridge_recursive,782600645.0,799669811.8375148,-17069166.837514758,17069166.837514758,0.02181082643691759
2025-11-01,2025-11-05,5,ridge_recursive,784108702.0,796342473.8568175,-12233771.856817484,12233771.856817484,0.015602137593439798
2025-11-01,2025-11-06,6,ridge_recursive,789959014.0,796551261.828911,-6592247.828910947,6592247.828910947,0.008345050454618835
2025-11-01,2025-11-07,7,ridge_recursive,808798324.0,800245352.5020621,8552971.497937918,8552971.497937918,0.010574912489479785
2025-11-01,2025-11-08,8,ridge_recursive,816286170.0,793734765.8383943,22551404.161605716,22551404.161605716,0.02762683601708665
2025-11-01,2025-11-09,9,ridge_recursive,794671570.0,778993288.3853439,15678281.61465609,15678281.61465609,0.0197292594910072
2025-11-01,2025-11-10,10,ridge_recursive,803150509.0,792734435.5833054,10416073.416694641,10416073.416694641,0.012969018010912624
2025-11-01,2025-11-11,11,ridge_recursive,811031660.0,794567266.6183943,16464393.381605744,16464393.381605744,0.02030055569175406
2025-11-01,2025-11-12,12,ridge_recursive,800371284.0,789700456.2166833,10670827.783316731,10670827.783316731,0.013332347120185701
2025-11-01,2025-11-13,13,ridge_recursive,795412883.0,788849293.0226372,6563589.977362752,6563589.977362752,0.008251802450832006
2025-11-01,2025-11-14,14,ridge_recursive,784929625.0,791827760.275595,-6898135.27559495,6898135.27559495,0.008788221333339214
2025-11-01,2025-11-15,15,ridge_recursive,771969074.0,785370176.2749147,-13401102.274914742,13401102.274914742,0.017359636190445036
2025-11-01,2025-11-16,16,ridge_recursive,748102925.0,771391612.4967419,-23288687.49674189,23288687.49674189,0.031130325411763214
2025-11-01,2025-11-17,17,ridge_recursive,784946049.0,785916969.4543132,-970920.454313159,970920.454313159,0.0012369263537921943
2025-11-01,2025-11-18,18,ridge_recursive,802372785.0,789287877.0415407,13084907.958459258,13084907.958459258,0.016307766418646986
2025-11-01,2025-11-19,19,ridge_recursive,785536331.0,785216332.1523007,319998.84769928455,319998.84769928455,0.0004073635235838437
2025-11-01,2025-11-20,20,ridge_recursive,789566797.0,785333782.7812544,4233014.218745589,4233014.218745589,0.005361185696801267
2025-11-01,2025-11-21,21,ridge_recursive,781713368.0,789054197.6823498,-7340829.682349801,7340829.682349801,0.009390692270149078
2025-11-01,2025-11-22,22,ridge_recursive,777234266.0,782942319.791213,-5708053.791213036,5708053.791213036,0.007344058337249166
2025-11-01,2025-11-23,23,ridge_recursive,763587139.0,768573368.0384446,-4986229.038444638,4986229.038444638,0.006530006575247777
2025-11-01,2025-11-24,24,ridge_recursive,787419759.0,782437608.6209575,4982150.379042506,4982150.379042506,0.006327184861819687
2025-11-01,2025-11-25,25,ridge_recursive,779113247.0,784668745.3305597,-5555498.3305597305,5555498.3305597305,0.007130540203175021
2025-11-01,2025-11-26,26,ridge_recursive,779056661.0,779537488.9933593,-480827.9933593273,480827.9933593273,0.0006171925835819627
2025-11-01,2025-11-27,27,ridge_recursive,785923784.0,778982462.664657,6941321.335343003,6941321.335343003,0.008832054044750735
2025-11-01,2025-11-28,28,ridge_recursive,793532772.0,782139274.6550646,11393497.344935417,11393497.344935417,0.014357941785087884
2025-11-01,2025-11-29,29,ridge_recursive,775439198.0,775632970.3811488,-193772.38114881516,193772.38114881516,0.000249887266014653
2025-11-01,2025-11-30,30,ridge_recursive,752415007.0,760734192.1020994,-8319185.102099419,8319185.102099419,0.011056644304941965
2025-12-01,2025-12-01,1,naive_yesterday,752093794.0,752415007.0,-321213.0,321213.0,0.000427091677344701
2025-12-01,2025-12-02,2,naive_yesterday,774181582.0,752415007.0,21766575.0,21766575.0,0.028115593946020794
2025-12-01,2025-12-03,3,naive_yesterday,779128904.0,752415007.0,26713897.0,26713897.0,0.034286877130154575
2025-12-01,2025-12-04,4,naive_yesterday,780611840.0,752415007.0,28196833.0,28196833.0,0.03612145186012039
2025-12-01,2025-12-05,5,naive_yesterday,790342731.0,752415007.0,37927724.0,37927724.0,0.04798895784365732
2025-12-01,2025-12-06,6,naive_yesterday,783475966.0,752415007.0,31060959.0,31060959.0,0.03964506934217814
2025-12-01,2025-12-07,7,naive_yesterday,769662376.0,752415007.0,17247369.0,17247369.0,0.02240900625756975
2025-12-01,2025-12-08,8,naive_yesterday,781993536.0,752415007.0,29578529.0,29578529.0,0.037824518539242756
2025-12-01,2025-12-09,9,naive_yesterday,790459836.0,752415007.0,38044829.0,38044829.0,0.04812999632279862
2025-12-01,2025-12-10,10,naive_yesterday,793331038.0,752415007.0,40916031.0,40916031.0,0.05157497821231091
2025-12-01,2025-12-11,11,naive_yesterday,792303023.0,752415007.0,39888016.0,39888016.0,0.050344394558747
2025-12-01,2025-12-12,12,naive_yesterday,805771337.0,752415007.0,53356330.0,53356330.0,0.06621770662462767
2025-12-01,2025-12-13,13,naive_yesterday,805919635.0,752415007.0,53504628.0,53504628.0,0.06638953274788993
2025-12-01,2025-12-14,14,naive_yesterday,775261923.0,752415007.0,22846916.0,22846916.0,0.029469931802648328
2025-12-01,2025-12-15,15,naive_yesterday,800205024.0,752415007.0,47790017.0,47790017.0,0.059722215640575636
2025-12-01,2025-12-16,16,naive_yesterday,791223092.0,752415007.0,38808085.0,38808085.0,0.049048220903037044
2025-12-01,2025-12-17,17,naive_yesterday,797873177.0,752415007.0,45458170.0,45458170.0,0.05697417999552578
2025-12-01,2025-12-18,18,naive_yesterday,807913091.0,752415007.0,55498084.0,55498084.0,0.0686931362026909
2025-12-01,2025-12-19,19,naive_yesterday,813412227.0,752415007.0,60997220.0,60997220.0,0.07498930797360635
2025-12-01,2025-12-20,20,naive_yesterday,800554656.0,752415007.0,48139649.0,48139649.0,0.06013286992862109
2025-12-01,2025-12-21,21,naive_yesterday,775722494.0,752415007.0,23307487.0,23307487.0,0.030046166226037015
2025-12-01,2025-12-22,22,naive_yesterday,800416947.0,752415007.0,48001940.0,48001940.0,0.05997116900124805
2025-12-01,2025-12-23,23,naive_yesterday,805434213.0,752415007.0,53019206.0,53019206.0,0.0658268610201191
2025-12-01,2025-12-24,24,naive_yesterday,803732375.0,752415007.0,51317368.0,51317368.0,0.06384882530083474
2025-12-01,2025-12-25,25,naive_yesterday,824337857.0,752415007.0,71922850.0,71922850.0,0.0872492381482366
2025-12-01,2025-12-26,26,naive_yesterday,812520530.0,752415007.0,60105523.0,60105523.0,0.07397415915140015
2025-12-01,2025-12-27,27,naive_yesterday,813024286.0,752415007.0,60609279.0,60609279.0,0.07454793176990042
2025-12-01,2025-12-28,28,naive_yesterday,798511867.0,752415007.0,46096860.0,46096860.0,0.05772845953208608
2025-12-01,2025-12-29,29,naive_yesterday,801303829.0,752415007.0,48888822.0,48888822.0,0.06101159164684336
2025-12-01,2025-12-30,30,naive_yesterday,799723069.0,752415007.0,47308062.0,47308062.0,0.05915555500875516
2025-12-01,2025-12-01,1,seasonal_week,752093794.0,787419759.0,-35325965.0,35325965.0,0.046970158884198955
2025-12-01,2025-12-02,2,seasonal_week,774181582.0,779113247.0,-4931665.0,4931665.0,0.0063701657526644695
2025-12-01,2025-12-03,3,seasonal_week,779128904.0,779056661.0,72243.0,72243.0,9.272278262185996e-05
2025-12-01,2025-12-04,4,seasonal_week,780611840.0,785923784.0,-5311944.0,5311944.0,0.006804846823742771
2025-12-01,2025-12-05,5,seasonal_week,790342731.0,793532772.0,-3190041.0,3190041.0,0.00403627549780046
2025-12-01,2025-12-06,6,seasonal_week,783475966.0,775439198.0,8036768.0,8036768.0,0.010257836039350822
2025-12-01,2025-12-07,7,seasonal_week,769662376.0,752415007.0,17247369.0,17247369.0,0.02240900625756975
2025-12-01,2025-12-08,8,seasonal_week,781993536.0,787419759.0,-5426223.0,5426223.0,0.006938961449420472
2025-12-01,2025-12-09,9,seasonal_week,790459836.0,779113247.0,11346589.0,11346589.0,0.01435441559866933
2025-12-01,2025-12-10,10,seasonal_week,793331038.0,779056661.0,14274377.0,14274377.0,0.01799296424350915
2025-12-01,2025-12-11,11,seasonal_week,792303023.0,785923784.0,6379239.0,6379239.0,0.008051514149025277
2025-12-01,2025-12-12,12,seasonal_week,805771337.0,793532772.0,12238565.0,12238565.0,0.015188632851555502
2025-12-01,2025-12-13,13,seasonal_week,805919635.0,775439198.0,30480437.0,30480437.0,0.037820690396754016
2025-12-01,2025-12-14,14,seasonal_week,775261923.0,752415007.0,22846916.0,22846916.0,0.029469931802648328
2025-12-01,2025-12-15,15,seasonal_week,800205024.0,787419759.0,12785265.0,12785265.0,0.01597748653974959
2025-12-01,2025-12-16,16,seasonal_week,791223092.0,779113247.0,12109845.0,12109845.0,0.015305221905732752
2025-12-01,2025-12-17,17,seasonal_week,797873177.0,779056661.0,18816516.0,18816516.0,0.023583341992708697
2025-12-01,2025-12-18,18,seasonal_week,807913091.0,785923784.0,21989307.0,21989307.0,0.027217416384208583
2025-12-01,2025-12-19,19,seasonal_week,813412227.0,793532772.0,19879455.0,19879455.0,0.024439582219360958
2025-12-01,2025-12-20,20,seasonal_week,800554656.0,775439198.0,25115458.0,25115458.0,0.03137257126888785
2025-12-01,2025-12-21,21,seasonal_week,775722494.0,752415007.0,23307487.0,23307487.0,0.030046166226037015
2025-12-01,2025-12-22,22,seasonal_week,800416947.0,787419759.0,12997188.0,12997188.0,0.016238022006797914
2025-12-01,2025-12-23,23,seasonal_week,805434213.0,779113247.0,26320966.0,26320966.0,0.032679225162241775
2025-12-01,2025-12-24,24,seasonal_week,803732375.0,779056661.0,24675714.0,24675714.0,0.03070140604949502
2025-12-01,2025-12-25,25,seasonal_week,824337857.0,785923784.0,38414073.0,38414073.0,0.046599913705042906
2025-12-01,2025-12-26,26,seasonal_week,812520530.0,793532772.0,18987758.0,18987758.0,0.023368957828056355
2025-12-01,2025-12-27,27,seasonal_week,813024286.0,775439198.0,37585088.0,37585088.0,0.046228739592657137
2025-12-01,2025-12-28,28,seasonal_week,798511867.0,752415007.0,46096860.0,46096860.0,0.05772845953208608
2025-12-01,2025-12-29,29,seasonal_week,801303829.0,787419759.0,13884070.0,13884070.0,0.017326848440655587
2025-12-01,2025-12-30,30,seasonal_week,799723069.0,779113247.0,20609822.0,20609822.0,0.025771198554733702
2025-12-01,2025-12-01,1,rolling7,752093794.0,778985775.4285715,-26891981.428571463,26891981.428571463,0.035756153877492924
2025-12-01,2025-12-02,2,rolling7,774181582.0,777780920.6326531,-3599338.632653117,3599338.632653117,0.004649217594862799
2025-12-01,2025-12-03,3,rolling7,779128904.0,777590588.2944607,1538315.7055393457,1538315.7055393457,0.001974404617312652
2025-12-01,2025-12-04,4,rolling7,780611840.0,777381149.3365265,3230690.663473487,3230690.663473487,0.00413866469598192
2025-12-01,2025-12-05,5,rolling7,790342731.0,776160772.9560302,14181958.04396975,14181958.04396975,0.017944060832982788
2025-12-01,2025-12-06,6,rolling7,783475966.0,773679058.8068917,9796907.19310832,9796907.19310832,0.012504413176993766
2025-12-01,2025-12-07,7,rolling7,769662376.0,773427610.3507334,-3765234.3507333994,3765234.3507333994,0.004892059776004173
2025-12-01,2025-12-08,8,rolling7,781993536.0,776429410.8294096,5564125.170590401,5564125.170590401,0.0071153083937901
2025-12-01,2025-12-09,9,rolling7,790459836.0,776064215.8866723,14395620.113327742,14395620.113327742,0.018211703438563754
2025-12-01,2025-12-10,10,rolling7,793331038.0,775818972.3515321,17512065.6484679,17512065.6484679,0.022074096196483237
2025-12-01,2025-12-11,11,rolling7,792303023.0,775565884.3596851,16737138.640314937,16737138.640314937,0.021124668408989442
2025-12-01,2025-12-12,12,rolling7,805771337.0,775306560.7915648,30464776.208435178,30464776.208435178,0.037808215320564546
2025-12-01,2025-12-13,13,rolling7,805919635.0,775184530.4823555,30735104.517644525,30735104.517644525,0.03813668656632807
2025-12-01,2025-12-14,14,rolling7,775261923.0,775399597.8645647,-137674.8645646572,137674.8645646572,0.00017758496900234996
2025-12-01,2025-12-15,15,rolling7,800205024.0,775681310.3665407,24523713.63345933,24523713.63345933,0.0306467878830255
2025-12-01,2025-12-16,16,rolling7,791223092.0,775574438.8718451,15648653.128154874,15648653.128154874,0.019777801338683468
2025-12-01,2025-12-17,17,rolling7,797873177.0,775504470.7268697,22368706.273130298,22368706.273130298,0.02803541580033627
2025-12-01,2025-12-18,18,rolling7,807913091.0,775459541.9233465,32453549.07665348,32453549.07665348,0.04016960417918699
2025-12-01,2025-12-19,19,rolling7,813412227.0,775444350.1467267,37967876.85327327,37967876.85327327,0.046677288087130356
2025-12-01,2025-12-20,20,rolling7,800554656.0,775464034.3403213,25090621.659678698,25090621.659678698,0.0313415473529876
2025-12-01,2025-12-21,21,rolling7,775722494.0,775503963.4628879,218530.5371121168,218530.5371121168,0.000281712260250786
2025-12-01,2025-12-22,22,rolling7,800416947.0,775518872.8340768,24898074.165923238,24898074.165923238,0.03110638056733104
2025-12-01,2025-12-23,23,rolling7,805434213.0,775495667.4722964,29938545.527703643,29938545.527703643,0.03717069010042617
2025-12-01,2025-12-24,24,rolling7,803732375.0,775484414.415218,28247960.584782004,28247960.584782004,0.03514597826768146
2025-12-01,2025-12-25,25,rolling7,824337857.0,775481549.2278392,48856307.77216077,48856307.77216077,0.059267334815803284
2025-12-01,2025-12-26,26,rolling7,812520530.0,775484693.1284809,37035836.87151909,37035836.87151909,0.04558141672004163
2025-12-01,2025-12-27,27,rolling7,813024286.0,775490456.4115887,37533829.58841133,37533829.58841133,0.04616569299925111
2025-12-01,2025-12-28,28,rolling7,798511867.0,775494230.9931983,23017636.006801724,23017636.006801724,0.02882566553867098
2025-12-01,2025-12-29,29,rolling7,801303829.0,775492840.6403855,25810988.35961449,25810988.35961449,0.03221123801670302
2025-12-01,2025-12-30,30,rolling7,799723069.0,775489121.7555724,24233947.24442756,24233947.24442756,0.030302923829283162
2025-12-01,2025-12-01,1,rolling28,752093794.0,786060615.75,-33966821.75,33966821.75,0.04516301293931432
2025-12-01,2025-12-02,2,rolling28,774181582.0,786261077.2767857,-12079495.276785731,12079495.276785731,0.015602922567054471
2025-12-01,2025-12-03,3,rolling28,779128904.0,786391807.0009567,-7262903.000956655,7262903.000956655,0.009321824621919885
2025-12-01,2025-12-04,4,rolling28,780611840.0,786473346.4652766,-5861506.465276599,5861506.465276599,0.007508861850310391
2025-12-01,2025-12-05,5,rolling28,790342731.0,786348858.3390363,3993872.6609636545,3993872.6609636545,0.0050533426883173985
2025-12-01,2025-12-06,6,rolling28,783475966.0,785547091.7082876,-2071125.7082875967,2071125.7082875967,0.0026435089245451042
2025-12-01,2025-12-07,7,rolling28,769662376.0,784449267.4835836,-14786891.48358357,14786891.48358357,0.019212179190091487
2025-12-01,2025-12-08,8,rolling28,781993536.0,784084185.2508544,-2090649.250854373,2090649.250854373,0.002673486614158372
2025-12-01,2025-12-09,9,rolling28,790459836.0,783403245.1169565,7056590.883043528,7056590.883043528,0.008927197261219896
2025-12-01,2025-12-10,10,rolling28,793331038.0,782416516.0139905,10914521.986009479,10914521.986009479,0.01375784062794916
2025-12-01,2025-12-11,11,rolling28,792303023.0,781775274.3002046,10527748.699795365,10527748.699795365,0.01328752812267809
2025-12-01,2025-12-12,12,rolling28,805771337.0,781288216.8466405,24483120.153359532,24483120.153359532,0.030384699764220494
2025-12-01,2025-12-13,13,rolling28,805919635.0,781158166.5554491,24761468.44455087,24761468.44455087,0.03072448835987334
2025-12-01,2025-12-14,14,rolling28,775261923.0,781486348.4324296,-6224425.432429552,6224425.432429552,0.008028803231226863
2025-12-01,2025-12-15,15,rolling28,800205024.0,782678613.5550163,17526410.44498372,17526410.44498372,0.021902399909180924
2025-12-01,2025-12-16,16,rolling28,791223092.0,782597633.7176954,8625458.282304645,8625458.282304645,0.010901423845582915
2025-12-01,2025-12-17,17,rolling28,797873177.0,781891378.314756,15981798.685243964,15981798.685243964,0.020030500016726297
2025-12-01,2025-12-18,18,rolling28,807913091.0,781761201.43314,26151889.56685996,26151889.56685996,0.03236968166277672
2025-12-01,2025-12-19,19,rolling28,813412227.0,781482430.162895,31929796.837105036,31929796.837105036,0.039254139263270545
2025-12-01,2025-12-20,20,rolling28,800554656.0,781474182.3829983,19080473.617001653,19080473.617001653,0.023834067385652247
2025-12-01,2025-12-21,21,rolling28,775722494.0,781625607.9681054,-5903113.968105435,5903113.968105435,0.007609826985506283
2025-12-01,2025-12-22,22,rolling28,800416947.0,782269839.0026808,18147107.99731922,18147107.99731922,0.02267206868287263
2025-12-01,2025-12-23,23,rolling28,805434213.0,782085913.2884907,23348299.711509347,23348299.711509347,0.02898846278772286
2025-12-01,2025-12-24,24,rolling28,803732375.0,782192079.9416511,21540295.058348894,21540295.058348894,0.026800332708196425
2025-12-01,2025-12-25,25,rolling28,824337857.0,782304059.1895672,42033797.81043279,42033797.81043279,0.05099098319153477
2025-12-01,2025-12-26,26,rolling28,812520530.0,782174783.3034803,30345746.696519732,30345746.696519732,0.03734766762941945
2025-12-01,2025-12-27,27,rolling28,813024286.0,781769140.850033,31255145.149966955,31255145.149966955,0.038443064602337054
2025-12-01,2025-12-28,28,rolling28,798511867.0,781995210.2375344,16516656.762465596,16516656.762465596,0.020684297184609776
2025-12-01,2025-12-29,29,rolling28,801303829.0,783051646.0674464,18252182.93255365,18252182.93255365,0.022778105222998564
2025-12-01,2025-12-30,30,rolling28,799723069.0,782944182.864498,16778886.13550198,16778886.13550198,0.020980870486183238
2025-12-01,2025-12-01,1,ridge_recursive,752093794.0,766926623.3839012,-14832829.383901238,14832829.383901238,0.01972204730611198
2025-12-01,2025-12-02,2,ridge_recursive,774181582.0,769725302.7790937,4456279.220906258,4456279.220906258,0.005756116296895136
2025-12-01,2025-12-03,3,ridge_recursive,779128904.0,765808844.7995102,13320059.20048976,13320059.20048976,0.017096091714869508
2025-12-01,2025-12-04,4,ridge_recursive,780611840.0,765820105.6411184,14791734.358881593,14791734.358881593,0.01894889828840105
2025-12-01,2025-12-05,5,ridge_recursive,790342731.0,768832713.3117486,21510017.688251376,21510017.688251376,0.027216063164186143
2025-12-01,2025-12-06,6,ridge_recursive,783475966.0,761581457.2956148,21894508.70438516,21894508.70438516,0.02794534823597277
2025-12-01,2025-12-07,7,ridge_recursive,769662376.0,746646956.1981664,23015419.80183363,23015419.80183363,0.02990326735398799
2025-12-01,2025-12-08,8,ridge_recursive,781993536.0,760678478.8979495,21315057.102050543,21315057.102050543,0.02725733157729138
2025-12-01,2025-12-09,9,ridge_recursive,790459836.0,763058305.7956339,27401530.204366088,27401530.204366088,0.03466530360736265
2025-12-01,2025-12-10,10,ridge_recursive,793331038.0,757941578.6057972,35389459.39420283,35389459.39420283,0.04460869132691469
2025-12-01,2025-12-11,11,ridge_recursive,792303023.0,757111197.3790616,35191825.62093842,35191825.62093842,0.04441712905207282
2025-12-01,2025-12-12,12,ridge_recursive,805771337.0,760084976.8051159,45686360.19488406,45686360.19488406,0.05669891456424946
2025-12-01,2025-12-13,13,ridge_recursive,805919635.0,753477008.469205,52442626.53079498,52442626.53079498,0.0650717816681498
2025-12-01,2025-12-14,14,ridge_recursive,775261923.0,739491244.4133062,35770678.586693764,35770678.586693764,0.046140120552126955
2025-12-01,2025-12-15,15,ridge_recursive,800205024.0,753959546.8194236,46245477.18057644,46245477.18057644,0.0577920355328542
2025-12-01,2025-12-16,16,ridge_recursive,791223092.0,756056504.5930904,35166587.406909585,35166587.406909585,0.044445855742174904
2025-12-01,2025-12-17,17,ridge_recursive,797873177.0,751211151.631749,46662025.368250966,46662025.368250966,0.058483010475048176
2025-12-01,2025-12-18,18,ridge_recursive,807913091.0,751069971.1854526,56843119.81454742,56843119.81454742,0.0703579635579236
2025-12-01,2025-12-19,19,ridge_recursive,813412227.0,754956210.3354704,58456016.66452956,58456016.66452956,0.07186518068473731
2025-12-01,2025-12-20,20,ridge_recursive,800554656.0,748519102.7304481,52035553.26955187,52035553.26955187,0.0649993762194194
2025-12-01,2025-12-21,21,ridge_recursive,775722494.0,733822116.9027416,41900377.09725845,41900377.09725845,0.0540146475335527
2025-12-01,2025-12-22,22,ridge_recursive,800416947.0,748168522.7780885,52248424.22191155,52248424.22191155,0.06527650922152645
2025-12-01,2025-12-23,23,ridge_recursive,805434213.0,750709777.0809687,54724435.91903126,54724435.91903126,0.06794401707272803
2025-12-01,2025-12-24,24,ridge_recursive,803732375.0,745922633.0681934,57809741.931806564,57809741.931806564,0.07192660608179005
2025-12-01,2025-12-25,25,ridge_recursive,824337857.0,745368473.084915,78969383.91508496,78969383.91508496,0.09579735207415685
2025-12-01,2025-12-26,26,ridge_recursive,812520530.0,747964349.888271,64556180.111729026,64556180.111729026,0.07945175257507528
2025-12-01,2025-12-27,27,ridge_recursive,813024286.0,740753996.4899473,72270289.51005268,72270289.51005268,0.0888906896811354
2025-12-01,2025-12-28,28,ridge_recursive,798511867.0,725763919.6590366,72747947.34096336,72747947.34096336,0.09110440351284518
2025-12-01,2025-12-29,29,ridge_recursive,801303829.0,740057669.7158033,61246159.284196734,61246159.284196734,0.07643312944183714
2025-12-01,2025-12-30,30,ridge_recursive,799723069.0,741983267.4001571,57739801.599842906,57739801.599842906,0.07219974493425912
