日期,合计,target_name,model,prediction,大工业电量,居民生活,商业用电,制造业,工业
2025-10-01,893877447.0,合计,naive_yesterday,997716787.0,,,,,
2025-10-02,877524402.0,合计,naive_yesterday,893877447.0,,,,,
2025-10-03,906128774.0,合计,naive_yesterday,877524402.0,,,,,
2025-10-04,947397946.0,合计,naive_yesterday,906128774.0,,,,,
2025-10-05,967898095.0,合计,naive_yesterday,947397946.0,,,,,
2025-10-06,909397624.0,合计,naive_yesterday,967898095.0,,,,,
2025-10-07,958058211.0,合计,naive_yesterday,909397624.0,,,,,
2025-10-08,1002652065.0,合计,naive_yesterday,958058211.0,,,,,
2025-10-09,1006596066.0,合计,naive_yesterday,1002652065.0,,,,,
2025-10-10,988218980.0,合计,naive_yesterday,1006596066.0,,,,,
2025-10-11,993216057.0,合计,naive_yesterday,988218980.0,,,,,
2025-10-12,982996119.0,合计,naive_yesterday,993216057.0,,,,,
2025-10-13,994158096.0,合计,naive_yesterday,982996119.0,,,,,
2025-10-14,999440675.0,合计,naive_yesterday,994158096.0,,,,,
2025-10-15,979563855.0,合计,naive_yesterday,999440675.0,,,,,
2025-10-16,973453600.0,合计,naive_yesterday,979563855.0,,,,,
2025-10-17,976535370.0,合计,naive_yesterday,973453600.0,,,,,
2025-10-18,976325746.0,合计,naive_yesterday,976535370.0,,,,,
2025-10-19,896789087.0,合计,naive_yesterday,976325746.0,,,,,
2025-10-20,853624251.0,合计,naive_yesterday,896789087.0,,,,,
2025-10-21,795444895.0,合计,naive_yesterday,853624251.0,,,,,
2025-10-22,783518576.0,合计,naive_yesterday,795444895.0,,,,,
2025-10-23,783134792.0,合计,naive_yesterday,783518576.0,,,,,
2025-10-24,786285205.0,合计,naive_yesterday,783134792.0,,,,,
2025-10-25,787344834.0,合计,naive_yesterday,786285205.0,,,,,
2025-10-26,788309358.0,合计,naive_yesterday,787344834.0,,,,,
2025-10-27,788347388.0,合计,naive_yesterday,788309358.0,,,,,
2025-10-28,803213606.0,合计,naive_yesterday,788347388.0,,,,,
2025-10-29,791815205.0,合计,naive_yesterday,803213606.0,,,,,
2025-10-30,801523722.0,合计,naive_yesterday,791815205.0,,,,,
2025-10-31,806599754.0,合计,naive_yesterday,801523722.0,,,,,
2025-11-01,760921367.0,合计,naive_yesterday,806599754.0,,,,,
2025-11-02,744828378.0,合计,naive_yesterday,760921367.0,,,,,
2025-11-03,780447693.0,合计,naive_yesterday,744828378.0,,,,,
2025-11-04,782600645.0,合计,naive_yesterday,780447693.0,,,,,
2025-11-05,784108702.0,合计,naive_yesterday,782600645.0,,,,,
2025-11-06,789959014.0,合计,naive_yesterday,784108702.0,,,,,
2025-11-07,808798324.0,合计,naive_yesterday,789959014.0,,,,,
2025-11-08,816286170.0,合计,naive_yesterday,808798324.0,,,,,
2025-11-09,794671570.0,合计,naive_yesterday,816286170.0,,,,,
2025-11-10,803150509.0,合计,naive_yesterday,794671570.0,,,,,
2025-11-11,811031660.0,合计,naive_yesterday,803150509.0,,,,,
2025-11-12,800371284.0,合计,naive_yesterday,811031660.0,,,,,
2025-11-13,795412883.0,合计,naive_yesterday,800371284.0,,,,,
2025-11-14,784929625.0,合计,naive_yesterday,795412883.0,,,,,
2025-11-15,771969074.0,合计,naive_yesterday,784929625.0,,,,,
2025-11-16,748102925.0,合计,naive_yesterday,771969074.0,,,,,
2025-11-17,784946049.0,合计,naive_yesterday,748102925.0,,,,,
2025-11-18,802372785.0,合计,naive_yesterday,784946049.0,,,,,
2025-11-19,785536331.0,合计,naive_yesterday,802372785.0,,,,,
2025-11-20,789566797.0,合计,naive_yesterday,785536331.0,,,,,
2025-11-21,781713368.0,合计,naive_yesterday,789566797.0,,,,,
2025-11-22,777234266.0,合计,naive_yesterday,781713368.0,,,,,
2025-11-23,763587139.0,合计,naive_yesterday,777234266.0,,,,,
2025-11-24,787419759.0,合计,naive_yesterday,763587139.0,,,,,
2025-11-25,779113247.0,合计,naive_yesterday,787419759.0,,,,,
2025-11-26,779056661.0,合计,naive_yesterday,779113247.0,,,,,
2025-11-27,785923784.0,合计,naive_yesterday,779056661.0,,,,,
2025-11-28,793532772.0,合计,naive_yesterday,785923784.0,,,,,
2025-11-29,775439198.0,合计,naive_yesterday,793532772.0,,,,,
2025-11-30,752415007.0,合计,naive_yesterday,775439198.0,,,,,
2025-12-01,752093794.0,合计,naive_yesterday,752415007.0,,,,,
2025-12-02,774181582.0,合计,naive_yesterday,752093794.0,,,,,
2025-12-03,779128904.0,合计,naive_yesterday,774181582.0,,,,,
2025-12-04,780611840.0,合计,naive_yesterday,779128904.0,,,,,
2025-12-05,790342731.0,合计,naive_yesterday,780611840.0,,,,,
2025-12-06,783475966.0,合计,naive_yesterday,790342731.0,,,,,
2025-12-07,769662376.0,合计,naive_yesterday,783475966.0,,,,,
2025-12-08,781993536.0,合计,naive_yesterday,769662376.0,,,,,
2025-12-09,790459836.0,合计,naive_yesterday,781993536.0,,,,,
2025-12-10,793331038.0,合计,naive_yesterday,790459836.0,,,,,
2025-12-11,792303023.0,合计,naive_yesterday,793331038.0,,,,,
2025-12-12,805771337.0,合计,naive_yesterday,792303023.0,,,,,
2025-12-13,805919635.0,合计,naive_yesterday,805771337.0,,,,,
2025-12-14,775261923.0,合计,naive_yesterday,805919635.0,,,,,
2025-12-15,800205024.0,合计,naive_yesterday,775261923.0,,,,,
2025-12-16,791223092.0,合计,naive_yesterday,800205024.0,,,,,
2025-12-17,797873177.0,合计,naive_yesterday,791223092.0,,,,,
2025-12-18,807913091.0,合计,naive_yesterday,797873177.0,,,,,
2025-12-19,813412227.0,合计,naive_yesterday,807913091.0,,,,,
2025-12-20,800554656.0,合计,naive_yesterday,813412227.0,,,,,
2025-12-21,775722494.0,合计,naive_yesterday,800554656.0,,,,,
2025-12-22,800416947.0,合计,naive_yesterday,775722494.0,,,,,
2025-12-23,805434213.0,合计,naive_yesterday,800416947.0,,,,,
2025-12-24,803732375.0,合计,naive_yesterday,805434213.0,,,,,
2025-12-25,824337857.0,合计,naive_yesterday,803732375.0,,,,,
2025-12-26,812520530.0,合计,naive_yesterday,824337857.0,,,,,
2025-12-27,813024286.0,合计,naive_yesterday,812520530.0,,,,,
2025-12-28,798511867.0,合计,naive_yesterday,813024286.0,,,,,
2025-12-29,801303829.0,合计,naive_yesterday,798511867.0,,,,,
2025-12-30,799723069.0,合计,naive_yesterday,801303829.0,,,,,
2025-12-31,783373686.0,合计,naive_yesterday,799723069.0,,,,,
2026-01-01,707758012.0,合计,naive_yesterday,783373686.0,,,,,
2026-01-02,741910307.0,合计,naive_yesterday,707758012.0,,,,,
2026-01-03,801935633.0,合计,naive_yesterday,741910307.0,,,,,
2026-01-04,820839320.0,合计,naive_yesterday,801935633.0,,,,,
2026-01-05,819629944.0,合计,naive_yesterday,820839320.0,,,,,
2026-01-06,848208043.0,合计,naive_yesterday,819629944.0,,,,,
2026-01-07,836618404.0,合计,naive_yesterday,848208043.0,,,,,
2026-01-08,845715705.0,合计,naive_yesterday,836618404.0,,,,,
2026-01-09,845779172.0,合计,naive_yesterday,845715705.0,,,,,
2025-10-01,893877447.0,合计,seasonal_week,933485851.0,,,,,
2025-10-02,877524402.0,合计,seasonal_week,957675282.0,,,,,
2025-10-03,906128774.0,合计,seasonal_week,971714796.0,,,,,
2025-10-04,947397946.0,合计,seasonal_week,976790766.0,,,,,
2025-10-05,967898095.0,合计,seasonal_week,998238254.0,,,,,
2025-10-06,909397624.0,合计,seasonal_week,1021699613.0,,,,,
2025-10-07,958058211.0,合计,seasonal_week,997716787.0,,,,,
2025-10-08,1002652065.0,合计,seasonal_week,893877447.0,,,,,
2025-10-09,1006596066.0,合计,seasonal_week,877524402.0,,,,,
2025-10-10,988218980.0,合计,seasonal_week,906128774.0,,,,,
2025-10-11,993216057.0,合计,seasonal_week,947397946.0,,,,,
2025-10-12,982996119.0,合计,seasonal_week,967898095.0,,,,,
2025-10-13,994158096.0,合计,seasonal_week,909397624.0,,,,,
2025-10-14,999440675.0,合计,seasonal_week,958058211.0,,,,,
2025-10-15,979563855.0,合计,seasonal_week,1002652065.0,,,,,
2025-10-16,973453600.0,合计,seasonal_week,1006596066.0,,,,,
2025-10-17,976535370.0,合计,seasonal_week,988218980.0,,,,,
2025-10-18,976325746.0,合计,seasonal_week,993216057.0,,,,,
2025-10-19,896789087.0,合计,seasonal_week,982996119.0,,,,,
2025-10-20,853624251.0,合计,seasonal_week,994158096.0,,,,,
2025-10-21,795444895.0,合计,seasonal_week,999440675.0,,,,,
2025-10-22,783518576.0,合计,seasonal_week,979563855.0,,,,,
2025-10-23,783134792.0,合计,seasonal_week,973453600.0,,,,,
2025-10-24,786285205.0,合计,seasonal_week,976535370.0,,,,,
2025-10-25,787344834.0,合计,seasonal_week,976325746.0,,,,,
2025-10-26,788309358.0,合计,seasonal_week,896789087.0,,,,,
2025-10-27,788347388.0,合计,seasonal_week,853624251.0,,,,,
2025-10-28,803213606.0,合计,seasonal_week,795444895.0,,,,,
2025-10-29,791815205.0,合计,seasonal_week,783518576.0,,,,,
2025-10-30,801523722.0,合计,seasonal_week,783134792.0,,,,,
2025-10-31,806599754.0,合计,seasonal_week,786285205.0,,,,,
2025-11-01,760921367.0,合计,seasonal_week,787344834.0,,,,,
2025-11-02,744828378.0,合计,seasonal_week,788309358.0,,,,,
2025-11-03,780447693.0,合计,seasonal_week,788347388.0,,,,,
2025-11-04,782600645.0,合计,seasonal_week,803213606.0,,,,,
2025-11-05,784108702.0,合计,seasonal_week,791815205.0,,,,,
2025-11-06,789959014.0,合计,seasonal_week,801523722.0,,,,,
2025-11-07,808798324.0,合计,seasonal_week,806599754.0,,,,,
2025-11-08,816286170.0,合计,seasonal_week,760921367.0,,,,,
2025-11-09,794671570.0,合计,seasonal_week,744828378.0,,,,,
2025-11-10,803150509.0,合计,seasonal_week,780447693.0,,,,,
2025-11-11,811031660.0,合计,seasonal_week,782600645.0,,,,,
2025-11-12,800371284.0,合计,seasonal_week,784108702.0,,,,,
2025-11-13,795412883.0,合计,seasonal_week,789959014.0,,,,,
2025-11-14,784929625.0,合计,seasonal_week,808798324.0,,,,,
2025-11-15,771969074.0,合计,seasonal_week,816286170.0,,,,,
2025-11-16,748102925.0,合计,seasonal_week,794671570.0,,,,,
2025-11-17,784946049.0,合计,seasonal_week,803150509.0,,,,,
2025-11-18,802372785.0,合计,seasonal_week,811031660.0,,,,,
2025-11-19,785536331.0,合计,seasonal_week,800371284.0,,,,,
2025-11-20,789566797.0,合计,seasonal_week,795412883.0,,,,,
2025-11-21,781713368.0,合计,seasonal_week,784929625.0,,,,,
2025-11-22,777234266.0,合计,seasonal_week,771969074.0,,,,,
2025-11-23,763587139.0,合计,seasonal_week,748102925.0,,,,,
2025-11-24,787419759.0,合计,seasonal_week,784946049.0,,,,,
2025-11-25,779113247.0,合计,seasonal_week,802372785.0,,,,,
2025-11-26,779056661.0,合计,seasonal_week,785536331.0,,,,,
2025-11-27,785923784.0,合计,seasonal_week,789566797.0,,,,,
2025-11-28,793532772.0,合计,seasonal_week,781713368.0,,,,,
2025-11-29,775439198.0,合计,seasonal_week,777234266.0,,,,,
2025-11-30,752415007.0,合计,seasonal_week,763587139.0,,,,,
2025-12-01,752093794.0,合计,seasonal_week,787419759.0,,,,,
2025-12-02,774181582.0,合计,seasonal_week,779113247.0,,,,,
2025-12-03,779128904.0,合计,seasonal_week,779056661.0,,,,,
2025-12-04,780611840.0,合计,seasonal_week,785923784.0,,,,,
2025-12-05,790342731.0,合计,seasonal_week,793532772.0,,,,,
2025-12-06,783475966.0,合计,seasonal_week,775439198.0,,,,,
2025-12-07,769662376.0,合计,seasonal_week,752415007.0,,,,,
2025-12-08,781993536.0,合计,seasonal_week,752093794.0,,,,,
2025-12-09,790459836.0,合计,seasonal_week,774181582.0,,,,,
2025-12-10,793331038.0,合计,seasonal_week,779128904.0,,,,,
2025-12-11,792303023.0,合计,seasonal_week,780611840.0,,,,,
2025-12-12,805771337.0,合计,seasonal_week,790342731.0,,,,,
2025-12-13,805919635.0,合计,seasonal_week,783475966.0,,,,,
2025-12-14,775261923.0,合计,seasonal_week,769662376.0,,,,,
2025-12-15,800205024.0,合计,seasonal_week,781993536.0,,,,,
2025-12-16,791223092.0,合计,seasonal_week,790459836.0,,,,,
2025-12-17,797873177.0,合计,seasonal_week,793331038.0,,,,,
2025-12-18,807913091.0,合计,seasonal_week,792303023.0,,,,,
2025-12-19,813412227.0,合计,seasonal_week,805771337.0,,,,,
2025-12-20,800554656.0,合计,seasonal_week,805919635.0,,,,,
2025-12-21,775722494.0,合计,seasonal_week,775261923.0,,,,,
2025-12-22,800416947.0,合计,seasonal_week,800205024.0,,,,,
2025-12-23,805434213.0,合计,seasonal_week,791223092.0,,,,,
2025-12-24,803732375.0,合计,seasonal_week,797873177.0,,,,,
2025-12-25,824337857.0,合计,seasonal_week,807913091.0,,,,,
2025-12-26,812520530.0,合计,seasonal_week,813412227.0,,,,,
2025-12-27,813024286.0,合计,seasonal_week,800554656.0,,,,,
2025-12-28,798511867.0,合计,seasonal_week,775722494.0,,,,,
2025-12-29,801303829.0,合计,seasonal_week,800416947.0,,,,,
2025-12-30,799723069.0,合计,seasonal_week,805434213.0,,,,,
2025-12-31,783373686.0,合计,seasonal_week,803732375.0,,,,,
2026-01-01,707758012.0,合计,seasonal_week,824337857.0,,,,,
2026-01-02,741910307.0,合计,seasonal_week,812520530.0,,,,,
2026-01-03,801935633.0,合计,seasonal_week,813024286.0,,,,,
2026-01-04,820839320.0,合计,seasonal_week,798511867.0,,,,,
2026-01-05,819629944.0,合计,seasonal_week,801303829.0,,,,,
2026-01-06,848208043.0,合计,seasonal_week,799723069.0,,,,,
2026-01-07,836618404.0,合计,seasonal_week,783373686.0,,,,,
2026-01-08,845715705.0,合计,seasonal_week,707758012.0,,,,,
2026-01-09,845779172.0,合计,seasonal_week,741910307.0,,,,,
2025-10-01,893877447.0,合计,seasonal_year,722849175.0,,,,,
2025-10-02,877524402.0,合计,seasonal_year,654986903.0,,,,,
2025-10-03,906128774.0,合计,seasonal_year,658325166.0,,,,,
2025-10-04,947397946.0,合计,seasonal_year,698551776.0,,,,,
2025-10-05,967898095.0,合计,seasonal_year,737839828.0,,,,,
2025-10-06,909397624.0,合计,seasonal_year,776418521.0,,,,,
2025-10-07,958058211.0,合计,seasonal_year,809299680.0,,,,,
2025-10-08,1002652065.0,合计,seasonal_year,777431327.0,,,,,
2025-10-09,1006596066.0,合计,seasonal_year,764209597.0,,,,,
2025-10-10,988218980.0,合计,seasonal_year,745945433.0,,,,,
2025-10-11,993216057.0,合计,seasonal_year,739222060.0,,,,,
2025-10-12,982996119.0,合计,seasonal_year,747318746.0,,,,,
2025-10-13,994158096.0,合计,seasonal_year,754975962.0,,,,,
2025-10-14,999440675.0,合计,seasonal_year,794960176.0,,,,,
2025-10-15,979563855.0,合计,seasonal_year,813662123.0,,,,,
2025-10-16,973453600.0,合计,seasonal_year,794399685.0,,,,,
2025-10-17,976535370.0,合计,seasonal_year,821783739.0,,,,,
2025-10-18,976325746.0,合计,seasonal_year,836235291.0,,,,,
2025-10-19,896789087.0,合计,seasonal_year,835759352.0,,,,,
2025-10-20,853624251.0,合计,seasonal_year,789807966.0,,,,,
2025-10-21,795444895.0,合计,seasonal_year,784797802.0,,,,,
2025-10-22,783518576.0,合计,seasonal_year,804052898.0,,,,,
2025-10-23,783134792.0,合计,seasonal_year,785014679.0,,,,,
2025-10-24,786285205.0,合计,seasonal_year,758080140.0,,,,,
2025-10-25,787344834.0,合计,seasonal_year,767178758.0,,,,,
2025-10-26,788309358.0,合计,seasonal_year,784593008.0,,,,,
2025-10-27,788347388.0,合计,seasonal_year,774569573.0,,,,,
2025-10-28,803213606.0,合计,seasonal_year,772288456.0,,,,,
2025-10-29,791815205.0,合计,seasonal_year,750817168.0,,,,,
2025-10-30,801523722.0,合计,seasonal_year,745240883.0,,,,,
2025-10-31,806599754.0,合计,seasonal_year,754372448.0,,,,,
2025-11-01,760921367.0,合计,seasonal_year,737687206.0,,,,,
2025-11-02,744828378.0,合计,seasonal_year,738496170.0,,,,,
2025-11-03,780447693.0,合计,seasonal_year,730569432.0,,,,,
2025-11-04,782600645.0,合计,seasonal_year,756858788.0,,,,,
2025-11-05,784108702.0,合计,seasonal_year,758105824.0,,,,,
2025-11-06,789959014.0,合计,seasonal_year,743428163.0,,,,,
2025-11-07,808798324.0,合计,seasonal_year,742243290.0,,,,,
2025-11-08,816286170.0,合计,seasonal_year,746702331.0,,,,,
2025-11-09,794671570.0,合计,seasonal_year,752364465.0,,,,,
2025-11-10,803150509.0,合计,seasonal_year,735356532.0,,,,,
2025-11-11,811031660.0,合计,seasonal_year,756048452.0,,,,,
2025-11-12,800371284.0,合计,seasonal_year,764442062.0,,,,,
2025-11-13,795412883.0,合计,seasonal_year,761924752.0,,,,,
2025-11-14,784929625.0,合计,seasonal_year,777793619.0,,,,,
2025-11-15,771969074.0,合计,seasonal_year,794547205.0,,,,,
2025-11-16,748102925.0,合计,seasonal_year,773507701.0,,,,,
2025-11-17,784946049.0,合计,seasonal_year,749206476.0,,,,,
2025-11-18,802372785.0,合计,seasonal_year,755695150.0,,,,,
2025-11-19,785536331.0,合计,seasonal_year,753478140.0,,,,,
2025-11-20,789566797.0,合计,seasonal_year,750301646.0,,,,,
2025-11-21,781713368.0,合计,seasonal_year,756228794.0,,,,,
2025-11-22,777234266.0,合计,seasonal_year,759805916.0,,,,,
2025-11-23,763587139.0,合计,seasonal_year,752734068.0,,,,,
2025-11-24,787419759.0,合计,seasonal_year,734234191.0,,,,,
2025-11-25,779113247.0,合计,seasonal_year,753341928.0,,,,,
2025-11-26,779056661.0,合计,seasonal_year,745409903.0,,,,,
2025-11-27,785923784.0,合计,seasonal_year,755841269.0,,,,,
2025-11-28,793532772.0,合计,seasonal_year,763152601.0,,,,,
2025-11-29,775439198.0,合计,seasonal_year,765713197.0,,,,,
2025-11-30,752415007.0,合计,seasonal_year,744182222.0,,,,,
2025-12-01,752093794.0,合计,seasonal_year,721029421.0,,,,,
2025-12-02,774181582.0,合计,seasonal_year,745363984.0,,,,,
2025-12-03,779128904.0,合计,seasonal_year,759297467.0,,,,,
2025-12-04,780611840.0,合计,seasonal_year,758901420.0,,,,,
2025-12-05,790342731.0,合计,seasonal_year,757342920.0,,,,,
2025-12-06,783475966.0,合计,seasonal_year,767449165.0,,,,,
2025-12-07,769662376.0,合计,seasonal_year,762397072.0,,,,,
2025-12-08,781993536.0,合计,seasonal_year,759518692.0,,,,,
2025-12-09,790459836.0,合计,seasonal_year,775289085.0,,,,,
2025-12-10,793331038.0,合计,seasonal_year,775720516.0,,,,,
2025-12-11,792303023.0,合计,seasonal_year,769260217.0,,,,,
2025-12-12,805771337.0,合计,seasonal_year,782573768.0,,,,,
2025-12-13,805919635.0,合计,seasonal_year,783692499.0,,,,,
2025-12-14,775261923.0,合计,seasonal_year,780801635.0,,,,,
2025-12-15,800205024.0,合计,seasonal_year,767734289.0,,,,,
2025-12-16,791223092.0,合计,seasonal_year,778232719.0,,,,,
2025-12-17,797873177.0,合计,seasonal_year,790597715.0,,,,,
2025-12-18,807913091.0,合计,seasonal_year,796772564.0,,,,,
2025-12-19,813412227.0,合计,seasonal_year,815718033.0,,,,,
2025-12-20,800554656.0,合计,seasonal_year,809820843.0,,,,,
2025-12-21,775722494.0,合计,seasonal_year,789373729.0,,,,,
2025-12-22,800416947.0,合计,seasonal_year,787723321.0,,,,,
2025-12-23,805434213.0,合计,seasonal_year,802086571.0,,,,,
2025-12-24,803732375.0,合计,seasonal_year,807023102.0,,,,,
2025-12-25,824337857.0,合计,seasonal_year,794598953.0,,,,,
2025-12-26,812520530.0,合计,seasonal_year,786406184.0,,,,,
2025-12-27,813024286.0,合计,seasonal_year,787376294.0,,,,,
2025-12-28,798511867.0,合计,seasonal_year,776324365.0,,,,,
2025-12-29,801303829.0,合计,seasonal_year,775887475.0,,,,,
2025-12-30,799723069.0,合计,seasonal_year,773772927.0,,,,,
2025-12-31,783373686.0,合计,seasonal_year,752143399.0,,,,,
2026-01-01,707758012.0,合计,seasonal_year,687515302.0,,,,,
2026-01-02,741910307.0,合计,seasonal_year,758688253.0,,,,,
2026-01-03,801935633.0,合计,seasonal_year,776341861.0,,,,,
2026-01-04,820839320.0,合计,seasonal_year,771848203.0,,,,,
2026-01-05,819629944.0,合计,seasonal_year,764736878.0,,,,,
2026-01-06,848208043.0,合计,seasonal_year,771527036.0,,,,,
2026-01-07,836618404.0,合计,seasonal_year,779657126.0,,,,,
2026-01-08,845715705.0,合计,seasonal_year,779832574.0,,,,,
2026-01-09,845779172.0,合计,seasonal_year,785771883.0,,,,,
2025-10-01,893877447.0,合计,rolling7,979617335.5714285,,,,,
2025-10-02,877524402.0,合计,rolling7,973958992.1428572,,,,,
2025-10-03,906128774.0,合计,rolling7,962508866.4285715,,,,,
2025-10-04,947397946.0,合计,rolling7,953139434.7142857,,,,,
2025-10-05,967898095.0,合计,rolling7,948940460.4285715,,,,,
2025-10-06,909397624.0,合计,rolling7,944606152.0,,,,,
2025-10-07,958058211.0,合计,rolling7,928563010.7142857,,,,,
2025-10-08,1002652065.0,合计,rolling7,922897499.8571428,,,,,
2025-10-09,1006596066.0,合计,rolling7,938436731.0,,,,,
2025-10-10,988218980.0,合计,rolling7,956875540.1428572,,,,,
2025-10-11,993216057.0,合计,rolling7,968602712.4285715,,,,,
2025-10-12,982996119.0,合计,rolling7,975148156.8571428,,,,,
2025-10-13,994158096.0,合计,rolling7,977305017.4285715,,,,,
2025-10-14,999440675.0,合计,rolling7,989413656.2857143,,,,,
2025-10-15,979563855.0,合计,rolling7,995325436.8571428,,,,,
2025-10-16,973453600.0,合计,rolling7,992027121.1428572,,,,,
2025-10-17,976535370.0,合计,rolling7,987292483.1428572,,,,,
2025-10-18,976325746.0,合计,rolling7,985623396.0,,,,,
2025-10-19,896789087.0,合计,rolling7,983210494.4285715,,,,,
2025-10-20,853624251.0,合计,rolling7,970895204.1428572,,,,,
2025-10-21,795444895.0,合计,rolling7,950818940.5714285,,,,,
2025-10-22,783518576.0,合计,rolling7,921676686.2857143,,,,,
2025-10-23,783134792.0,合计,rolling7,893670217.8571428,,,,,
2025-10-24,786285205.0,合计,rolling7,866481816.7142857,,,,,
2025-10-25,787344834.0,合计,rolling7,839303221.7142857,,,,,
2025-10-26,788309358.0,合计,rolling7,812305948.5714285,,,,,
2025-10-27,788347388.0,合计,rolling7,796808844.4285715,,,,,
2025-10-28,803213606.0,合计,rolling7,787483578.2857143,,,,,
2025-10-29,791815205.0,合计,rolling7,788593394.1428572,,,,,
2025-10-30,801523722.0,合计,rolling7,789778626.8571428,,,,,
2025-10-31,806599754.0,合计,rolling7,792405616.8571428,,,,,
2025-11-01,760921367.0,合计,rolling7,795307695.2857143,,,,,
2025-11-02,744828378.0,合计,rolling7,791532914.2857143,,,,,
2025-11-03,780447693.0,合计,rolling7,785321345.7142857,,,,,
2025-11-04,782600645.0,合计,rolling7,784192817.8571428,,,,,
2025-11-05,784108702.0,合计,rolling7,781248109.1428572,,,,,
2025-11-06,789959014.0,合计,rolling7,780147180.1428572,,,,,
2025-11-07,808798324.0,合计,rolling7,778495079.0,,,,,
2025-11-08,816286170.0,合计,rolling7,778809160.4285715,,,,,
2025-11-09,794671570.0,合计,rolling7,786718418.0,,,,,
2025-11-10,803150509.0,合计,rolling7,793838874.0,,,,,
2025-11-11,811031660.0,合计,rolling7,797082133.4285715,,,,,
2025-11-12,800371284.0,合计,rolling7,801143707.0,,,,,
2025-11-13,795412883.0,合计,rolling7,803466933.0,,,,,
2025-11-14,784929625.0,合计,rolling7,804246057.1428572,,,,,
2025-11-15,771969074.0,合计,rolling7,800836243.0,,,,,
2025-11-16,748102925.0,合计,rolling7,794505229.2857143,,,,,
2025-11-17,784946049.0,合计,rolling7,787852565.7142857,,,,,
2025-11-18,802372785.0,合计,rolling7,785251928.5714285,,,,,
2025-11-19,785536331.0,合计,rolling7,784014946.4285715,,,,,
2025-11-20,789566797.0,合计,rolling7,781895667.4285715,,,,,
2025-11-21,781713368.0,合计,rolling7,781060512.2857143,,,,,
2025-11-22,777234266.0,合计,rolling7,780601047.0,,,,,
2025-11-23,763587139.0,合计,rolling7,781353217.2857143,,,,,
2025-11-24,787419759.0,合计,rolling7,783565247.8571428,,,,,
2025-11-25,779113247.0,合计,rolling7,783918635.0,,,,,
2025-11-26,779056661.0,合计,rolling7,780595843.8571428,,,,,
2025-11-27,785923784.0,合计,rolling7,779670176.7142857,,,,,
2025-11-28,793532772.0,合计,rolling7,779149746.2857143,,,,,
2025-11-29,775439198.0,合计,rolling7,780838232.5714285,,,,,
2025-11-30,752415007.0,合计,rolling7,780581794.2857143,,,,,
2025-12-01,752093794.0,合计,rolling7,778985775.4285715,,,,,
2025-12-02,774181582.0,合计,rolling7,773939209.0,,,,,
2025-12-03,779128904.0,合计,rolling7,773234685.4285715,,,,,
2025-12-04,780611840.0,合计,rolling7,773245005.8571428,,,,,
2025-12-05,790342731.0,合计,rolling7,772486156.7142857,,,,,
2025-12-06,783475966.0,合计,rolling7,772030436.5714285,,,,,
2025-12-07,769662376.0,合计,rolling7,773178546.2857143,,,,,
2025-12-08,781993536.0,合计,rolling7,775642456.1428572,,,,,
2025-12-09,790459836.0,合计,rolling7,779913847.8571428,,,,,
2025-12-10,793331038.0,合计,rolling7,782239312.7142857,,,,,
2025-12-11,792303023.0,合计,rolling7,784268189.0,,,,,
2025-12-12,805771337.0,合计,rolling7,785938358.0,,,,,
2025-12-13,805919635.0,合计,rolling7,788142444.5714285,,,,,
2025-12-14,775261923.0,合计,rolling7,791348683.0,,,,,
2025-12-15,800205024.0,合计,rolling7,792148618.2857143,,,,,
2025-12-16,791223092.0,合计,rolling7,794750259.4285715,,,,,
2025-12-17,797873177.0,合计,rolling7,794859296.0,,,,,
2025-12-18,807913091.0,合计,rolling7,795508173.0,,,,,
2025-12-19,813412227.0,合计,rolling7,797738182.7142857,,,,,
2025-12-20,800554656.0,合计,rolling7,798829738.4285715,,,,,
2025-12-21,775722494.0,合计,rolling7,798063312.8571428,,,,,
2025-12-22,800416947.0,合计,rolling7,798129108.7142857,,,,,
2025-12-23,805434213.0,合计,rolling7,798159383.4285715,,,,,
2025-12-24,803732375.0,合计,rolling7,800189543.5714285,,,,,
2025-12-25,824337857.0,合计,rolling7,801026571.8571428,,,,,
2025-12-26,812520530.0,合计,rolling7,803372967.0,,,,,
2025-12-27,813024286.0,合计,rolling7,803245581.7142857,,,,,
2025-12-28,798511867.0,合计,rolling7,805026957.4285715,,,,,
2025-12-29,801303829.0,合计,rolling7,808282582.1428572,,,,,
2025-12-30,799723069.0,合计,rolling7,808409279.5714285,,,,,
2025-12-31,783373686.0,合计,rolling7,807593401.8571428,,,,,
2026-01-01,707758012.0,合计,rolling7,804685017.7142857,,,,,
2026-01-02,741910307.0,合计,rolling7,788030754.1428572,,,,,
2026-01-03,801935633.0,合计,rolling7,777943579.4285715,,,,,
2026-01-04,820839320.0,合计,rolling7,776359486.1428572,,,,,
2026-01-05,819629944.0,合计,rolling7,779549122.2857143,,,,,
2026-01-06,848208043.0,合计,rolling7,782167138.7142857,,,,,
2026-01-07,836618404.0,合计,rolling7,789093563.5714285,,,,,
2026-01-08,845715705.0,合计,rolling7,796699951.8571428,,,,,
2026-01-09,845779172.0,合计,rolling7,816408193.7142857,,,,,
2025-10-01,893877447.0,合计,rolling28,991526384.3928572,,,,,
2025-10-02,877524402.0,合计,rolling28,988369208.0,,,,,
2025-10-03,906128774.0,合计,rolling28,984081164.1071428,,,,,
2025-10-04,947397946.0,合计,rolling28,980067154.4285715,,,,,
2025-10-05,967898095.0,合计,rolling28,977746432.25,,,,,
2025-10-06,909397624.0,合计,rolling28,976570910.9285715,,,,,
2025-10-07,958058211.0,合计,rolling28,973017468.7142857,,,,,
2025-10-08,1002652065.0,合计,rolling28,971407239.9642857,,,,,
2025-10-09,1006596066.0,合计,rolling28,971152859.7142857,,,,,
2025-10-10,988218980.0,合计,rolling28,971387201.1428572,,,,,
2025-10-11,993216057.0,合计,rolling28,970063886.6785715,,,,,
2025-10-12,982996119.0,合计,rolling28,968953610.6785715,,,,,
2025-10-13,994158096.0,合计,rolling28,968559197.6428572,,,,,
2025-10-14,999440675.0,合计,rolling28,967855454.3928572,,,,,
2025-10-15,979563855.0,合计,rolling28,967107240.6428572,,,,,
2025-10-16,973453600.0,合计,rolling28,965109417.4285715,,,,,
2025-10-17,976535370.0,合计,rolling28,963444336.7142857,,,,,
2025-10-18,976325746.0,合计,rolling28,963336110.5714285,,,,,
2025-10-19,896789087.0,合计,rolling28,964203442.5,,,,,
2025-10-20,853624251.0,合计,rolling28,963439576.1071428,,,,,
2025-10-21,795444895.0,合计,rolling28,960502085.3214285,,,,,
2025-10-22,783518576.0,合计,rolling28,954879239.6428572,,,,,
2025-10-23,783134792.0,合计,rolling28,949523265.5357143,,,,,
2025-10-24,786285205.0,合计,rolling28,943289676.6071428,,,,,
2025-10-25,787344834.0,合计,rolling28,936667191.2142857,,,,,
2025-10-26,788309358.0,合计,rolling28,929901265.0714285,,,,,
2025-10-27,788347388.0,合计,rolling28,922403804.5,,,,,
2025-10-28,803213606.0,合计,rolling28,914069796.4642857,,,,,
2025-10-29,791815205.0,合计,rolling28,907123254.2857143,,,,,
2025-10-30,801523722.0,合计,rolling28,903478174.2142857,,,,,
2025-10-31,806599754.0,合计,rolling28,900763864.2142857,,,,,
2025-11-01,760921367.0,合计,rolling28,897209256.3571428,,,,,
2025-11-02,744828378.0,合计,rolling28,890549378.5357143,,,,,
2025-11-03,780447693.0,合计,rolling28,882582602.9285715,,,,,
2025-11-04,782600645.0,合计,rolling28,877977248.25,,,,,
2025-11-05,784108702.0,合计,rolling28,871710906.6071428,,,,,
2025-11-06,789959014.0,合计,rolling28,863905786.5,,,,,
2025-11-07,808798324.0,合计,rolling28,856168748.9285715,,,,,
2025-11-08,816286170.0,合计,rolling28,849760868.3571428,,,,,
2025-11-09,794671570.0,合计,rolling28,843441943.8214285,,,,,
2025-11-10,803150509.0,合计,rolling28,836716067.0714285,,,,,
2025-11-11,811031660.0,合计,rolling28,829894367.5357143,,,,,
2025-11-12,800371284.0,合计,rolling28,823165474.1428572,,,,,
2025-11-13,795412883.0,合计,rolling28,816765739.4642857,,,,,
2025-11-14,784929625.0,合计,rolling28,810407142.4285715,,,,,
2025-11-15,771969074.0,合计,rolling28,803564080.1071428,,,,,
2025-11-16,748102925.0,合计,rolling28,796265627.5357143,,,,,
2025-11-17,784946049.0,合计,rolling28,790955407.4642857,,,,,
2025-11-18,802372785.0,合计,rolling28,788502614.5357143,,,,,
2025-11-19,785536331.0,合计,rolling28,788750039.1785715,,,,,
2025-11-20,789566797.0,合计,rolling28,788822101.8571428,,,,,
2025-11-21,781713368.0,合计,rolling28,789051816.3214285,,,,,
2025-11-22,777234266.0,合计,rolling28,788888536.4285715,,,,,
2025-11-23,763587139.0,合计,rolling28,788527444.7142857,,,,,
2025-11-24,787419759.0,合计,rolling28,787644508.3214285,,,,,
2025-11-25,779113247.0,合计,rolling28,787611378.7142857,,,,,
2025-11-26,779056661.0,合计,rolling28,786750651.6071428,,,,,
2025-11-27,785923784.0,合计,rolling28,786294989.3214285,,,,,
2025-11-28,793532772.0,合计,rolling28,785737848.6785715,,,,,
2025-11-29,775439198.0,合计,rolling28,785271170.75,,,,,
2025-11-30,752415007.0,合计,rolling28,785789664.7142857,,,,,
2025-12-01,752093794.0,合计,rolling28,786060615.75,,,,,
2025-12-02,774181582.0,合计,rolling28,785047976.5,,,,,
2025-12-03,779128904.0,合计,rolling28,784747295.6785715,,,,,
2025-12-04,780611840.0,合计,rolling28,784569445.75,,,,,
2025-12-05,790342731.0,合计,rolling28,784235618.1071428,,,,,
2025-12-06,783475966.0,合计,rolling28,783576489.7857143,,,,,
2025-12-07,769662376.0,合计,rolling28,782404696.7857143,,,,,
2025-12-08,781993536.0,合计,rolling28,781511511.2857143,,,,,
2025-12-09,790459836.0,合计,rolling28,780755905.1071428,,,,,
2025-12-10,793331038.0,合计,rolling28,780021197.1071428,,,,,
2025-12-11,792303023.0,合计,rolling28,779769759.75,,,,,
2025-12-12,805771337.0,合计,rolling28,779658693.3214285,,,,,
2025-12-13,805919635.0,合计,rolling28,780403040.1785715,,,,,
2025-12-14,775261923.0,合计,rolling28,781615560.2142857,,,,,
2025-12-15,800205024.0,合计,rolling28,782585524.4285715,,,,,
2025-12-16,791223092.0,合计,rolling28,783130487.8214285,,,,,
2025-12-17,797873177.0,合计,rolling28,782732284.5,,,,,
2025-12-18,807913091.0,合计,rolling28,783172886.1428572,,,,,
2025-12-19,813412227.0,合计,rolling28,783828110.9285715,,,,,
2025-12-20,800554656.0,合计,rolling28,784960213.0357143,,,,,
2025-12-21,775722494.0,合计,rolling28,785793084.1071428,,,,,
2025-12-22,800416947.0,合计,rolling28,786226489.6428572,,,,,
2025-12-23,805434213.0,合计,rolling28,786690674.9285715,,,,,
2025-12-24,803732375.0,合计,rolling28,787630709.4285715,,,,,
2025-12-25,824337857.0,合计,rolling28,788511984.9285715,,,,,
2025-12-26,812520530.0,合计,rolling28,789883916.1071428,,,,,
2025-12-27,813024286.0,合计,rolling28,790562050.3214285,,,,,
2025-12-28,798511867.0,合计,rolling28,791904374.8928572,,,,,
2025-12-29,801303829.0,合计,rolling28,793550691.3214285,,,,,
2025-12-30,799723069.0,合计,rolling28,795308192.5714285,,,,,
2025-12-31,783373686.0,合计,rolling28,796220388.5357143,,,,,
2026-01-01,707758012.0,合计,rolling28,796371987.8928572,,,,,
2026-01-02,741910307.0,合计,rolling28,793770065.4642857,,,,,
2026-01-03,801935633.0,合计,rolling28,792040336.0357143,,,,,
2026-01-04,820839320.0,合计,rolling28,792699609.8571428,,,,,
2026-01-05,819629944.0,合计,rolling28,794527357.8571428,,,,,
2026-01-06,848208043.0,合计,rolling28,795871515.2857143,,,,,
2026-01-07,836618404.0,合计,rolling28,797933951.25,,,,,
2026-01-08,845715705.0,合计,rolling28,799479928.6071428,,,,,
2026-01-09,845779172.0,合计,rolling28,801387524.3928572,,,,,
2025-10-01,893877447.0,合计,ridge_own_lags_calendar,975700431.9296896,,,,,
2025-10-02,877524402.0,合计,ridge_own_lags_calendar,888652248.8751149,,,,,
2025-10-03,906128774.0,合计,ridge_own_lags_calendar,878374203.1672444,,,,,
2025-10-04,947397946.0,合计,ridge_own_lags_calendar,896399292.9256536,,,,,
2025-10-05,967898095.0,合计,ridge_own_lags_calendar,923987473.914343,,,,,
2025-10-06,909397624.0,合计,ridge_own_lags_calendar,968459708.8966069,,,,,
2025-10-07,958058211.0,合计,ridge_own_lags_calendar,905936055.481617,,,,,
2025-10-08,1002652065.0,合计,ridge_own_lags_calendar,939045051.9849823,,,,,
2025-10-09,1006596066.0,合计,ridge_own_lags_calendar,983682064.4064106,,,,,
2025-10-10,988218980.0,合计,ridge_own_lags_calendar,989577894.0465372,,,,,
2025-10-11,993216057.0,合计,ridge_own_lags_calendar,962627726.0003854,,,,,
2025-10-12,982996119.0,合计,ridge_own_lags_calendar,958334161.3778253,,,,,
2025-10-13,994158096.0,合计,ridge_own_lags_calendar,979764155.9131098,,,,,
2025-10-14,999440675.0,合计,ridge_own_lags_calendar,980270349.6839885,,,,,
2025-10-15,979563855.0,合计,ridge_own_lags_calendar,981281573.6650997,,,,,
2025-10-16,973453600.0,合计,ridge_own_lags_calendar,967544125.6438215,,,,,
2025-10-17,976535370.0,合计,ridge_own_lags_calendar,966360503.5035704,,,,,
2025-10-18,976325746.0,合计,ridge_own_lags_calendar,958697710.5369675,,,,,
2025-10-19,896789087.0,合计,ridge_own_lags_calendar,949718777.148524,,,,,
2025-10-20,853624251.0,合计,ridge_own_lags_calendar,910171378.2103263,,,,,
2025-10-21,795444895.0,合计,ridge_own_lags_calendar,858221510.6569141,,,,,
2025-10-22,783518576.0,合计,ridge_own_lags_calendar,801635310.2387048,,,,,
2025-10-23,783134792.0,合计,ridge_own_lags_calendar,791937458.5193483,,,,,
2025-10-24,786285205.0,合计,ridge_own_lags_calendar,793308280.5978372,,,,,
2025-10-25,787344834.0,合计,ridge_own_lags_calendar,782319886.9842595,,,,,
2025-10-26,788309358.0,合计,ridge_own_lags_calendar,772348720.5206884,,,,,
2025-10-27,788347388.0,合计,ridge_own_lags_calendar,799374935.0175885,,,,,
2025-10-28,803213606.0,合计,ridge_own_lags_calendar,788199430.0223548,,,,,
2025-10-29,791815205.0,合计,ridge_own_lags_calendar,795730147.4339827,,,,,
2025-10-30,801523722.0,合计,ridge_own_lags_calendar,790278908.5862478,,,,,
2025-10-31,806599754.0,合计,ridge_own_lags_calendar,801409326.4977567,,,,,
2025-11-01,760921367.0,合计,ridge_own_lags_calendar,794703333.5093812,,,,,
2025-11-02,744828378.0,合计,ridge_own_lags_calendar,748518070.9783072,,,,,
2025-11-03,780447693.0,合计,ridge_own_lags_calendar,764707942.3465651,,,,,
2025-11-04,782600645.0,合计,ridge_own_lags_calendar,786057511.0656865,,,,,
2025-11-05,784108702.0,合计,ridge_own_lags_calendar,780810271.1987218,,,,,
2025-11-06,789959014.0,合计,ridge_own_lags_calendar,783402390.708169,,,,,
2025-11-07,808798324.0,合计,ridge_own_lags_calendar,791781976.6838075,,,,,
2025-11-08,816286170.0,合计,ridge_own_lags_calendar,797740139.7042915,,,,,
2025-11-09,794671570.0,合计,ridge_own_lags_calendar,796413190.7894362,,,,,
2025-11-10,803150509.0,合计,ridge_own_lags_calendar,806012841.9706501,,,,,
2025-11-11,811031660.0,合计,ridge_own_lags_calendar,802047186.5994109,,,,,
2025-11-12,800371284.0,合计,ridge_own_lags_calendar,803817884.1860104,,,,,
2025-11-13,795412883.0,合计,ridge_own_lags_calendar,798096532.4788101,,,,,
2025-11-14,784929625.0,合计,ridge_own_lags_calendar,797330291.6054482,,,,,
2025-11-15,771969074.0,合计,ridge_own_lags_calendar,779623341.9990119,,,,,
2025-11-16,748102925.0,合计,ridge_own_lags_calendar,760786158.4290493,,,,,
2025-11-17,784946049.0,合计,ridge_own_lags_calendar,768048565.1360568,,,,,
2025-11-18,802372785.0,合计,ridge_own_lags_calendar,788880675.8214962,,,,,
2025-11-19,785536331.0,合计,ridge_own_lags_calendar,797580551.6091789,,,,,
2025-11-20,789566797.0,合计,ridge_own_lags_calendar,785323491.3045782,,,,,
2025-11-21,781713368.0,合计,ridge_own_lags_calendar,791366336.4352893,,,,,
2025-11-22,777234266.0,合计,ridge_own_lags_calendar,775037785.9818829,,,,,
2025-11-23,763587139.0,合计,ridge_own_lags_calendar,763023941.2077723,,,,,
2025-11-24,787419759.0,合计,ridge_own_lags_calendar,779594941.3545412,,,,,
2025-11-25,779113247.0,合计,ridge_own_lags_calendar,788351588.4577332,,,,,
2025-11-26,779056661.0,合计,ridge_own_lags_calendar,775129154.3277252,,,,,
2025-11-27,785923784.0,合计,ridge_own_lags_calendar,777792861.3032216,,,,,
2025-11-28,793532772.0,合计,ridge_own_lags_calendar,788060244.5413721,,,,,
2025-11-29,775439198.0,合计,ridge_own_lags_calendar,785592457.4155313,,,,,
2025-11-30,752415007.0,合计,ridge_own_lags_calendar,761847350.741336,,,,,
2025-12-01,752093794.0,合计,ridge_own_lags_calendar,768087788.8406943,,,,,
2025-12-02,774181582.0,合计,ridge_own_lags_calendar,757016208.0694475,,,,,
2025-12-03,779128904.0,合计,ridge_own_lags_calendar,770072539.0450743,,,,,
2025-12-04,780611840.0,合计,ridge_own_lags_calendar,777531525.3140107,,,,,
2025-12-05,790342731.0,合计,ridge_own_lags_calendar,781296842.2465197,,,,,
2025-12-06,783475966.0,合计,ridge_own_lags_calendar,779310812.0457214,,,,,
2025-12-07,769662376.0,合计,ridge_own_lags_calendar,765775662.0881711,,,,,
2025-12-08,781993536.0,合计,ridge_own_lags_calendar,782068296.3404182,,,,,
2025-12-09,790459836.0,合计,ridge_own_lags_calendar,782253680.7377615,,,,,
2025-12-10,793331038.0,合计,ridge_own_lags_calendar,783325196.0378054,,,,,
2025-12-11,792303023.0,合计,ridge_own_lags_calendar,788841420.3621005,,,,,
2025-12-12,805771337.0,合计,ridge_own_lags_calendar,791876401.0164416,,,,,
2025-12-13,805919635.0,合计,ridge_own_lags_calendar,793783577.0682777,,,,,
2025-12-14,775261923.0,合计,ridge_own_lags_calendar,786738927.7591593,,,,,
2025-12-15,800205024.0,合计,ridge_own_lags_calendar,788302129.3186741,,,,,
2025-12-16,791223092.0,合计,ridge_own_lags_calendar,797540650.8469707,,,,,
2025-12-17,797873177.0,合计,ridge_own_lags_calendar,784818575.1006709,,,,,
2025-12-18,807913091.0,合计,ridge_own_lags_calendar,793179554.1051883,,,,,
2025-12-19,813412227.0,合计,ridge_own_lags_calendar,806216677.9222208,,,,,
2025-12-20,800554656.0,合计,ridge_own_lags_calendar,800443583.1490701,,,,,
2025-12-21,775722494.0,合计,ridge_own_lags_calendar,780906413.1368166,,,,,
2025-12-22,800416947.0,合计,ridge_own_lags_calendar,787515460.3040637,,,,,
2025-12-23,805434213.0,合计,ridge_own_lags_calendar,798018623.5418351,,,,,
2025-12-24,803732375.0,合计,ridge_own_lags_calendar,796503015.6356308,,,,,
2025-12-25,824337857.0,合计,ridge_own_lags_calendar,797290202.06027,,,,,
2025-12-26,812520530.0,合计,ridge_own_lags_calendar,817574095.4820181,,,,,
2025-12-27,813024286.0,合计,ridge_own_lags_calendar,798034473.7232716,,,,,
2025-12-28,798511867.0,合计,ridge_own_lags_calendar,790373130.0322324,,,,,
2025-12-29,801303829.0,合计,ridge_own_lags_calendar,806897841.876934,,,,,
2025-12-30,799723069.0,合计,ridge_own_lags_calendar,797892145.0712149,,,,,
2025-12-31,783373686.0,合计,ridge_own_lags_calendar,789216069.6077476,,,,,
2026-01-01,707758012.0,合计,ridge_own_lags_calendar,776091503.511831,,,,,
2026-01-02,741910307.0,合计,ridge_own_lags_calendar,716519721.8174492,,,,,
2026-01-03,801935633.0,合计,ridge_own_lags_calendar,734668745.690532,,,,,
2026-01-04,820839320.0,合计,ridge_own_lags_calendar,779751461.1902053,,,,,
2026-01-05,819629944.0,合计,ridge_own_lags_calendar,822585478.7072648,,,,,
2026-01-06,848208043.0,合计,ridge_own_lags_calendar,808677616.0097649,,,,,
2026-01-07,836618404.0,合计,ridge_own_lags_calendar,826325857.7866753,,,,,
2026-01-08,845715705.0,合计,ridge_own_lags_calendar,822209212.8178202,,,,,
2026-01-09,845779172.0,合计,ridge_own_lags_calendar,834810206.8468704,,,,,
2025-10-01,893877447.0,合计,ridge_with_category_lags,988049456.3840519,,,,,
2025-10-02,877524402.0,合计,ridge_with_category_lags,905302567.539433,,,,,
2025-10-03,906128774.0,合计,ridge_with_category_lags,912385838.4950403,,,,,
2025-10-04,947397946.0,合计,ridge_with_category_lags,930735725.2857162,,,,,
2025-10-05,967898095.0,合计,ridge_with_category_lags,958365348.8426373,,,,,
2025-10-06,909397624.0,合计,ridge_with_category_lags,988019970.8022393,,,,,
2025-10-07,958058211.0,合计,ridge_with_category_lags,916376907.1801387,,,,,
2025-10-08,1002652065.0,合计,ridge_with_category_lags,963331538.056208,,,,,
2025-10-09,1006596066.0,合计,ridge_with_category_lags,988990210.5269988,,,,,
2025-10-10,988218980.0,合计,ridge_with_category_lags,980162295.7740012,,,,,
2025-10-11,993216057.0,合计,ridge_with_category_lags,956045211.9683893,,,,,
2025-10-12,982996119.0,合计,ridge_with_category_lags,956418431.1689289,,,,,
2025-10-13,994158096.0,合计,ridge_with_category_lags,975474842.1581721,,,,,
2025-10-14,999440675.0,合计,ridge_with_category_lags,979857394.508993,,,,,
2025-10-15,979563855.0,合计,ridge_with_category_lags,972996289.3255382,,,,,
2025-10-16,973453600.0,合计,ridge_with_category_lags,972288527.4006346,,,,,
2025-10-17,976535370.0,合计,ridge_with_category_lags,974378802.2825452,,,,,
2025-10-18,976325746.0,合计,ridge_with_category_lags,978065433.1546793,,,,,
2025-10-19,896789087.0,合计,ridge_with_category_lags,953264243.0074458,,,,,
2025-10-20,853624251.0,合计,ridge_with_category_lags,920702179.1779566,,,,,
2025-10-21,795444895.0,合计,ridge_with_category_lags,864104966.9917189,,,,,
2025-10-22,783518576.0,合计,ridge_with_category_lags,804258099.4526496,,,,,
2025-10-23,783134792.0,合计,ridge_with_category_lags,799145327.5178664,,,,,
2025-10-24,786285205.0,合计,ridge_with_category_lags,802789920.1319017,,,,,
2025-10-25,787344834.0,合计,ridge_with_category_lags,790259318.8768514,,,,,
2025-10-26,788309358.0,合计,ridge_with_category_lags,787968780.1484593,,,,,
2025-10-27,788347388.0,合计,ridge_with_category_lags,815400596.8038968,,,,,
2025-10-28,803213606.0,合计,ridge_with_category_lags,792384196.9364346,,,,,
2025-10-29,791815205.0,合计,ridge_with_category_lags,794004738.9844023,,,,,
2025-10-30,801523722.0,合计,ridge_with_category_lags,783766783.8129796,,,,,
2025-10-31,806599754.0,合计,ridge_with_category_lags,795724943.8027681,,,,,
2025-11-01,760921367.0,合计,ridge_with_category_lags,790107757.0393028,,,,,
2025-11-02,744828378.0,合计,ridge_with_category_lags,743312716.6891367,,,,,
2025-11-03,780447693.0,合计,ridge_with_category_lags,763944125.9838967,,,,,
2025-11-04,782600645.0,合计,ridge_with_category_lags,785703629.636675,,,,,
2025-11-05,784108702.0,合计,ridge_with_category_lags,780236538.6392856,,,,,
2025-11-06,789959014.0,合计,ridge_with_category_lags,779899650.530797,,,,,
2025-11-07,808798324.0,合计,ridge_with_category_lags,796899802.7727087,,,,,
2025-11-08,816286170.0,合计,ridge_with_category_lags,810414453.1045053,,,,,
2025-11-09,794671570.0,合计,ridge_with_category_lags,806176145.8695807,,,,,
2025-11-10,803150509.0,合计,ridge_with_category_lags,815624283.1133394,,,,,
2025-11-11,811031660.0,合计,ridge_with_category_lags,802464593.7485886,,,,,
2025-11-12,800371284.0,合计,ridge_with_category_lags,804178979.5482188,,,,,
2025-11-13,795412883.0,合计,ridge_with_category_lags,798113321.8211489,,,,,
2025-11-14,784929625.0,合计,ridge_with_category_lags,802958736.7635288,,,,,
2025-11-15,771969074.0,合计,ridge_with_category_lags,786919875.2299916,,,,,
2025-11-16,748102925.0,合计,ridge_with_category_lags,768361362.1592635,,,,,
2025-11-17,784946049.0,合计,ridge_with_category_lags,779298647.2569952,,,,,
2025-11-18,802372785.0,合计,ridge_with_category_lags,811008512.067681,,,,,
2025-11-19,785536331.0,合计,ridge_with_category_lags,809196799.534005,,,,,
2025-11-20,789566797.0,合计,ridge_with_category_lags,792294410.0805608,,,,,
2025-11-21,781713368.0,合计,ridge_with_category_lags,805834795.2093407,,,,,
2025-11-22,777234266.0,合计,ridge_with_category_lags,782904299.511079,,,,,
2025-11-23,763587139.0,合计,ridge_with_category_lags,772347699.4116228,,,,,
2025-11-24,787419759.0,合计,ridge_with_category_lags,790245344.5057985,,,,,
2025-11-25,779113247.0,合计,ridge_with_category_lags,794357833.1602443,,,,,
2025-11-26,779056661.0,合计,ridge_with_category_lags,781827133.9528593,,,,,
2025-11-27,785923784.0,合计,ridge_with_category_lags,789191618.1365318,,,,,
2025-11-28,793532772.0,合计,ridge_with_category_lags,796151451.9537973,,,,,
2025-11-29,775439198.0,合计,ridge_with_category_lags,786093264.3685025,,,,,
2025-11-30,752415007.0,合计,ridge_with_category_lags,761713019.863739,,,,,
2025-12-01,752093794.0,合计,ridge_with_category_lags,772450676.757623,,,,,
2025-12-02,774181582.0,合计,ridge_with_category_lags,764435129.1444888,,,,,
2025-12-03,779128904.0,合计,ridge_with_category_lags,780547976.7104907,,,,,
2025-12-04,780611840.0,合计,ridge_with_category_lags,781538103.7785633,,,,,
2025-12-05,790342731.0,合计,ridge_with_category_lags,782539047.4615356,,,,,
2025-12-06,783475966.0,合计,ridge_with_category_lags,780338337.8428593,,,,,
2025-12-07,769662376.0,合计,ridge_with_category_lags,766783651.25303,,,,,
2025-12-08,781993536.0,合计,ridge_with_category_lags,784814750.1931024,,,,,
2025-12-09,790459836.0,合计,ridge_with_category_lags,782817333.3416045,,,,,
2025-12-10,793331038.0,合计,ridge_with_category_lags,788845475.3314285,,,,,
2025-12-11,792303023.0,合计,ridge_with_category_lags,793018450.8382822,,,,,
2025-12-12,805771337.0,合计,ridge_with_category_lags,794616964.7554837,,,,,
2025-12-13,805919635.0,合计,ridge_with_category_lags,795344662.9818388,,,,,
2025-12-14,775261923.0,合计,ridge_with_category_lags,785941543.1403072,,,,,
2025-12-15,800205024.0,合计,ridge_with_category_lags,785521604.3623657,,,,,
2025-12-16,791223092.0,合计,ridge_with_category_lags,795809236.9824362,,,,,
2025-12-17,797873177.0,合计,ridge_with_category_lags,782304340.2547442,,,,,
2025-12-18,807913091.0,合计,ridge_with_category_lags,793837898.5416381,,,,,
2025-12-19,813412227.0,合计,ridge_with_category_lags,802035958.9038527,,,,,
2025-12-20,800554656.0,合计,ridge_with_category_lags,799678184.9071375,,,,,
2025-12-21,775722494.0,合计,ridge_with_category_lags,779958374.9243367,,,,,
2025-12-22,800416947.0,合计,ridge_with_category_lags,788328986.0248766,,,,,
2025-12-23,805434213.0,合计,ridge_with_category_lags,793855146.0800303,,,,,
2025-12-24,803732375.0,合计,ridge_with_category_lags,791424234.5476955,,,,,
2025-12-25,824337857.0,合计,ridge_with_category_lags,795410449.6756539,,,,,
2025-12-26,812520530.0,合计,ridge_with_category_lags,816849683.0589348,,,,,
2025-12-27,813024286.0,合计,ridge_with_category_lags,797764463.3183297,,,,,
2025-12-28,798511867.0,合计,ridge_with_category_lags,787965425.3648432,,,,,
2025-12-29,801303829.0,合计,ridge_with_category_lags,802627402.7194592,,,,,
2025-12-30,799723069.0,合计,ridge_with_category_lags,791819615.8244138,,,,,
2025-12-31,783373686.0,合计,ridge_with_category_lags,788400413.6763103,,,,,
2026-01-01,707758012.0,合计,ridge_with_category_lags,785128090.0999597,,,,,
2026-01-02,741910307.0,合计,ridge_with_category_lags,729377995.5897948,,,,,
2026-01-03,801935633.0,合计,ridge_with_category_lags,756553699.822969,,,,,
2026-01-04,820839320.0,合计,ridge_with_category_lags,789938009.3495613,,,,,
2026-01-05,819629944.0,合计,ridge_with_category_lags,820497262.7334954,,,,,
2026-01-06,848208043.0,合计,ridge_with_category_lags,811874243.3296901,,,,,
2026-01-07,836618404.0,合计,ridge_with_category_lags,834588788.1176693,,,,,
2026-01-08,845715705.0,合计,ridge_with_category_lags,827693167.6842204,,,,,
2026-01-09,845779172.0,合计,ridge_with_category_lags,836221778.9111228,,,,,
2025-10-01,,大工业电量,naive_yesterday,464861642.0,382819785.0,,,,
2025-10-02,,大工业电量,naive_yesterday,382819785.0,372039198.0,,,,
2025-10-03,,大工业电量,naive_yesterday,372039198.0,395077098.0,,,,
2025-10-04,,大工业电量,naive_yesterday,395077098.0,423065421.0,,,,
2025-10-05,,大工业电量,naive_yesterday,423065421.0,436375331.0,,,,
2025-10-06,,大工业电量,naive_yesterday,436375331.0,390971134.0,,,,
2025-10-07,,大工业电量,naive_yesterday,390971134.0,424000167.0,,,,
2025-10-08,,大工业电量,naive_yesterday,424000167.0,463401254.0,,,,
2025-10-09,,大工业电量,naive_yesterday,463401254.0,479239605.0,,,,
2025-10-10,,大工业电量,naive_yesterday,479239605.0,473187323.0,,,,
2025-10-11,,大工业电量,naive_yesterday,473187323.0,475015965.0,,,,
2025-10-12,,大工业电量,naive_yesterday,475015965.0,463855183.0,,,,
2025-10-13,,大工业电量,naive_yesterday,463855183.0,467797207.0,,,,
2025-10-14,,大工业电量,naive_yesterday,467797207.0,483890099.0,,,,
2025-10-15,,大工业电量,naive_yesterday,483890099.0,476054564.0,,,,
2025-10-16,,大工业电量,naive_yesterday,476054564.0,473185149.0,,,,
2025-10-17,,大工业电量,naive_yesterday,473185149.0,480548034.0,,,,
2025-10-18,,大工业电量,naive_yesterday,480548034.0,477479056.0,,,,
2025-10-19,,大工业电量,naive_yesterday,477479056.0,438850179.0,,,,
2025-10-20,,大工业电量,naive_yesterday,438850179.0,457629675.0,,,,
2025-10-21,,大工业电量,naive_yesterday,457629675.0,441280825.0,,,,
2025-10-22,,大工业电量,naive_yesterday,441280825.0,439171452.0,,,,
2025-10-23,,大工业电量,naive_yesterday,439171452.0,441044298.0,,,,
2025-10-24,,大工业电量,naive_yesterday,441044298.0,440015097.0,,,,
2025-10-25,,大工业电量,naive_yesterday,440015097.0,438927736.0,,,,
2025-10-26,,大工业电量,naive_yesterday,438927736.0,436572027.0,,,,
2025-10-27,,大工业电量,naive_yesterday,436572027.0,440477348.0,,,,
2025-10-28,,大工业电量,naive_yesterday,440477348.0,459803014.0,,,,
2025-10-29,,大工业电量,naive_yesterday,459803014.0,447312872.0,,,,
2025-10-30,,大工业电量,naive_yesterday,447312872.0,452259652.0,,,,
2025-10-31,,大工业电量,naive_yesterday,452259652.0,455513454.0,,,,
2025-11-01,,大工业电量,naive_yesterday,455513454.0,422981482.0,,,,
2025-11-02,,大工业电量,naive_yesterday,422981482.0,408863978.0,,,,
2025-11-03,,大工业电量,naive_yesterday,408863978.0,444113161.0,,,,
2025-11-04,,大工业电量,naive_yesterday,444113161.0,444898226.0,,,,
2025-11-05,,大工业电量,naive_yesterday,444898226.0,443291087.0,,,,
2025-11-06,,大工业电量,naive_yesterday,443291087.0,444654897.0,,,,
2025-11-07,,大工业电量,naive_yesterday,444654897.0,453028193.0,,,,
2025-11-08,,大工业电量,naive_yesterday,453028193.0,457994896.0,,,,
2025-11-09,,大工业电量,naive_yesterday,457994896.0,437364177.0,,,,
2025-11-10,,大工业电量,naive_yesterday,437364177.0,455498910.0,,,,
2025-11-11,,大工业电量,naive_yesterday,455498910.0,468373382.0,,,,
2025-11-12,,大工业电量,naive_yesterday,468373382.0,460434679.0,,,,
2025-11-13,,大工业电量,naive_yesterday,460434679.0,452267830.0,,,,
2025-11-14,,大工业电量,naive_yesterday,452267830.0,443093061.0,,,,
2025-11-15,,大工业电量,naive_yesterday,443093061.0,434395346.0,,,,
2025-11-16,,大工业电量,naive_yesterday,434395346.0,411804835.0,,,,
2025-11-17,,大工业电量,naive_yesterday,411804835.0,443490056.0,,,,
2025-11-18,,大工业电量,naive_yesterday,443490056.0,458275952.0,,,,
2025-11-19,,大工业电量,naive_yesterday,458275952.0,438423212.0,,,,
2025-11-20,,大工业电量,naive_yesterday,438423212.0,440109873.0,,,,
2025-11-21,,大工业电量,naive_yesterday,440109873.0,433004932.0,,,,
2025-11-22,,大工业电量,naive_yesterday,433004932.0,431705882.0,,,,
2025-11-23,,大工业电量,naive_yesterday,431705882.0,419878869.0,,,,
2025-11-24,,大工业电量,naive_yesterday,419878869.0,442482774.0,,,,
2025-11-25,,大工业电量,naive_yesterday,442482774.0,435432501.0,,,,
2025-11-26,,大工业电量,naive_yesterday,435432501.0,433103540.0,,,,
2025-11-27,,大工业电量,naive_yesterday,433103540.0,437525518.0,,,,
2025-11-28,,大工业电量,naive_yesterday,437525518.0,441095205.0,,,,
2025-11-29,,大工业电量,naive_yesterday,441095205.0,425957445.0,,,,
2025-11-30,,大工业电量,naive_yesterday,425957445.0,405853055.0,,,,
2025-12-01,,大工业电量,naive_yesterday,405853055.0,410861726.0,,,,
2025-12-02,,大工业电量,naive_yesterday,410861726.0,428573357.0,,,,
2025-12-03,,大工业电量,naive_yesterday,428573357.0,432067770.0,,,,
2025-12-04,,大工业电量,naive_yesterday,432067770.0,431199471.0,,,,
2025-12-05,,大工业电量,naive_yesterday,431199471.0,439036942.0,,,,
2025-12-06,,大工业电量,naive_yesterday,439036942.0,436611419.0,,,,
2025-12-07,,大工业电量,naive_yesterday,436611419.0,423536440.0,,,,
2025-12-08,,大工业电量,naive_yesterday,423536440.0,434759268.0,,,,
2025-12-09,,大工业电量,naive_yesterday,434759268.0,440671486.0,,,,
2025-12-10,,大工业电量,naive_yesterday,440671486.0,446329871.0,,,,
2025-12-11,,大工业电量,naive_yesterday,446329871.0,445875735.0,,,,
2025-12-12,,大工业电量,naive_yesterday,445875735.0,455545254.0,,,,
2025-12-13,,大工业电量,naive_yesterday,455545254.0,454844634.0,,,,
2025-12-14,,大工业电量,naive_yesterday,454844634.0,421467201.0,,,,
2025-12-15,,大工业电量,naive_yesterday,421467201.0,439635748.0,,,,
2025-12-16,,大工业电量,naive_yesterday,439635748.0,432610620.0,,,,
2025-12-17,,大工业电量,naive_yesterday,432610620.0,442261158.0,,,,
2025-12-18,,大工业电量,naive_yesterday,442261158.0,451228355.0,,,,
2025-12-19,,大工业电量,naive_yesterday,451228355.0,455466036.0,,,,
2025-12-20,,大工业电量,naive_yesterday,455466036.0,447057401.0,,,,
2025-12-21,,大工业电量,naive_yesterday,447057401.0,422983838.0,,,,
2025-12-22,,大工业电量,naive_yesterday,422983838.0,446654347.0,,,,
2025-12-23,,大工业电量,naive_yesterday,446654347.0,450572557.0,,,,
2025-12-24,,大工业电量,naive_yesterday,450572557.0,448259632.0,,,,
2025-12-25,,大工业电量,naive_yesterday,448259632.0,458839640.0,,,,
2025-12-26,,大工业电量,naive_yesterday,458839640.0,439280126.0,,,,
2025-12-27,,大工业电量,naive_yesterday,439280126.0,444819161.0,,,,
2025-12-28,,大工业电量,naive_yesterday,444819161.0,430963654.0,,,,
2025-12-29,,大工业电量,naive_yesterday,430963654.0,437048333.0,,,,
2025-12-30,,大工业电量,naive_yesterday,437048333.0,436404391.0,,,,
2025-12-31,,大工业电量,naive_yesterday,436404391.0,420178313.0,,,,
2026-01-01,,大工业电量,naive_yesterday,420178313.0,363765843.0,,,,
2026-01-02,,大工业电量,naive_yesterday,363765843.0,384843931.0,,,,
2026-01-03,,大工业电量,naive_yesterday,384843931.0,426031573.0,,,,
2026-01-04,,大工业电量,naive_yesterday,426031573.0,447896512.0,,,,
2026-01-05,,大工业电量,naive_yesterday,447896512.0,444790195.0,,,,
2026-01-06,,大工业电量,naive_yesterday,444790195.0,459653614.0,,,,
2026-01-07,,大工业电量,naive_yesterday,459653614.0,442918557.0,,,,
2026-01-08,,大工业电量,naive_yesterday,442918557.0,450413176.0,,,,
2026-01-09,,大工业电量,naive_yesterday,450413176.0,449931011.0,,,,
2025-10-01,,大工业电量,seasonal_week,469874936.0,382819785.0,,,,
2025-10-02,,大工业电量,seasonal_week,468698838.0,372039198.0,,,,
2025-10-03,,大工业电量,seasonal_week,463820296.0,395077098.0,,,,
2025-10-04,,大工业电量,seasonal_week,462386496.0,423065421.0,,,,
2025-10-05,,大工业电量,seasonal_week,476489980.0,436375331.0,,,,
2025-10-06,,大工业电量,seasonal_week,484840549.0,390971134.0,,,,
2025-10-07,,大工业电量,seasonal_week,464861642.0,424000167.0,,,,
2025-10-08,,大工业电量,seasonal_week,382819785.0,463401254.0,,,,
2025-10-09,,大工业电量,seasonal_week,372039198.0,479239605.0,,,,
2025-10-10,,大工业电量,seasonal_week,395077098.0,473187323.0,,,,
2025-10-11,,大工业电量,seasonal_week,423065421.0,475015965.0,,,,
2025-10-12,,大工业电量,seasonal_week,436375331.0,463855183.0,,,,
2025-10-13,,大工业电量,seasonal_week,390971134.0,467797207.0,,,,
2025-10-14,,大工业电量,seasonal_week,424000167.0,483890099.0,,,,
2025-10-15,,大工业电量,seasonal_week,463401254.0,476054564.0,,,,
2025-10-16,,大工业电量,seasonal_week,479239605.0,473185149.0,,,,
2025-10-17,,大工业电量,seasonal_week,473187323.0,480548034.0,,,,
2025-10-18,,大工业电量,seasonal_week,475015965.0,477479056.0,,,,
2025-10-19,,大工业电量,seasonal_week,463855183.0,438850179.0,,,,
2025-10-20,,大工业电量,seasonal_week,467797207.0,457629675.0,,,,
2025-10-21,,大工业电量,seasonal_week,483890099.0,441280825.0,,,,
2025-10-22,,大工业电量,seasonal_week,476054564.0,439171452.0,,,,
2025-10-23,,大工业电量,seasonal_week,473185149.0,441044298.0,,,,
2025-10-24,,大工业电量,seasonal_week,480548034.0,440015097.0,,,,
2025-10-25,,大工业电量,seasonal_week,477479056.0,438927736.0,,,,
2025-10-26,,大工业电量,seasonal_week,438850179.0,436572027.0,,,,
2025-10-27,,大工业电量,seasonal_week,457629675.0,440477348.0,,,,
2025-10-28,,大工业电量,seasonal_week,441280825.0,459803014.0,,,,
2025-10-29,,大工业电量,seasonal_week,439171452.0,447312872.0,,,,
2025-10-30,,大工业电量,seasonal_week,441044298.0,452259652.0,,,,
2025-10-31,,大工业电量,seasonal_week,440015097.0,455513454.0,,,,
2025-11-01,,大工业电量,seasonal_week,438927736.0,422981482.0,,,,
2025-11-02,,大工业电量,seasonal_week,436572027.0,408863978.0,,,,
2025-11-03,,大工业电量,seasonal_week,440477348.0,444113161.0,,,,
2025-11-04,,大工业电量,seasonal_week,459803014.0,444898226.0,,,,
2025-11-05,,大工业电量,seasonal_week,447312872.0,443291087.0,,,,
2025-11-06,,大工业电量,seasonal_week,452259652.0,444654897.0,,,,
2025-11-07,,大工业电量,seasonal_week,455513454.0,453028193.0,,,,
2025-11-08,,大工业电量,seasonal_week,422981482.0,457994896.0,,,,
2025-11-09,,大工业电量,seasonal_week,408863978.0,437364177.0,,,,
2025-11-10,,大工业电量,seasonal_week,444113161.0,455498910.0,,,,
2025-11-11,,大工业电量,seasonal_week,444898226.0,468373382.0,,,,
2025-11-12,,大工业电量,seasonal_week,443291087.0,460434679.0,,,,
2025-11-13,,大工业电量,seasonal_week,444654897.0,452267830.0,,,,
2025-11-14,,大工业电量,seasonal_week,453028193.0,443093061.0,,,,
2025-11-15,,大工业电量,seasonal_week,457994896.0,434395346.0,,,,
2025-11-16,,大工业电量,seasonal_week,437364177.0,411804835.0,,,,
2025-11-17,,大工业电量,seasonal_week,455498910.0,443490056.0,,,,
2025-11-18,,大工业电量,seasonal_week,468373382.0,458275952.0,,,,
2025-11-19,,大工业电量,seasonal_week,460434679.0,438423212.0,,,,
2025-11-20,,大工业电量,seasonal_week,452267830.0,440109873.0,,,,
2025-11-21,,大工业电量,seasonal_week,443093061.0,433004932.0,,,,
2025-11-22,,大工业电量,seasonal_week,434395346.0,431705882.0,,,,
2025-11-23,,大工业电量,seasonal_week,411804835.0,419878869.0,,,,
2025-11-24,,大工业电量,seasonal_week,443490056.0,442482774.0,,,,
2025-11-25,,大工业电量,seasonal_week,458275952.0,435432501.0,,,,
2025-11-26,,大工业电量,seasonal_week,438423212.0,433103540.0,,,,
2025-11-27,,大工业电量,seasonal_week,440109873.0,437525518.0,,,,
2025-11-28,,大工业电量,seasonal_week,433004932.0,441095205.0,,,,
2025-11-29,,大工业电量,seasonal_week,431705882.0,425957445.0,,,,
2025-11-30,,大工业电量,seasonal_week,419878869.0,405853055.0,,,,
2025-12-01,,大工业电量,seasonal_week,442482774.0,410861726.0,,,,
2025-12-02,,大工业电量,seasonal_week,435432501.0,428573357.0,,,,
2025-12-03,,大工业电量,seasonal_week,433103540.0,432067770.0,,,,
2025-12-04,,大工业电量,seasonal_week,437525518.0,431199471.0,,,,
2025-12-05,,大工业电量,seasonal_week,441095205.0,439036942.0,,,,
2025-12-06,,大工业电量,seasonal_week,425957445.0,436611419.0,,,,
2025-12-07,,大工业电量,seasonal_week,405853055.0,423536440.0,,,,
2025-12-08,,大工业电量,seasonal_week,410861726.0,434759268.0,,,,
2025-12-09,,大工业电量,seasonal_week,428573357.0,440671486.0,,,,
2025-12-10,,大工业电量,seasonal_week,432067770.0,446329871.0,,,,
2025-12-11,,大工业电量,seasonal_week,431199471.0,445875735.0,,,,
2025-12-12,,大工业电量,seasonal_week,439036942.0,455545254.0,,,,
2025-12-13,,大工业电量,seasonal_week,436611419.0,454844634.0,,,,
2025-12-14,,大工业电量,seasonal_week,423536440.0,421467201.0,,,,
2025-12-15,,大工业电量,seasonal_week,434759268.0,439635748.0,,,,
2025-12-16,,大工业电量,seasonal_week,440671486.0,432610620.0,,,,
2025-12-17,,大工业电量,seasonal_week,446329871.0,442261158.0,,,,
2025-12-18,,大工业电量,seasonal_week,445875735.0,451228355.0,,,,
2025-12-19,,大工业电量,seasonal_week,455545254.0,455466036.0,,,,
2025-12-20,,大工业电量,seasonal_week,454844634.0,447057401.0,,,,
2025-12-21,,大工业电量,seasonal_week,421467201.0,422983838.0,,,,
2025-12-22,,大工业电量,seasonal_week,439635748.0,446654347.0,,,,
2025-12-23,,大工业电量,seasonal_week,432610620.0,450572557.0,,,,
2025-12-24,,大工业电量,seasonal_week,442261158.0,448259632.0,,,,
2025-12-25,,大工业电量,seasonal_week,451228355.0,458839640.0,,,,
2025-12-26,,大工业电量,seasonal_week,455466036.0,439280126.0,,,,
2025-12-27,,大工业电量,seasonal_week,447057401.0,444819161.0,,,,
2025-12-28,,大工业电量,seasonal_week,422983838.0,430963654.0,,,,
2025-12-29,,大工业电量,seasonal_week,446654347.0,437048333.0,,,,
2025-12-30,,大工业电量,seasonal_week,450572557.0,436404391.0,,,,
2025-12-31,,大工业电量,seasonal_week,448259632.0,420178313.0,,,,
2026-01-01,,大工业电量,seasonal_week,458839640.0,363765843.0,,,,
2026-01-02,,大工业电量,seasonal_week,439280126.0,384843931.0,,,,
2026-01-03,,大工业电量,seasonal_week,444819161.0,426031573.0,,,,
2026-01-04,,大工业电量,seasonal_week,430963654.0,447896512.0,,,,
2026-01-05,,大工业电量,seasonal_week,437048333.0,444790195.0,,,,
2026-01-06,,大工业电量,seasonal_week,436404391.0,459653614.0,,,,
2026-01-07,,大工业电量,seasonal_week,420178313.0,442918557.0,,,,
2026-01-08,,大工业电量,seasonal_week,363765843.0,450413176.0,,,,
2026-01-09,,大工业电量,seasonal_week,384843931.0,449931011.0,,,,
2025-10-01,,大工业电量,seasonal_year,335174742.0,382819785.0,,,,
2025-10-02,,大工业电量,seasonal_year,329457378.0,372039198.0,,,,
2025-10-03,,大工业电量,seasonal_year,353648288.0,395077098.0,,,,
2025-10-04,,大工业电量,seasonal_year,393460557.0,423065421.0,,,,
2025-10-05,,大工业电量,seasonal_year,419126826.0,436375331.0,,,,
2025-10-06,,大工业电量,seasonal_year,427283846.0,390971134.0,,,,
2025-10-07,,大工业电量,seasonal_year,446820846.0,424000167.0,,,,
2025-10-08,,大工业电量,seasonal_year,439604614.0,463401254.0,,,,
2025-10-09,,大工业电量,seasonal_year,438961796.0,479239605.0,,,,
2025-10-10,,大工业电量,seasonal_year,425707144.0,473187323.0,,,,
2025-10-11,,大工业电量,seasonal_year,421618883.0,475015965.0,,,,
2025-10-12,,大工业电量,seasonal_year,424340459.0,463855183.0,,,,
2025-10-13,,大工业电量,seasonal_year,419649502.0,467797207.0,,,,
2025-10-14,,大工业电量,seasonal_year,437137474.0,483890099.0,,,,
2025-10-15,,大工业电量,seasonal_year,442988369.0,476054564.0,,,,
2025-10-16,,大工业电量,seasonal_year,426256301.0,473185149.0,,,,
2025-10-17,,大工业电量,seasonal_year,451193628.0,480548034.0,,,,
2025-10-18,,大工业电量,seasonal_year,444359795.0,477479056.0,,,,
2025-10-19,,大工业电量,seasonal_year,441219122.0,438850179.0,,,,
2025-10-20,,大工业电量,seasonal_year,439744818.0,457629675.0,,,,
2025-10-21,,大工业电量,seasonal_year,435285643.0,441280825.0,,,,
2025-10-22,,大工业电量,seasonal_year,445362397.0,439171452.0,,,,
2025-10-23,,大工业电量,seasonal_year,443808508.0,441044298.0,,,,
2025-10-24,,大工业电量,seasonal_year,437549320.0,440015097.0,,,,
2025-10-25,,大工业电量,seasonal_year,443245088.0,438927736.0,,,,
2025-10-26,,大工业电量,seasonal_year,446050348.0,436572027.0,,,,
2025-10-27,,大工业电量,seasonal_year,427749581.0,440477348.0,,,,
2025-10-28,,大工业电量,seasonal_year,442790563.0,459803014.0,,,,
2025-10-29,,大工业电量,seasonal_year,427127811.0,447312872.0,,,,
2025-10-30,,大工业电量,seasonal_year,426919743.0,452259652.0,,,,
2025-10-31,,大工业电量,seasonal_year,430557121.0,455513454.0,,,,
2025-11-01,,大工业电量,seasonal_year,417933262.0,422981482.0,,,,
2025-11-02,,大工业电量,seasonal_year,416523893.0,408863978.0,,,,
2025-11-03,,大工业电量,seasonal_year,413296484.0,444113161.0,,,,
2025-11-04,,大工业电量,seasonal_year,434624284.0,444898226.0,,,,
2025-11-05,,大工业电量,seasonal_year,439920095.0,443291087.0,,,,
2025-11-06,,大工业电量,seasonal_year,433870357.0,444654897.0,,,,
2025-11-07,,大工业电量,seasonal_year,434908888.0,453028193.0,,,,
2025-11-08,,大工业电量,seasonal_year,438504157.0,457994896.0,,,,
2025-11-09,,大工业电量,seasonal_year,443007652.0,437364177.0,,,,
2025-11-10,,大工业电量,seasonal_year,423248135.0,455498910.0,,,,
2025-11-11,,大工业电量,seasonal_year,438532381.0,468373382.0,,,,
2025-11-12,,大工业电量,seasonal_year,445775910.0,460434679.0,,,,
2025-11-13,,大工业电量,seasonal_year,445258094.0,452267830.0,,,,
2025-11-14,,大工业电量,seasonal_year,450582465.0,443093061.0,,,,
2025-11-15,,大工业电量,seasonal_year,453755317.0,434395346.0,,,,
2025-11-16,,大工业电量,seasonal_year,443134232.0,411804835.0,,,,
2025-11-17,,大工业电量,seasonal_year,426026816.0,443490056.0,,,,
2025-11-18,,大工业电量,seasonal_year,446530426.0,458275952.0,,,,
2025-11-19,,大工业电量,seasonal_year,447777157.0,438423212.0,,,,
2025-11-20,,大工业电量,seasonal_year,443686699.0,440109873.0,,,,
2025-11-21,,大工业电量,seasonal_year,447667866.0,433004932.0,,,,
2025-11-22,,大工业电量,seasonal_year,449780043.0,431705882.0,,,,
2025-11-23,,大工业电量,seasonal_year,445564584.0,419878869.0,,,,
2025-11-24,,大工业电量,seasonal_year,427707599.0,442482774.0,,,,
2025-11-25,,大工业电量,seasonal_year,443010229.0,435432501.0,,,,
2025-11-26,,大工业电量,seasonal_year,435635475.0,433103540.0,,,,
2025-11-27,,大工业电量,seasonal_year,444487278.0,437525518.0,,,,
2025-11-28,,大工业电量,seasonal_year,447980380.0,441095205.0,,,,
2025-11-29,,大工业电量,seasonal_year,446215055.0,425957445.0,,,,
2025-11-30,,大工业电量,seasonal_year,427031876.0,405853055.0,,,,
2025-12-01,,大工业电量,seasonal_year,411278143.0,410861726.0,,,,
2025-12-02,,大工业电量,seasonal_year,431741824.0,428573357.0,,,,
2025-12-03,,大工业电量,seasonal_year,444114881.0,432067770.0,,,,
2025-12-04,,大工业电量,seasonal_year,444574856.0,431199471.0,,,,
2025-12-05,,大工业电量,seasonal_year,443509461.0,439036942.0,,,,
2025-12-06,,大工业电量,seasonal_year,452471208.0,436611419.0,,,,
2025-12-07,,大工业电量,seasonal_year,447371106.0,423536440.0,,,,
2025-12-08,,大工业电量,seasonal_year,438699825.0,434759268.0,,,,
2025-12-09,,大工业电量,seasonal_year,452398100.0,440671486.0,,,,
2025-12-10,,大工业电量,seasonal_year,453947403.0,446329871.0,,,,
2025-12-11,,大工业电量,seasonal_year,448110838.0,445875735.0,,,,
2025-12-12,,大工业电量,seasonal_year,456396378.0,455545254.0,,,,
2025-12-13,,大工业电量,seasonal_year,454305462.0,454844634.0,,,,
2025-12-14,,大工业电量,seasonal_year,448101213.0,421467201.0,,,,
2025-12-15,,大工业电量,seasonal_year,428448108.0,439635748.0,,,,
2025-12-16,,大工业电量,seasonal_year,437091128.0,432610620.0,,,,
2025-12-17,,大工业电量,seasonal_year,445263258.0,442261158.0,,,,
2025-12-18,,大工业电量,seasonal_year,449944971.0,451228355.0,,,,
2025-12-19,,大工业电量,seasonal_year,458212378.0,455466036.0,,,,
2025-12-20,,大工业电量,seasonal_year,455799340.0,447057401.0,,,,
2025-12-21,,大工业电量,seasonal_year,444466012.0,422983838.0,,,,
2025-12-22,,大工业电量,seasonal_year,437330511.0,446654347.0,,,,
2025-12-23,,大工业电量,seasonal_year,446429699.0,450572557.0,,,,
2025-12-24,,大工业电量,seasonal_year,455229519.0,448259632.0,,,,
2025-12-25,,大工业电量,seasonal_year,450146677.0,458839640.0,,,,
2025-12-26,,大工业电量,seasonal_year,446737089.0,439280126.0,,,,
2025-12-27,,大工业电量,seasonal_year,447102469.0,444819161.0,,,,
2025-12-28,,大工业电量,seasonal_year,436261507.0,430963654.0,,,,
2025-12-29,,大工业电量,seasonal_year,426028238.0,437048333.0,,,,
2025-12-30,,大工业电量,seasonal_year,428800108.0,436404391.0,,,,
2025-12-31,,大工业电量,seasonal_year,411932121.0,420178313.0,,,,
2026-01-01,,大工业电量,seasonal_year,360407921.0,363765843.0,,,,
2026-01-02,,大工业电量,seasonal_year,423468807.0,384843931.0,,,,
2026-01-03,,大工业电量,seasonal_year,435389402.0,426031573.0,,,,
2026-01-04,,大工业电量,seasonal_year,433723826.0,447896512.0,,,,
2026-01-05,,大工业电量,seasonal_year,428654155.0,444790195.0,,,,
2026-01-06,,大工业电量,seasonal_year,432260693.0,459653614.0,,,,
2026-01-07,,大工业电量,seasonal_year,435221304.0,442918557.0,,,,
2026-01-08,,大工业电量,seasonal_year,435485231.0,450413176.0,,,,
2026-01-09,,大工业电量,seasonal_year,437661975.0,449931011.0,,,,
2025-10-01,,大工业电量,rolling7,470138962.4285714,382819785.0,,,,
2025-10-02,,大工业电量,rolling7,457702512.28571427,372039198.0,,,,
2025-10-03,,大工业电量,rolling7,443893992.28571427,395077098.0,,,,
2025-10-04,,大工业电量,rolling7,434073535.4285714,423065421.0,,,,
2025-10-05,,大工业电量,rolling7,428456239.0,436375331.0,,,,
2025-10-06,,大工业电量,rolling7,422725574.85714287,390971134.0,,,,
2025-10-07,,大工业电量,rolling7,409315658.4285714,424000167.0,,,,
2025-10-08,,大工业电量,rolling7,403478304.85714287,463401254.0,,,,
2025-10-09,,大工业电量,rolling7,414989943.28571427,479239605.0,,,,
2025-10-10,,大工业电量,rolling7,430304287.14285713,473187323.0,,,,
2025-10-11,,大工业电量,rolling7,441462890.71428573,475015965.0,,,,
2025-10-12,,大工业电量,rolling7,448884397.0,463855183.0,,,,
2025-10-13,,大工业电量,rolling7,452810090.14285713,467797207.0,,,,
2025-10-14,,大工业电量,rolling7,463785243.4285714,483890099.0,,,,
2025-10-15,,大工业电量,rolling7,472340948.0,476054564.0,,,,
2025-10-16,,大工业电量,rolling7,474148563.71428573,473185149.0,,,,
2025-10-17,,大工业电量,rolling7,473283641.4285714,480548034.0,,,,
2025-10-18,,大工业电量,rolling7,474335171.5714286,477479056.0,,,,
2025-10-19,,大工业电量,rolling7,474687041.71428573,438850179.0,,,,
2025-10-20,,大工业电量,rolling7,471114898.28571427,457629675.0,,,,
2025-10-21,,大工业电量,rolling7,469662393.71428573,441280825.0,,,,
2025-10-22,,大工业电量,rolling7,463575354.5714286,439171452.0,,,,
2025-10-23,,大工业电量,rolling7,458306338.5714286,441044298.0,,,,
2025-10-24,,大工业电量,rolling7,453714788.4285714,440015097.0,,,,
2025-10-25,,大工业电量,rolling7,447924368.85714287,438927736.0,,,,
2025-10-26,,大工业电量,rolling7,442417037.4285714,436572027.0,,,,
2025-10-27,,大工业电量,rolling7,442091587.14285713,440477348.0,,,,
2025-10-28,,大工业电量,rolling7,439641254.71428573,459803014.0,,,,
2025-10-29,,大工业电量,rolling7,442287281.71428573,447312872.0,,,,
2025-10-30,,大工业电量,rolling7,443450341.71428573,452259652.0,,,,
2025-10-31,,大工业电量,rolling7,445052535.14285713,455513454.0,,,,
2025-11-01,,大工业电量,rolling7,447266586.14285713,422981482.0,,,,
2025-11-02,,大工业电量,rolling7,444988549.85714287,408863978.0,,,,
2025-11-03,,大工业电量,rolling7,441030257.14285713,444113161.0,,,,
2025-11-04,,大工业电量,rolling7,441549659.0,444898226.0,,,,
2025-11-05,,大工业电量,rolling7,439420403.5714286,443291087.0,,,,
2025-11-06,,大工业电量,rolling7,438845862.85714287,444654897.0,,,,
2025-11-07,,大工业电量,rolling7,437759469.28571427,453028193.0,,,,
2025-11-08,,大工业电量,rolling7,437404432.0,457994896.0,,,,
2025-11-09,,大工业电量,rolling7,442406348.28571427,437364177.0,,,,
2025-11-10,,大工业电量,rolling7,446477805.28571427,455498910.0,,,,
2025-11-11,,大工业电量,rolling7,448104340.85714287,468373382.0,,,,
2025-11-12,,大工业电量,rolling7,451457934.5714286,460434679.0,,,,
2025-11-13,,大工业电量,rolling7,453907019.14285713,452267830.0,,,,
2025-11-14,,大工业电量,rolling7,454994581.0,443093061.0,,,,
2025-11-15,,大工业电量,rolling7,453575276.4285714,434395346.0,,,,
2025-11-16,,大工业电量,rolling7,450203912.14285713,411804835.0,,,,
2025-11-17,,大工业电量,rolling7,446552577.5714286,443490056.0,,,,
2025-11-18,,大工业电量,rolling7,444837027.0,458275952.0,,,,
2025-11-19,,大工业电量,rolling7,443394537.0,438423212.0,,,,
2025-11-20,,大工业电量,rolling7,440250041.71428573,440109873.0,,,,
2025-11-21,,大工业电量,rolling7,438513190.71428573,433004932.0,,,,
2025-11-22,,大工业电量,rolling7,437072029.4285714,431705882.0,,,,
2025-11-23,,大工业电量,rolling7,436687820.28571427,419878869.0,,,,
2025-11-24,,大工业电量,rolling7,437841253.71428573,442482774.0,,,,
2025-11-25,,大工业电量,rolling7,437697356.28571427,435432501.0,,,,
2025-11-26,,大工业电量,rolling7,434434006.14285713,433103540.0,,,,
2025-11-27,,大工业电量,rolling7,433674053.0,437525518.0,,,,
2025-11-28,,大工业电量,rolling7,433304859.4285714,441095205.0,,,,
2025-11-29,,大工业电量,rolling7,434460612.71428573,425957445.0,,,,
2025-11-30,,大工业电量,rolling7,433639407.4285714,405853055.0,,,,
2025-12-01,,大工业电量,rolling7,431635719.71428573,410861726.0,,,,
2025-12-02,,大工业电量,rolling7,427118427.14285713,428573357.0,,,,
2025-12-03,,大工业电量,rolling7,426138549.4285714,432067770.0,,,,
2025-12-04,,大工业电量,rolling7,425990582.28571427,431199471.0,,,,
2025-12-05,,大工业电量,rolling7,425086861.28571427,439036942.0,,,,
2025-12-06,,大工业电量,rolling7,424792823.71428573,436611419.0,,,,
2025-12-07,,大工业电量,rolling7,426314820.0,423536440.0,,,,
2025-12-08,,大工业电量,rolling7,428841017.85714287,434759268.0,,,,
2025-12-09,,大工业电量,rolling7,432254952.4285714,440671486.0,,,,
2025-12-10,,大工业电量,rolling7,433983256.5714286,446329871.0,,,,
2025-12-11,,大工业电量,rolling7,436020699.5714286,445875735.0,,,,
2025-12-12,,大工业电量,rolling7,438117308.71428573,455545254.0,,,,
2025-12-13,,大工业电量,rolling7,440475639.0,454844634.0,,,,
2025-12-14,,大工业电量,rolling7,443080384.0,421467201.0,,,,
2025-12-15,,大工业电量,rolling7,442784778.4285714,439635748.0,,,,
2025-12-16,,大工业电量,rolling7,443481418.4285714,432610620.0,,,,
2025-12-17,,大工业电量,rolling7,442329866.14285713,442261158.0,,,,
2025-12-18,,大工业电量,rolling7,441748621.4285714,451228355.0,,,,
2025-12-19,,大工业电量,rolling7,442513281.4285714,455466036.0,,,,
2025-12-20,,大工业电量,rolling7,442501964.5714286,447057401.0,,,,
2025-12-21,,大工业电量,rolling7,441389502.71428573,422983838.0,,,,
2025-12-22,,大工业电量,rolling7,441606165.14285713,446654347.0,,,,
2025-12-23,,大工业电量,rolling7,442608822.14285713,450572557.0,,,,
2025-12-24,,大工业电量,rolling7,445174813.14285713,448259632.0,,,,
2025-12-25,,大工业电量,rolling7,446031738.0,458839640.0,,,,
2025-12-26,,大工业电量,rolling7,447119064.4285714,439280126.0,,,,
2025-12-27,,大工业电量,rolling7,444806791.5714286,444819161.0,,,,
2025-12-28,,大工业电量,rolling7,444487043.0,430963654.0,,,,
2025-12-29,,大工业电量,rolling7,445627016.71428573,437048333.0,,,,
2025-12-30,,大工业电量,rolling7,444254729.0,436404391.0,,,,
2025-12-31,,大工业电量,rolling7,442230705.28571427,420178313.0,,,,
2026-01-01,,大工业电量,rolling7,438219088.28571427,363765843.0,,,,
2026-01-02,,大工业电量,rolling7,424637117.28571427,384843931.0,,,,
2026-01-03,,大工业电量,rolling7,416860518.0,426031573.0,,,,
2026-01-04,,大工业电量,rolling7,414176576.85714287,447896512.0,,,,
2026-01-05,,大工业电量,rolling7,416595556.5714286,444790195.0,,,,
2026-01-06,,大工业电量,rolling7,417701536.85714287,459653614.0,,,,
2026-01-07,,大工业电量,rolling7,421022854.4285714,442918557.0,,,,
2026-01-08,,大工业电量,rolling7,424271460.71428573,450413176.0,,,,
2026-01-09,,大工业电量,rolling7,436649651.14285713,449931011.0,,,,
2025-10-01,,大工业电量,rolling28,467657016.25,382819785.0,,,,
2025-10-02,,大工业电量,rolling28,464641339.8214286,372039198.0,,,,
2025-10-03,,大工业电量,rolling28,461173375.46428573,395077098.0,,,,
2025-10-04,,大工业电量,rolling28,458231438.35714287,423065421.0,,,,
2025-10-05,,大工业电量,rolling28,456744636.64285713,436375331.0,,,,
2025-10-06,,大工业电量,rolling28,456063104.3214286,390971134.0,,,,
2025-10-07,,大工业电量,rolling28,453356895.39285713,424000167.0,,,,
2025-10-08,,大工业电量,rolling28,451899399.39285713,463401254.0,,,,
2025-10-09,,大工业电量,rolling28,451511767.64285713,479239605.0,,,,
2025-10-10,,大工业电量,rolling28,451595303.0714286,473187323.0,,,,
2025-10-11,,大工业电量,rolling28,451282663.10714287,475015965.0,,,,
2025-10-12,,大工业电量,rolling28,451544878.60714287,463855183.0,,,,
2025-10-13,,大工业电量,rolling28,452165496.28571427,467797207.0,,,,
2025-10-14,,大工业电量,rolling28,452347009.1785714,483890099.0,,,,
2025-10-15,,大工业电量,rolling28,453081156.1785714,476054564.0,,,,
2025-10-16,,大工业电量,rolling28,453014487.5,473185149.0,,,,
2025-10-17,,大工业电量,rolling28,452869945.60714287,480548034.0,,,,
2025-10-18,,大工业电量,rolling28,453154191.25,477479056.0,,,,
2025-10-19,,大工业电量,rolling28,453231967.0,438850179.0,,,,
2025-10-20,,大工业电量,rolling28,453122965.9285714,457629675.0,,,,
2025-10-21,,大工业电量,rolling28,453301278.6785714,441280825.0,,,,
2025-10-22,,大工业电量,rolling28,452383392.46428573,439171452.0,,,,
2025-10-23,,大工业电量,rolling28,451286839.46428573,441044298.0,,,,
2025-10-24,,大工业电量,rolling28,450299177.3214286,440015097.0,,,,
2025-10-25,,大工业电量,rolling28,449448991.64285713,438927736.0,,,,
2025-10-26,,大工业电量,rolling28,448611178.78571427,436572027.0,,,,
2025-10-27,,大工业电量,rolling28,447185537.60714287,440477348.0,,,,
2025-10-28,,大工业电量,rolling28,445601137.5714286,459803014.0,,,,
2025-10-29,,大工业电量,rolling28,445420472.28571427,447312872.0,,,,
2025-10-30,,大工业电量,rolling28,447723796.8214286,452259652.0,,,,
2025-10-31,,大工业电量,rolling28,450588813.03571427,455513454.0,,,,
2025-11-01,,大工业电量,rolling28,452747254.3214286,422981482.0,,,,
2025-11-02,,大工业电量,rolling28,452744256.5,408863978.0,,,,
2025-11-03,,大工业电量,rolling28,451761708.1785714,444113161.0,,,,
2025-11-04,,大工业电量,rolling28,453659637.71428573,444898226.0,,,,
2025-11-05,,大工业电量,rolling28,454405996.96428573,443291087.0,,,,
2025-11-06,,大工业电量,rolling28,453687776.71428573,444654897.0,,,,
2025-11-07,,大工业电量,rolling28,452452608.5714286,453028193.0,,,,
2025-11-08,,大工业电量,rolling28,451732639.64285713,457994896.0,,,,
2025-11-09,,大工业电量,rolling28,451124744.3214286,437364177.0,,,,
2025-11-10,,大工业电量,rolling28,450178636.96428573,455498910.0,,,,
2025-11-11,,大工业电量,rolling28,449739412.0714286,468373382.0,,,,
2025-11-12,,大工业电量,rolling28,449185243.60714287,460434679.0,,,,
2025-11-13,,大工业电量,rolling28,448627390.5714286,452267830.0,,,,
2025-11-14,,大工业电量,rolling28,447880343.46428573,443093061.0,,,,
2025-11-15,,大工业电量,rolling28,446542665.85714287,434395346.0,,,,
2025-11-16,,大工业电量,rolling28,445003961.9285714,411804835.0,,,,
2025-11-17,,大工业电量,rolling28,444038056.78571427,443490056.0,,,,
2025-11-18,,大工业电量,rolling28,443533070.39285713,458275952.0,,,,
2025-11-19,,大工业电量,rolling28,444140039.21428573,438423212.0,,,,
2025-11-20,,大工业电量,rolling28,444113316.35714287,440109873.0,,,,
2025-11-21,,大工业电量,rolling28,444079944.03571427,433004932.0,,,,
2025-11-22,,大工业电量,rolling28,443829581.0,431705882.0,,,,
2025-11-23,,大工业电量,rolling28,443571657.64285713,419878869.0,,,,
2025-11-24,,大工业电量,rolling28,442975473.4285714,442482774.0,,,,
2025-11-25,,大工业电量,rolling28,443047095.78571427,435432501.0,,,,
2025-11-26,,大工业电量,rolling28,442176720.3214286,433103540.0,,,,
2025-11-27,,大工业电量,rolling28,441669244.1785714,437525518.0,,,,
2025-11-28,,大工业电量,rolling28,441143025.10714287,441095205.0,,,,
2025-11-29,,大工业电量,rolling28,440628087.64285713,425957445.0,,,,
2025-11-30,,大工业电量,rolling28,440734372.03571427,405853055.0,,,,
2025-12-01,,大工业电量,rolling28,440626839.0714286,410861726.0,,,,
2025-12-02,,大工业电量,rolling28,439439287.8214286,428573357.0,,,,
2025-12-03,,大工业电量,rolling28,438856256.78571427,432067770.0,,,,
2025-12-04,,大工业电量,rolling28,438455424.03571427,431199471.0,,,,
2025-12-05,,大工业电量,rolling28,437974873.10714287,439036942.0,,,,
2025-12-06,,大工业电量,rolling28,437475185.5714286,436611419.0,,,,
2025-12-07,,大工业电量,rolling28,436711489.96428573,423536440.0,,,,
2025-12-08,,大工业电量,rolling28,436217642.21428573,434759268.0,,,,
2025-12-09,,大工业电量,rolling28,435476940.71428573,440671486.0,,,,
2025-12-10,,大工业电量,rolling28,434487587.28571427,446329871.0,,,,
2025-12-11,,大工业电量,rolling28,433983844.14285713,445875735.0,,,,
2025-12-12,,大工业电量,rolling28,433755555.03571427,455545254.0,,,,
2025-12-13,,大工业电量,rolling28,434200276.21428573,454844634.0,,,,
2025-12-14,,大工业电量,rolling28,434930607.9285714,421467201.0,,,,
2025-12-15,,大工业电量,rolling28,435275692.4285714,439635748.0,,,,
2025-12-16,,大工业电量,rolling28,435138038.5714286,432610620.0,,,,
2025-12-17,,大工业电量,rolling28,434221419.5714286,442261158.0,,,,
2025-12-18,,大工业电量,rolling28,434358489.0714286,451228355.0,,,,
2025-12-19,,大工业电量,rolling28,434755577.71428573,455466036.0,,,,
2025-12-20,,大工业电量,rolling28,435557760.0,447057401.0,,,,
2025-12-21,,大工业电量,rolling28,436106028.53571427,422983838.0,,,,
2025-12-22,,大工业电量,rolling28,436216920.28571427,446654347.0,,,,
2025-12-23,,大工业电量,rolling28,436365905.03571427,450572557.0,,,,
2025-12-24,,大工业电量,rolling28,436906621.3214286,448259632.0,,,,
2025-12-25,,大工业电量,rolling28,437447910.3214286,458839640.0,,,,
2025-12-26,,大工业电量,rolling28,438209128.96428573,439280126.0,,,,
2025-12-27,,大工业电量,rolling28,438144304.71428573,444819161.0,,,,
2025-12-28,,大工业电量,rolling28,438817937.4285714,430963654.0,,,,
2025-12-29,,大工业电量,rolling28,439714744.53571427,437048333.0,,,,
2025-12-30,,大工业电量,rolling28,440649980.5,436404391.0,,,,
2025-12-31,,大工业电量,rolling28,440929660.28571427,420178313.0,,,,
2026-01-01,,大工业电量,rolling28,440505036.8214286,363765843.0,,,,
2026-01-02,,大工业电量,rolling28,438096692.96428573,384843931.0,,,,
2026-01-03,,大工业电量,rolling28,436161228.28571427,426031573.0,,,,
2026-01-04,,大工业电量,rolling28,435783376.64285713,447896512.0,,,,
2026-01-05,,大工业电量,rolling28,436653379.21428573,444790195.0,,,,
2026-01-06,,大工业电量,rolling28,437011626.60714287,459653614.0,,,,
2026-01-07,,大工业电量,rolling28,437689559.75,442918557.0,,,,
2026-01-08,,大工业电量,rolling28,437567727.10714287,450413176.0,,,,
2026-01-09,,大工业电量,rolling28,437729778.5714286,449931011.0,,,,
2025-10-01,,大工业电量,ridge_own_lags_calendar,459466074.36143327,382819785.0,,,,
2025-10-02,,大工业电量,ridge_own_lags_calendar,392802854.6153562,372039198.0,,,,
2025-10-03,,大工业电量,ridge_own_lags_calendar,381967063.29151547,395077098.0,,,,
2025-10-04,,大工业电量,ridge_own_lags_calendar,395595446.3629585,423065421.0,,,,
2025-10-05,,大工业电量,ridge_own_lags_calendar,409523822.3171517,436375331.0,,,,
2025-10-06,,大工业电量,ridge_own_lags_calendar,441677902.7084918,390971134.0,,,,
2025-10-07,,大工业电量,ridge_own_lags_calendar,397400180.1807625,424000167.0,,,,
2025-10-08,,大工业电量,ridge_own_lags_calendar,420572864.6942029,463401254.0,,,,
2025-10-09,,大工业电量,ridge_own_lags_calendar,456916737.898809,479239605.0,,,,
2025-10-10,,大工业电量,ridge_own_lags_calendar,471532167.2094573,473187323.0,,,,
2025-10-11,,大工业电量,ridge_own_lags_calendar,463405127.86675847,475015965.0,,,,
2025-10-12,,大工业电量,ridge_own_lags_calendar,457168038.2079871,463855183.0,,,,
2025-10-13,,大工业电量,ridge_own_lags_calendar,471040920.4681964,467797207.0,,,,
2025-10-14,,大工业电量,ridge_own_lags_calendar,469939844.4550329,483890099.0,,,,
2025-10-15,,大工业电量,ridge_own_lags_calendar,481043885.344458,476054564.0,,,,
2025-10-16,,大工业电量,ridge_own_lags_calendar,476171878.4337265,473185149.0,,,,
2025-10-17,,大工业电量,ridge_own_lags_calendar,474044260.4977535,480548034.0,,,,
2025-10-18,,大工业电量,ridge_own_lags_calendar,475459451.3971362,477479056.0,,,,
2025-10-19,,大工业电量,ridge_own_lags_calendar,463589110.15196323,438850179.0,,,,
2025-10-20,,大工业电量,ridge_own_lags_calendar,453051887.87911403,457629675.0,,,,
2025-10-21,,大工业电量,ridge_own_lags_calendar,461475002.405505,441280825.0,,,,
2025-10-22,,大工业电量,ridge_own_lags_calendar,444828485.8492008,439171452.0,,,,
2025-10-23,,大工业电量,ridge_own_lags_calendar,444207833.7896053,441044298.0,,,,
2025-10-24,,大工业电量,ridge_own_lags_calendar,443672977.0457504,440015097.0,,,,
2025-10-25,,大工业电量,ridge_own_lags_calendar,437488658.5621917,438927736.0,,,,
2025-10-26,,大工业电量,ridge_own_lags_calendar,428141631.88064706,436572027.0,,,,
2025-10-27,,大工业电量,ridge_own_lags_calendar,447132887.2469668,440477348.0,,,,
2025-10-28,,大工业电量,ridge_own_lags_calendar,443709761.5598737,459803014.0,,,,
2025-10-29,,大工业电量,ridge_own_lags_calendar,453257688.87693536,447312872.0,,,,
2025-10-30,,大工业电量,ridge_own_lags_calendar,444736779.6823404,452259652.0,,,,
2025-10-31,,大工业电量,ridge_own_lags_calendar,448832139.7956616,455513454.0,,,,
2025-11-01,,大工业电量,ridge_own_lags_calendar,447343371.68713933,422981482.0,,,,
2025-11-02,,大工业电量,ridge_own_lags_calendar,412327158.40156484,408863978.0,,,,
2025-11-03,,大工业电量,ridge_own_lags_calendar,419967834.5412406,444113161.0,,,,
2025-11-04,,大工业电量,ridge_own_lags_calendar,443310128.93839574,444898226.0,,,,
2025-11-05,,大工业电量,ridge_own_lags_calendar,442001157.41033095,443291087.0,,,,
2025-11-06,,大工业电量,ridge_own_lags_calendar,442968769.5564237,444654897.0,,,,
2025-11-07,,大工业电量,ridge_own_lags_calendar,443095096.6343013,453028193.0,,,,
2025-11-08,,大工业电量,ridge_own_lags_calendar,445816245.4998822,457994896.0,,,,
2025-11-09,,大工业电量,ridge_own_lags_calendar,442421246.63146293,437364177.0,,,,
2025-11-10,,大工业电量,ridge_own_lags_calendar,447063161.28770137,455498910.0,,,,
2025-11-11,,大工业电量,ridge_own_lags_calendar,456713965.13018936,468373382.0,,,,
2025-11-12,,大工业电量,ridge_own_lags_calendar,464638457.9313849,460434679.0,,,,
2025-11-13,,大工业电量,ridge_own_lags_calendar,460733470.11237264,452267830.0,,,,
2025-11-14,,大工业电量,ridge_own_lags_calendar,454066822.83532345,443093061.0,,,,
2025-11-15,,大工业电量,ridge_own_lags_calendar,441648785.78830975,434395346.0,,,,
2025-11-16,,大工业电量,ridge_own_lags_calendar,424072361.1332265,411804835.0,,,,
2025-11-17,,大工业电量,ridge_own_lags_calendar,426518386.26583326,443490056.0,,,,
2025-11-18,,大工业电量,ridge_own_lags_calendar,445403688.5831218,458275952.0,,,,
2025-11-19,,大工业电量,ridge_own_lags_calendar,453965688.75427765,438423212.0,,,,
2025-11-20,,大工业电量,ridge_own_lags_calendar,439414440.4783581,440109873.0,,,,
2025-11-21,,大工业电量,ridge_own_lags_calendar,439902688.6889452,433004932.0,,,,
2025-11-22,,大工业电量,ridge_own_lags_calendar,429428588.3183187,431705882.0,,,,
2025-11-23,,大工业电量,ridge_own_lags_calendar,419703565.5948487,419878869.0,,,,
2025-11-24,,大工业电量,ridge_own_lags_calendar,431009318.6757744,442482774.0,,,,
2025-11-25,,大工业电量,ridge_own_lags_calendar,443851278.76629525,435432501.0,,,,
2025-11-26,,大工业电量,ridge_own_lags_calendar,433938900.25956094,433103540.0,,,,
2025-11-27,,大工业电量,ridge_own_lags_calendar,434423305.61856455,437525518.0,,,,
2025-11-28,,大工业电量,ridge_own_lags_calendar,437506547.35539657,441095205.0,,,,
2025-11-29,,大工业电量,ridge_own_lags_calendar,434906653.1558085,425957445.0,,,,
2025-11-30,,大工业电量,ridge_own_lags_calendar,412785989.37601435,405853055.0,,,,
2025-12-01,,大工业电量,ridge_own_lags_calendar,417959899.37257487,410861726.0,,,,
2025-12-02,,大工业电量,ridge_own_lags_calendar,415661794.1516186,428573357.0,,,,
2025-12-03,,大工业电量,ridge_own_lags_calendar,427002251.06255126,432067770.0,,,,
2025-12-04,,大工业电量,ridge_own_lags_calendar,431984778.8978181,431199471.0,,,,
2025-12-05,,大工业电量,ridge_own_lags_calendar,430657731.67748094,439036942.0,,,,
2025-12-06,,大工业电量,ridge_own_lags_calendar,433087135.20929545,436611419.0,,,,
2025-12-07,,大工业电量,ridge_own_lags_calendar,422362642.760537,423536440.0,,,,
2025-12-08,,大工业电量,ridge_own_lags_calendar,434077029.7324673,434759268.0,,,,
2025-12-09,,大工业电量,ridge_own_lags_calendar,438046082.3314966,440671486.0,,,,
2025-12-10,,大工业电量,ridge_own_lags_calendar,439840653.87869763,446329871.0,,,,
2025-12-11,,大工业电量,ridge_own_lags_calendar,446433146.7183957,445875735.0,,,,
2025-12-12,,大工业电量,ridge_own_lags_calendar,445797635.34039164,455545254.0,,,,
2025-12-13,,大工业电量,ridge_own_lags_calendar,448964148.7596548,454844634.0,,,,
2025-12-14,,大工业电量,ridge_own_lags_calendar,439417428.5410987,421467201.0,,,,
2025-12-15,,大工业电量,ridge_own_lags_calendar,433879766.9793876,439635748.0,,,,
2025-12-16,,大工业电量,ridge_own_lags_calendar,442878537.49918485,432610620.0,,,,
2025-12-17,,大工业电量,ridge_own_lags_calendar,433548897.34880006,442261158.0,,,,
2025-12-18,,大工业电量,ridge_own_lags_calendar,443461232.1350213,451228355.0,,,,
2025-12-19,,大工业电量,ridge_own_lags_calendar,450193500.0964871,455466036.0,,,,
2025-12-20,,大工业电量,ridge_own_lags_calendar,448830670.52426785,447057401.0,,,,
2025-12-21,,大工业电量,ridge_own_lags_calendar,432743498.1795823,422983838.0,,,,
2025-12-22,,大工业电量,ridge_own_lags_calendar,435007346.43745506,446654347.0,,,,
2025-12-23,,大工业电量,ridge_own_lags_calendar,447881287.7685044,450572557.0,,,,
2025-12-24,,大工业电量,ridge_own_lags_calendar,448543796.9584837,448259632.0,,,,
2025-12-25,,大工业电量,ridge_own_lags_calendar,448656551.62995696,458839640.0,,,,
2025-12-26,,大工业电量,ridge_own_lags_calendar,456583229.52829343,439280126.0,,,,
2025-12-27,,大工业电量,ridge_own_lags_calendar,435373820.67125154,444819161.0,,,,
2025-12-28,,大工业电量,ridge_own_lags_calendar,430101765.7849786,430963654.0,,,,
2025-12-29,,大工业电量,ridge_own_lags_calendar,440022153.4084881,437048333.0,,,,
2025-12-30,,大工业电量,ridge_own_lags_calendar,438562563.5255141,436404391.0,,,,
2025-12-31,,大工业电量,ridge_own_lags_calendar,433879293.51576,420178313.0,,,,
2026-01-01,,大工业电量,ridge_own_lags_calendar,419787973.8620939,363765843.0,,,,
2026-01-02,,大工业电量,ridge_own_lags_calendar,374194028.45295316,384843931.0,,,,
2026-01-03,,大工业电量,ridge_own_lags_calendar,385394507.01642436,426031573.0,,,,
2026-01-04,,大工业电量,ridge_own_lags_calendar,409374176.6433336,447896512.0,,,,
2026-01-05,,大工业电量,ridge_own_lags_calendar,449415371.874622,444790195.0,,,,
2026-01-06,,大工业电量,ridge_own_lags_calendar,441128542.9723202,459653614.0,,,,
2026-01-07,,大工业电量,ridge_own_lags_calendar,450944787.6536542,442918557.0,,,,
2026-01-08,,大工业电量,ridge_own_lags_calendar,440712494.1486555,450413176.0,,,,
2026-01-09,,大工业电量,ridge_own_lags_calendar,448370134.445952,449931011.0,,,,
2025-10-01,,居民生活,naive_yesterday,264916625.0,,275120525.0,,,
2025-10-02,,居民生活,naive_yesterday,275120525.0,,264761030.0,,,
2025-10-03,,居民生活,naive_yesterday,264761030.0,,262888599.0,,,
2025-10-04,,居民生活,naive_yesterday,262888599.0,,269869157.0,,,
2025-10-05,,居民生活,naive_yesterday,269869157.0,,277902728.0,,,
2025-10-06,,居民生活,naive_yesterday,277902728.0,,287697126.0,,,
2025-10-07,,居民生活,naive_yesterday,287697126.0,,282775996.0,,,
2025-10-08,,居民生活,naive_yesterday,282775996.0,,282807841.0,,,
2025-10-09,,居民生活,naive_yesterday,282807841.0,,262183045.0,,,
2025-10-10,,居民生活,naive_yesterday,262183045.0,,251649981.0,,,
2025-10-11,,居民生活,naive_yesterday,251649981.0,,253919182.0,,,
2025-10-12,,居民生活,naive_yesterday,253919182.0,,268558168.0,,,
2025-10-13,,居民生活,naive_yesterday,268558168.0,,259589508.0,,,
2025-10-14,,居民生活,naive_yesterday,259589508.0,,251816129.0,,,
2025-10-15,,居民生活,naive_yesterday,251816129.0,,242925478.0,,,
2025-10-16,,居民生活,naive_yesterday,242925478.0,,241430770.0,,,
2025-10-17,,居民生活,naive_yesterday,241430770.0,,236458099.0,,,
2025-10-18,,居民生活,naive_yesterday,236458099.0,,246111417.0,,,
2025-10-19,,居民生活,naive_yesterday,246111417.0,,222008437.0,,,
2025-10-20,,居民生活,naive_yesterday,222008437.0,,175764811.0,,,
2025-10-21,,居民生活,naive_yesterday,175764811.0,,152197387.0,,,
2025-10-22,,居民生活,naive_yesterday,152197387.0,,147156464.0,,,
2025-10-23,,居民生活,naive_yesterday,147156464.0,,146277938.0,,,
2025-10-24,,居民生活,naive_yesterday,146277938.0,,145689543.0,,,
2025-10-25,,居民生活,naive_yesterday,145689543.0,,147455093.0,,,
2025-10-26,,居民生活,naive_yesterday,147455093.0,,152897271.0,,,
2025-10-27,,居民生活,naive_yesterday,152897271.0,,148036748.0,,,
2025-10-28,,居民生活,naive_yesterday,148036748.0,,146838049.0,,,
2025-10-29,,居民生活,naive_yesterday,146838049.0,,146817318.0,,,
2025-10-30,,居民生活,naive_yesterday,146817318.0,,148062193.0,,,
2025-10-31,,居民生活,naive_yesterday,148062193.0,,148695946.0,,,
2025-11-01,,居民生活,naive_yesterday,148695946.0,,147621791.0,,,
2025-11-02,,居民生活,naive_yesterday,147621791.0,,148884473.0,,,
2025-11-03,,居民生活,naive_yesterday,148884473.0,,146758156.0,,,
2025-11-04,,居民生活,naive_yesterday,146758156.0,,148320028.0,,,
2025-11-05,,居民生活,naive_yesterday,148320028.0,,148133948.0,,,
2025-11-06,,居民生活,naive_yesterday,148133948.0,,147986138.0,,,
2025-11-07,,居民生活,naive_yesterday,147986138.0,,150964168.0,,,
2025-11-08,,居民生活,naive_yesterday,150964168.0,,152863489.0,,,
2025-11-09,,居民生活,naive_yesterday,152863489.0,,157173071.0,,,
2025-11-10,,居民生活,naive_yesterday,157173071.0,,149348310.0,,,
2025-11-11,,居民生活,naive_yesterday,149348310.0,,147920802.0,,,
2025-11-12,,居民生活,naive_yesterday,147920802.0,,148083434.0,,,
2025-11-13,,居民生活,naive_yesterday,148083434.0,,148502270.0,,,
2025-11-14,,居民生活,naive_yesterday,148502270.0,,147171396.0,,,
2025-11-15,,居民生活,naive_yesterday,147171396.0,,146638768.0,,,
2025-11-16,,居民生活,naive_yesterday,146638768.0,,150358983.0,,,
2025-11-17,,居民生活,naive_yesterday,150358983.0,,147754591.0,,,
2025-11-18,,居民生活,naive_yesterday,147754591.0,,151147255.0,,,
2025-11-19,,居民生活,naive_yesterday,151147255.0,,156013493.0,,,
2025-11-20,,居民生活,naive_yesterday,156013493.0,,158491827.0,,,
2025-11-21,,居民生活,naive_yesterday,158491827.0,,156960167.0,,,
2025-11-22,,居民生活,naive_yesterday,156960167.0,,156479475.0,,,
2025-11-23,,居民生活,naive_yesterday,156479475.0,,158080233.0,,,
2025-11-24,,居民生活,naive_yesterday,158080233.0,,152431120.0,,,
2025-11-25,,居民生活,naive_yesterday,152431120.0,,153118170.0,,,
2025-11-26,,居民生活,naive_yesterday,153118170.0,,155762515.0,,,
2025-11-27,,居民生活,naive_yesterday,155762515.0,,157157205.0,,,
2025-11-28,,居民生活,naive_yesterday,157157205.0,,159012171.0,,,
2025-11-29,,居民生活,naive_yesterday,159012171.0,,159455674.0,,,
2025-11-30,,居民生活,naive_yesterday,159455674.0,,161733570.0,,,
2025-12-01,,居民生活,naive_yesterday,161733570.0,,155506605.0,,,
2025-12-02,,居民生活,naive_yesterday,155506605.0,,154272482.0,,,
2025-12-03,,居民生活,naive_yesterday,154272482.0,,155473841.0,,,
2025-12-04,,居民生活,naive_yesterday,155473841.0,,158198586.0,,,
2025-12-05,,居民生活,naive_yesterday,158198586.0,,157944028.0,,,
2025-12-06,,居民生活,naive_yesterday,157944028.0,,156945681.0,,,
2025-12-07,,居民生活,naive_yesterday,156945681.0,,159688949.0,,,
2025-12-08,,居民生活,naive_yesterday,159688949.0,,155318433.0,,,
2025-12-09,,居民生活,naive_yesterday,155318433.0,,156874010.0,,,
2025-12-10,,居民生活,naive_yesterday,156874010.0,,155622761.0,,,
2025-12-11,,居民生活,naive_yesterday,155622761.0,,154981408.0,,,
2025-12-12,,居民生活,naive_yesterday,154981408.0,,155380420.0,,,
2025-12-13,,居民生活,naive_yesterday,155380420.0,,158432754.0,,,
2025-12-14,,居民生活,naive_yesterday,158432754.0,,167291386.0,,,
2025-12-15,,居民生活,naive_yesterday,167291386.0,,166704616.0,,,
2025-12-16,,居民生活,naive_yesterday,166704616.0,,165366798.0,,,
2025-12-17,,居民生活,naive_yesterday,165366798.0,,161833474.0,,,
2025-12-18,,居民生活,naive_yesterday,161833474.0,,161646794.0,,,
2025-12-19,,居民生活,naive_yesterday,161646794.0,,161784728.0,,,
2025-12-20,,居民生活,naive_yesterday,161784728.0,,161579920.0,,,
2025-12-21,,居民生活,naive_yesterday,161579920.0,,167818367.0,,,
2025-12-22,,居民生活,naive_yesterday,167818367.0,,161298688.0,,,
2025-12-23,,居民生活,naive_yesterday,161298688.0,,160328949.0,,,
2025-12-24,,居民生活,naive_yesterday,160328949.0,,159515163.0,,,
2025-12-25,,居民生活,naive_yesterday,159515163.0,,166258558.0,,,
2025-12-26,,居民生活,naive_yesterday,166258558.0,,172743388.0,,,
2025-12-27,,居民生活,naive_yesterday,172743388.0,,171906866.0,,,
2025-12-28,,居民生活,naive_yesterday,171906866.0,,175065229.0,,,
2025-12-29,,居民生活,naive_yesterday,175065229.0,,167773109.0,,,
2025-12-30,,居民生活,naive_yesterday,167773109.0,,167030401.0,,,
2025-12-31,,居民生活,naive_yesterday,167030401.0,,166764289.0,,,
2026-01-01,,居民生活,naive_yesterday,166764289.0,,170823875.0,,,
2026-01-02,,居民生活,naive_yesterday,170823875.0,,173789053.0,,,
2026-01-03,,居民生活,naive_yesterday,173789053.0,,186498212.0,,,
2026-01-04,,居民生活,naive_yesterday,186498212.0,,180699527.0,,,
2026-01-05,,居民生活,naive_yesterday,180699527.0,,179510387.0,,,
2026-01-06,,居民生活,naive_yesterday,179510387.0,,187488596.0,,,
2026-01-07,,居民生活,naive_yesterday,187488596.0,,192452859.0,,,
2026-01-08,,居民生活,naive_yesterday,192452859.0,,193161038.0,,,
2026-01-09,,居民生活,naive_yesterday,193161038.0,,193104164.0,,,
2025-10-01,,居民生活,seasonal_week,218420348.0,,275120525.0,,,
2025-10-02,,居民生活,seasonal_week,231853140.0,,264761030.0,,,
2025-10-03,,居民生活,seasonal_week,244066567.0,,262888599.0,,,
2025-10-04,,居民生活,seasonal_week,259497713.0,,269869157.0,,,
2025-10-05,,居民生活,seasonal_week,256617753.0,,277902728.0,,,
2025-10-06,,居民生活,seasonal_week,265468229.0,,287697126.0,,,
2025-10-07,,居民生活,seasonal_week,264916625.0,,282775996.0,,,
2025-10-08,,居民生活,seasonal_week,275120525.0,,282807841.0,,,
2025-10-09,,居民生活,seasonal_week,264761030.0,,262183045.0,,,
2025-10-10,,居民生活,seasonal_week,262888599.0,,251649981.0,,,
2025-10-11,,居民生活,seasonal_week,269869157.0,,253919182.0,,,
2025-10-12,,居民生活,seasonal_week,277902728.0,,268558168.0,,,
2025-10-13,,居民生活,seasonal_week,287697126.0,,259589508.0,,,
2025-10-14,,居民生活,seasonal_week,282775996.0,,251816129.0,,,
2025-10-15,,居民生活,seasonal_week,282807841.0,,242925478.0,,,
2025-10-16,,居民生活,seasonal_week,262183045.0,,241430770.0,,,
2025-10-17,,居民生活,seasonal_week,251649981.0,,236458099.0,,,
2025-10-18,,居民生活,seasonal_week,253919182.0,,246111417.0,,,
2025-10-19,,居民生活,seasonal_week,268558168.0,,222008437.0,,,
2025-10-20,,居民生活,seasonal_week,259589508.0,,175764811.0,,,
2025-10-21,,居民生活,seasonal_week,251816129.0,,152197387.0,,,
2025-10-22,,居民生活,seasonal_week,242925478.0,,147156464.0,,,
2025-10-23,,居民生活,seasonal_week,241430770.0,,146277938.0,,,
2025-10-24,,居民生活,seasonal_week,236458099.0,,145689543.0,,,
2025-10-25,,居民生活,seasonal_week,246111417.0,,147455093.0,,,
2025-10-26,,居民生活,seasonal_week,222008437.0,,152897271.0,,,
2025-10-27,,居民生活,seasonal_week,175764811.0,,148036748.0,,,
2025-10-28,,居民生活,seasonal_week,152197387.0,,146838049.0,,,
2025-10-29,,居民生活,seasonal_week,147156464.0,,146817318.0,,,
2025-10-30,,居民生活,seasonal_week,146277938.0,,148062193.0,,,
2025-10-31,,居民生活,seasonal_week,145689543.0,,148695946.0,,,
2025-11-01,,居民生活,seasonal_week,147455093.0,,147621791.0,,,
2025-11-02,,居民生活,seasonal_week,152897271.0,,148884473.0,,,
2025-11-03,,居民生活,seasonal_week,148036748.0,,146758156.0,,,
2025-11-04,,居民生活,seasonal_week,146838049.0,,148320028.0,,,
2025-11-05,,居民生活,seasonal_week,146817318.0,,148133948.0,,,
2025-11-06,,居民生活,seasonal_week,148062193.0,,147986138.0,,,
2025-11-07,,居民生活,seasonal_week,148695946.0,,150964168.0,,,
2025-11-08,,居民生活,seasonal_week,147621791.0,,152863489.0,,,
2025-11-09,,居民生活,seasonal_week,148884473.0,,157173071.0,,,
2025-11-10,,居民生活,seasonal_week,146758156.0,,149348310.0,,,
2025-11-11,,居民生活,seasonal_week,148320028.0,,147920802.0,,,
2025-11-12,,居民生活,seasonal_week,148133948.0,,148083434.0,,,
2025-11-13,,居民生活,seasonal_week,147986138.0,,148502270.0,,,
2025-11-14,,居民生活,seasonal_week,150964168.0,,147171396.0,,,
2025-11-15,,居民生活,seasonal_week,152863489.0,,146638768.0,,,
2025-11-16,,居民生活,seasonal_week,157173071.0,,150358983.0,,,
2025-11-17,,居民生活,seasonal_week,149348310.0,,147754591.0,,,
2025-11-18,,居民生活,seasonal_week,147920802.0,,151147255.0,,,
2025-11-19,,居民生活,seasonal_week,148083434.0,,156013493.0,,,
2025-11-20,,居民生活,seasonal_week,148502270.0,,158491827.0,,,
2025-11-21,,居民生活,seasonal_week,147171396.0,,156960167.0,,,
2025-11-22,,居民生活,seasonal_week,146638768.0,,156479475.0,,,
2025-11-23,,居民生活,seasonal_week,150358983.0,,158080233.0,,,
2025-11-24,,居民生活,seasonal_week,147754591.0,,152431120.0,,,
2025-11-25,,居民生活,seasonal_week,151147255.0,,153118170.0,,,
2025-11-26,,居民生活,seasonal_week,156013493.0,,155762515.0,,,
2025-11-27,,居民生活,seasonal_week,158491827.0,,157157205.0,,,
2025-11-28,,居民生活,seasonal_week,156960167.0,,159012171.0,,,
2025-11-29,,居民生活,seasonal_week,156479475.0,,159455674.0,,,
2025-11-30,,居民生活,seasonal_week,158080233.0,,161733570.0,,,
2025-12-01,,居民生活,seasonal_week,152431120.0,,155506605.0,,,
2025-12-02,,居民生活,seasonal_week,153118170.0,,154272482.0,,,
2025-12-03,,居民生活,seasonal_week,155762515.0,,155473841.0,,,
2025-12-04,,居民生活,seasonal_week,157157205.0,,158198586.0,,,
2025-12-05,,居民生活,seasonal_week,159012171.0,,157944028.0,,,
2025-12-06,,居民生活,seasonal_week,159455674.0,,156945681.0,,,
2025-12-07,,居民生活,seasonal_week,161733570.0,,159688949.0,,,
2025-12-08,,居民生活,seasonal_week,155506605.0,,155318433.0,,,
2025-12-09,,居民生活,seasonal_week,154272482.0,,156874010.0,,,
2025-12-10,,居民生活,seasonal_week,155473841.0,,155622761.0,,,
2025-12-11,,居民生活,seasonal_week,158198586.0,,154981408.0,,,
2025-12-12,,居民生活,seasonal_week,157944028.0,,155380420.0,,,
2025-12-13,,居民生活,seasonal_week,156945681.0,,158432754.0,,,
2025-12-14,,居民生活,seasonal_week,159688949.0,,167291386.0,,,
2025-12-15,,居民生活,seasonal_week,155318433.0,,166704616.0,,,
2025-12-16,,居民生活,seasonal_week,156874010.0,,165366798.0,,,
2025-12-17,,居民生活,seasonal_week,155622761.0,,161833474.0,,,
2025-12-18,,居民生活,seasonal_week,154981408.0,,161646794.0,,,
2025-12-19,,居民生活,seasonal_week,155380420.0,,161784728.0,,,
2025-12-20,,居民生活,seasonal_week,158432754.0,,161579920.0,,,
2025-12-21,,居民生活,seasonal_week,167291386.0,,167818367.0,,,
2025-12-22,,居民生活,seasonal_week,166704616.0,,161298688.0,,,
2025-12-23,,居民生活,seasonal_week,165366798.0,,160328949.0,,,
2025-12-24,,居民生活,seasonal_week,161833474.0,,159515163.0,,,
2025-12-25,,居民生活,seasonal_week,161646794.0,,166258558.0,,,
2025-12-26,,居民生活,seasonal_week,161784728.0,,172743388.0,,,
2025-12-27,,居民生活,seasonal_week,161579920.0,,171906866.0,,,
2025-12-28,,居民生活,seasonal_week,167818367.0,,175065229.0,,,
2025-12-29,,居民生活,seasonal_week,161298688.0,,167773109.0,,,
2025-12-30,,居民生活,seasonal_week,160328949.0,,167030401.0,,,
2025-12-31,,居民生活,seasonal_week,159515163.0,,166764289.0,,,
2026-01-01,,居民生活,seasonal_week,166258558.0,,170823875.0,,,
2026-01-02,,居民生活,seasonal_week,172743388.0,,173789053.0,,,
2026-01-03,,居民生活,seasonal_week,171906866.0,,186498212.0,,,
2026-01-04,,居民生活,seasonal_week,175065229.0,,180699527.0,,,
2026-01-05,,居民生活,seasonal_week,167773109.0,,179510387.0,,,
2026-01-06,,居民生活,seasonal_week,167030401.0,,187488596.0,,,
2026-01-07,,居民生活,seasonal_week,166764289.0,,192452859.0,,,
2026-01-08,,居民生活,seasonal_week,170823875.0,,193161038.0,,,
2026-01-09,,居民生活,seasonal_week,173789053.0,,193104164.0,,,
2025-10-01,,居民生活,seasonal_year,203923104.0,,275120525.0,,,
2025-10-02,,居民生活,seasonal_year,160683995.0,,264761030.0,,,
2025-10-03,,居民生活,seasonal_year,140961965.0,,262888599.0,,,
2025-10-04,,居民生活,seasonal_year,137614446.0,,269869157.0,,,
2025-10-05,,居民生活,seasonal_year,142578185.0,,277902728.0,,,
2025-10-06,,居民生活,seasonal_year,159310177.0,,287697126.0,,,
2025-10-07,,居民生活,seasonal_year,170127612.0,,282775996.0,,,
2025-10-08,,居民生活,seasonal_year,153533155.0,,282807841.0,,,
2025-10-09,,居民生活,seasonal_year,146351121.0,,262183045.0,,,
2025-10-10,,居民生活,seasonal_year,143251020.0,,251649981.0,,,
2025-10-11,,居民生活,seasonal_year,141454221.0,,253919182.0,,,
2025-10-12,,居民生活,seasonal_year,142226382.0,,268558168.0,,,
2025-10-13,,居民生活,seasonal_year,153167655.0,,259589508.0,,,
2025-10-14,,居民生活,seasonal_year,160520366.0,,251816129.0,,,
2025-10-15,,居民生活,seasonal_year,168355111.0,,242925478.0,,,
2025-10-16,,居民生活,seasonal_year,168599811.0,,241430770.0,,,
2025-10-17,,居民生活,seasonal_year,168795656.0,,236458099.0,,,
2025-10-18,,居民生活,seasonal_year,179832925.0,,246111417.0,,,
2025-10-19,,居民生活,seasonal_year,187719624.0,,222008437.0,,,
2025-10-20,,居民生活,seasonal_year,165838272.0,,175764811.0,,,
2025-10-21,,居民生活,seasonal_year,157305577.0,,152197387.0,,,
2025-10-22,,居民生活,seasonal_year,161564511.0,,147156464.0,,,
2025-10-23,,居民生活,seasonal_year,153776565.0,,146277938.0,,,
2025-10-24,,居民生活,seasonal_year,143085506.0,,145689543.0,,,
2025-10-25,,居民生活,seasonal_year,143145950.0,,147455093.0,,,
2025-10-26,,居民生活,seasonal_year,152602326.0,,152897271.0,,,
2025-10-27,,居民生活,seasonal_year,161652497.0,,148036748.0,,,
2025-10-28,,居民生活,seasonal_year,149483873.0,,146838049.0,,,
2025-10-29,,居民生活,seasonal_year,144851520.0,,146817318.0,,,
2025-10-30,,居民生活,seasonal_year,142316431.0,,148062193.0,,,
2025-10-31,,居民生活,seasonal_year,146890052.0,,148695946.0,,,
2025-11-01,,居民生活,seasonal_year,147515082.0,,147621791.0,,,
2025-11-02,,居民生活,seasonal_year,147104892.0,,148884473.0,,,
2025-11-03,,居民生活,seasonal_year,147329399.0,,146758156.0,,,
2025-11-04,,居民生活,seasonal_year,144294282.0,,148320028.0,,,
2025-11-05,,居民生活,seasonal_year,142555330.0,,148133948.0,,,
2025-11-06,,居民生活,seasonal_year,139864690.0,,147986138.0,,,
2025-11-07,,居民生活,seasonal_year,140182641.0,,150964168.0,,,
2025-11-08,,居民生活,seasonal_year,138306622.0,,152863489.0,,,
2025-11-09,,居民生活,seasonal_year,139631609.0,,157173071.0,,,
2025-11-10,,居民生活,seasonal_year,143546016.0,,149348310.0,,,
2025-11-11,,居民生活,seasonal_year,142127801.0,,147920802.0,,,
2025-11-12,,居民生活,seasonal_year,142663773.0,,148083434.0,,,
2025-11-13,,居民生活,seasonal_year,142200667.0,,148502270.0,,,
2025-11-14,,居民生活,seasonal_year,146310541.0,,147171396.0,,,
2025-11-15,,居民生活,seasonal_year,152231223.0,,146638768.0,,,
2025-11-16,,居民生活,seasonal_year,151066317.0,,150358983.0,,,
2025-11-17,,居民生活,seasonal_year,149931901.0,,147754591.0,,,
2025-11-18,,居民生活,seasonal_year,141460937.0,,151147255.0,,,
2025-11-19,,居民生活,seasonal_year,141546620.0,,156013493.0,,,
2025-11-20,,居民生活,seasonal_year,143483023.0,,158491827.0,,,
2025-11-21,,居民生活,seasonal_year,145240729.0,,156960167.0,,,
2025-11-22,,居民生活,seasonal_year,144830157.0,,156479475.0,,,
2025-11-23,,居民生活,seasonal_year,144904986.0,,158080233.0,,,
2025-11-24,,居民生活,seasonal_year,148221207.0,,152431120.0,,,
2025-11-25,,居民生活,seasonal_year,147065707.0,,153118170.0,,,
2025-11-26,,居民生活,seasonal_year,146133346.0,,155762515.0,,,
2025-11-27,,居民生活,seasonal_year,147428328.0,,157157205.0,,,
2025-11-28,,居民生活,seasonal_year,150003631.0,,159012171.0,,,
2025-11-29,,居民生活,seasonal_year,152121926.0,,159455674.0,,,
2025-11-30,,居民生活,seasonal_year,154050396.0,,161733570.0,,,
2025-12-01,,居民生活,seasonal_year,156123126.0,,155506605.0,,,
2025-12-02,,居民生活,seasonal_year,150353731.0,,154272482.0,,,
2025-12-03,,居民生活,seasonal_year,149011883.0,,155473841.0,,,
2025-12-04,,居民生活,seasonal_year,148026370.0,,158198586.0,,,
2025-12-05,,居民生活,seasonal_year,147716106.0,,157944028.0,,,
2025-12-06,,居民生活,seasonal_year,147744111.0,,156945681.0,,,
2025-12-07,,居民生活,seasonal_year,150311591.0,,159688949.0,,,
2025-12-08,,居民生活,seasonal_year,159802455.0,,155318433.0,,,
2025-12-09,,居民生活,seasonal_year,156755569.0,,156874010.0,,,
2025-12-10,,居民生活,seasonal_year,154858776.0,,155622761.0,,,
2025-12-11,,居民生活,seasonal_year,153787807.0,,154981408.0,,,
2025-12-12,,居民生活,seasonal_year,156920571.0,,155380420.0,,,
2025-12-13,,居民生活,seasonal_year,158978748.0,,158432754.0,,,
2025-12-14,,居民生活,seasonal_year,164572552.0,,167291386.0,,,
2025-12-15,,居民生活,seasonal_year,174678100.0,,166704616.0,,,
2025-12-16,,居民生活,seasonal_year,170966271.0,,165366798.0,,,
2025-12-17,,居民生活,seasonal_year,172423295.0,,161833474.0,,,
2025-12-18,,居民生活,seasonal_year,172028014.0,,161646794.0,,,
2025-12-19,,居民生活,seasonal_year,179353986.0,,161784728.0,,,
2025-12-20,,居民生活,seasonal_year,178066629.0,,161579920.0,,,
2025-12-21,,居民生活,seasonal_year,177881802.0,,167818367.0,,,
2025-12-22,,居民生活,seasonal_year,182649932.0,,161298688.0,,,
2025-12-23,,居民生活,seasonal_year,178943535.0,,160328949.0,,,
2025-12-24,,居民生活,seasonal_year,175749606.0,,159515163.0,,,
2025-12-25,,居民生活,seasonal_year,170494294.0,,166258558.0,,,
2025-12-26,,居民生活,seasonal_year,167121096.0,,172743388.0,,,
2025-12-27,,居民生活,seasonal_year,166599620.0,,171906866.0,,,
2025-12-28,,居民生活,seasonal_year,170071748.0,,175065229.0,,,
2025-12-29,,居民生活,seasonal_year,180676589.0,,167773109.0,,,
2025-12-30,,居民生活,seasonal_year,172128938.0,,167030401.0,,,
2025-12-31,,居民生活,seasonal_year,168224308.0,,166764289.0,,,
2026-01-01,,居民生活,seasonal_year,174539920.0,,170823875.0,,,
2026-01-02,,居民生活,seasonal_year,167999272.0,,173789053.0,,,
2026-01-03,,居民生活,seasonal_year,169147122.0,,186498212.0,,,
2026-01-04,,居民生活,seasonal_year,170385400.0,,180699527.0,,,
2026-01-05,,居民生活,seasonal_year,172004103.0,,179510387.0,,,
2026-01-06,,居民生活,seasonal_year,168726326.0,,187488596.0,,,
2026-01-07,,居民生活,seasonal_year,172096571.0,,192452859.0,,,
2026-01-08,,居民生活,seasonal_year,172086744.0,,193161038.0,,,
2026-01-09,,居民生活,seasonal_year,174676658.0,,193104164.0,,,
2025-10-01,,居民生活,rolling7,248691482.14285713,,275120525.0,,,
2025-10-02,,居民生活,rolling7,256791507.42857143,,264761030.0,,,
2025-10-03,,居民生活,rolling7,261492634.57142857,,262888599.0,,,
2025-10-04,,居民生活,rolling7,264181496.2857143,,269869157.0,,,
2025-10-05,,居民生活,rolling7,265663131.14285713,,277902728.0,,,
2025-10-06,,居民生活,rolling7,268703841.85714287,,287697126.0,,,
2025-10-07,,居民生活,rolling7,271879398.5714286,,282775996.0,,,
2025-10-08,,居民生活,rolling7,274430737.28571427,,282807841.0,,,
2025-10-09,,居民生活,rolling7,275528925.28571427,,262183045.0,,,
2025-10-10,,居民生活,rolling7,275160641.71428573,,251649981.0,,,
2025-10-11,,居民生活,rolling7,273555124.85714287,,253919182.0,,,
2025-10-12,,居民生活,rolling7,271276557.0,,268558168.0,,,
2025-10-13,,居民生活,rolling7,269941619.85714287,,259589508.0,,,
2025-10-14,,居民生活,rolling7,265926245.85714287,,251816129.0,,,
2025-10-15,,居民生活,rolling7,261503407.7142857,,242925478.0,,,
2025-10-16,,居民生活,rolling7,255805927.2857143,,241430770.0,,,
2025-10-17,,居民生活,rolling7,252841316.57142857,,236458099.0,,,
2025-10-18,,居民生活,rolling7,250671047.7142857,,246111417.0,,,
2025-10-19,,居民生活,rolling7,249555652.7142857,,222008437.0,,,
2025-10-20,,居民生活,rolling7,242905691.14285713,,175764811.0,,,
2025-10-21,,居民生活,rolling7,230930734.42857143,,152197387.0,,,
2025-10-22,,居民生活,rolling7,216699485.57142857,,147156464.0,,,
2025-10-23,,居民生活,rolling7,203018197.85714287,,146277938.0,,,
2025-10-24,,居民生活,rolling7,189424936.14285713,,145689543.0,,,
2025-10-25,,居民生活,rolling7,176457999.57142857,,147455093.0,,,
2025-10-26,,居民生活,rolling7,162364239.0,,152897271.0,,,
2025-10-27,,居民生活,rolling7,152491215.2857143,,148036748.0,,,
2025-10-28,,居民生活,rolling7,148530063.42857143,,146838049.0,,,
2025-10-29,,居民生活,rolling7,147764443.7142857,,146817318.0,,,
2025-10-30,,居民生活,rolling7,147715994.2857143,,148062193.0,,,
2025-10-31,,居民生活,rolling7,147970887.85714287,,148695946.0,,,
2025-11-01,,居民生活,rolling7,148400374.0,,147621791.0,,,
2025-11-02,,居民生活,rolling7,148424188.0,,148884473.0,,,
2025-11-03,,居民生活,rolling7,147850931.14285713,,146758156.0,,,
2025-11-04,,居民生活,rolling7,147668275.14285713,,148320028.0,,,
2025-11-05,,居民生活,rolling7,147879986.42857143,,148133948.0,,,
2025-11-06,,居民生活,rolling7,148068076.42857143,,147986138.0,,,
2025-11-07,,居民生活,rolling7,148057211.42857143,,150964168.0,,,
2025-11-08,,居民生活,rolling7,148381243.14285713,,152863489.0,,,
2025-11-09,,居民生活,rolling7,149130057.14285713,,157173071.0,,,
2025-11-10,,居民生活,rolling7,150314142.57142857,,149348310.0,,,
2025-11-11,,居民生活,rolling7,150684164.57142857,,147920802.0,,,
2025-11-12,,居民生活,rolling7,150627132.2857143,,148083434.0,,,
2025-11-13,,居民生活,rolling7,150619916.0,,148502270.0,,,
2025-11-14,,居民生活,rolling7,150693649.14285713,,147171396.0,,,
2025-11-15,,居民生活,rolling7,150151824.57142857,,146638768.0,,,
2025-11-16,,居民生活,rolling7,149262578.7142857,,150358983.0,,,
2025-11-17,,居民生活,rolling7,148289137.57142857,,147754591.0,,,
2025-11-18,,居民生活,rolling7,148061463.42857143,,151147255.0,,,
2025-11-19,,居民生活,rolling7,148522385.2857143,,156013493.0,,,
2025-11-20,,居民生活,rolling7,149655250.85714287,,158491827.0,,,
2025-11-21,,居民生活,rolling7,151082330.42857143,,156960167.0,,,
2025-11-22,,居民生活,rolling7,152480726.2857143,,156479475.0,,,
2025-11-23,,居民生活,rolling7,153886541.57142857,,158080233.0,,,
2025-11-24,,居民生活,rolling7,154989577.2857143,,152431120.0,,,
2025-11-25,,居民生活,rolling7,155657652.85714287,,153118170.0,,,
2025-11-26,,居民生活,rolling7,155939212.14285713,,155762515.0,,,
2025-11-27,,居民生活,rolling7,155903358.14285713,,157157205.0,,,
2025-11-28,,居民生活,rolling7,155712697.85714287,,159012171.0,,,
2025-11-29,,居民生活,rolling7,156005841.2857143,,159455674.0,,,
2025-11-30,,居民生活,rolling7,156431012.57142857,,161733570.0,,,
2025-12-01,,居民生活,rolling7,156952917.85714287,,155506605.0,,,
2025-12-02,,居民生活,rolling7,157392272.85714287,,154272482.0,,,
2025-12-03,,居民生活,rolling7,157557174.57142857,,155473841.0,,,
2025-12-04,,居民生活,rolling7,157515935.42857143,,158198586.0,,,
2025-12-05,,居民生活,rolling7,157664704.14285713,,157944028.0,,,
2025-12-06,,居民生活,rolling7,157512112.2857143,,156945681.0,,,
2025-12-07,,居民生活,rolling7,157153541.85714287,,159688949.0,,,
2025-12-08,,居民生活,rolling7,156861453.14285713,,155318433.0,,,
2025-12-09,,居民生活,rolling7,156834571.42857143,,156874010.0,,,
2025-12-10,,居民生活,rolling7,157206218.2857143,,155622761.0,,,
2025-12-11,,居民生活,rolling7,157227492.57142857,,154981408.0,,,
2025-12-12,,居民生活,rolling7,156767895.7142857,,155380420.0,,,
2025-12-13,,居民生活,rolling7,156401666.0,,158432754.0,,,
2025-12-14,,居民生活,rolling7,156614105.0,,167291386.0,,,
2025-12-15,,居民生活,rolling7,157700167.42857143,,166704616.0,,,
2025-12-16,,居民生活,rolling7,159326765.0,,165366798.0,,,
2025-12-17,,居民生活,rolling7,160540020.42857143,,161833474.0,,,
2025-12-18,,居民生活,rolling7,161427265.14285713,,161646794.0,,,
2025-12-19,,居民生活,rolling7,162379463.14285713,,161784728.0,,,
2025-12-20,,居民生活,rolling7,163294364.2857143,,161579920.0,,,
2025-12-21,,居民生活,rolling7,163743959.42857143,,167818367.0,,,
2025-12-22,,居民生活,rolling7,163819242.42857143,,161298688.0,,,
2025-12-23,,居民生活,rolling7,163046967.0,,160328949.0,,,
2025-12-24,,居民生活,rolling7,162327274.2857143,,159515163.0,,,
2025-12-25,,居民生活,rolling7,161996087.0,,166258558.0,,,
2025-12-26,,居民生活,rolling7,162654910.42857143,,172743388.0,,,
2025-12-27,,居民生活,rolling7,164220433.2857143,,171906866.0,,,
2025-12-28,,居民生活,rolling7,165695711.2857143,,175065229.0,,,
2025-12-29,,居民生活,rolling7,166730977.2857143,,167773109.0,,,
2025-12-30,,居民生活,rolling7,167655894.57142857,,167030401.0,,,
2025-12-31,,居民生活,rolling7,168613244.85714287,,166764289.0,,,
2026-01-01,,居民生活,rolling7,169648834.2857143,,170823875.0,,,
2026-01-02,,居民生活,rolling7,170301022.42857143,,173789053.0,,,
2026-01-03,,居民生活,rolling7,170450403.14285713,,186498212.0,,,
2026-01-04,,居民生活,rolling7,172534881.14285713,,180699527.0,,,
2026-01-05,,居民生活,rolling7,173339780.85714287,,179510387.0,,,
2026-01-06,,居民生活,rolling7,175016534.85714287,,187488596.0,,,
2026-01-07,,居民生活,rolling7,177939134.14285713,,192452859.0,,,
2026-01-08,,居民生活,rolling7,181608929.85714287,,193161038.0,,,
2026-01-09,,居民生活,rolling7,184799953.14285713,,193104164.0,,,
2025-10-01,,居民生活,rolling28,261905076.07142857,,275120525.0,,,
2025-10-02,,居民生活,rolling28,262600000.42857143,,264761030.0,,,
2025-10-03,,居民生活,rolling28,262634374.5,,262888599.0,,,
2025-10-04,,居民生活,rolling28,262241742.0357143,,269869157.0,,,
2025-10-05,,居民生活,rolling28,261392122.25,,277902728.0,,,
2025-10-06,,居民生活,rolling28,260873707.35714287,,287697126.0,,,
2025-10-07,,居民生活,rolling28,261423829.39285713,,282775996.0,,,
2025-10-08,,居民生活,rolling28,261887209.7857143,,282807841.0,,,
2025-10-09,,居民生活,rolling28,262445424.2857143,,262183045.0,,,
2025-10-10,,居民生活,rolling28,262603939.07142857,,251649981.0,,,
2025-10-11,,居民生活,rolling28,261915753.57142857,,253919182.0,,,
2025-10-12,,居民生活,rolling28,260551371.0,,268558168.0,,,
2025-10-13,,居民生活,rolling28,259702784.2857143,,259589508.0,,,
2025-10-14,,居民生活,rolling28,259045172.82142857,,251816129.0,,,
2025-10-15,,居民生活,rolling28,257916506.39285713,,242925478.0,,,
2025-10-16,,居民生活,rolling28,256498391.85714287,,241430770.0,,,
2025-10-17,,居民生活,rolling28,255427140.35714287,,236458099.0,,,
2025-10-18,,居民生活,rolling28,255087231.9642857,,246111417.0,,,
2025-10-19,,居民生活,rolling28,255539890.85714287,,222008437.0,,,
2025-10-20,,居民生活,rolling28,255049350.75,,175764811.0,,,
2025-10-21,,居民生活,rolling28,253165302.92857143,,152197387.0,,,
2025-10-22,,居民生活,rolling28,250331278.17857143,,147156464.0,,,
2025-10-23,,居民生活,rolling28,247786139.4642857,,146277938.0,,,
2025-10-24,,居民生活,rolling28,244729882.25,,145689543.0,,,
2025-10-25,,居民生活,rolling28,241216417.10714287,,147455093.0,,,
2025-10-26,,居民生活,rolling28,237214894.9642857,,152897271.0,,,
2025-10-27,,居民生活,rolling28,233510592.0357143,,148036748.0,,,
2025-10-28,,居民生活,rolling28,229316610.57142857,,146838049.0,,,
2025-10-29,,居民生活,rolling28,225099518.57142857,,146817318.0,,,
2025-10-30,,居民生活,rolling28,220517261.17857143,,148062193.0,,,
2025-10-31,,居民生活,rolling28,216349445.57142857,,148695946.0,,,
2025-11-01,,居民生活,rolling28,212271136.5357143,,147621791.0,,,
2025-11-02,,居民生活,rolling28,207905159.17857143,,148884473.0,,,
2025-11-03,,居民生活,rolling28,203297364.35714287,,146758156.0,,,
2025-11-04,,居民生活,rolling28,198263829.7142857,,148320028.0,,,
2025-11-05,,居民生活,rolling28,193461830.85714287,,148133948.0,,,
2025-11-06,,居民生活,rolling28,188652048.9642857,,147986138.0,,,
2025-11-07,,居民生活,rolling28,184573588.0,,150964168.0,,,
2025-11-08,,居民生活,rolling28,180977666.10714287,,152863489.0,,,
2025-11-09,,居民生活,rolling28,177368534.2142857,,157173071.0,,,
2025-11-10,,居民生活,rolling28,173390495.0357143,,149348310.0,,,
2025-11-11,,居民生活,rolling28,169453309.39285713,,147920802.0,,,
2025-11-12,,居民生活,rolling28,165742762.0,,148083434.0,,,
2025-11-13,,居民生活,rolling28,162355546.14285713,,148502270.0,,,
2025-11-14,,居民生活,rolling28,159036671.14285713,,147171396.0,,,
2025-11-15,,居民生活,rolling28,155847860.32142857,,146638768.0,,,
2025-11-16,,居民生活,rolling28,152295265.7142857,,150358983.0,,,
2025-11-17,,居民生活,rolling28,149736356.64285713,,147754591.0,,,
2025-11-18,,居民生活,rolling28,148735991.64285713,,151147255.0,,,
2025-11-19,,居民生活,rolling28,148698486.92857143,,156013493.0,,,
2025-11-20,,居民生活,rolling28,149014809.39285713,,158491827.0,,,
2025-11-21,,居民生活,rolling28,149451019.7142857,,156960167.0,,,
2025-11-22,,居民生活,rolling28,149853542.0,,156479475.0,,,
2025-11-23,,居民生活,rolling28,150175841.35714287,,158080233.0,,,
2025-11-24,,居民生活,rolling28,150360947.14285713,,152431120.0,,,
2025-11-25,,居民生活,rolling28,150517889.0,,153118170.0,,,
2025-11-26,,居民生活,rolling28,150742179.0357143,,155762515.0,,,
2025-11-27,,居民生活,rolling28,151061650.35714287,,157157205.0,,,
2025-11-28,,居民生活,rolling28,151386472.2142857,,159012171.0,,,
2025-11-29,,居民生活,rolling28,151754908.82142857,,159455674.0,,,
2025-11-30,,居民生活,rolling28,152177547.5,,161733570.0,,,
2025-12-01,,居民生活,rolling28,152636443.82142857,,155506605.0,,,
2025-12-02,,居民生活,rolling28,152948888.42857143,,154272482.0,,,
2025-12-03,,居民生活,rolling28,153161476.07142857,,155473841.0,,,
2025-12-04,,居民生活,rolling28,153423615.10714287,,158198586.0,,,
2025-12-05,,居民生活,rolling28,153788345.39285713,,157944028.0,,,
2025-12-06,,居民生活,rolling28,154037626.10714287,,156945681.0,,,
2025-12-07,,居民生活,rolling28,154183418.67857143,,159688949.0,,,
2025-12-08,,居民生活,rolling28,154273271.4642857,,155318433.0,,,
2025-12-09,,居民生活,rolling28,154486490.14285713,,156874010.0,,,
2025-12-10,,居民生活,rolling28,154806247.57142857,,155622761.0,,,
2025-12-11,,居民生活,rolling28,155075509.25,,154981408.0,,,
2025-12-12,,居民生活,rolling28,155306907.0357143,,155380420.0,,,
2025-12-13,,居民生活,rolling28,155600086.4642857,,158432754.0,,,
2025-12-14,,居民生活,rolling28,156021300.25,,167291386.0,,,
2025-12-15,,居民生活,rolling28,156626028.92857143,,166704616.0,,,
2025-12-16,,居民生活,rolling28,157302815.5357143,,165366798.0,,,
2025-12-17,,居民生活,rolling28,157810656.35714287,,161833474.0,,,
2025-12-18,,居民生活,rolling28,158018512.82142857,,161646794.0,,,
2025-12-19,,居民生活,rolling28,158131190.2142857,,161784728.0,,,
2025-12-20,,居民生活,rolling28,158303495.9642857,,161579920.0,,,
2025-12-21,,居民生活,rolling28,158485654.7142857,,167818367.0,,,
2025-12-22,,居民生活,rolling28,158833445.2142857,,161298688.0,,,
2025-12-23,,居民生活,rolling28,159150144.07142857,,160328949.0,,,
2025-12-24,,居民生活,rolling28,159407671.89285713,,159515163.0,,,
2025-12-25,,居民生活,rolling28,159541695.0357143,,166258558.0,,,
2025-12-26,,居民生活,rolling28,159866743.35714287,,172743388.0,,,
2025-12-27,,居民生活,rolling28,160357143.9642857,,171906866.0,,,
2025-12-28,,居民生活,rolling28,160801829.39285713,,175065229.0,,,
2025-12-29,,居民生活,rolling28,161277960.07142857,,167773109.0,,,
2025-12-30,,居民生活,rolling28,161716049.5,,167030401.0,,,
2025-12-31,,居民生活,rolling28,162171689.4642857,,166764289.0,,,
2026-01-01,,居民生活,rolling28,162574919.75,,170823875.0,,,
2026-01-02,,居民生活,rolling28,163025822.92857143,,173789053.0,,,
2026-01-03,,居民生活,rolling28,163591716.67857143,,186498212.0,,,
2026-01-04,,居民生活,rolling28,164647164.2142857,,180699527.0,,,
2026-01-05,,居民生活,rolling28,165397542.0,,179510387.0,,,
2026-01-06,,居民生活,rolling28,166261540.35714287,,187488596.0,,,
2026-01-07,,居民生活,rolling28,167354918.42857143,,192452859.0,,,
2026-01-08,,居民生活,rolling28,168670279.07142857,,193161038.0,,,
2026-01-09,,居民生活,rolling28,170033837.2857143,,193104164.0,,,
2025-10-01,,居民生活,ridge_own_lags_calendar,258286373.99923712,,275120525.0,,,
2025-10-02,,居民生活,ridge_own_lags_calendar,265847169.68008235,,264761030.0,,,
2025-10-03,,居民生活,ridge_own_lags_calendar,256464237.73907468,,262888599.0,,,
2025-10-04,,居民生活,ridge_own_lags_calendar,255364917.33260462,,269869157.0,,,
2025-10-05,,居民生活,ridge_own_lags_calendar,262324350.59299898,,277902728.0,,,
2025-10-06,,居民生活,ridge_own_lags_calendar,265502974.25616908,,287697126.0,,,
2025-10-07,,居民生活,ridge_own_lags_calendar,278069472.7593868,,282775996.0,,,
2025-10-08,,居民生活,ridge_own_lags_calendar,269854681.2405856,,282807841.0,,,
2025-10-09,,居民生活,ridge_own_lags_calendar,270547248.33837867,,262183045.0,,,
2025-10-10,,居民生活,ridge_own_lags_calendar,253400415.87658665,,251649981.0,,,
2025-10-11,,居民生活,ridge_own_lags_calendar,245724727.9127515,,253919182.0,,,
2025-10-12,,居民生活,ridge_own_lags_calendar,249002733.75148255,,268558168.0,,,
2025-10-13,,居民生活,ridge_own_lags_calendar,258413119.9433613,,259589508.0,,,
2025-10-14,,居民生活,ridge_own_lags_calendar,252725516.27523184,,251816129.0,,,
2025-10-15,,居民生活,ridge_own_lags_calendar,243047401.8337796,,242925478.0,,,
2025-10-16,,居民生活,ridge_own_lags_calendar,236623039.4537909,,241430770.0,,,
2025-10-17,,居民生活,ridge_own_lags_calendar,238972305.1756378,,236458099.0,,,
2025-10-18,,居民生活,ridge_own_lags_calendar,238130182.85853007,,246111417.0,,,
2025-10-19,,居民生活,ridge_own_lags_calendar,247014183.2484582,,222008437.0,,,
2025-10-20,,居民生活,ridge_own_lags_calendar,218066687.54854545,,175764811.0,,,
2025-10-21,,居民生活,ridge_own_lags_calendar,178409115.37866008,,152197387.0,,,
2025-10-22,,居民生活,ridge_own_lags_calendar,158550818.37049437,,147156464.0,,,
2025-10-23,,居民生活,ridge_own_lags_calendar,157004045.13757932,,146277938.0,,,
2025-10-24,,居民生活,ridge_own_lags_calendar,157632827.21224785,,145689543.0,,,
2025-10-25,,居民生活,ridge_own_lags_calendar,157552224.07565856,,147455093.0,,,
2025-10-26,,居民生活,ridge_own_lags_calendar,157948240.31787515,,152897271.0,,,
2025-10-27,,居民生活,ridge_own_lags_calendar,155754521.41186,,148036748.0,,,
2025-10-28,,居民生活,ridge_own_lags_calendar,153205703.6577656,,146838049.0,,,
2025-10-29,,居民生活,ridge_own_lags_calendar,148667886.61651385,,146817318.0,,,
2025-10-30,,居民生活,ridge_own_lags_calendar,149891426.1434427,,148062193.0,,,
2025-10-31,,居民生活,ridge_own_lags_calendar,152911186.3559008,,148695946.0,,,
2025-11-01,,居民生活,ridge_own_lags_calendar,154897560.39416513,,147621791.0,,,
2025-11-02,,居民生活,ridge_own_lags_calendar,152126067.85371906,,148884473.0,,,
2025-11-03,,居民生活,ridge_own_lags_calendar,146000195.8801879,,146758156.0,,,
2025-11-04,,居民生活,ridge_own_lags_calendar,147097723.56665266,,148320028.0,,,
2025-11-05,,居民生活,ridge_own_lags_calendar,145973865.87595785,,148133948.0,,,
2025-11-06,,居民生活,ridge_own_lags_calendar,147189830.75893942,,147986138.0,,,
2025-11-07,,居民生活,ridge_own_lags_calendar,148991220.4477055,,150964168.0,,,
2025-11-08,,居民生活,ridge_own_lags_calendar,153198234.39753214,,152863489.0,,,
2025-11-09,,居民生活,ridge_own_lags_calendar,153397098.66654623,,157173071.0,,,
2025-11-10,,居民生活,ridge_own_lags_calendar,151523890.28845185,,149348310.0,,,
2025-11-11,,居民生活,ridge_own_lags_calendar,147711560.07390618,,147920802.0,,,
2025-11-12,,居民生活,ridge_own_lags_calendar,144567026.70948455,,148083434.0,,,
2025-11-13,,居民生活,ridge_own_lags_calendar,146015014.6416314,,148502270.0,,,
2025-11-14,,居民生活,ridge_own_lags_calendar,148556152.59748146,,147171396.0,,,
2025-11-15,,居民生活,ridge_own_lags_calendar,148756945.03427956,,146638768.0,,,
2025-11-16,,居民生活,ridge_own_lags_calendar,148435745.05435264,,150358983.0,,,
2025-11-17,,居民生活,ridge_own_lags_calendar,147931038.4773204,,147754591.0,,,
2025-11-18,,居民生活,ridge_own_lags_calendar,149679514.4509008,,151147255.0,,,
2025-11-19,,居民生活,ridge_own_lags_calendar,150815518.68116856,,156013493.0,,,
2025-11-20,,居民生活,ridge_own_lags_calendar,156329318.91248092,,158491827.0,,,
2025-11-21,,居民生活,ridge_own_lags_calendar,160216838.9215106,,156960167.0,,,
2025-11-22,,居民生活,ridge_own_lags_calendar,160277462.6189864,,156479475.0,,,
2025-11-23,,居民生活,ridge_own_lags_calendar,159034332.18620422,,158080233.0,,,
2025-11-24,,居民生活,ridge_own_lags_calendar,155201247.5718751,,152431120.0,,,
2025-11-25,,居民生活,ridge_own_lags_calendar,153720288.4827698,,153118170.0,,,
2025-11-26,,居民生活,ridge_own_lags_calendar,152458328.26569572,,155762515.0,,,
2025-11-27,,居民生活,ridge_own_lags_calendar,156120767.24548337,,157157205.0,,,
2025-11-28,,居民生活,ridge_own_lags_calendar,159135370.0402791,,159012171.0,,,
2025-11-29,,居民生活,ridge_own_lags_calendar,162637080.15358096,,159455674.0,,,
2025-11-30,,居民生活,ridge_own_lags_calendar,162353988.09964636,,161733570.0,,,
2025-12-01,,居民生活,ridge_own_lags_calendar,158681869.23429933,,155506605.0,,,
2025-12-02,,居民生活,ridge_own_lags_calendar,156274075.38696,,154272482.0,,,
2025-12-03,,居民生活,ridge_own_lags_calendar,153277517.06810293,,155473841.0,,,
2025-12-04,,居民生活,ridge_own_lags_calendar,155744323.55513328,,158198586.0,,,
2025-12-05,,居民生活,ridge_own_lags_calendar,159983027.896655,,157944028.0,,,
2025-12-06,,居民生活,ridge_own_lags_calendar,161339200.52500594,,156945681.0,,,
2025-12-07,,居民生活,ridge_own_lags_calendar,159532152.49644578,,159688949.0,,,
2025-12-08,,居民生活,ridge_own_lags_calendar,157006280.52139935,,155318433.0,,,
2025-12-09,,居民生活,ridge_own_lags_calendar,156559624.72020274,,156874010.0,,,
2025-12-10,,居民生活,ridge_own_lags_calendar,155920131.50594482,,155622761.0,,,
2025-12-11,,居民生活,ridge_own_lags_calendar,155844817.8432006,,154981408.0,,,
2025-12-12,,居民生活,ridge_own_lags_calendar,157278202.4728695,,155380420.0,,,
2025-12-13,,居民生活,ridge_own_lags_calendar,159790218.50912726,,158432754.0,,,
2025-12-14,,居民生活,ridge_own_lags_calendar,162143410.05720216,,167291386.0,,,
2025-12-15,,居民生活,ridge_own_lags_calendar,164859950.72445613,,166704616.0,,,
2025-12-16,,居民生活,ridge_own_lags_calendar,167132006.85082456,,165366798.0,,,
2025-12-17,,居民生活,ridge_own_lags_calendar,163194876.9673471,,161833474.0,,,
2025-12-18,,居民生活,ridge_own_lags_calendar,160898840.33015585,,161646794.0,,,
2025-12-19,,居民生活,ridge_own_lags_calendar,163363921.9531987,,161784728.0,,,
2025-12-20,,居民生活,ridge_own_lags_calendar,165717694.7879359,,161579920.0,,,
2025-12-21,,居民生活,ridge_own_lags_calendar,164945719.50476548,,167818367.0,,,
2025-12-22,,居民生活,ridge_own_lags_calendar,165297782.37382,,161298688.0,,,
2025-12-23,,居民生活,ridge_own_lags_calendar,162504677.0438021,,160328949.0,,,
2025-12-24,,居民生活,ridge_own_lags_calendar,159075393.13374093,,159515163.0,,,
2025-12-25,,居民生活,ridge_own_lags_calendar,159373789.7523259,,166258558.0,,,
2025-12-26,,居民生活,ridge_own_lags_calendar,167317611.91672292,,172743388.0,,,
2025-12-27,,居民生活,ridge_own_lags_calendar,175005363.13824853,,171906866.0,,,
2025-12-28,,居民生活,ridge_own_lags_calendar,173129186.51704887,,175065229.0,,,
2025-12-29,,居民生活,ridge_own_lags_calendar,170639662.1977062,,167773109.0,,,
2025-12-30,,居民生活,ridge_own_lags_calendar,167304292.50648275,,167030401.0,,,
2025-12-31,,居民生活,ridge_own_lags_calendar,164514093.7839363,,166764289.0,,,
2026-01-01,,居民生活,ridge_own_lags_calendar,165987286.20829982,,170823875.0,,,
2026-01-02,,居民生活,ridge_own_lags_calendar,171430124.22507164,,173789053.0,,,
2026-01-03,,居民生活,ridge_own_lags_calendar,176010842.78065142,,186498212.0,,,
2026-01-04,,居民生活,ridge_own_lags_calendar,186752010.08282167,,180699527.0,,,
2026-01-05,,居民生活,ridge_own_lags_calendar,175130840.9080267,,179510387.0,,,
2026-01-06,,居民生活,ridge_own_lags_calendar,176962317.59611696,,187488596.0,,,
2026-01-07,,居民生活,ridge_own_lags_calendar,183193325.58711633,,192452859.0,,,
2026-01-08,,居民生活,ridge_own_lags_calendar,188755933.36246532,,193161038.0,,,
2026-01-09,,居民生活,ridge_own_lags_calendar,190960607.32601887,,193104164.0,,,
2025-10-01,,商业用电,naive_yesterday,122448641.0,,,116501564.0,,
2025-10-02,,商业用电,naive_yesterday,116501564.0,,,116628752.0,,
2025-10-03,,商业用电,naive_yesterday,116628752.0,,,117317831.0,,
2025-10-04,,商业用电,naive_yesterday,117317831.0,,,118156628.0,,
2025-10-05,,商业用电,naive_yesterday,118156628.0,,,117906171.0,,
2025-10-06,,商业用电,naive_yesterday,117906171.0,,,111093382.0,,
2025-10-07,,商业用电,naive_yesterday,111093382.0,,,115752706.0,,
2025-10-08,,商业用电,naive_yesterday,115752706.0,,,115163072.0,,
2025-10-09,,商业用电,naive_yesterday,115163072.0,,,117913460.0,,
2025-10-10,,商业用电,naive_yesterday,117913460.0,,,116441878.0,,
2025-10-11,,商业用电,naive_yesterday,116441878.0,,,117868820.0,,
2025-10-12,,商业用电,naive_yesterday,117868820.0,,,111295501.0,,
2025-10-13,,商业用电,naive_yesterday,111295501.0,,,118472137.0,,
2025-10-14,,商业用电,naive_yesterday,118472137.0,,,116730305.0,,
2025-10-15,,商业用电,naive_yesterday,116730305.0,,,116015521.0,,
2025-10-16,,商业用电,naive_yesterday,116015521.0,,,115707597.0,,
2025-10-17,,商业用电,naive_yesterday,115707597.0,,,115951191.0,,
2025-10-18,,商业用电,naive_yesterday,115951191.0,,,113528182.0,,
2025-10-19,,商业用电,naive_yesterday,113528182.0,,,103202475.0,,
2025-10-20,,商业用电,naive_yesterday,103202475.0,,,92604268.0,,
2025-10-21,,商业用电,naive_yesterday,92604268.0,,,81880025.0,,
2025-10-22,,商业用电,naive_yesterday,81880025.0,,,79064191.0,,
2025-10-23,,商业用电,naive_yesterday,79064191.0,,,78892913.0,,
2025-10-24,,商业用电,naive_yesterday,78892913.0,,,81088537.0,,
2025-10-25,,商业用电,naive_yesterday,81088537.0,,,82589090.0,,
2025-10-26,,商业用电,naive_yesterday,82589090.0,,,81690575.0,,
2025-10-27,,商业用电,naive_yesterday,81690575.0,,,79848739.0,,
2025-10-28,,商业用电,naive_yesterday,79848739.0,,,77938793.0,,
2025-10-29,,商业用电,naive_yesterday,77938793.0,,,79299863.0,,
2025-10-30,,商业用电,naive_yesterday,79299863.0,,,80690276.0,,
2025-10-31,,商业用电,naive_yesterday,80690276.0,,,83251072.0,,
2025-11-01,,商业用电,naive_yesterday,83251072.0,,,79948044.0,,
2025-11-02,,商业用电,naive_yesterday,79948044.0,,,76341587.0,,
2025-11-03,,商业用电,naive_yesterday,76341587.0,,,74153320.0,,
2025-11-04,,商业用电,naive_yesterday,74153320.0,,,73046309.0,,
2025-11-05,,商业用电,naive_yesterday,73046309.0,,,75584025.0,,
2025-11-06,,商业用电,naive_yesterday,75584025.0,,,77937914.0,,
2025-11-07,,商业用电,naive_yesterday,77937914.0,,,82473612.0,,
2025-11-08,,商业用电,naive_yesterday,82473612.0,,,83767248.0,,
2025-11-09,,商业用电,naive_yesterday,83767248.0,,,81840435.0,,
2025-11-10,,商业用电,naive_yesterday,81840435.0,,,77833267.0,,
2025-11-11,,商业用电,naive_yesterday,77833267.0,,,75828928.0,,
2025-11-12,,商业用电,naive_yesterday,75828928.0,,,74488091.0,,
2025-11-13,,商业用电,naive_yesterday,74488091.0,,,75630282.0,,
2025-11-14,,商业用电,naive_yesterday,75630282.0,,,76137224.0,,
2025-11-15,,商业用电,naive_yesterday,76137224.0,,,75730312.0,,
2025-11-16,,商业用电,naive_yesterday,75730312.0,,,74464157.0,,
2025-11-17,,商业用电,naive_yesterday,74464157.0,,,75606180.0,,
2025-11-18,,商业用电,naive_yesterday,75606180.0,,,73574550.0,,
2025-11-19,,商业用电,naive_yesterday,73574550.0,,,71966341.0,,
2025-11-20,,商业用电,naive_yesterday,71966341.0,,,72084541.0,,
2025-11-21,,商业用电,naive_yesterday,72084541.0,,,73222529.0,,
2025-11-22,,商业用电,naive_yesterday,73222529.0,,,72505253.0,,
2025-11-23,,商业用电,naive_yesterday,72505253.0,,,71317540.0,,
2025-11-24,,商业用电,naive_yesterday,71317540.0,,,73104350.0,,
2025-11-25,,商业用电,naive_yesterday,73104350.0,,,72919606.0,,
2025-11-26,,商业用电,naive_yesterday,72919606.0,,,72192476.0,,
2025-11-27,,商业用电,naive_yesterday,72192476.0,,,72516920.0,,
2025-11-28,,商业用电,naive_yesterday,72516920.0,,,73299442.0,,
2025-11-29,,商业用电,naive_yesterday,73299442.0,,,73164119.0,,
2025-11-30,,商业用电,naive_yesterday,73164119.0,,,71612622.0,,
2025-12-01,,商业用电,naive_yesterday,71612622.0,,,72637169.0,,
2025-12-02,,商业用电,naive_yesterday,72637169.0,,,73077031.0,,
2025-12-03,,商业用电,naive_yesterday,73077031.0,,,72252415.0,,
2025-12-04,,商业用电,naive_yesterday,72252415.0,,,71604705.0,,
2025-12-05,,商业用电,naive_yesterday,71604705.0,,,72700548.0,,
2025-12-06,,商业用电,naive_yesterday,72700548.0,,,72170528.0,,
2025-12-07,,商业用电,naive_yesterday,72170528.0,,,70933178.0,,
2025-12-08,,商业用电,naive_yesterday,70933178.0,,,71775931.0,,
2025-12-09,,商业用电,naive_yesterday,71775931.0,,,72003765.0,,
2025-12-10,,商业用电,naive_yesterday,72003765.0,,,72657554.0,,
2025-12-11,,商业用电,naive_yesterday,72657554.0,,,72756716.0,,
2025-12-12,,商业用电,naive_yesterday,72756716.0,,,73329120.0,,
2025-12-13,,商业用电,naive_yesterday,73329120.0,,,72925267.0,,
2025-12-14,,商业用电,naive_yesterday,72925267.0,,,70737683.0,,
2025-12-15,,商业用电,naive_yesterday,70737683.0,,,72258992.0,,
2025-12-16,,商业用电,naive_yesterday,72258992.0,,,72491666.0,,
2025-12-17,,商业用电,naive_yesterday,72491666.0,,,72703086.0,,
2025-12-18,,商业用电,naive_yesterday,72703086.0,,,72735282.0,,
2025-12-19,,商业用电,naive_yesterday,72735282.0,,,74116963.0,,
2025-12-20,,商业用电,naive_yesterday,74116963.0,,,73189025.0,,
2025-12-21,,商业用电,naive_yesterday,73189025.0,,,71156255.0,,
2025-12-22,,商业用电,naive_yesterday,71156255.0,,,71869115.0,,
2025-12-23,,商业用电,naive_yesterday,71869115.0,,,72289560.0,,
2025-12-24,,商业用电,naive_yesterday,72289560.0,,,73366816.0,,
2025-12-25,,商业用电,naive_yesterday,73366816.0,,,74866764.0,,
2025-12-26,,商业用电,naive_yesterday,74866764.0,,,75576183.0,,
2025-12-27,,商业用电,naive_yesterday,75576183.0,,,74039680.0,,
2025-12-28,,商业用电,naive_yesterday,74039680.0,,,72352491.0,,
2025-12-29,,商业用电,naive_yesterday,72352491.0,,,73321641.0,,
2025-12-30,,商业用电,naive_yesterday,73321641.0,,,73353874.0,,
2025-12-31,,商业用电,naive_yesterday,73353874.0,,,76239696.0,,
2026-01-01,,商业用电,naive_yesterday,76239696.0,,,74484734.0,,
2026-01-02,,商业用电,naive_yesterday,74484734.0,,,73953313.0,,
2026-01-03,,商业用电,naive_yesterday,73953313.0,,,73756804.0,,
2026-01-04,,商业用电,naive_yesterday,73756804.0,,,73657574.0,,
2026-01-05,,商业用电,naive_yesterday,73657574.0,,,74046233.0,,
2026-01-06,,商业用电,naive_yesterday,74046233.0,,,76763304.0,,
2026-01-07,,商业用电,naive_yesterday,76763304.0,,,77087396.0,,
2026-01-08,,商业用电,naive_yesterday,77087396.0,,,77536442.0,,
2026-01-09,,商业用电,naive_yesterday,77536442.0,,,78412243.0,,
2025-10-01,,商业用电,seasonal_week,109246591.0,,,116501564.0,,
2025-10-02,,商业用电,seasonal_week,115583059.0,,,116628752.0,,
2025-10-03,,商业用电,seasonal_week,119469285.0,,,117317831.0,,
2025-10-04,,商业用电,seasonal_week,114534687.0,,,118156628.0,,
2025-10-05,,商业用电,seasonal_week,118666690.0,,,117906171.0,,
2025-10-06,,商业用电,seasonal_week,121567700.0,,,111093382.0,,
2025-10-07,,商业用电,seasonal_week,122448641.0,,,115752706.0,,
2025-10-08,,商业用电,seasonal_week,116501564.0,,,115163072.0,,
2025-10-09,,商业用电,seasonal_week,116628752.0,,,117913460.0,,
2025-10-10,,商业用电,seasonal_week,117317831.0,,,116441878.0,,
2025-10-11,,商业用电,seasonal_week,118156628.0,,,117868820.0,,
2025-10-12,,商业用电,seasonal_week,117906171.0,,,111295501.0,,
2025-10-13,,商业用电,seasonal_week,111093382.0,,,118472137.0,,
2025-10-14,,商业用电,seasonal_week,115752706.0,,,116730305.0,,
2025-10-15,,商业用电,seasonal_week,115163072.0,,,116015521.0,,
2025-10-16,,商业用电,seasonal_week,117913460.0,,,115707597.0,,
2025-10-17,,商业用电,seasonal_week,116441878.0,,,115951191.0,,
2025-10-18,,商业用电,seasonal_week,117868820.0,,,113528182.0,,
2025-10-19,,商业用电,seasonal_week,111295501.0,,,103202475.0,,
2025-10-20,,商业用电,seasonal_week,118472137.0,,,92604268.0,,
2025-10-21,,商业用电,seasonal_week,116730305.0,,,81880025.0,,
2025-10-22,,商业用电,seasonal_week,116015521.0,,,79064191.0,,
2025-10-23,,商业用电,seasonal_week,115707597.0,,,78892913.0,,
2025-10-24,,商业用电,seasonal_week,115951191.0,,,81088537.0,,
2025-10-25,,商业用电,seasonal_week,113528182.0,,,82589090.0,,
2025-10-26,,商业用电,seasonal_week,103202475.0,,,81690575.0,,
2025-10-27,,商业用电,seasonal_week,92604268.0,,,79848739.0,,
2025-10-28,,商业用电,seasonal_week,81880025.0,,,77938793.0,,
2025-10-29,,商业用电,seasonal_week,79064191.0,,,79299863.0,,
2025-10-30,,商业用电,seasonal_week,78892913.0,,,80690276.0,,
2025-10-31,,商业用电,seasonal_week,81088537.0,,,83251072.0,,
2025-11-01,,商业用电,seasonal_week,82589090.0,,,79948044.0,,
2025-11-02,,商业用电,seasonal_week,81690575.0,,,76341587.0,,
2025-11-03,,商业用电,seasonal_week,79848739.0,,,74153320.0,,
2025-11-04,,商业用电,seasonal_week,77938793.0,,,73046309.0,,
2025-11-05,,商业用电,seasonal_week,79299863.0,,,75584025.0,,
2025-11-06,,商业用电,seasonal_week,80690276.0,,,77937914.0,,
2025-11-07,,商业用电,seasonal_week,83251072.0,,,82473612.0,,
2025-11-08,,商业用电,seasonal_week,79948044.0,,,83767248.0,,
2025-11-09,,商业用电,seasonal_week,76341587.0,,,81840435.0,,
2025-11-10,,商业用电,seasonal_week,74153320.0,,,77833267.0,,
2025-11-11,,商业用电,seasonal_week,73046309.0,,,75828928.0,,
2025-11-12,,商业用电,seasonal_week,75584025.0,,,74488091.0,,
2025-11-13,,商业用电,seasonal_week,77937914.0,,,75630282.0,,
2025-11-14,,商业用电,seasonal_week,82473612.0,,,76137224.0,,
2025-11-15,,商业用电,seasonal_week,83767248.0,,,75730312.0,,
2025-11-16,,商业用电,seasonal_week,81840435.0,,,74464157.0,,
2025-11-17,,商业用电,seasonal_week,77833267.0,,,75606180.0,,
2025-11-18,,商业用电,seasonal_week,75828928.0,,,73574550.0,,
2025-11-19,,商业用电,seasonal_week,74488091.0,,,71966341.0,,
2025-11-20,,商业用电,seasonal_week,75630282.0,,,72084541.0,,
2025-11-21,,商业用电,seasonal_week,76137224.0,,,73222529.0,,
2025-11-22,,商业用电,seasonal_week,75730312.0,,,72505253.0,,
2025-11-23,,商业用电,seasonal_week,74464157.0,,,71317540.0,,
2025-11-24,,商业用电,seasonal_week,75606180.0,,,73104350.0,,
2025-11-25,,商业用电,seasonal_week,73574550.0,,,72919606.0,,
2025-11-26,,商业用电,seasonal_week,71966341.0,,,72192476.0,,
2025-11-27,,商业用电,seasonal_week,72084541.0,,,72516920.0,,
2025-11-28,,商业用电,seasonal_week,73222529.0,,,73299442.0,,
2025-11-29,,商业用电,seasonal_week,72505253.0,,,73164119.0,,
2025-11-30,,商业用电,seasonal_week,71317540.0,,,71612622.0,,
2025-12-01,,商业用电,seasonal_week,73104350.0,,,72637169.0,,
2025-12-02,,商业用电,seasonal_week,72919606.0,,,73077031.0,,
2025-12-03,,商业用电,seasonal_week,72192476.0,,,72252415.0,,
2025-12-04,,商业用电,seasonal_week,72516920.0,,,71604705.0,,
2025-12-05,,商业用电,seasonal_week,73299442.0,,,72700548.0,,
2025-12-06,,商业用电,seasonal_week,73164119.0,,,72170528.0,,
2025-12-07,,商业用电,seasonal_week,71612622.0,,,70933178.0,,
2025-12-08,,商业用电,seasonal_week,72637169.0,,,71775931.0,,
2025-12-09,,商业用电,seasonal_week,73077031.0,,,72003765.0,,
2025-12-10,,商业用电,seasonal_week,72252415.0,,,72657554.0,,
2025-12-11,,商业用电,seasonal_week,71604705.0,,,72756716.0,,
2025-12-12,,商业用电,seasonal_week,72700548.0,,,73329120.0,,
2025-12-13,,商业用电,seasonal_week,72170528.0,,,72925267.0,,
2025-12-14,,商业用电,seasonal_week,70933178.0,,,70737683.0,,
2025-12-15,,商业用电,seasonal_week,71775931.0,,,72258992.0,,
2025-12-16,,商业用电,seasonal_week,72003765.0,,,72491666.0,,
2025-12-17,,商业用电,seasonal_week,72657554.0,,,72703086.0,,
2025-12-18,,商业用电,seasonal_week,72756716.0,,,72735282.0,,
2025-12-19,,商业用电,seasonal_week,73329120.0,,,74116963.0,,
2025-12-20,,商业用电,seasonal_week,72925267.0,,,73189025.0,,
2025-12-21,,商业用电,seasonal_week,70737683.0,,,71156255.0,,
2025-12-22,,商业用电,seasonal_week,72258992.0,,,71869115.0,,
2025-12-23,,商业用电,seasonal_week,72491666.0,,,72289560.0,,
2025-12-24,,商业用电,seasonal_week,72703086.0,,,73366816.0,,
2025-12-25,,商业用电,seasonal_week,72735282.0,,,74866764.0,,
2025-12-26,,商业用电,seasonal_week,74116963.0,,,75576183.0,,
2025-12-27,,商业用电,seasonal_week,73189025.0,,,74039680.0,,
2025-12-28,,商业用电,seasonal_week,71156255.0,,,72352491.0,,
2025-12-29,,商业用电,seasonal_week,71869115.0,,,73321641.0,,
2025-12-30,,商业用电,seasonal_week,72289560.0,,,73353874.0,,
2025-12-31,,商业用电,seasonal_week,73366816.0,,,76239696.0,,
2026-01-01,,商业用电,seasonal_week,74866764.0,,,74484734.0,,
2026-01-02,,商业用电,seasonal_week,75576183.0,,,73953313.0,,
2026-01-03,,商业用电,seasonal_week,74039680.0,,,73756804.0,,
2026-01-04,,商业用电,seasonal_week,72352491.0,,,73657574.0,,
2026-01-05,,商业用电,seasonal_week,73321641.0,,,74046233.0,,
2026-01-06,,商业用电,seasonal_week,73353874.0,,,76763304.0,,
2026-01-07,,商业用电,seasonal_week,76239696.0,,,77087396.0,,
2026-01-08,,商业用电,seasonal_week,74484734.0,,,77536442.0,,
2026-01-09,,商业用电,seasonal_week,73953313.0,,,78412243.0,,
2025-10-01,,商业用电,seasonal_year,100105540.0,,,116501564.0,,
2025-10-02,,商业用电,seasonal_year,84863370.0,,,116628752.0,,
2025-10-03,,商业用电,seasonal_year,79401894.0,,,117317831.0,,
2025-10-04,,商业用电,seasonal_year,78132490.0,,,118156628.0,,
2025-10-05,,商业用电,seasonal_year,82725717.0,,,117906171.0,,
2025-10-06,,商业用电,seasonal_year,89845908.0,,,111093382.0,,
2025-10-07,,商业用电,seasonal_year,89114415.0,,,115752706.0,,
2025-10-08,,商业用电,seasonal_year,83491087.0,,,115163072.0,,
2025-10-09,,商业用电,seasonal_year,81073015.0,,,117913460.0,,
2025-10-10,,商业用电,seasonal_year,79608292.0,,,116441878.0,,
2025-10-11,,商业用电,seasonal_year,79164268.0,,,117868820.0,,
2025-10-12,,商业用电,seasonal_year,81290555.0,,,111295501.0,,
2025-10-13,,商业用电,seasonal_year,83206460.0,,,118472137.0,,
2025-10-14,,商业用电,seasonal_year,90057776.0,,,116730305.0,,
2025-10-15,,商业用电,seasonal_year,93283548.0,,,116015521.0,,
2025-10-16,,商业用电,seasonal_year,92701834.0,,,115707597.0,,
2025-10-17,,商业用电,seasonal_year,93000086.0,,,115951191.0,,
2025-10-18,,商业用电,seasonal_year,99554742.0,,,113528182.0,,
2025-10-19,,商业用电,seasonal_year,98181778.0,,,103202475.0,,
2025-10-20,,商业用电,seasonal_year,85357878.0,,,92604268.0,,
2025-10-21,,商业用电,seasonal_year,87727687.0,,,81880025.0,,
2025-10-22,,商业用电,seasonal_year,90107197.0,,,79064191.0,,
2025-10-23,,商业用电,seasonal_year,84540255.0,,,78892913.0,,
2025-10-24,,商业用电,seasonal_year,78674995.0,,,81088537.0,,
2025-10-25,,商业用电,seasonal_year,81105927.0,,,82589090.0,,
2025-10-26,,商业用电,seasonal_year,85448748.0,,,81690575.0,,
2025-10-27,,商业用电,seasonal_year,85453664.0,,,79848739.0,,
2025-10-28,,商业用电,seasonal_year,80665239.0,,,77938793.0,,
2025-10-29,,商业用电,seasonal_year,79545714.0,,,79299863.0,,
2025-10-30,,商业用电,seasonal_year,78053588.0,,,80690276.0,,
2025-10-31,,商业用电,seasonal_year,80412780.0,,,83251072.0,,
2025-11-01,,商业用电,seasonal_year,81438630.0,,,79948044.0,,
2025-11-02,,商业用电,seasonal_year,80822606.0,,,76341587.0,,
2025-11-03,,商业用电,seasonal_year,77223868.0,,,74153320.0,,
2025-11-04,,商业用电,seasonal_year,79011941.0,,,73046309.0,,
2025-11-05,,商业用电,seasonal_year,77321386.0,,,75584025.0,,
2025-11-06,,商业用电,seasonal_year,73569385.0,,,77937914.0,,
2025-11-07,,商业用电,seasonal_year,72187735.0,,,82473612.0,,
2025-11-08,,商业用电,seasonal_year,74231635.0,,,83767248.0,,
2025-11-09,,商业用电,seasonal_year,75463462.0,,,81840435.0,,
2025-11-10,,商业用电,seasonal_year,75830073.0,,,77833267.0,,
2025-11-11,,商业用电,seasonal_year,77564303.0,,,75828928.0,,
2025-11-12,,商业用电,seasonal_year,77248699.0,,,74488091.0,,
2025-11-13,,商业用电,seasonal_year,76540770.0,,,75630282.0,,
2025-11-14,,商业用电,seasonal_year,80392277.0,,,76137224.0,,
2025-11-15,,商业用电,seasonal_year,86568950.0,,,75730312.0,,
2025-11-16,,商业用电,seasonal_year,83272964.0,,,74464157.0,,
2025-11-17,,商业用电,seasonal_year,79710039.0,,,75606180.0,,
2025-11-18,,商业用电,seasonal_year,72962430.0,,,73574550.0,,
2025-11-19,,商业用电,seasonal_year,70378879.0,,,71966341.0,,
2025-11-20,,商业用电,seasonal_year,69993587.0,,,72084541.0,,
2025-11-21,,商业用电,seasonal_year,70022173.0,,,73222529.0,,
2025-11-22,,商业用电,seasonal_year,71188667.0,,,72505253.0,,
2025-11-23,,商业用电,seasonal_year,70044471.0,,,71317540.0,,
2025-11-24,,商业用电,seasonal_year,68447423.0,,,73104350.0,,
2025-11-25,,商业用电,seasonal_year,69365980.0,,,72919606.0,,
2025-11-26,,商业用电,seasonal_year,69889739.0,,,72192476.0,,
2025-11-27,,商业用电,seasonal_year,69221460.0,,,72516920.0,,
2025-11-28,,商业用电,seasonal_year,69367631.0,,,73299442.0,,
2025-11-29,,商业用电,seasonal_year,70256693.0,,,73164119.0,,
2025-11-30,,商业用电,seasonal_year,69660926.0,,,71612622.0,,
2025-12-01,,商业用电,seasonal_year,68124187.0,,,72637169.0,,
2025-12-02,,商业用电,seasonal_year,69137761.0,,,73077031.0,,
2025-12-03,,商业用电,seasonal_year,69935976.0,,,72252415.0,,
2025-12-04,,商业用电,seasonal_year,69898007.0,,,71604705.0,,
2025-12-05,,商业用电,seasonal_year,69955696.0,,,72700548.0,,
2025-12-06,,商业用电,seasonal_year,70989854.0,,,72170528.0,,
2025-12-07,,商业用电,seasonal_year,70308416.0,,,70933178.0,,
2025-12-08,,商业用电,seasonal_year,68546591.0,,,71775931.0,,
2025-12-09,,商业用电,seasonal_year,69405382.0,,,72003765.0,,
2025-12-10,,商业用电,seasonal_year,69741008.0,,,72657554.0,,
2025-12-11,,商业用电,seasonal_year,70258825.0,,,72756716.0,,
2025-12-12,,商业用电,seasonal_year,70743578.0,,,73329120.0,,
2025-12-13,,商业用电,seasonal_year,71511483.0,,,72925267.0,,
2025-12-14,,商业用电,seasonal_year,71174824.0,,,70737683.0,,
2025-12-15,,商业用电,seasonal_year,70251716.0,,,72258992.0,,
2025-12-16,,商业用电,seasonal_year,71711735.0,,,72491666.0,,
2025-12-17,,商业用电,seasonal_year,72125874.0,,,72703086.0,,
2025-12-18,,商业用电,seasonal_year,73356063.0,,,72735282.0,,
2025-12-19,,商业用电,seasonal_year,74416021.0,,,74116963.0,,
2025-12-20,,商业用电,seasonal_year,73984048.0,,,73189025.0,,
2025-12-21,,商业用电,seasonal_year,71577389.0,,,71156255.0,,
2025-12-22,,商业用电,seasonal_year,71328778.0,,,71869115.0,,
2025-12-23,,商业用电,seasonal_year,73564663.0,,,72289560.0,,
2025-12-24,,商业用电,seasonal_year,73218731.0,,,73366816.0,,
2025-12-25,,商业用电,seasonal_year,72512734.0,,,74866764.0,,
2025-12-26,,商业用电,seasonal_year,71971872.0,,,75576183.0,,
2025-12-27,,商业用电,seasonal_year,72882933.0,,,74039680.0,,
2025-12-28,,商业用电,seasonal_year,71994924.0,,,72352491.0,,
2025-12-29,,商业用电,seasonal_year,71359696.0,,,73321641.0,,
2025-12-30,,商业用电,seasonal_year,72101343.0,,,73353874.0,,
2025-12-31,,商业用电,seasonal_year,73672821.0,,,76239696.0,,
2026-01-01,,商业用电,seasonal_year,70898798.0,,,74484734.0,,
2026-01-02,,商业用电,seasonal_year,71030609.0,,,73953313.0,,
2026-01-03,,商业用电,seasonal_year,72248068.0,,,73756804.0,,
2026-01-04,,商业用电,seasonal_year,70871609.0,,,73657574.0,,
2026-01-05,,商业用电,seasonal_year,69142304.0,,,74046233.0,,
2026-01-06,,商业用电,seasonal_year,71341507.0,,,76763304.0,,
2026-01-07,,商业用电,seasonal_year,72201517.0,,,77087396.0,,
2026-01-08,,商业用电,seasonal_year,72244461.0,,,77536442.0,,
2026-01-09,,商业用电,seasonal_year,73125834.0,,,78412243.0,,
2025-10-01,,商业用电,rolling7,117359521.85714285,,,116501564.0,,
2025-10-02,,商业用电,rolling7,118395946.57142857,,,116628752.0,,
2025-10-03,,商业用电,rolling7,118545331.28571428,,,117317831.0,,
2025-10-04,,商业用电,rolling7,118237980.71428572,,,118156628.0,,
2025-10-05,,商业用电,rolling7,118755400.85714285,,,117906171.0,,
2025-10-06,,商业用电,rolling7,118646755.28571428,,,111093382.0,,
2025-10-07,,商业用电,rolling7,117150424.14285715,,,115752706.0,,
2025-10-08,,商业用电,rolling7,116193862.0,,,115163072.0,,
2025-10-09,,商业用电,rolling7,116002648.85714285,,,117913460.0,,
2025-10-10,,商业用电,rolling7,116186178.57142857,,,116441878.0,,
2025-10-11,,商业用电,rolling7,116061042.42857143,,,117868820.0,,
2025-10-12,,商业用电,rolling7,116019927.0,,,111295501.0,,
2025-10-13,,商业用电,rolling7,115075545.57142857,,,118472137.0,,
2025-10-14,,商业用电,rolling7,116129653.42857143,,,116730305.0,,
2025-10-15,,商业用电,rolling7,116269310.42857143,,,116015521.0,,
2025-10-16,,商业用电,rolling7,116391088.85714285,,,115707597.0,,
2025-10-17,,商业用电,rolling7,116075965.57142857,,,115951191.0,,
2025-10-18,,商业用电,rolling7,116005867.42857143,,,113528182.0,,
2025-10-19,,商业用电,rolling7,115385776.28571428,,,103202475.0,,
2025-10-20,,商业用电,rolling7,114229629.71428572,,,92604268.0,,
2025-10-21,,商业用电,rolling7,110534219.85714285,,,81880025.0,,
2025-10-22,,商业用电,rolling7,105555608.42857143,,,79064191.0,,
2025-10-23,,商业用电,rolling7,100276847.0,,,78892913.0,,
2025-10-24,,商业用电,rolling7,95017606.42857143,,,81088537.0,,
2025-10-25,,商业用电,rolling7,90037227.28571428,,,82589090.0,,
2025-10-26,,商业用电,rolling7,85617357.0,,,81690575.0,,
2025-10-27,,商业用电,rolling7,82544228.42857143,,,79848739.0,,
2025-10-28,,商业用电,rolling7,80722010.0,,,77938793.0,,
2025-10-29,,商业用电,rolling7,80158976.85714285,,,79299863.0,,
2025-10-30,,商业用电,rolling7,80192644.28571428,,,80690276.0,,
2025-10-31,,商业用电,rolling7,80449410.42857143,,,83251072.0,,
2025-11-01,,商业用电,rolling7,80758344.0,,,79948044.0,,
2025-11-02,,商业用电,rolling7,80381051.71428572,,,76341587.0,,
2025-11-03,,商业用电,rolling7,79616910.57142857,,,74153320.0,,
2025-11-04,,商业用电,rolling7,78803279.28571428,,,73046309.0,,
2025-11-05,,商业用电,rolling7,78104353.0,,,75584025.0,,
2025-11-06,,商业用电,rolling7,77573519.0,,,77937914.0,,
2025-11-07,,商业用电,rolling7,77180324.42857143,,,82473612.0,,
2025-11-08,,商业用电,rolling7,77069258.71428572,,,83767248.0,,
2025-11-09,,商业用电,rolling7,77614859.28571428,,,81840435.0,,
2025-11-10,,商业用电,rolling7,78400409.0,,,77833267.0,,
2025-11-11,,商业用电,rolling7,78926115.71428572,,,75828928.0,,
2025-11-12,,商业用电,rolling7,79323632.71428572,,,74488091.0,,
2025-11-13,,商业用电,rolling7,79167070.71428572,,,75630282.0,,
2025-11-14,,商业用电,rolling7,78837409.0,,,76137224.0,,
2025-11-15,,商业用电,rolling7,77932210.71428572,,,75730312.0,,
2025-11-16,,商业用电,rolling7,76784077.0,,,74464157.0,,
2025-11-17,,商业用电,rolling7,75730323.0,,,75606180.0,,
2025-11-18,,商业用电,rolling7,75412167.71428572,,,73574550.0,,
2025-11-19,,商业用电,rolling7,75090113.71428572,,,71966341.0,,
2025-11-20,,商业用电,rolling7,74729863.71428572,,,72084541.0,,
2025-11-21,,商业用电,rolling7,74223329.28571428,,,73222529.0,,
2025-11-22,,商业用电,rolling7,73806944.28571428,,,72505253.0,,
2025-11-23,,商业用电,rolling7,73346221.57142857,,,71317540.0,,
2025-11-24,,商业用电,rolling7,72896704.85714285,,,73104350.0,,
2025-11-25,,商业用电,rolling7,72539300.57142857,,,72919606.0,,
2025-11-26,,商业用电,rolling7,72445737.14285715,,,72192476.0,,
2025-11-27,,商业用电,rolling7,72478042.14285715,,,72516920.0,,
2025-11-28,,商业用电,rolling7,72539810.57142857,,,73299442.0,,
2025-11-29,,商业用电,rolling7,72550798.14285715,,,73164119.0,,
2025-11-30,,商业用电,rolling7,72644921.85714285,,,71612622.0,,
2025-12-01,,商业用电,rolling7,72687076.42857143,,,72637169.0,,
2025-12-02,,商业用电,rolling7,72620336.28571428,,,73077031.0,,
2025-12-03,,商业用电,rolling7,72642825.57142857,,,72252415.0,,
2025-12-04,,商业用电,rolling7,72651388.28571428,,,71604705.0,,
2025-12-05,,商业用电,rolling7,72521071.85714285,,,72700548.0,,
2025-12-06,,商业用电,rolling7,72435515.57142857,,,72170528.0,,
2025-12-07,,商业用电,rolling7,72293574.0,,,70933178.0,,
2025-12-08,,商业用电,rolling7,72196510.57142857,,,71775931.0,,
2025-12-09,,商业用电,rolling7,72073476.57142857,,,72003765.0,,
2025-12-10,,商业用电,rolling7,71920152.85714285,,,72657554.0,,
2025-12-11,,商业用电,rolling7,71978029.85714285,,,72756716.0,,
2025-12-12,,商业用电,rolling7,72142602.85714285,,,73329120.0,,
2025-12-13,,商业用电,rolling7,72232398.85714285,,,72925267.0,,
2025-12-14,,商业用电,rolling7,72340218.71428572,,,70737683.0,,
2025-12-15,,商业用电,rolling7,72312290.85714285,,,72258992.0,,
2025-12-16,,商业用电,rolling7,72381299.57142857,,,72491666.0,,
2025-12-17,,商业用电,rolling7,72450999.71428572,,,72703086.0,,
2025-12-18,,商业用电,rolling7,72457504.28571428,,,72735282.0,,
2025-12-19,,商业用电,rolling7,72454442.28571428,,,74116963.0,,
2025-12-20,,商业用电,rolling7,72566991.28571428,,,73189025.0,,
2025-12-21,,商业用电,rolling7,72604671.0,,,71156255.0,,
2025-12-22,,商业用电,rolling7,72664467.0,,,71869115.0,,
2025-12-23,,商业用电,rolling7,72608770.28571428,,,72289560.0,,
2025-12-24,,商业用电,rolling7,72579898.0,,,73366816.0,,
2025-12-25,,商业用电,rolling7,72674716.57142857,,,74866764.0,,
2025-12-26,,商业用电,rolling7,72979214.0,,,75576183.0,,
2025-12-27,,商业用电,rolling7,73187674.0,,,74039680.0,,
2025-12-28,,商业用电,rolling7,73309196.14285715,,,72352491.0,,
2025-12-29,,商业用电,rolling7,73480087.0,,,73321641.0,,
2025-12-30,,商业用电,rolling7,73687590.71428572,,,73353874.0,,
2025-12-31,,商业用电,rolling7,73839635.57142857,,,76239696.0,,
2026-01-01,,商业用电,rolling7,74250047.0,,,74484734.0,,
2026-01-02,,商业用电,rolling7,74195471.28571428,,,73953313.0,,
2026-01-03,,商业用电,rolling7,73963632.71428572,,,73756804.0,,
2026-01-04,,商业用电,rolling7,73923221.85714285,,,73657574.0,,
2026-01-05,,商业用电,rolling7,74109662.28571428,,,74046233.0,,
2026-01-06,,商业用电,rolling7,74213175.42857143,,,76763304.0,,
2026-01-07,,商业用电,rolling7,74700236.85714285,,,77087396.0,,
2026-01-08,,商业用电,rolling7,74821336.85714285,,,77536442.0,,
2026-01-09,,商业用电,rolling7,75257295.14285715,,,78412243.0,,
2025-10-01,,商业用电,rolling28,118308107.5,,,116501564.0,,
2025-10-02,,商业用电,rolling28,118280931.75,,,116628752.0,,
2025-10-03,,商业用电,rolling28,118167485.46428572,,,117317831.0,,
2025-10-04,,商业用电,rolling28,117994320.57142857,,,118156628.0,,
2025-10-05,,商业用电,rolling28,118051033.92857143,,,117906171.0,,
2025-10-06,,商业用电,rolling28,118148772.85714285,,,111093382.0,,
2025-10-07,,商业用电,rolling28,117727311.14285715,,,115752706.0,,
2025-10-08,,商业用电,rolling28,117524631.57142857,,,115163072.0,,
2025-10-09,,商业用电,rolling28,117311140.32142857,,,117913460.0,,
2025-10-10,,商业用电,rolling28,117255853.28571428,,,116441878.0,,
2025-10-11,,商业用电,rolling28,116987050.89285715,,,117868820.0,,
2025-10-12,,商业用电,rolling28,116869639.53571428,,,111295501.0,,
2025-10-13,,商业用电,rolling28,116698582.96428572,,,118472137.0,,
2025-10-14,,商业用电,rolling28,116537811.5,,,116730305.0,,
2025-10-15,,商业用电,rolling28,116256781.17857143,,,116015521.0,,
2025-10-16,,商业用电,rolling28,115954018.64285715,,,115707597.0,,
2025-10-17,,商业用电,rolling28,115729827.53571428,,,115951191.0,,
2025-10-18,,商业用电,rolling28,115695627.03571428,,,113528182.0,,
2025-10-19,,商业用电,rolling28,115842451.25,,,103202475.0,,
2025-10-20,,商业用电,rolling28,115674295.85714285,,,92604268.0,,
2025-10-21,,商业用电,rolling28,114953870.96428572,,,81880025.0,,
2025-10-22,,商业用电,rolling28,113844575.67857143,,,79064191.0,,
2025-10-23,,商业用电,rolling28,112766632.82142857,,,78892913.0,,
2025-10-24,,商业用电,rolling28,111456270.46428572,,,81088537.0,,
2025-10-25,,商业用电,rolling28,110085529.46428572,,,82589090.0,,
2025-10-26,,商业用电,rolling28,108944615.28571428,,,81690575.0,,
2025-10-27,,商业用电,rolling28,107624039.75,,,79848739.0,,
2025-10-28,,商业用电,rolling28,106134076.85714285,,,77938793.0,,
2025-10-29,,商业用电,rolling28,104544439.42857143,,,79299863.0,,
2025-10-30,,商业用电,rolling28,103215807.25,,,80690276.0,,
2025-10-31,,商业用电,rolling28,101932290.25,,,83251072.0,,
2025-11-01,,商业用电,rolling28,100715620.28571428,,,79948044.0,,
2025-11-02,,商业用电,rolling28,99351028.0,,,76341587.0,,
2025-11-03,,商业用电,rolling28,97866578.57142857,,,74153320.0,,
2025-11-04,,商业用电,rolling28,96547290.64285715,,,73046309.0,,
2025-11-05,,商业用电,rolling28,95022062.17857143,,,75584025.0,,
2025-11-06,,商业用电,rolling28,93608524.78571428,,,77937914.0,,
2025-11-07,,商业用电,rolling28,92180826.71428572,,,82473612.0,,
2025-11-08,,商业用电,rolling28,90967674.35714285,,,83767248.0,,
2025-11-09,,商业用电,rolling28,89749761.07142857,,,81840435.0,,
2025-11-10,,商业用电,rolling28,88697794.42857143,,,77833267.0,,
2025-11-11,,商业用电,rolling28,87246406.21428572,,,75828928.0,,
2025-11-12,,商业用电,rolling28,85785642.75,,,74488091.0,,
2025-11-13,,商业用电,rolling28,84302520.25,,,75630282.0,,
2025-11-14,,商业用电,rolling28,82871187.57142857,,,76137224.0,,
2025-11-15,,商业用电,rolling28,81449260.17857143,,,75730312.0,,
2025-11-16,,商业用电,rolling28,80099336.25,,,74464157.0,,
2025-11-17,,商业用电,rolling28,79072967.75,,,75606180.0,,
2025-11-18,,商业用电,rolling28,78465893.17857143,,,73574550.0,,
2025-11-19,,商业用电,rolling28,78169269.07142857,,,71966341.0,,
2025-11-20,,商业用电,rolling28,77915774.42857143,,,72084541.0,,
2025-11-21,,商业用电,rolling28,77672618.28571428,,,73222529.0,,
2025-11-22,,商业用电,rolling28,77391689.42857143,,,72505253.0,,
2025-11-23,,商业用电,rolling28,77031552.39285715,,,71317540.0,,
2025-11-24,,商业用电,rolling28,76661086.85714285,,,73104350.0,,
2025-11-25,,商业用电,rolling28,76420215.82142857,,,72919606.0,,
2025-11-26,,商业用电,rolling28,76240959.14285715,,,72192476.0,,
2025-11-27,,商业用电,rolling28,75987123.89285715,,,72516920.0,,
2025-11-28,,商业用电,rolling28,75695218.32142857,,,73299442.0,,
2025-11-29,,商业用电,rolling28,75339802.96428572,,,73164119.0,,
2025-11-30,,商业用电,rolling28,75097519.92857143,,,71612622.0,,
2025-12-01,,商业用电,rolling28,74928628.32142857,,,72637169.0,,
2025-12-02,,商业用电,rolling28,74874480.07142857,,,73077031.0,,
2025-12-03,,商业用电,rolling28,74875577.28571428,,,72252415.0,,
2025-12-04,,商业用电,rolling28,74756591.21428572,,,71604705.0,,
2025-12-05,,商业用电,rolling28,74530405.17857143,,,72700548.0,,
2025-12-06,,商业用电,rolling28,74181367.17857143,,,72170528.0,,
2025-12-07,,商业用电,rolling28,73767198.60714285,,,70933178.0,,
2025-12-08,,商业用电,rolling28,73377653.71428572,,,71775931.0,,
2025-12-09,,商业用电,rolling28,73161320.28571428,,,72003765.0,,
2025-12-10,,商业用电,rolling28,73024707.32142857,,,72657554.0,,
2025-12-11,,商业用电,rolling28,72959331.0,,,72756716.0,,
2025-12-12,,商业用电,rolling28,72856703.64285715,,,73329120.0,,
2025-12-13,,商业用电,rolling28,72756414.21428572,,,72925267.0,,
2025-12-14,,商业用电,rolling28,72656234.03571428,,,70737683.0,,
2025-12-15,,商业用电,rolling28,72523145.67857143,,,72258992.0,,
2025-12-16,,商业用电,rolling28,72403603.25,,,72491666.0,,
2025-12-17,,商业用电,rolling28,72364928.82142857,,,72703086.0,,
2025-12-18,,商业用电,rolling28,72391241.14285715,,,72735282.0,,
2025-12-19,,商业用电,rolling28,72414481.89285715,,,74116963.0,,
2025-12-20,,商业用电,rolling28,72446425.96428572,,,73189025.0,,
2025-12-21,,商业用电,rolling28,72470846.39285715,,,71156255.0,,
2025-12-22,,商业用电,rolling28,72465086.21428572,,,71869115.0,,
2025-12-23,,商业用电,rolling28,72420970.67857143,,,72289560.0,,
2025-12-24,,商业用电,rolling28,72398469.03571428,,,73366816.0,,
2025-12-25,,商业用电,rolling28,72440409.75,,,74866764.0,,
2025-12-26,,商业用电,rolling28,72524332.75,,,75576183.0,,
2025-12-27,,商业用电,rolling28,72605644.92857143,,,74039680.0,,
2025-12-28,,商业用电,rolling28,72636914.96428572,,,72352491.0,,
2025-12-29,,商业用电,rolling28,72663338.85714285,,,73321641.0,,
2025-12-30,,商业用电,rolling28,72687784.28571428,,,73353874.0,,
2025-12-31,,商业用电,rolling28,72697671.53571428,,,76239696.0,,
2026-01-01,,商业用电,rolling28,72840074.42857143,,,74484734.0,,
2026-01-02,,商业用电,rolling28,72942932.60714285,,,73953313.0,,
2026-01-03,,商业用电,rolling28,72987674.21428572,,,73756804.0,,
2026-01-04,,商业用电,rolling28,73044326.92857143,,,73657574.0,,
2026-01-05,,商业用电,rolling28,73141626.78571428,,,74046233.0,,
2026-01-06,,商业用电,rolling28,73222709.0,,,76763304.0,,
2026-01-07,,商业用电,rolling28,73392692.53571428,,,77087396.0,,
2026-01-08,,商业用电,rolling28,73550901.17857143,,,77536442.0,,
2026-01-09,,商业用电,rolling28,73721605.67857143,,,78412243.0,,
2025-10-01,,商业用电,ridge_own_lags_calendar,119476153.20330547,,,116501564.0,,
2025-10-02,,商业用电,ridge_own_lags_calendar,114709797.34792797,,,116628752.0,,
2025-10-03,,商业用电,ridge_own_lags_calendar,115887638.8664007,,,117317831.0,,
2025-10-04,,商业用电,ridge_own_lags_calendar,113152068.6911395,,,118156628.0,,
2025-10-05,,商业用电,ridge_own_lags_calendar,113634659.72296678,,,117906171.0,,
2025-10-06,,商业用电,ridge_own_lags_calendar,118069854.3065079,,,111093382.0,,
2025-10-07,,商业用电,ridge_own_lags_calendar,110636980.02784199,,,115752706.0,,
2025-10-08,,商业用电,ridge_own_lags_calendar,112991500.8071457,,,115163072.0,,
2025-10-09,,商业用电,ridge_own_lags_calendar,112841042.4947321,,,117913460.0,,
2025-10-10,,商业用电,ridge_own_lags_calendar,116308624.80219293,,,116441878.0,,
2025-10-11,,商业用电,ridge_own_lags_calendar,112088545.328964,,,117868820.0,,
2025-10-12,,商业用电,ridge_own_lags_calendar,113002054.12650861,,,111295501.0,,
2025-10-13,,商业用电,ridge_own_lags_calendar,112636268.94711265,,,118472137.0,,
2025-10-14,,商业用电,ridge_own_lags_calendar,115491451.27436417,,,116730305.0,,
2025-10-15,,商业用电,ridge_own_lags_calendar,114039427.11494571,,,116015521.0,,
2025-10-16,,商业用电,ridge_own_lags_calendar,113416951.2743896,,,115707597.0,,
2025-10-17,,商业用电,ridge_own_lags_calendar,114912268.48008426,,,115951191.0,,
2025-10-18,,商业用电,ridge_own_lags_calendar,112340590.47728728,,,113528182.0,,
2025-10-19,,商业用电,ridge_own_lags_calendar,110196766.81802358,,,103202475.0,,
2025-10-20,,商业用电,ridge_own_lags_calendar,106388791.9701118,,,92604268.0,,
2025-10-21,,商业用电,ridge_own_lags_calendar,95901937.97003025,,,81880025.0,,
2025-10-22,,商业用电,ridge_own_lags_calendar,87176408.15043367,,,79064191.0,,
2025-10-23,,商业用电,ridge_own_lags_calendar,84041006.35459867,,,78892913.0,,
2025-10-24,,商业用电,ridge_own_lags_calendar,84608568.03821234,,,81088537.0,,
2025-10-25,,商业用电,ridge_own_lags_calendar,82685528.89007777,,,82589090.0,,
2025-10-26,,商业用电,ridge_own_lags_calendar,82771667.8291189,,,81690575.0,,
2025-10-27,,商业用电,ridge_own_lags_calendar,86305566.4638677,,,79848739.0,,
2025-10-28,,商业用电,ridge_own_lags_calendar,82055240.06627277,,,77938793.0,,
2025-10-29,,商业用电,ridge_own_lags_calendar,80189118.63443533,,,79299863.0,,
2025-10-30,,商业用电,ridge_own_lags_calendar,80961641.8092779,,,80690276.0,,
2025-10-31,,商业用电,ridge_own_lags_calendar,83640268.73220669,,,83251072.0,,
2025-11-01,,商业用电,ridge_own_lags_calendar,82259131.8053108,,,79948044.0,,
2025-11-02,,商业用电,ridge_own_lags_calendar,79210172.77782497,,,76341587.0,,
2025-11-03,,商业用电,ridge_own_lags_calendar,80601411.98279001,,,74153320.0,,
2025-11-04,,商业用电,ridge_own_lags_calendar,76063124.34147337,,,73046309.0,,
2025-11-05,,商业用电,ridge_own_lags_calendar,74572548.39370993,,,75584025.0,,
2025-11-06,,商业用电,ridge_own_lags_calendar,76021331.21820128,,,77937914.0,,
2025-11-07,,商业用电,ridge_own_lags_calendar,79341575.66618255,,,82473612.0,,
2025-11-08,,商业用电,ridge_own_lags_calendar,79454863.27313818,,,83767248.0,,
2025-11-09,,商业用电,ridge_own_lags_calendar,80323105.29818612,,,81840435.0,,
2025-11-10,,商业用电,ridge_own_lags_calendar,83189114.24347846,,,77833267.0,,
2025-11-11,,商业用电,ridge_own_lags_calendar,77893386.52970545,,,75828928.0,,
2025-11-12,,商业用电,ridge_own_lags_calendar,75970397.0673959,,,74488091.0,,
2025-11-13,,商业用电,ridge_own_lags_calendar,74886629.6310014,,,75630282.0,,
2025-11-14,,商业用电,ridge_own_lags_calendar,77367302.48855978,,,76137224.0,,
2025-11-15,,商业用电,ridge_own_lags_calendar,74612731.57850373,,,75730312.0,,
2025-11-16,,商业用电,ridge_own_lags_calendar,73875649.81887187,,,74464157.0,,
2025-11-17,,商业用电,ridge_own_lags_calendar,77366916.06785275,,,75606180.0,,
2025-11-18,,商业用电,ridge_own_lags_calendar,75767391.83326255,,,73574550.0,,
2025-11-19,,商业用电,ridge_own_lags_calendar,73964256.33281116,,,71966341.0,,
2025-11-20,,商业用电,ridge_own_lags_calendar,72709626.32556961,,,72084541.0,,
2025-11-21,,商业用电,ridge_own_lags_calendar,74374679.33347905,,,73222529.0,,
2025-11-22,,商业用电,ridge_own_lags_calendar,72027405.04886936,,,72505253.0,,
2025-11-23,,商业用电,ridge_own_lags_calendar,71079556.7697624,,,71317540.0,,
2025-11-24,,商业用电,ridge_own_lags_calendar,74497838.88361488,,,73104350.0,,
2025-11-25,,商业用电,ridge_own_lags_calendar,73345821.86286153,,,72919606.0,,
2025-11-26,,商业用电,ridge_own_lags_calendar,72789838.39543179,,,72192476.0,,
2025-11-27,,商业用电,ridge_own_lags_calendar,72170819.91189253,,,72516920.0,,
2025-11-28,,商业用电,ridge_own_lags_calendar,73936724.00502755,,,73299442.0,,
2025-11-29,,商业用电,ridge_own_lags_calendar,71450423.72005038,,,73164119.0,,
2025-11-30,,商业用电,ridge_own_lags_calendar,71081968.1968998,,,71612622.0,,
2025-12-01,,商业用电,ridge_own_lags_calendar,74475979.78017448,,,72637169.0,,
2025-12-02,,商业用电,ridge_own_lags_calendar,72789730.57747562,,,73077031.0,,
2025-12-03,,商业用电,ridge_own_lags_calendar,72659258.716429,,,72252415.0,,
2025-12-04,,商业用电,ridge_own_lags_calendar,71968905.5356513,,,71604705.0,,
2025-12-05,,商业用电,ridge_own_lags_calendar,72975233.69318944,,,72700548.0,,
2025-12-06,,商业用电,ridge_own_lags_calendar,70553159.6110272,,,72170528.0,,
2025-12-07,,商业用电,ridge_own_lags_calendar,69842959.1577604,,,70933178.0,,
2025-12-08,,商业用电,ridge_own_lags_calendar,73482001.89247972,,,71775931.0,,
2025-12-09,,商业用电,ridge_own_lags_calendar,71737581.90874618,,,72003765.0,,
2025-12-10,,商业用电,ridge_own_lags_calendar,71538360.33864224,,,72657554.0,,
2025-12-11,,商业用电,ridge_own_lags_calendar,71966531.21802118,,,72756716.0,,
2025-12-12,,商业用电,ridge_own_lags_calendar,73705579.38705963,,,73329120.0,,
2025-12-13,,商业用电,ridge_own_lags_calendar,71002300.67058508,,,72925267.0,,
2025-12-14,,商业用电,ridge_own_lags_calendar,70389799.77777267,,,70737683.0,,
2025-12-15,,商业用电,ridge_own_lags_calendar,73246192.4308363,,,72258992.0,,
2025-12-16,,商业用电,ridge_own_lags_calendar,72023230.90755883,,,72491666.0,,
2025-12-17,,商业用电,ridge_own_lags_calendar,71899313.60617277,,,72703086.0,,
2025-12-18,,商业用电,ridge_own_lags_calendar,72030832.78143169,,,72735282.0,,
2025-12-19,,商业用电,ridge_own_lags_calendar,73708779.50737974,,,74116963.0,,
2025-12-20,,商业用电,ridge_own_lags_calendar,71564055.08905935,,,73189025.0,,
2025-12-21,,商业用电,ridge_own_lags_calendar,70546027.15452924,,,71156255.0,,
2025-12-22,,商业用电,ridge_own_lags_calendar,73509042.24438873,,,71869115.0,,
2025-12-23,,商业用电,ridge_own_lags_calendar,71678411.59399852,,,72289560.0,,
2025-12-24,,商业用电,ridge_own_lags_calendar,71651272.3088904,,,73366816.0,,
2025-12-25,,商业用电,ridge_own_lags_calendar,72388477.97788817,,,74866764.0,,
2025-12-26,,商业用电,ridge_own_lags_calendar,75131039.21587275,,,75576183.0,,
2025-12-27,,商业用电,ridge_own_lags_calendar,72579833.83491813,,,74039680.0,,
2025-12-28,,商业用电,ridge_own_lags_calendar,71133943.6097675,,,72352491.0,,
2025-12-29,,商业用电,ridge_own_lags_calendar,74377228.59277235,,,73321641.0,,
2025-12-30,,商业用电,ridge_own_lags_calendar,72721903.89692158,,,73353874.0,,
2025-12-31,,商业用电,ridge_own_lags_calendar,72494266.88662313,,,76239696.0,,
2026-01-01,,商业用电,ridge_own_lags_calendar,74510838.81383367,,,74484734.0,,
2026-01-02,,商业用电,ridge_own_lags_calendar,74975604.81829408,,,73953313.0,,
2026-01-03,,商业用电,ridge_own_lags_calendar,71384588.88571769,,,73756804.0,,
2026-01-04,,商业用电,ridge_own_lags_calendar,70868323.55699226,,,73657574.0,,
2026-01-05,,商业用电,ridge_own_lags_calendar,75262237.90844193,,,74046233.0,,
2026-01-06,,商业用电,ridge_own_lags_calendar,73271575.92899303,,,76763304.0,,
2026-01-07,,商业用电,ridge_own_lags_calendar,74950550.80650967,,,77087396.0,,
2026-01-08,,商业用电,ridge_own_lags_calendar,75295916.24025388,,,77536442.0,,
2026-01-09,,商业用电,ridge_own_lags_calendar,77314527.53188346,,,78412243.0,,
2025-10-01,,制造业,naive_yesterday,461226365.0,,,,365721605.0,
2025-10-02,,制造业,naive_yesterday,365721605.0,,,,365703767.0,
2025-10-03,,制造业,naive_yesterday,365703767.0,,,,394585459.0,
2025-10-04,,制造业,naive_yesterday,394585459.0,,,,422108473.0,
2025-10-05,,制造业,naive_yesterday,422108473.0,,,,428174724.0,
2025-10-06,,制造业,naive_yesterday,428174724.0,,,,380128936.0,
2025-10-07,,制造业,naive_yesterday,380128936.0,,,,433867569.0,
2025-10-08,,制造业,naive_yesterday,433867569.0,,,,467238573.0,
2025-10-09,,制造业,naive_yesterday,467238573.0,,,,478264925.0,
2025-10-10,,制造业,naive_yesterday,478264925.0,,,,481957813.0,
2025-10-11,,制造业,naive_yesterday,481957813.0,,,,484320657.0,
2025-10-12,,制造业,naive_yesterday,484320657.0,,,,469820938.0,
2025-10-13,,制造业,naive_yesterday,469820938.0,,,,487081268.0,
2025-10-14,,制造业,naive_yesterday,487081268.0,,,,492773194.0,
2025-10-15,,制造业,naive_yesterday,492773194.0,,,,487997746.0,
2025-10-16,,制造业,naive_yesterday,487997746.0,,,,482859694.0,
2025-10-17,,制造业,naive_yesterday,482859694.0,,,,489484397.0,
2025-10-18,,制造业,naive_yesterday,489484397.0,,,,482244833.0,
2025-10-19,,制造业,naive_yesterday,482244833.0,,,,465606006.0,
2025-10-20,,制造业,naive_yesterday,465606006.0,,,,478472829.0,
2025-10-21,,制造业,naive_yesterday,478472829.0,,,,470238739.0,
2025-10-22,,制造业,naive_yesterday,470238739.0,,,,463773102.0,
2025-10-23,,制造业,naive_yesterday,463773102.0,,,,461729979.0,
2025-10-24,,制造业,naive_yesterday,461729979.0,,,,460200030.0,
2025-10-25,,制造业,naive_yesterday,460200030.0,,,,457851429.0,
2025-10-26,,制造业,naive_yesterday,457851429.0,,,,444035485.0,
2025-10-27,,制造业,naive_yesterday,444035485.0,,,,461377685.0,
2025-10-28,,制造业,naive_yesterday,461377685.0,,,,474120936.0,
2025-10-29,,制造业,naive_yesterday,474120936.0,,,,462365578.0,
2025-10-30,,制造业,naive_yesterday,462365578.0,,,,467308868.0,
2025-10-31,,制造业,naive_yesterday,467308868.0,,,,457547653.0,
2025-11-01,,制造业,naive_yesterday,457547653.0,,,,425501103.0,
2025-11-02,,制造业,naive_yesterday,425501103.0,,,,417175369.0,
2025-11-03,,制造业,naive_yesterday,417175369.0,,,,453385648.0,
2025-11-04,,制造业,naive_yesterday,453385648.0,,,,461722777.0,
2025-11-05,,制造业,naive_yesterday,461722777.0,,,,459542810.0,
2025-11-06,,制造业,naive_yesterday,459542810.0,,,,462453965.0,
2025-11-07,,制造业,naive_yesterday,462453965.0,,,,468009124.0,
2025-11-08,,制造业,naive_yesterday,468009124.0,,,,464180172.0,
2025-11-09,,制造业,naive_yesterday,464180172.0,,,,452999183.0,
2025-11-10,,制造业,naive_yesterday,452999183.0,,,,467399128.0,
2025-11-11,,制造业,naive_yesterday,467399128.0,,,,478058420.0,
2025-11-12,,制造业,naive_yesterday,478058420.0,,,,475473038.0,
2025-11-13,,制造业,naive_yesterday,475473038.0,,,,471423446.0,
2025-11-14,,制造业,naive_yesterday,471423446.0,,,,462680450.0,
2025-11-15,,制造业,naive_yesterday,462680450.0,,,,447342708.0,
2025-11-16,,制造业,naive_yesterday,447342708.0,,,,422429846.0,
2025-11-17,,制造业,naive_yesterday,422429846.0,,,,459308582.0,
2025-11-18,,制造业,naive_yesterday,459308582.0,,,,468470824.0,
2025-11-19,,制造业,naive_yesterday,468470824.0,,,,458193726.0,
2025-11-20,,制造业,naive_yesterday,458193726.0,,,,458300693.0,
2025-11-21,,制造业,naive_yesterday,458300693.0,,,,451892072.0,
2025-11-22,,制造业,naive_yesterday,451892072.0,,,,448678549.0,
2025-11-23,,制造业,naive_yesterday,448678549.0,,,,435204009.0,
2025-11-24,,制造业,naive_yesterday,435204009.0,,,,454044592.0,
2025-11-25,,制造业,naive_yesterday,454044592.0,,,,453020636.0,
2025-11-26,,制造业,naive_yesterday,453020636.0,,,,452945014.0,
2025-11-27,,制造业,naive_yesterday,452945014.0,,,,456090943.0,
2025-11-28,,制造业,naive_yesterday,456090943.0,,,,449785722.0,
2025-11-29,,制造业,naive_yesterday,449785722.0,,,,440030064.0,
2025-11-30,,制造业,naive_yesterday,440030064.0,,,,416427753.0,
2025-12-01,,制造业,naive_yesterday,416427753.0,,,,421046609.0,
2025-12-02,,制造业,naive_yesterday,421046609.0,,,,443311128.0,
2025-12-03,,制造业,naive_yesterday,443311128.0,,,,452370042.0,
2025-12-04,,制造业,naive_yesterday,452370042.0,,,,452456276.0,
2025-12-05,,制造业,naive_yesterday,452456276.0,,,,454075028.0,
2025-12-06,,制造业,naive_yesterday,454075028.0,,,,448774126.0,
2025-12-07,,制造业,naive_yesterday,448774126.0,,,,433410616.0,
2025-12-08,,制造业,naive_yesterday,433410616.0,,,,446864634.0,
2025-12-09,,制造业,naive_yesterday,446864634.0,,,,460024217.0,
2025-12-10,,制造业,naive_yesterday,460024217.0,,,,455066746.0,
2025-12-11,,制造业,naive_yesterday,455066746.0,,,,455152690.0,
2025-12-12,,制造业,naive_yesterday,455152690.0,,,,462764882.0,
2025-12-13,,制造业,naive_yesterday,462764882.0,,,,461602080.0,
2025-12-14,,制造业,naive_yesterday,461602080.0,,,,430272596.0,
2025-12-15,,制造业,naive_yesterday,430272596.0,,,,443557543.0,
2025-12-16,,制造业,naive_yesterday,443557543.0,,,,444205783.0,
2025-12-17,,制造业,naive_yesterday,444205783.0,,,,452068006.0,
2025-12-18,,制造业,naive_yesterday,452068006.0,,,,458375583.0,
2025-12-19,,制造业,naive_yesterday,458375583.0,,,,466260745.0,
2025-12-20,,制造业,naive_yesterday,466260745.0,,,,452245617.0,
2025-12-21,,制造业,naive_yesterday,452245617.0,,,,433709093.0,
2025-12-22,,制造业,naive_yesterday,433709093.0,,,,451186232.0,
2025-12-23,,制造业,naive_yesterday,451186232.0,,,,458689460.0,
2025-12-24,,制造业,naive_yesterday,458689460.0,,,,460541810.0,
2025-12-25,,制造业,naive_yesterday,460541810.0,,,,467861887.0,
2025-12-26,,制造业,naive_yesterday,467861887.0,,,,455247947.0,
2025-12-27,,制造业,naive_yesterday,455247947.0,,,,449850374.0,
2025-12-28,,制造业,naive_yesterday,449850374.0,,,,438641990.0,
2025-12-29,,制造业,naive_yesterday,438641990.0,,,,443234808.0,
2025-12-30,,制造业,naive_yesterday,443234808.0,,,,444471096.0,
2025-12-31,,制造业,naive_yesterday,444471096.0,,,,430388258.0,
2026-01-01,,制造业,naive_yesterday,430388258.0,,,,358228647.0,
2026-01-02,,制造业,naive_yesterday,358228647.0,,,,395611573.0,
2026-01-03,,制造业,naive_yesterday,395611573.0,,,,428370107.0,
2026-01-04,,制造业,naive_yesterday,428370107.0,,,,443246327.0,
2026-01-05,,制造业,naive_yesterday,443246327.0,,,,455472862.0,
2026-01-06,,制造业,naive_yesterday,455472862.0,,,,464825072.0,
2026-01-07,,制造业,naive_yesterday,464825072.0,,,,453038045.0,
2026-01-08,,制造业,naive_yesterday,453038045.0,,,,455099894.0,
2026-01-09,,制造业,naive_yesterday,455099894.0,,,,454172668.0,
2025-10-01,,制造业,seasonal_week,490567590.0,,,,365721605.0,
2025-10-02,,制造业,seasonal_week,486087229.0,,,,365703767.0,
2025-10-03,,制造业,seasonal_week,488391433.0,,,,394585459.0,
2025-10-04,,制造业,seasonal_week,483335539.0,,,,422108473.0,
2025-10-05,,制造业,seasonal_week,478955517.0,,,,428174724.0,
2025-10-06,,制造业,seasonal_week,486671230.0,,,,380128936.0,
2025-10-07,,制造业,seasonal_week,461226365.0,,,,433867569.0,
2025-10-08,,制造业,seasonal_week,365721605.0,,,,467238573.0,
2025-10-09,,制造业,seasonal_week,365703767.0,,,,478264925.0,
2025-10-10,,制造业,seasonal_week,394585459.0,,,,481957813.0,
2025-10-11,,制造业,seasonal_week,422108473.0,,,,484320657.0,
2025-10-12,,制造业,seasonal_week,428174724.0,,,,469820938.0,
2025-10-13,,制造业,seasonal_week,380128936.0,,,,487081268.0,
2025-10-14,,制造业,seasonal_week,433867569.0,,,,492773194.0,
2025-10-15,,制造业,seasonal_week,467238573.0,,,,487997746.0,
2025-10-16,,制造业,seasonal_week,478264925.0,,,,482859694.0,
2025-10-17,,制造业,seasonal_week,481957813.0,,,,489484397.0,
2025-10-18,,制造业,seasonal_week,484320657.0,,,,482244833.0,
2025-10-19,,制造业,seasonal_week,469820938.0,,,,465606006.0,
2025-10-20,,制造业,seasonal_week,487081268.0,,,,478472829.0,
2025-10-21,,制造业,seasonal_week,492773194.0,,,,470238739.0,
2025-10-22,,制造业,seasonal_week,487997746.0,,,,463773102.0,
2025-10-23,,制造业,seasonal_week,482859694.0,,,,461729979.0,
2025-10-24,,制造业,seasonal_week,489484397.0,,,,460200030.0,
2025-10-25,,制造业,seasonal_week,482244833.0,,,,457851429.0,
2025-10-26,,制造业,seasonal_week,465606006.0,,,,444035485.0,
2025-10-27,,制造业,seasonal_week,478472829.0,,,,461377685.0,
2025-10-28,,制造业,seasonal_week,470238739.0,,,,474120936.0,
2025-10-29,,制造业,seasonal_week,463773102.0,,,,462365578.0,
2025-10-30,,制造业,seasonal_week,461729979.0,,,,467308868.0,
2025-10-31,,制造业,seasonal_week,460200030.0,,,,457547653.0,
2025-11-01,,制造业,seasonal_week,457851429.0,,,,425501103.0,
2025-11-02,,制造业,seasonal_week,444035485.0,,,,417175369.0,
2025-11-03,,制造业,seasonal_week,461377685.0,,,,453385648.0,
2025-11-04,,制造业,seasonal_week,474120936.0,,,,461722777.0,
2025-11-05,,制造业,seasonal_week,462365578.0,,,,459542810.0,
2025-11-06,,制造业,seasonal_week,467308868.0,,,,462453965.0,
2025-11-07,,制造业,seasonal_week,457547653.0,,,,468009124.0,
2025-11-08,,制造业,seasonal_week,425501103.0,,,,464180172.0,
2025-11-09,,制造业,seasonal_week,417175369.0,,,,452999183.0,
2025-11-10,,制造业,seasonal_week,453385648.0,,,,467399128.0,
2025-11-11,,制造业,seasonal_week,461722777.0,,,,478058420.0,
2025-11-12,,制造业,seasonal_week,459542810.0,,,,475473038.0,
2025-11-13,,制造业,seasonal_week,462453965.0,,,,471423446.0,
2025-11-14,,制造业,seasonal_week,468009124.0,,,,462680450.0,
2025-11-15,,制造业,seasonal_week,464180172.0,,,,447342708.0,
2025-11-16,,制造业,seasonal_week,452999183.0,,,,422429846.0,
2025-11-17,,制造业,seasonal_week,467399128.0,,,,459308582.0,
2025-11-18,,制造业,seasonal_week,478058420.0,,,,468470824.0,
2025-11-19,,制造业,seasonal_week,475473038.0,,,,458193726.0,
2025-11-20,,制造业,seasonal_week,471423446.0,,,,458300693.0,
2025-11-21,,制造业,seasonal_week,462680450.0,,,,451892072.0,
2025-11-22,,制造业,seasonal_week,447342708.0,,,,448678549.0,
2025-11-23,,制造业,seasonal_week,422429846.0,,,,435204009.0,
2025-11-24,,制造业,seasonal_week,459308582.0,,,,454044592.0,
2025-11-25,,制造业,seasonal_week,468470824.0,,,,453020636.0,
2025-11-26,,制造业,seasonal_week,458193726.0,,,,452945014.0,
2025-11-27,,制造业,seasonal_week,458300693.0,,,,456090943.0,
2025-11-28,,制造业,seasonal_week,451892072.0,,,,449785722.0,
2025-11-29,,制造业,seasonal_week,448678549.0,,,,440030064.0,
2025-11-30,,制造业,seasonal_week,435204009.0,,,,416427753.0,
2025-12-01,,制造业,seasonal_week,454044592.0,,,,421046609.0,
2025-12-02,,制造业,seasonal_week,453020636.0,,,,443311128.0,
2025-12-03,,制造业,seasonal_week,452945014.0,,,,452370042.0,
2025-12-04,,制造业,seasonal_week,456090943.0,,,,452456276.0,
2025-12-05,,制造业,seasonal_week,449785722.0,,,,454075028.0,
2025-12-06,,制造业,seasonal_week,440030064.0,,,,448774126.0,
2025-12-07,,制造业,seasonal_week,416427753.0,,,,433410616.0,
2025-12-08,,制造业,seasonal_week,421046609.0,,,,446864634.0,
2025-12-09,,制造业,seasonal_week,443311128.0,,,,460024217.0,
2025-12-10,,制造业,seasonal_week,452370042.0,,,,455066746.0,
2025-12-11,,制造业,seasonal_week,452456276.0,,,,455152690.0,
2025-12-12,,制造业,seasonal_week,454075028.0,,,,462764882.0,
2025-12-13,,制造业,seasonal_week,448774126.0,,,,461602080.0,
2025-12-14,,制造业,seasonal_week,433410616.0,,,,430272596.0,
2025-12-15,,制造业,seasonal_week,446864634.0,,,,443557543.0,
2025-12-16,,制造业,seasonal_week,460024217.0,,,,444205783.0,
2025-12-17,,制造业,seasonal_week,455066746.0,,,,452068006.0,
2025-12-18,,制造业,seasonal_week,455152690.0,,,,458375583.0,
2025-12-19,,制造业,seasonal_week,462764882.0,,,,466260745.0,
2025-12-20,,制造业,seasonal_week,461602080.0,,,,452245617.0,
2025-12-21,,制造业,seasonal_week,430272596.0,,,,433709093.0,
2025-12-22,,制造业,seasonal_week,443557543.0,,,,451186232.0,
2025-12-23,,制造业,seasonal_week,444205783.0,,,,458689460.0,
2025-12-24,,制造业,seasonal_week,452068006.0,,,,460541810.0,
2025-12-25,,制造业,seasonal_week,458375583.0,,,,467861887.0,
2025-12-26,,制造业,seasonal_week,466260745.0,,,,455247947.0,
2025-12-27,,制造业,seasonal_week,452245617.0,,,,449850374.0,
2025-12-28,,制造业,seasonal_week,433709093.0,,,,438641990.0,
2025-12-29,,制造业,seasonal_week,451186232.0,,,,443234808.0,
2025-12-30,,制造业,seasonal_week,458689460.0,,,,444471096.0,
2025-12-31,,制造业,seasonal_week,460541810.0,,,,430388258.0,
2026-01-01,,制造业,seasonal_week,467861887.0,,,,358228647.0,
2026-01-02,,制造业,seasonal_week,455247947.0,,,,395611573.0,
2026-01-03,,制造业,seasonal_week,449850374.0,,,,428370107.0,
2026-01-04,,制造业,seasonal_week,438641990.0,,,,443246327.0,
2026-01-05,,制造业,seasonal_week,443234808.0,,,,455472862.0,
2026-01-06,,制造业,seasonal_week,444471096.0,,,,464825072.0,
2026-01-07,,制造业,seasonal_week,430388258.0,,,,453038045.0,
2026-01-08,,制造业,seasonal_week,358228647.0,,,,455099894.0,
2026-01-09,,制造业,seasonal_week,395611573.0,,,,454172668.0,
2025-10-01,,制造业,seasonal_year,322914738.0,,,,365721605.0,
2025-10-02,,制造业,seasonal_year,323333875.0,,,,365703767.0,
2025-10-03,,制造业,seasonal_year,348337465.0,,,,394585459.0,
2025-10-04,,制造业,seasonal_year,386463511.0,,,,422108473.0,
2025-10-05,,制造业,seasonal_year,405368156.0,,,,428174724.0,
2025-10-06,,制造业,seasonal_year,420224380.0,,,,380128936.0,
2025-10-07,,制造业,seasonal_year,436087210.0,,,,433867569.0,
2025-10-08,,制造业,seasonal_year,444293173.0,,,,467238573.0,
2025-10-09,,制造业,seasonal_year,438362871.0,,,,478264925.0,
2025-10-10,,制造业,seasonal_year,436179154.0,,,,481957813.0,
2025-10-11,,制造业,seasonal_year,429149882.0,,,,484320657.0,
2025-10-12,,制造业,seasonal_year,432776450.0,,,,469820938.0,
2025-10-13,,制造业,seasonal_year,420593277.0,,,,487081268.0,
2025-10-14,,制造业,seasonal_year,445229604.0,,,,492773194.0,
2025-10-15,,制造业,seasonal_year,448964518.0,,,,487997746.0,
2025-10-16,,制造业,seasonal_year,437946433.0,,,,482859694.0,
2025-10-17,,制造业,seasonal_year,454029241.0,,,,489484397.0,
2025-10-18,,制造业,seasonal_year,453791786.0,,,,482244833.0,
2025-10-19,,制造业,seasonal_year,452197038.0,,,,465606006.0,
2025-10-20,,制造业,seasonal_year,427643174.0,,,,478472829.0,
2025-10-21,,制造业,seasonal_year,443641464.0,,,,470238739.0,
2025-10-22,,制造业,seasonal_year,449203063.0,,,,463773102.0,
2025-10-23,,制造业,seasonal_year,444057688.0,,,,461729979.0,
2025-10-24,,制造业,seasonal_year,433387329.0,,,,460200030.0,
2025-10-25,,制造业,seasonal_year,441862465.0,,,,457851429.0,
2025-10-26,,制造业,seasonal_year,439861078.0,,,,444035485.0,
2025-10-27,,制造业,seasonal_year,427684238.0,,,,461377685.0,
2025-10-28,,制造业,seasonal_year,439814510.0,,,,474120936.0,
2025-10-29,,制造业,seasonal_year,436481419.0,,,,462365578.0,
2025-10-30,,制造业,seasonal_year,434020795.0,,,,467308868.0,
2025-10-31,,制造业,seasonal_year,432294477.0,,,,457547653.0,
2025-11-01,,制造业,seasonal_year,412339555.0,,,,425501103.0,
2025-11-02,,制造业,seasonal_year,414775915.0,,,,417175369.0,
2025-11-03,,制造业,seasonal_year,407145397.0,,,,453385648.0,
2025-11-04,,制造业,seasonal_year,432212721.0,,,,461722777.0,
2025-11-05,,制造业,seasonal_year,438760893.0,,,,459542810.0,
2025-11-06,,制造业,seasonal_year,434095229.0,,,,462453965.0,
2025-11-07,,制造业,seasonal_year,433667815.0,,,,468009124.0,
2025-11-08,,制造业,seasonal_year,437199977.0,,,,464180172.0,
2025-11-09,,制造业,seasonal_year,442259132.0,,,,452999183.0,
2025-11-10,,制造业,seasonal_year,423399811.0,,,,467399128.0,
2025-11-11,,制造业,seasonal_year,435900381.0,,,,478058420.0,
2025-11-12,,制造业,seasonal_year,444712818.0,,,,475473038.0,
2025-11-13,,制造业,seasonal_year,445661314.0,,,,471423446.0,
2025-11-14,,制造业,seasonal_year,451432757.0,,,,462680450.0,
2025-11-15,,制造业,seasonal_year,450008160.0,,,,447342708.0,
2025-11-16,,制造业,seasonal_year,435404449.0,,,,422429846.0,
2025-11-17,,制造业,seasonal_year,418841212.0,,,,459308582.0,
2025-11-18,,制造业,seasonal_year,440766898.0,,,,468470824.0,
2025-11-19,,制造业,seasonal_year,444875556.0,,,,458193726.0,
2025-11-20,,制造业,seasonal_year,445863234.0,,,,458300693.0,
2025-11-21,,制造业,seasonal_year,445245920.0,,,,451892072.0,
2025-11-22,,制造业,seasonal_year,437556734.0,,,,448678549.0,
2025-11-23,,制造业,seasonal_year,435625407.0,,,,435204009.0,
2025-11-24,,制造业,seasonal_year,420490653.0,,,,454044592.0,
2025-11-25,,制造业,seasonal_year,439844511.0,,,,453020636.0,
2025-11-26,,制造业,seasonal_year,434484875.0,,,,452945014.0,
2025-11-27,,制造业,seasonal_year,435969935.0,,,,456090943.0,
2025-11-28,,制造业,seasonal_year,434957205.0,,,,449785722.0,
2025-11-29,,制造业,seasonal_year,433830310.0,,,,440030064.0,
2025-11-30,,制造业,seasonal_year,422857894.0,,,,416427753.0,
2025-12-01,,制造业,seasonal_year,389762705.0,,,,421046609.0,
2025-12-02,,制造业,seasonal_year,414352820.0,,,,443311128.0,
2025-12-03,,制造业,seasonal_year,435474150.0,,,,452370042.0,
2025-12-04,,制造业,seasonal_year,438261323.0,,,,452456276.0,
2025-12-05,,制造业,seasonal_year,437663336.0,,,,454075028.0,
2025-12-06,,制造业,seasonal_year,441990080.0,,,,448774126.0,
2025-12-07,,制造业,seasonal_year,445001653.0,,,,433410616.0,
2025-12-08,,制造业,seasonal_year,431063505.0,,,,446864634.0,
2025-12-09,,制造业,seasonal_year,441781077.0,,,,460024217.0,
2025-12-10,,制造业,seasonal_year,446408676.0,,,,455066746.0,
2025-12-11,,制造业,seasonal_year,441251943.0,,,,455152690.0,
2025-12-12,,制造业,seasonal_year,448451519.0,,,,462764882.0,
2025-12-13,,制造业,seasonal_year,447145956.0,,,,461602080.0,
2025-12-14,,制造业,seasonal_year,439595862.0,,,,430272596.0,
2025-12-15,,制造业,seasonal_year,416038845.0,,,,443557543.0,
2025-12-16,,制造业,seasonal_year,425307393.0,,,,444205783.0,
2025-12-17,,制造业,seasonal_year,437733444.0,,,,452068006.0,
2025-12-18,,制造业,seasonal_year,444161713.0,,,,458375583.0,
2025-12-19,,制造业,seasonal_year,450216515.0,,,,466260745.0,
2025-12-20,,制造业,seasonal_year,446552964.0,,,,452245617.0,
2025-12-21,,制造业,seasonal_year,433956844.0,,,,433709093.0,
2025-12-22,,制造业,seasonal_year,427622956.0,,,,451186232.0,
2025-12-23,,制造业,seasonal_year,443769656.0,,,,458689460.0,
2025-12-24,,制造业,seasonal_year,447460136.0,,,,460541810.0,
2025-12-25,,制造业,seasonal_year,447630071.0,,,,467861887.0,
2025-12-26,,制造业,seasonal_year,443766866.0,,,,455247947.0,
2025-12-27,,制造业,seasonal_year,443671441.0,,,,449850374.0,
2025-12-28,,制造业,seasonal_year,435165886.0,,,,438641990.0,
2025-12-29,,制造业,seasonal_year,422979779.0,,,,443234808.0,
2025-12-30,,制造业,seasonal_year,429404320.0,,,,444471096.0,
2025-12-31,,制造业,seasonal_year,417686264.0,,,,430388258.0,
2026-01-01,,制造业,seasonal_year,354591189.0,,,,358228647.0,
2026-01-02,,制造业,seasonal_year,404742552.0,,,,395611573.0,
2026-01-03,,制造业,seasonal_year,420356261.0,,,,428370107.0,
2026-01-04,,制造业,seasonal_year,426410437.0,,,,443246327.0,
2026-01-05,,制造业,seasonal_year,422156597.0,,,,455472862.0,
2026-01-06,,制造业,seasonal_year,422907886.0,,,,464825072.0,
2026-01-07,,制造业,seasonal_year,425123636.0,,,,453038045.0,
2026-01-08,,制造业,seasonal_year,424452679.0,,,,455099894.0,
2026-01-09,,制造业,seasonal_year,425173614.0,,,,454172668.0,
2025-10-01,,制造业,rolling7,482176414.71428573,,,,365721605.0,
2025-10-02,,制造业,rolling7,464341274.0,,,,365703767.0,
2025-10-03,,制造业,rolling7,447143636.5714286,,,,394585459.0,
2025-10-04,,制造业,rolling7,433742783.14285713,,,,422108473.0,
2025-10-05,,制造业,rolling7,424996059.4285714,,,,428174724.0,
2025-10-06,,制造业,rolling7,417741660.4285714,,,,380128936.0,
2025-10-07,,制造业,rolling7,402521332.71428573,,,,433867569.0,
2025-10-08,,制造业,rolling7,398612933.28571427,,,,467238573.0,
2025-10-09,,制造业,rolling7,413115357.28571427,,,,478264925.0,
2025-10-10,,制造业,rolling7,429195522.71428573,,,,481957813.0,
2025-10-11,,制造业,rolling7,441677287.5714286,,,,484320657.0,
2025-10-12,,制造业,rolling7,450564742.4285714,,,,469820938.0,
2025-10-13,,制造业,rolling7,456514201.5714286,,,,487081268.0,
2025-10-14,,制造业,rolling7,471793106.14285713,,,,492773194.0,
2025-10-15,,制造业,rolling7,480208195.4285714,,,,487997746.0,
2025-10-16,,制造业,rolling7,483173791.5714286,,,,482859694.0,
2025-10-17,,制造业,rolling7,483830187.14285713,,,,489484397.0,
2025-10-18,,制造业,rolling7,484905413.4285714,,,,482244833.0,
2025-10-19,,制造业,rolling7,484608867.14285713,,,,465606006.0,
2025-10-20,,制造业,rolling7,484006734.0,,,,478472829.0,
2025-10-21,,制造业,rolling7,482776957.0,,,,470238739.0,
2025-10-22,,制造业,rolling7,479557749.14285713,,,,463773102.0,
2025-10-23,,制造业,rolling7,476097085.71428573,,,,461729979.0,
2025-10-24,,制造业,rolling7,473078555.0,,,,460200030.0,
2025-10-25,,制造业,rolling7,468895074.0,,,,457851429.0,
2025-10-26,,制造业,rolling7,465410302.0,,,,444035485.0,
2025-10-27,,制造业,rolling7,462328799.0,,,,461377685.0,
2025-10-28,,制造业,rolling7,459886635.5714286,,,,474120936.0,
2025-10-29,,制造业,rolling7,460441235.14285713,,,,462365578.0,
2025-10-30,,制造业,rolling7,460240160.28571427,,,,467308868.0,
2025-10-31,,制造业,rolling7,461037144.4285714,,,,457547653.0,
2025-11-01,,制造业,rolling7,460658233.4285714,,,,425501103.0,
2025-11-02,,制造业,rolling7,456036758.28571427,,,,417175369.0,
2025-11-03,,制造业,rolling7,452199598.85714287,,,,453385648.0,
2025-11-04,,制造业,rolling7,451057879.28571427,,,,461722777.0,
2025-11-05,,制造业,rolling7,449286713.71428573,,,,459542810.0,
2025-11-06,,制造业,rolling7,448883461.14285713,,,,462453965.0,
2025-11-07,,制造业,rolling7,448189903.5714286,,,,468009124.0,
2025-11-08,,制造业,rolling7,449684399.4285714,,,,464180172.0,
2025-11-09,,制造业,rolling7,455209980.71428573,,,,452999183.0,
2025-11-10,,制造业,rolling7,460327668.4285714,,,,467399128.0,
2025-11-11,,制造业,rolling7,462329594.14285713,,,,478058420.0,
2025-11-12,,制造业,rolling7,464663257.4285714,,,,475473038.0,
2025-11-13,,制造业,rolling7,466939004.28571427,,,,471423446.0,
2025-11-14,,制造业,rolling7,468220358.71428573,,,,462680450.0,
2025-11-15,,制造业,rolling7,467459119.5714286,,,,447342708.0,
2025-11-16,,制造业,rolling7,465053767.5714286,,,,422429846.0,
2025-11-17,,制造业,rolling7,460686719.4285714,,,,459308582.0,
2025-11-18,,制造业,rolling7,459530927.14285713,,,,468470824.0,
2025-11-19,,制造业,rolling7,458161270.5714286,,,,458193726.0,
2025-11-20,,制造业,rolling7,455692797.4285714,,,,458300693.0,
2025-11-21,,制造业,rolling7,453818118.4285714,,,,451892072.0,
2025-11-22,,制造业,rolling7,452276921.5714286,,,,448678549.0,
2025-11-23,,制造业,rolling7,452467756.0,,,,435204009.0,
2025-11-24,,制造业,rolling7,454292636.4285714,,,,454044592.0,
2025-11-25,,制造业,rolling7,453540637.85714287,,,,453020636.0,
2025-11-26,,制造业,rolling7,451333468.14285713,,,,452945014.0,
2025-11-27,,制造业,rolling7,450583652.14285713,,,,456090943.0,
2025-11-28,,制造业,rolling7,450267973.5714286,,,,449785722.0,
2025-11-29,,制造业,rolling7,449967066.4285714,,,,440030064.0,
2025-11-30,,制造业,rolling7,448731568.5714286,,,,416427753.0,
2025-12-01,,制造业,rolling7,446049246.28571427,,,,421046609.0,
2025-12-02,,制造业,rolling7,441335248.71428573,,,,443311128.0,
2025-12-03,,制造业,rolling7,439948176.14285713,,,,452370042.0,
2025-12-04,,制造业,rolling7,439866037.28571427,,,,452456276.0,
2025-12-05,,制造业,rolling7,439346799.14285713,,,,454075028.0,
2025-12-06,,制造业,rolling7,439959557.14285713,,,,448774126.0,
2025-12-07,,制造业,rolling7,441208708.85714287,,,,433410616.0,
2025-12-08,,制造业,rolling7,443634832.14285713,,,,446864634.0,
2025-12-09,,制造业,rolling7,447323121.4285714,,,,460024217.0,
2025-12-10,,制造业,rolling7,449710705.5714286,,,,455066746.0,
2025-12-11,,制造业,rolling7,450095949.0,,,,455152690.0,
2025-12-12,,制造业,rolling7,450481151.0,,,,462764882.0,
2025-12-13,,制造业,rolling7,451722558.71428573,,,,461602080.0,
2025-12-14,,制造业,rolling7,453555123.5714286,,,,430272596.0,
2025-12-15,,制造业,rolling7,453106835.0,,,,443557543.0,
2025-12-16,,制造业,rolling7,452634393.4285714,,,,444205783.0,
2025-12-17,,制造业,rolling7,450374617.14285713,,,,452068006.0,
2025-12-18,,制造业,rolling7,449946225.71428573,,,,458375583.0,
2025-12-19,,制造业,rolling7,450406639.0,,,,466260745.0,
2025-12-20,,制造业,rolling7,450906048.0,,,,452245617.0,
2025-12-21,,制造业,rolling7,449569410.4285714,,,,433709093.0,
2025-12-22,,制造业,rolling7,450060338.5714286,,,,451186232.0,
2025-12-23,,制造业,rolling7,451150151.28571427,,,,458689460.0,
2025-12-24,,制造业,rolling7,453219248.0,,,,460541810.0,
2025-12-25,,制造业,rolling7,454429791.4285714,,,,467861887.0,
2025-12-26,,制造业,rolling7,455784977.71428573,,,,455247947.0,
2025-12-27,,制造业,rolling7,454211720.85714287,,,,449850374.0,
2025-12-28,,制造业,rolling7,453869543.28571427,,,,438641990.0,
2025-12-29,,制造业,rolling7,454574242.85714287,,,,443234808.0,
2025-12-30,,制造业,rolling7,453438325.14285713,,,,444471096.0,
2025-12-31,,制造业,rolling7,451407130.28571427,,,,430388258.0,
2026-01-01,,制造业,rolling7,447099480.0,,,,358228647.0,
2026-01-02,,制造业,rolling7,431437588.5714286,,,,395611573.0,
2026-01-03,,制造业,rolling7,422918106.5714286,,,,428370107.0,
2026-01-04,,制造业,rolling7,419849497.0,,,,443246327.0,
2026-01-05,,制造业,rolling7,420507259.4285714,,,,455472862.0,
2026-01-06,,制造业,rolling7,422255552.85714287,,,,464825072.0,
2026-01-07,,制造业,rolling7,425163263.71428573,,,,453038045.0,
2026-01-08,,制造业,rolling7,428398947.5714286,,,,455099894.0,
2026-01-09,,制造业,rolling7,442237697.14285713,,,,454172668.0,
2025-10-01,,制造业,rolling28,481378985.64285713,,,,365721605.0,
2025-10-02,,制造业,rolling28,477496605.35714287,,,,365703767.0,
2025-10-03,,制造业,rolling28,473428217.10714287,,,,394585459.0,
2025-10-04,,制造业,rolling28,470425647.0,,,,422108473.0,
2025-10-05,,制造业,rolling28,468671936.75,,,,428174724.0,
2025-10-06,,制造业,rolling28,467586672.28571427,,,,380128936.0,
2025-10-07,,制造业,rolling28,463958551.9285714,,,,433867569.0,
2025-10-08,,制造业,rolling28,461988623.28571427,,,,467238573.0,
2025-10-09,,制造业,rolling28,461148177.60714287,,,,478264925.0,
2025-10-10,,制造业,rolling28,460921541.1785714,,,,481957813.0,
2025-10-11,,制造业,rolling28,460729057.3214286,,,,484320657.0,
2025-10-12,,制造业,rolling28,460844441.1785714,,,,469820938.0,
2025-10-13,,制造业,rolling28,461263794.64285713,,,,487081268.0,
2025-10-14,,制造业,rolling28,461599117.89285713,,,,492773194.0,
2025-10-15,,制造业,rolling28,462084321.85714287,,,,487997746.0,
2025-10-16,,制造业,rolling28,462082430.60714287,,,,482859694.0,
2025-10-17,,制造业,rolling28,461604671.89285713,,,,489484397.0,
2025-10-18,,制造业,rolling28,461293726.89285713,,,,482244833.0,
2025-10-19,,制造业,rolling28,461163542.0,,,,465606006.0,
2025-10-20,,制造业,rolling28,461282394.71428573,,,,478472829.0,
2025-10-21,,制造业,rolling28,461095776.35714287,,,,470238739.0,
2025-10-22,,制造业,rolling28,460138823.14285713,,,,463773102.0,
2025-10-23,,制造业,rolling28,459181877.14285713,,,,461729979.0,
2025-10-24,,制造业,rolling28,458311975.35714287,,,,460200030.0,
2025-10-25,,制造业,rolling28,457305139.53571427,,,,457851429.0,
2025-10-26,,制造业,rolling28,456394992.75,,,,444035485.0,
2025-10-27,,制造业,rolling28,455147848.75,,,,461377685.0,
2025-10-28,,制造业,rolling28,454244507.85714287,,,,474120936.0,
2025-10-29,,制造业,rolling28,454705028.25,,,,462365578.0,
2025-10-30,,制造业,rolling28,458156598.71428573,,,,467308868.0,
2025-10-31,,制造业,rolling28,461785352.3214286,,,,457547653.0,
2025-11-01,,制造业,rolling28,464034002.10714287,,,,425501103.0,
2025-11-02,,制造业,rolling28,464155167.46428573,,,,417175369.0,
2025-11-03,,制造业,rolling28,463762333.35714287,,,,453385648.0,
2025-11-04,,制造业,rolling28,466378644.5,,,,461722777.0,
2025-11-05,,制造业,rolling28,467373473.35714287,,,,459542810.0,
2025-11-06,,制造业,rolling28,467098624.6785714,,,,462453965.0,
2025-11-07,,制造业,rolling28,466533947.53571427,,,,468009124.0,
2025-11-08,,制造业,rolling28,466035780.0714286,,,,464180172.0,
2025-11-09,,制造业,rolling28,465316477.03571427,,,,452999183.0,
2025-11-10,,制造业,rolling28,464715700.0714286,,,,467399128.0,
2025-11-11,,制造业,rolling28,464012766.5,,,,478058420.0,
2025-11-12,,制造业,rolling28,463487238.85714287,,,,475473038.0,
2025-11-13,,制造业,rolling28,463039927.85714287,,,,471423446.0,
2025-11-14,,制造业,rolling28,462631490.4285714,,,,462680450.0,
2025-11-15,,制造业,rolling28,461674206.60714287,,,,447342708.0,
2025-11-16,,制造业,rolling28,460427702.14285713,,,,422429846.0,
2025-11-17,,制造业,rolling28,458885696.4285714,,,,459308582.0,
2025-11-18,,制造业,rolling28,458201259.03571427,,,,468470824.0,
2025-11-19,,制造业,rolling28,458138119.21428573,,,,458193726.0,
2025-11-20,,制造业,rolling28,457938855.78571427,,,,458300693.0,
2025-11-21,,制造业,rolling28,457816381.28571427,,,,451892072.0,
2025-11-22,,制造业,rolling28,457519668.5,,,,448678549.0,
2025-11-23,,制造业,rolling28,457192065.64285713,,,,435204009.0,
2025-11-24,,制造业,rolling28,456876655.78571427,,,,454044592.0,
2025-11-25,,制造业,rolling28,456614759.60714287,,,,453020636.0,
2025-11-26,,制造业,rolling28,455861177.46428573,,,,452945014.0,
2025-11-27,,制造业,rolling28,455524728.75,,,,456090943.0,
2025-11-28,,制造业,rolling28,455124088.5714286,,,,449785722.0,
2025-11-29,,制造业,rolling28,454846876.75,,,,440030064.0,
2025-11-30,,制造业,rolling28,455365768.21428573,,,,416427753.0,
2025-12-01,,制造业,rolling28,455339067.64285713,,,,421046609.0,
2025-12-02,,制造业,rolling28,454184101.96428573,,,,443311128.0,
2025-12-03,,制造业,rolling28,453526543.0714286,,,,452370042.0,
2025-12-04,,制造业,rolling28,453270372.78571427,,,,452456276.0,
2025-12-05,,制造业,rolling28,452913312.46428573,,,,454075028.0,
2025-12-06,,制造业,rolling28,452415666.1785714,,,,448774126.0,
2025-12-07,,制造业,rolling28,451865450.25,,,,433410616.0,
2025-12-08,,制造业,rolling28,451165858.5714286,,,,446864634.0,
2025-12-09,,制造业,rolling28,450432483.78571427,,,,460024217.0,
2025-12-10,,制造业,rolling28,449788405.10714287,,,,455066746.0,
2025-12-11,,制造业,rolling28,449059608.96428573,,,,455152690.0,
2025-12-12,,制造业,rolling28,448478510.53571427,,,,462764882.0,
2025-12-13,,制造业,rolling28,448481525.96428573,,,,461602080.0,
2025-12-14,,制造业,rolling28,448990789.25,,,,430272596.0,
2025-12-15,,制造业,rolling28,449270887.46428573,,,,443557543.0,
2025-12-16,,制造业,rolling28,448708350.35714287,,,,444205783.0,
2025-12-17,,制造业,rolling28,447841741.75,,,,452068006.0,
2025-12-18,,制造业,rolling28,447622966.03571427,,,,458375583.0,
2025-12-19,,制造业,rolling28,447625640.6785714,,,,466260745.0,
2025-12-20,,制造业,rolling28,448138807.5714286,,,,452245617.0,
2025-12-21,,制造业,rolling28,448266202.85714287,,,,433709093.0,
2025-12-22,,制造业,rolling28,448212813.0,,,,451186232.0,
2025-12-23,,制造业,rolling28,448110728.71428573,,,,458689460.0,
2025-12-24,,制造业,rolling28,448313186.71428573,,,,460541810.0,
2025-12-25,,制造业,rolling28,448584500.85714287,,,,467861887.0,
2025-12-26,,制造业,rolling28,449004891.71428573,,,,455247947.0,
2025-12-27,,制造业,rolling28,449199971.1785714,,,,449850374.0,
2025-12-28,,制造业,rolling28,449550696.53571427,,,,438641990.0,
2025-12-29,,制造业,rolling28,450344062.14285713,,,,443234808.0,
2025-12-30,,制造业,rolling28,451136497.8214286,,,,444471096.0,
2025-12-31,,制造业,rolling28,451177925.25,,,,430388258.0,
2026-01-01,,制造业,rolling28,450392861.53571427,,,,358228647.0,
2026-01-02,,制造业,rolling28,447027589.0714286,,,,395611573.0,
2026-01-03,,制造业,rolling28,444939608.53571427,,,,428370107.0,
2026-01-04,,制造业,rolling28,444210893.5714286,,,,443246327.0,
2026-01-05,,制造业,rolling28,444562168.96428573,,,,455472862.0,
2026-01-06,,制造业,rolling28,444869605.6785714,,,,464825072.0,
2026-01-07,,制造业,rolling28,445041064.78571427,,,,453038045.0,
2026-01-08,,制造业,rolling28,444968611.1785714,,,,455099894.0,
2026-01-09,,制造业,rolling28,444966725.60714287,,,,454172668.0,
2025-10-01,,制造业,ridge_own_lags_calendar,456255806.86417335,,,,365721605.0,
2025-10-02,,制造业,ridge_own_lags_calendar,374550197.6633882,,,,365703767.0,
2025-10-03,,制造业,ridge_own_lags_calendar,374815298.95613205,,,,394585459.0,
2025-10-04,,制造业,ridge_own_lags_calendar,393672094.2476971,,,,422108473.0,
2025-10-05,,制造业,ridge_own_lags_calendar,405387873.5462919,,,,428174724.0,
2025-10-06,,制造业,ridge_own_lags_calendar,434759788.14716274,,,,380128936.0,
2025-10-07,,制造业,ridge_own_lags_calendar,384266459.9649687,,,,433867569.0,
2025-10-08,,制造业,ridge_own_lags_calendar,429097336.0992774,,,,467238573.0,
2025-10-09,,制造业,ridge_own_lags_calendar,457506581.72280955,,,,478264925.0,
2025-10-10,,制造业,ridge_own_lags_calendar,468773064.5258446,,,,481957813.0,
2025-10-11,,制造业,ridge_own_lags_calendar,470098075.240893,,,,484320657.0,
2025-10-12,,制造业,ridge_own_lags_calendar,463474054.1823456,,,,469820938.0,
2025-10-13,,制造业,ridge_own_lags_calendar,477238330.0497402,,,,487081268.0,
2025-10-14,,制造业,ridge_own_lags_calendar,486648366.5660258,,,,492773194.0,
2025-10-15,,制造业,ridge_own_lags_calendar,490246691.6093086,,,,487997746.0,
2025-10-16,,制造业,ridge_own_lags_calendar,486772059.85844225,,,,482859694.0,
2025-10-17,,制造业,ridge_own_lags_calendar,483031601.30503786,,,,489484397.0,
2025-10-18,,制造业,ridge_own_lags_calendar,484945682.3443338,,,,482244833.0,
2025-10-19,,制造业,ridge_own_lags_calendar,468187039.2945297,,,,465606006.0,
2025-10-20,,制造业,ridge_own_lags_calendar,478470749.7428005,,,,478472829.0,
2025-10-21,,制造业,ridge_own_lags_calendar,481434823.371396,,,,470238739.0,
2025-10-22,,制造业,ridge_own_lags_calendar,471273883.0825856,,,,463773102.0,
2025-10-23,,制造业,ridge_own_lags_calendar,465608474.21935916,,,,461729979.0,
2025-10-24,,制造业,ridge_own_lags_calendar,462570861.9458434,,,,460200030.0,
2025-10-25,,制造业,ridge_own_lags_calendar,457322490.6291161,,,,457851429.0,
2025-10-26,,制造业,ridge_own_lags_calendar,445078551.97545946,,,,444035485.0,
2025-10-27,,制造业,ridge_own_lags_calendar,457321743.362712,,,,461377685.0,
2025-10-28,,制造业,ridge_own_lags_calendar,462591249.2488806,,,,474120936.0,
2025-10-29,,制造业,ridge_own_lags_calendar,467251616.2743131,,,,462365578.0,
2025-10-30,,制造业,ridge_own_lags_calendar,456843205.90175927,,,,467308868.0,
2025-10-31,,制造业,ridge_own_lags_calendar,461455689.59791255,,,,457547653.0,
2025-11-01,,制造业,ridge_own_lags_calendar,449078642.6555259,,,,425501103.0,
2025-11-02,,制造业,ridge_own_lags_calendar,412377849.83138514,,,,417175369.0,
2025-11-03,,制造业,ridge_own_lags_calendar,428107760.18784976,,,,453385648.0,
2025-11-04,,制造业,ridge_own_lags_calendar,451405976.9823416,,,,461722777.0,
2025-11-05,,制造业,ridge_own_lags_calendar,455966584.7547661,,,,459542810.0,
2025-11-06,,制造业,ridge_own_lags_calendar,454657719.10523057,,,,462453965.0,
2025-11-07,,制造业,ridge_own_lags_calendar,456836126.4800791,,,,468009124.0,
2025-11-08,,制造业,ridge_own_lags_calendar,458594800.659623,,,,464180172.0,
2025-11-09,,制造业,ridge_own_lags_calendar,446529934.59177333,,,,452999183.0,
2025-11-10,,制造业,ridge_own_lags_calendar,462421672.9753199,,,,467399128.0,
2025-11-11,,制造业,ridge_own_lags_calendar,466828951.4690475,,,,478058420.0,
2025-11-12,,制造业,ridge_own_lags_calendar,473712869.7501814,,,,475473038.0,
2025-11-13,,制造业,ridge_own_lags_calendar,471968343.5909164,,,,471423446.0,
2025-11-14,,制造业,ridge_own_lags_calendar,468958222.5604016,,,,462680450.0,
2025-11-15,,制造业,ridge_own_lags_calendar,457879855.7362821,,,,447342708.0,
2025-11-16,,制造业,ridge_own_lags_calendar,434191945.5744286,,,,422429846.0,
2025-11-17,,制造业,ridge_own_lags_calendar,437165115.5916694,,,,459308582.0,
2025-11-18,,制造业,ridge_own_lags_calendar,460059880.43653554,,,,468470824.0,
2025-11-19,,制造业,ridge_own_lags_calendar,463873752.18398815,,,,458193726.0,
2025-11-20,,制造业,ridge_own_lags_calendar,455240160.7680554,,,,458300693.0,
2025-11-21,,制造业,ridge_own_lags_calendar,454849479.21693635,,,,451892072.0,
2025-11-22,,制造业,ridge_own_lags_calendar,445230366.6747338,,,,448678549.0,
2025-11-23,,制造业,ridge_own_lags_calendar,432776589.1231462,,,,435204009.0,
2025-11-24,,制造业,ridge_own_lags_calendar,446091298.60763806,,,,454044592.0,
2025-11-25,,制造业,ridge_own_lags_calendar,454254299.10534906,,,,453020636.0,
2025-11-26,,制造业,ridge_own_lags_calendar,449588771.77180064,,,,452945014.0,
2025-11-27,,制造业,ridge_own_lags_calendar,450139749.69949496,,,,456090943.0,
2025-11-28,,制造业,ridge_own_lags_calendar,451917220.4635648,,,,449785722.0,
2025-11-29,,制造业,ridge_own_lags_calendar,441923699.0966475,,,,440030064.0,
2025-11-30,,制造业,ridge_own_lags_calendar,423363651.1541026,,,,416427753.0,
2025-12-01,,制造业,ridge_own_lags_calendar,427429249.2323088,,,,421046609.0,
2025-12-02,,制造业,ridge_own_lags_calendar,423394446.5397788,,,,443311128.0,
2025-12-03,,制造业,ridge_own_lags_calendar,440084131.78181124,,,,452370042.0,
2025-12-04,,制造业,ridge_own_lags_calendar,447547180.90355855,,,,452456276.0,
2025-12-05,,制造业,ridge_own_lags_calendar,447259728.8655231,,,,454075028.0,
2025-12-06,,制造业,ridge_own_lags_calendar,445495072.1563798,,,,448774126.0,
2025-12-07,,制造业,ridge_own_lags_calendar,431579518.95425427,,,,433410616.0,
2025-12-08,,制造业,ridge_own_lags_calendar,443782225.42460954,,,,446864634.0,
2025-12-09,,制造业,ridge_own_lags_calendar,447826535.634126,,,,460024217.0,
2025-12-10,,制造业,ridge_own_lags_calendar,456644972.3954981,,,,455066746.0,
2025-12-11,,制造业,ridge_own_lags_calendar,452319372.9292895,,,,455152690.0,
2025-12-12,,制造业,ridge_own_lags_calendar,452346534.67656624,,,,462764882.0,
2025-12-13,,制造业,ridge_own_lags_calendar,454853702.83581126,,,,461602080.0,
2025-12-14,,制造业,ridge_own_lags_calendar,443273806.8838571,,,,430272596.0,
2025-12-15,,制造业,ridge_own_lags_calendar,441628967.5253871,,,,443557543.0,
2025-12-16,,制造业,ridge_own_lags_calendar,445193607.19804204,,,,444205783.0,
2025-12-17,,制造业,ridge_own_lags_calendar,442653575.96280444,,,,452068006.0,
2025-12-18,,制造业,ridge_own_lags_calendar,449862697.0476179,,,,458375583.0,
2025-12-19,,制造业,ridge_own_lags_calendar,454516171.65765953,,,,466260745.0,
2025-12-20,,制造业,ridge_own_lags_calendar,457299763.62237,,,,452245617.0,
2025-12-21,,制造业,ridge_own_lags_calendar,434713017.11082983,,,,433709093.0,
2025-12-22,,制造业,ridge_own_lags_calendar,444564051.8260771,,,,451186232.0,
2025-12-23,,制造业,ridge_own_lags_calendar,451391637.87756336,,,,458689460.0,
2025-12-24,,制造业,ridge_own_lags_calendar,455187700.0960591,,,,460541810.0,
2025-12-25,,制造业,ridge_own_lags_calendar,457240336.29001343,,,,467861887.0,
2025-12-26,,制造业,ridge_own_lags_calendar,462691164.7099138,,,,455247947.0,
2025-12-27,,制造业,ridge_own_lags_calendar,447838868.41097254,,,,449850374.0,
2025-12-28,,制造业,ridge_own_lags_calendar,433025309.56828624,,,,438641990.0,
2025-12-29,,制造业,ridge_own_lags_calendar,447721576.7284078,,,,443234808.0,
2025-12-30,,制造业,ridge_own_lags_calendar,443396245.99356806,,,,444471096.0,
2025-12-31,,制造业,ridge_own_lags_calendar,441328852.71128905,,,,430388258.0,
2026-01-01,,制造业,ridge_own_lags_calendar,426319913.4072673,,,,358228647.0,
2026-01-02,,制造业,ridge_own_lags_calendar,365481935.60484946,,,,395611573.0,
2026-01-03,,制造业,ridge_own_lags_calendar,394487492.99281055,,,,428370107.0,
2026-01-04,,制造业,ridge_own_lags_calendar,409764832.2216068,,,,443246327.0,
2026-01-05,,制造业,ridge_own_lags_calendar,446674140.1174183,,,,455472862.0,
2026-01-06,,制造业,ridge_own_lags_calendar,448609200.9923423,,,,464825072.0,
2026-01-07,,制造业,ridge_own_lags_calendar,454612065.2440469,,,,453038045.0,
2026-01-08,,制造业,ridge_own_lags_calendar,445836553.84526956,,,,455099894.0,
2026-01-09,,制造业,ridge_own_lags_calendar,450119687.38816595,,,,454172668.0,
2025-10-01,,工业,naive_yesterday,516730352.0,,,,,415626808.0
2025-10-02,,工业,naive_yesterday,415626808.0,,,,,411710612.0
2025-10-03,,工业,naive_yesterday,411710612.0,,,,,441540690.0
2025-10-04,,工业,naive_yesterday,441540690.0,,,,,473427630.0
2025-10-05,,工业,naive_yesterday,473427630.0,,,,,486555682.0
2025-10-06,,工业,naive_yesterday,486555682.0,,,,,428614566.0
2025-10-07,,工业,naive_yesterday,428614566.0,,,,,473692005.0
2025-10-08,,工业,naive_yesterday,473692005.0,,,,,517199901.0
2025-10-09,,工业,naive_yesterday,517199901.0,,,,,535780304.0
2025-10-10,,工业,naive_yesterday,535780304.0,,,,,531307533.0
2025-10-11,,工业,naive_yesterday,531307533.0,,,,,533597135.0
2025-10-12,,工业,naive_yesterday,533597135.0,,,,,520838740.0
2025-10-13,,工业,naive_yesterday,520838740.0,,,,,527231627.0
2025-10-14,,工业,naive_yesterday,527231627.0,,,,,543023819.0
2025-10-15,,工业,naive_yesterday,543023819.0,,,,,533667052.0
2025-10-16,,工业,naive_yesterday,533667052.0,,,,,529056134.0
2025-10-17,,工业,naive_yesterday,529056134.0,,,,,536826358.0
2025-10-18,,工业,naive_yesterday,536826358.0,,,,,533334004.0
2025-10-19,,工业,naive_yesterday,533334004.0,,,,,492593679.0
2025-10-20,,工业,naive_yesterday,492593679.0,,,,,509473838.0
2025-10-21,,工业,naive_yesterday,509473838.0,,,,,491666016.0
2025-10-22,,工业,naive_yesterday,491666016.0,,,,,488778521.0
2025-10-23,,工业,naive_yesterday,488778521.0,,,,,488810064.0
2025-10-24,,工业,naive_yesterday,488810064.0,,,,,488487807.0
2025-10-25,,工业,naive_yesterday,488487807.0,,,,,487037767.0
2025-10-26,,工业,naive_yesterday,487037767.0,,,,,483097397.0
2025-10-27,,工业,naive_yesterday,483097397.0,,,,,489437310.0
2025-10-28,,工业,naive_yesterday,489437310.0,,,,,509494208.0
2025-10-29,,工业,naive_yesterday,509494208.0,,,,,496060282.0
2025-10-30,,工业,naive_yesterday,496060282.0,,,,,501926165.0
2025-10-31,,工业,naive_yesterday,501926165.0,,,,,502322380.0
2025-11-01,,工业,naive_yesterday,502322380.0,,,,,463977301.0
2025-11-02,,工业,naive_yesterday,463977301.0,,,,,451448947.0
2025-11-03,,工业,naive_yesterday,451448947.0,,,,,491007569.0
2025-11-04,,工业,naive_yesterday,491007569.0,,,,,494274139.0
2025-11-05,,工业,naive_yesterday,494274139.0,,,,,491722759.0
2025-11-06,,工业,naive_yesterday,491722759.0,,,,,493954539.0
2025-11-07,,工业,naive_yesterday,493954539.0,,,,,502269921.0
2025-11-08,,工业,naive_yesterday,502269921.0,,,,,507470477.0
2025-11-09,,工业,naive_yesterday,507470477.0,,,,,484512611.0
2025-11-10,,工业,naive_yesterday,484512611.0,,,,,505683093.0
2025-11-11,,工业,naive_yesterday,505683093.0,,,,,519521853.0
2025-11-12,,工业,naive_yesterday,519521853.0,,,,,510960284.0
2025-11-13,,工业,naive_yesterday,510960284.0,,,,,502337439.0
2025-11-14,,工业,naive_yesterday,502337439.0,,,,,491107403.0
2025-11-15,,工业,naive_yesterday,491107403.0,,,,,480567662.0
2025-11-16,,工业,naive_yesterday,480567662.0,,,,,454789929.0
2025-11-17,,工业,naive_yesterday,454789929.0,,,,,490989090.0
2025-11-18,,工业,naive_yesterday,490989090.0,,,,,507938102.0
2025-11-19,,工业,naive_yesterday,507938102.0,,,,,487865526.0
2025-11-20,,工业,naive_yesterday,487865526.0,,,,,489157146.0
2025-11-21,,工业,naive_yesterday,489157146.0,,,,,480792436.0
2025-11-22,,工业,naive_yesterday,480792436.0,,,,,478876664.0
2025-11-23,,工业,naive_yesterday,478876664.0,,,,,465780193.0
2025-11-24,,工业,naive_yesterday,465780193.0,,,,,491993137.0
2025-11-25,,工业,naive_yesterday,491993137.0,,,,,484056467.0
2025-11-26,,工业,naive_yesterday,484056467.0,,,,,481346875.0
2025-11-27,,工业,naive_yesterday,481346875.0,,,,,485770458.0
2025-11-28,,工业,naive_yesterday,485770458.0,,,,,489236863.0
2025-11-29,,工业,naive_yesterday,489236863.0,,,,,473001874.0
2025-11-30,,工业,naive_yesterday,473001874.0,,,,,450328015.0
2025-12-01,,工业,naive_yesterday,450328015.0,,,,,454148962.0
2025-12-02,,工业,naive_yesterday,454148962.0,,,,,477091979.0
2025-12-03,,工业,naive_yesterday,477091979.0,,,,,482072625.0
2025-12-04,,工业,naive_yesterday,482072625.0,,,,,481193239.0
2025-12-05,,工业,naive_yesterday,481193239.0,,,,,488421135.0
2025-12-06,,工业,naive_yesterday,488421135.0,,,,,484871954.0
2025-12-07,,工业,naive_yesterday,484871954.0,,,,,470298028.0
2025-12-08,,工业,naive_yesterday,470298028.0,,,,,484627490.0
2025-12-09,,工业,naive_yesterday,484627490.0,,,,,491518576.0
2025-12-10,,工业,naive_yesterday,491518576.0,,,,,495087746.0
2025-12-11,,工业,naive_yesterday,495087746.0,,,,,494412706.0
2025-12-12,,工业,naive_yesterday,494412706.0,,,,,505485717.0
2025-12-13,,工业,naive_yesterday,505485717.0,,,,,504668943.0
2025-12-14,,工业,naive_yesterday,504668943.0,,,,,467499522.0
2025-12-15,,工业,naive_yesterday,467499522.0,,,,,488831400.0
2025-12-16,,工业,naive_yesterday,488831400.0,,,,,481572938.0
2025-12-17,,工业,naive_yesterday,481572938.0,,,,,492170546.0
2025-12-18,,工业,naive_yesterday,492170546.0,,,,,502479820.0
2025-12-19,,工业,naive_yesterday,502479820.0,,,,,505699603.0
2025-12-20,,工业,naive_yesterday,505699603.0,,,,,495748890.0
2025-12-21,,工业,naive_yesterday,495748890.0,,,,,467341040.0
2025-12-22,,工业,naive_yesterday,467341040.0,,,,,495873284.0
2025-12-23,,工业,naive_yesterday,495873284.0,,,,,502003275.0
2025-12-24,,工业,naive_yesterday,502003275.0,,,,,499659072.0
2025-12-25,,工业,naive_yesterday,499659072.0,,,,,510546101.0
2025-12-26,,工业,naive_yesterday,510546101.0,,,,,488931601.0
2025-12-27,,工业,naive_yesterday,488931601.0,,,,,494719537.0
2025-12-28,,工业,naive_yesterday,494719537.0,,,,,479376705.0
2025-12-29,,工业,naive_yesterday,479376705.0,,,,,486906946.0
2025-12-30,,工业,naive_yesterday,486906946.0,,,,,485972530.0
2025-12-31,,工业,naive_yesterday,485972530.0,,,,,464674550.0
2026-01-01,,工业,naive_yesterday,464674550.0,,,,,390372014.0
2026-01-02,,工业,naive_yesterday,390372014.0,,,,,422449836.0
2026-01-03,,工业,naive_yesterday,422449836.0,,,,,466889131.0
2026-01-04,,工业,naive_yesterday,466889131.0,,,,,490764291.0
2026-01-05,,工业,naive_yesterday,490764291.0,,,,,491501889.0
2026-01-06,,工业,naive_yesterday,491501889.0,,,,,507366156.0
2026-01-07,,工业,naive_yesterday,507366156.0,,,,,489583876.0
2026-01-08,,工业,naive_yesterday,489583876.0,,,,,497415238.0
2026-01-09,,工业,naive_yesterday,497415238.0,,,,,496091271.0
2025-10-01,,工业,seasonal_week,525766484.0,,,,,415626808.0
2025-10-02,,工业,seasonal_week,525073309.0,,,,,411710612.0
2025-10-03,,工业,seasonal_week,520441022.0,,,,,441540690.0
2025-10-04,,工业,seasonal_week,519384019.0,,,,,473427630.0
2025-10-05,,工业,seasonal_week,534161544.0,,,,,486555682.0
2025-10-06,,工业,seasonal_week,542941650.0,,,,,428614566.0
2025-10-07,,工业,seasonal_week,516730352.0,,,,,473692005.0
2025-10-08,,工业,seasonal_week,415626808.0,,,,,517199901.0
2025-10-09,,工业,seasonal_week,411710612.0,,,,,535780304.0
2025-10-10,,工业,seasonal_week,441540690.0,,,,,531307533.0
2025-10-11,,工业,seasonal_week,473427630.0,,,,,533597135.0
2025-10-12,,工业,seasonal_week,486555682.0,,,,,520838740.0
2025-10-13,,工业,seasonal_week,428614566.0,,,,,527231627.0
2025-10-14,,工业,seasonal_week,473692005.0,,,,,543023819.0
2025-10-15,,工业,seasonal_week,517199901.0,,,,,533667052.0
2025-10-16,,工业,seasonal_week,535780304.0,,,,,529056134.0
2025-10-17,,工业,seasonal_week,531307533.0,,,,,536826358.0
2025-10-18,,工业,seasonal_week,533597135.0,,,,,533334004.0
2025-10-19,,工业,seasonal_week,520838740.0,,,,,492593679.0
2025-10-20,,工业,seasonal_week,527231627.0,,,,,509473838.0
2025-10-21,,工业,seasonal_week,543023819.0,,,,,491666016.0
2025-10-22,,工业,seasonal_week,533667052.0,,,,,488778521.0
2025-10-23,,工业,seasonal_week,529056134.0,,,,,488810064.0
2025-10-24,,工业,seasonal_week,536826358.0,,,,,488487807.0
2025-10-25,,工业,seasonal_week,533334004.0,,,,,487037767.0
2025-10-26,,工业,seasonal_week,492593679.0,,,,,483097397.0
2025-10-27,,工业,seasonal_week,509473838.0,,,,,489437310.0
2025-10-28,,工业,seasonal_week,491666016.0,,,,,509494208.0
2025-10-29,,工业,seasonal_week,488778521.0,,,,,496060282.0
2025-10-30,,工业,seasonal_week,488810064.0,,,,,501926165.0
2025-10-31,,工业,seasonal_week,488487807.0,,,,,502322380.0
2025-11-01,,工业,seasonal_week,487037767.0,,,,,463977301.0
2025-11-02,,工业,seasonal_week,483097397.0,,,,,451448947.0
2025-11-03,,工业,seasonal_week,489437310.0,,,,,491007569.0
2025-11-04,,工业,seasonal_week,509494208.0,,,,,494274139.0
2025-11-05,,工业,seasonal_week,496060282.0,,,,,491722759.0
2025-11-06,,工业,seasonal_week,501926165.0,,,,,493954539.0
2025-11-07,,工业,seasonal_week,502322380.0,,,,,502269921.0
2025-11-08,,工业,seasonal_week,463977301.0,,,,,507470477.0
2025-11-09,,工业,seasonal_week,451448947.0,,,,,484512611.0
2025-11-10,,工业,seasonal_week,491007569.0,,,,,505683093.0
2025-11-11,,工业,seasonal_week,494274139.0,,,,,519521853.0
2025-11-12,,工业,seasonal_week,491722759.0,,,,,510960284.0
2025-11-13,,工业,seasonal_week,493954539.0,,,,,502337439.0
2025-11-14,,工业,seasonal_week,502269921.0,,,,,491107403.0
2025-11-15,,工业,seasonal_week,507470477.0,,,,,480567662.0
2025-11-16,,工业,seasonal_week,484512611.0,,,,,454789929.0
2025-11-17,,工业,seasonal_week,505683093.0,,,,,490989090.0
2025-11-18,,工业,seasonal_week,519521853.0,,,,,507938102.0
2025-11-19,,工业,seasonal_week,510960284.0,,,,,487865526.0
2025-11-20,,工业,seasonal_week,502337439.0,,,,,489157146.0
2025-11-21,,工业,seasonal_week,491107403.0,,,,,480792436.0
2025-11-22,,工业,seasonal_week,480567662.0,,,,,478876664.0
2025-11-23,,工业,seasonal_week,454789929.0,,,,,465780193.0
2025-11-24,,工业,seasonal_week,490989090.0,,,,,491993137.0
2025-11-25,,工业,seasonal_week,507938102.0,,,,,484056467.0
2025-11-26,,工业,seasonal_week,487865526.0,,,,,481346875.0
2025-11-27,,工业,seasonal_week,489157146.0,,,,,485770458.0
2025-11-28,,工业,seasonal_week,480792436.0,,,,,489236863.0
2025-11-29,,工业,seasonal_week,478876664.0,,,,,473001874.0
2025-11-30,,工业,seasonal_week,465780193.0,,,,,450328015.0
2025-12-01,,工业,seasonal_week,491993137.0,,,,,454148962.0
2025-12-02,,工业,seasonal_week,484056467.0,,,,,477091979.0
2025-12-03,,工业,seasonal_week,481346875.0,,,,,482072625.0
2025-12-04,,工业,seasonal_week,485770458.0,,,,,481193239.0
2025-12-05,,工业,seasonal_week,489236863.0,,,,,488421135.0
2025-12-06,,工业,seasonal_week,473001874.0,,,,,484871954.0
2025-12-07,,工业,seasonal_week,450328015.0,,,,,470298028.0
2025-12-08,,工业,seasonal_week,454148962.0,,,,,484627490.0
2025-12-09,,工业,seasonal_week,477091979.0,,,,,491518576.0
2025-12-10,,工业,seasonal_week,482072625.0,,,,,495087746.0
2025-12-11,,工业,seasonal_week,481193239.0,,,,,494412706.0
2025-12-12,,工业,seasonal_week,488421135.0,,,,,505485717.0
2025-12-13,,工业,seasonal_week,484871954.0,,,,,504668943.0
2025-12-14,,工业,seasonal_week,470298028.0,,,,,467499522.0
2025-12-15,,工业,seasonal_week,484627490.0,,,,,488831400.0
2025-12-16,,工业,seasonal_week,491518576.0,,,,,481572938.0
2025-12-17,,工业,seasonal_week,495087746.0,,,,,492170546.0
2025-12-18,,工业,seasonal_week,494412706.0,,,,,502479820.0
2025-12-19,,工业,seasonal_week,505485717.0,,,,,505699603.0
2025-12-20,,工业,seasonal_week,504668943.0,,,,,495748890.0
2025-12-21,,工业,seasonal_week,467499522.0,,,,,467341040.0
2025-12-22,,工业,seasonal_week,488831400.0,,,,,495873284.0
2025-12-23,,工业,seasonal_week,481572938.0,,,,,502003275.0
2025-12-24,,工业,seasonal_week,492170546.0,,,,,499659072.0
2025-12-25,,工业,seasonal_week,502479820.0,,,,,510546101.0
2025-12-26,,工业,seasonal_week,505699603.0,,,,,488931601.0
2025-12-27,,工业,seasonal_week,495748890.0,,,,,494719537.0
2025-12-28,,工业,seasonal_week,467341040.0,,,,,479376705.0
2025-12-29,,工业,seasonal_week,495873284.0,,,,,486906946.0
2025-12-30,,工业,seasonal_week,502003275.0,,,,,485972530.0
2025-12-31,,工业,seasonal_week,499659072.0,,,,,464674550.0
2026-01-01,,工业,seasonal_week,510546101.0,,,,,390372014.0
2026-01-02,,工业,seasonal_week,488931601.0,,,,,422449836.0
2026-01-03,,工业,seasonal_week,494719537.0,,,,,466889131.0
2026-01-04,,工业,seasonal_week,479376705.0,,,,,490764291.0
2026-01-05,,工业,seasonal_week,486906946.0,,,,,491501889.0
2026-01-06,,工业,seasonal_week,485972530.0,,,,,507366156.0
2026-01-07,,工业,seasonal_week,464674550.0,,,,,489583876.0
2026-01-08,,工业,seasonal_week,390372014.0,,,,,497415238.0
2026-01-09,,工业,seasonal_week,422449836.0,,,,,496091271.0
2025-10-01,,工业,seasonal_year,346335954.0,,,,,415626808.0
2025-10-02,,工业,seasonal_year,345164968.0,,,,,411710612.0
2025-10-03,,工业,seasonal_year,375275320.0,,,,,441540690.0
2025-10-04,,工业,seasonal_year,419590366.0,,,,,473427630.0
2025-10-05,,工业,seasonal_year,446372285.0,,,,,486555682.0
2025-10-06,,工业,seasonal_year,457297484.0,,,,,428614566.0
2025-10-07,,工业,seasonal_year,478693467.0,,,,,473692005.0
2025-10-08,,工业,seasonal_year,471873927.0,,,,,517199901.0
2025-10-09,,工业,seasonal_year,471065790.0,,,,,535780304.0
2025-10-10,,工业,seasonal_year,458012513.0,,,,,531307533.0
2025-10-11,,工业,seasonal_year,453456480.0,,,,,533597135.0
2025-10-12,,工业,seasonal_year,457935244.0,,,,,520838740.0
2025-10-13,,工业,seasonal_year,452743420.0,,,,,527231627.0
2025-10-14,,工业,seasonal_year,473099205.0,,,,,543023819.0
2025-10-15,,工业,seasonal_year,479311653.0,,,,,533667052.0
2025-10-16,,工业,seasonal_year,460893086.0,,,,,529056134.0
2025-10-17,,工业,seasonal_year,487433627.0,,,,,536826358.0
2025-10-18,,工业,seasonal_year,480866092.0,,,,,533334004.0
2025-10-19,,工业,seasonal_year,477364882.0,,,,,492593679.0
2025-10-20,,工业,seasonal_year,471707061.0,,,,,509473838.0
2025-10-21,,工业,seasonal_year,469434474.0,,,,,491666016.0
2025-10-22,,工业,seasonal_year,481192024.0,,,,,488778521.0
2025-10-23,,工业,seasonal_year,478596697.0,,,,,488810064.0
2025-10-24,,工业,seasonal_year,471013976.0,,,,,488487807.0
2025-10-25,,工业,seasonal_year,476576523.0,,,,,487037767.0
2025-10-26,,工业,seasonal_year,480396251.0,,,,,483097397.0
2025-10-27,,工业,seasonal_year,460068608.0,,,,,489437310.0
2025-10-28,,工业,seasonal_year,476022843.0,,,,,509494208.0
2025-10-29,,工业,seasonal_year,460656162.0,,,,,496060282.0
2025-10-30,,工业,seasonal_year,459963323.0,,,,,501926165.0
2025-10-31,,工业,seasonal_year,464527675.0,,,,,502322380.0
2025-11-01,,工业,seasonal_year,446403492.0,,,,,463977301.0
2025-11-02,,工业,seasonal_year,446102394.0,,,,,451448947.0
2025-11-03,,工业,seasonal_year,441950315.0,,,,,491007569.0
2025-11-04,,工业,seasonal_year,466756299.0,,,,,494274139.0
2025-11-05,,工业,seasonal_year,472687752.0,,,,,491722759.0
2025-11-06,,工业,seasonal_year,466095469.0,,,,,493954539.0
2025-11-07,,工业,seasonal_year,466742683.0,,,,,502269921.0
2025-11-08,,工业,seasonal_year,469416946.0,,,,,507470477.0
2025-11-09,,工业,seasonal_year,474156295.0,,,,,484512611.0
2025-11-10,,工业,seasonal_year,452592940.0,,,,,505683093.0
2025-11-11,,工业,seasonal_year,470224741.0,,,,,519521853.0
2025-11-12,,工业,seasonal_year,478591995.0,,,,,510960284.0
2025-11-13,,工业,seasonal_year,478150570.0,,,,,502337439.0
2025-11-14,,工业,seasonal_year,483866802.0,,,,,491107403.0
2025-11-15,,工业,seasonal_year,485719238.0,,,,,480567662.0
2025-11-16,,工业,seasonal_year,472380166.0,,,,,454789929.0
2025-11-17,,工业,seasonal_year,454414296.0,,,,,490989090.0
2025-11-18,,工业,seasonal_year,477544061.0,,,,,507938102.0
2025-11-19,,工业,seasonal_year,479176351.0,,,,,487865526.0
2025-11-20,,工业,seasonal_year,474570944.0,,,,,489157146.0
2025-11-21,,工业,seasonal_year,478362982.0,,,,,480792436.0
2025-11-22,,工业,seasonal_year,480033389.0,,,,,478876664.0
2025-11-23,,工业,seasonal_year,475710163.0,,,,,465780193.0
2025-11-24,,工业,seasonal_year,455612356.0,,,,,491993137.0
2025-11-25,,工业,seasonal_year,473582618.0,,,,,484056467.0
2025-11-26,,工业,seasonal_year,466102629.0,,,,,481346875.0
2025-11-27,,工业,seasonal_year,476043559.0,,,,,485770458.0
2025-11-28,,工业,seasonal_year,479972771.0,,,,,489236863.0
2025-11-29,,工业,seasonal_year,477747966.0,,,,,473001874.0
2025-11-30,,工业,seasonal_year,456910599.0,,,,,450328015.0
2025-12-01,,工业,seasonal_year,434178231.0,,,,,454148962.0
2025-12-02,,工业,seasonal_year,461272924.0,,,,,477091979.0
2025-12-03,,工业,seasonal_year,476452209.0,,,,,482072625.0
2025-12-04,,工业,seasonal_year,477465175.0,,,,,481193239.0
2025-12-05,,工业,seasonal_year,476125761.0,,,,,488421135.0
2025-12-06,,工业,seasonal_year,484145450.0,,,,,484871954.0
2025-12-07,,工业,seasonal_year,478759268.0,,,,,470298028.0
2025-12-08,,工业,seasonal_year,468338015.0,,,,,484627490.0
2025-12-09,,工业,seasonal_year,484462992.0,,,,,491518576.0
2025-12-10,,工业,seasonal_year,486640263.0,,,,,495087746.0
2025-12-11,,工业,seasonal_year,480063323.0,,,,,494412706.0
2025-12-12,,工业,seasonal_year,489482335.0,,,,,505485717.0
2025-12-13,,工业,seasonal_year,486424253.0,,,,,504668943.0
2025-12-14,,工业,seasonal_year,480020632.0,,,,,467499522.0
2025-12-15,,工业,seasonal_year,457724284.0,,,,,488831400.0
2025-12-16,,工业,seasonal_year,468150611.0,,,,,481572938.0
2025-12-17,,工业,seasonal_year,478603899.0,,,,,492170546.0
2025-12-18,,工业,seasonal_year,484017617.0,,,,,502479820.0
2025-12-19,,工业,seasonal_year,492705973.0,,,,,505699603.0
2025-12-20,,工业,seasonal_year,488672869.0,,,,,495748890.0
2025-12-21,,工业,seasonal_year,474420649.0,,,,,467341040.0
2025-12-22,,工业,seasonal_year,467675590.0,,,,,495873284.0
2025-12-23,,工业,seasonal_year,480293701.0,,,,,502003275.0
2025-12-24,,工业,seasonal_year,489851483.0,,,,,499659072.0
2025-12-25,,工业,seasonal_year,484587715.0,,,,,510546101.0
2025-12-26,,工业,seasonal_year,480241846.0,,,,,488931601.0
2025-12-27,,工业,seasonal_year,479975079.0,,,,,494719537.0
2025-12-28,,工业,seasonal_year,468460795.0,,,,,479376705.0
2025-12-29,,工业,seasonal_year,457752261.0,,,,,486906946.0
2025-12-30,,工业,seasonal_year,461950961.0,,,,,485972530.0
2025-12-31,,工业,seasonal_year,442595214.0,,,,,464674550.0
2026-01-01,,工业,seasonal_year,377767333.0,,,,,390372014.0
2026-01-02,,工业,seasonal_year,453538138.0,,,,,422449836.0
2026-01-03,,工业,seasonal_year,467588677.0,,,,,466889131.0
2026-01-04,,工业,seasonal_year,465365561.0,,,,,490764291.0
2026-01-05,,工业,seasonal_year,459341500.0,,,,,491501889.0
2026-01-06,,工业,seasonal_year,463794901.0,,,,,507366156.0
2026-01-07,,工业,seasonal_year,467116377.0,,,,,489583876.0
2026-01-08,,工业,seasonal_year,467168656.0,,,,,497415238.0
2026-01-09,,工业,seasonal_year,468914650.0,,,,,496091271.0
2025-10-01,,工业,rolling7,526356911.4285714,,,,,415626808.0
2025-10-02,,工业,rolling7,510622672.0,,,,,411710612.0
2025-10-03,,工业,rolling7,494428001.0,,,,,441540690.0
2025-10-04,,工业,rolling7,483156525.0,,,,,473427630.0
2025-10-05,,工业,rolling7,476591326.5714286,,,,,486555682.0
2025-10-06,,工业,rolling7,469790489.14285713,,,,,428614566.0
2025-10-07,,工业,rolling7,453458048.5714286,,,,,473692005.0
2025-10-08,,工业,rolling7,447309713.28571427,,,,,517199901.0
2025-10-09,,工业,rolling7,461820155.14285713,,,,,535780304.0
2025-10-10,,工业,rolling7,479544396.85714287,,,,,531307533.0
2025-10-11,,工业,rolling7,492368231.5714286,,,,,533597135.0
2025-10-12,,工业,rolling7,500963875.14285713,,,,,520838740.0
2025-10-13,,工业,rolling7,505861454.85714287,,,,,527231627.0
2025-10-14,,工业,rolling7,519949606.4285714,,,,,543023819.0
2025-10-15,,工业,rolling7,529854151.28571427,,,,,533667052.0
2025-10-16,,工业,rolling7,532206601.4285714,,,,,529056134.0
2025-10-17,,工业,rolling7,531246005.71428573,,,,,536826358.0
2025-10-18,,工业,rolling7,532034409.28571427,,,,,533334004.0
2025-10-19,,工业,rolling7,531996819.14285713,,,,,492593679.0
2025-10-20,,工业,rolling7,527961810.4285714,,,,,509473838.0
2025-10-21,,工业,rolling7,525424983.4285714,,,,,491666016.0
2025-10-22,,工业,rolling7,518088154.4285714,,,,,488778521.0
2025-10-23,,工业,rolling7,511675507.14285713,,,,,488810064.0
2025-10-24,,工业,rolling7,505926068.5714286,,,,,488487807.0
2025-10-25,,工业,rolling7,499020561.28571427,,,,,487037767.0
2025-10-26,,工业,rolling7,492406813.14285713,,,,,483097397.0
2025-10-27,,工业,rolling7,491050201.4285714,,,,,489437310.0
2025-10-28,,工业,rolling7,488187840.28571427,,,,,509494208.0
2025-10-29,,工业,rolling7,490734724.85714287,,,,,496060282.0
2025-10-30,,工业,rolling7,491774976.4285714,,,,,501926165.0
2025-10-31,,工业,rolling7,493648705.14285713,,,,,502322380.0
2025-11-01,,工业,rolling7,495625072.71428573,,,,,463977301.0
2025-11-02,,工业,rolling7,492330720.4285714,,,,,451448947.0
2025-11-03,,工业,rolling7,487809513.28571427,,,,,491007569.0
2025-11-04,,工业,rolling7,488033836.0,,,,,494274139.0
2025-11-05,,工业,rolling7,485859540.4285714,,,,,491722759.0
2025-11-06,,工业,rolling7,485239894.28571427,,,,,493954539.0
2025-11-07,,工业,rolling7,484101090.5714286,,,,,502269921.0
2025-11-08,,工业,rolling7,484093596.4285714,,,,,507470477.0
2025-11-09,,工业,rolling7,490306907.28571427,,,,,484512611.0
2025-11-10,,工业,rolling7,495030287.85714287,,,,,505683093.0
2025-11-11,,工业,rolling7,497126791.28571427,,,,,519521853.0
2025-11-12,,工业,rolling7,500733607.5714286,,,,,510960284.0
2025-11-13,,工业,rolling7,503481825.4285714,,,,,502337439.0
2025-11-14,,工业,rolling7,504679382.5714286,,,,,491107403.0
2025-11-15,,工业,rolling7,503084737.14285713,,,,,480567662.0
2025-11-16,,工业,rolling7,499241477.85714287,,,,,454789929.0
2025-11-17,,工业,rolling7,494995380.4285714,,,,,490989090.0
2025-11-18,,工业,rolling7,492896237.14285713,,,,,507938102.0
2025-11-19,,工业,rolling7,491241415.5714286,,,,,487865526.0
2025-11-20,,工业,rolling7,487942164.4285714,,,,,489157146.0
2025-11-21,,工业,rolling7,486059265.4285714,,,,,480792436.0
2025-11-22,,工业,rolling7,484585698.71428573,,,,,478876664.0
2025-11-23,,工业,rolling7,484344127.5714286,,,,,465780193.0
2025-11-24,,工业,rolling7,485914165.28571427,,,,,491993137.0
2025-11-25,,工业,rolling7,486057600.5714286,,,,,484056467.0
2025-11-26,,工业,rolling7,482645938.4285714,,,,,481346875.0
2025-11-27,,工业,rolling7,481714702.5714286,,,,,485770458.0
2025-11-28,,工业,rolling7,481230890.0,,,,,489236863.0
2025-11-29,,工业,rolling7,482437236.71428573,,,,,473001874.0
2025-11-30,,工业,rolling7,481597981.0,,,,,450328015.0
2025-12-01,,工业,rolling7,479390527.0,,,,,454148962.0
2025-12-02,,工业,rolling7,473984216.28571427,,,,,477091979.0
2025-12-03,,工业,rolling7,472989289.4285714,,,,,482072625.0
2025-12-04,,工业,rolling7,473092968.0,,,,,481193239.0
2025-12-05,,工业,rolling7,472439079.5714286,,,,,488421135.0
2025-12-06,,工业,rolling7,472322547.0,,,,,484871954.0
2025-12-07,,工业,rolling7,474018272.71428573,,,,,470298028.0
2025-12-08,,工业,rolling7,476871131.71428573,,,,,484627490.0
2025-12-09,,工业,rolling7,481225207.14285713,,,,,491518576.0
2025-12-10,,工业,rolling7,483286149.5714286,,,,,495087746.0
2025-12-11,,工业,rolling7,485145452.5714286,,,,,494412706.0
2025-12-12,,工业,rolling7,487033947.85714287,,,,,505485717.0
2025-12-13,,工业,rolling7,489471745.28571427,,,,,504668943.0
2025-12-14,,工业,rolling7,492299886.5714286,,,,,467499522.0
2025-12-15,,工业,rolling7,491900100.0,,,,,488831400.0
2025-12-16,,工业,rolling7,492500658.5714286,,,,,481572938.0
2025-12-17,,工业,rolling7,491079853.14285713,,,,,492170546.0
2025-12-18,,工业,rolling7,490663110.28571427,,,,,502479820.0
2025-12-19,,工业,rolling7,491815555.14285713,,,,,505699603.0
2025-12-20,,工业,rolling7,491846110.28571427,,,,,495748890.0
2025-12-21,,工业,rolling7,490571817.0,,,,,467341040.0
2025-12-22,,工业,rolling7,490549176.71428573,,,,,495873284.0
2025-12-23,,工业,rolling7,491555160.14285713,,,,,502003275.0
2025-12-24,,工业,rolling7,494473779.71428573,,,,,499659072.0
2025-12-25,,工业,rolling7,495543569.14285713,,,,,510546101.0
2025-12-26,,工业,rolling7,496695895.0,,,,,488931601.0
2025-12-27,,工业,rolling7,494300466.14285713,,,,,494719537.0
2025-12-28,,工业,rolling7,494153415.71428573,,,,,479376705.0
2025-12-29,,工业,rolling7,495872796.4285714,,,,,486906946.0
2025-12-30,,工业,rolling7,494591891.0,,,,,485972530.0
2025-12-31,,工业,rolling7,492301784.5714286,,,,,464674550.0
2026-01-01,,工业,rolling7,487303995.71428573,,,,,390372014.0
2026-01-02,,工业,rolling7,470136269.0,,,,,422449836.0
2026-01-03,,工业,rolling7,460638874.0,,,,,466889131.0
2026-01-04,,工业,rolling7,456663101.71428573,,,,,490764291.0
2026-01-05,,工业,rolling7,458289899.71428573,,,,,491501889.0
2026-01-06,,工业,rolling7,458946320.14285713,,,,,507366156.0
2026-01-07,,工业,rolling7,462002552.4285714,,,,,489583876.0
2026-01-08,,工业,rolling7,465561027.5714286,,,,,497415238.0
2026-01-09,,工业,rolling7,480852916.71428573,,,,,496091271.0
2025-10-01,,工业,rolling28,524781170.39285713,,,,,415626808.0
2025-10-02,,工业,rolling28,520936335.8214286,,,,,411710612.0
2025-10-03,,工业,rolling28,516848670.35714287,,,,,441540690.0
2025-10-04,,工业,rolling28,513571093.0,,,,,473427630.0
2025-10-05,,工业,rolling28,511975144.39285713,,,,,486555682.0
2025-10-06,,工业,rolling28,511133085.1785714,,,,,428614566.0
2025-10-07,,工业,rolling28,507698626.85714287,,,,,473692005.0
2025-10-08,,工业,rolling28,505908280.8214286,,,,,517199901.0
2025-10-09,,工业,rolling28,505328942.3214286,,,,,535780304.0
2025-10-10,,工业,rolling28,505339589.46428573,,,,,531307533.0
2025-10-11,,工业,rolling28,505016565.0714286,,,,,533597135.0
2025-10-12,,工业,rolling28,505304558.1785714,,,,,520838740.0
2025-10-13,,工业,rolling28,505969178.5714286,,,,,527231627.0
2025-10-14,,工业,rolling28,506132288.0,,,,,543023819.0
2025-10-15,,工业,rolling28,506892524.0714286,,,,,533667052.0
2025-10-16,,工业,rolling28,506738652.21428573,,,,,529056134.0
2025-10-17,,工业,rolling28,506434103.4285714,,,,,536826358.0
2025-10-18,,工业,rolling28,506642053.78571427,,,,,533334004.0
2025-10-19,,工业,rolling28,506728556.9285714,,,,,492593679.0
2025-10-20,,工业,rolling28,506631970.35714287,,,,,509473838.0
2025-10-21,,工业,rolling28,506621899.8214286,,,,,491666016.0
2025-10-22,,工业,rolling28,505402232.60714287,,,,,488778521.0
2025-10-23,,工业,rolling28,504081233.9285714,,,,,488810064.0
2025-10-24,,工业,rolling28,502786118.03571427,,,,,488487807.0
2025-10-25,,工业,rolling28,501644931.78571427,,,,,487037767.0
2025-10-26,,工业,rolling28,500489708.5,,,,,483097397.0
2025-10-27,,工业,rolling28,498665988.96428573,,,,,489437310.0
2025-10-28,,工业,rolling28,496755119.6785714,,,,,509494208.0
2025-10-29,,工业,rolling28,496496685.96428573,,,,,496060282.0
2025-10-30,,工业,rolling28,499369310.03571427,,,,,501926165.0
2025-10-31,,工业,rolling28,502591294.0714286,,,,,502322380.0
2025-11-01,,工业,rolling28,504762068.71428573,,,,,463977301.0
2025-11-02,,工业,rolling28,504424556.96428573,,,,,451448947.0
2025-11-03,,工业,rolling28,503170745.0,,,,,491007569.0
2025-11-04,,工业,rolling28,505399066.53571427,,,,,494274139.0
2025-11-05,,工业,rolling28,506134142.75,,,,,491722759.0
2025-11-06,,工业,rolling28,505224244.8214286,,,,,493954539.0
2025-11-07,,工业,rolling28,503730467.5,,,,,502269921.0
2025-11-08,,工业,rolling28,502693409.9285714,,,,,507470477.0
2025-11-09,,工业,rolling28,501760315.0,,,,,484512611.0
2025-11-10,,工业,rolling28,500462953.25,,,,,505683093.0
2025-11-11,,工业,rolling28,499693362.75,,,,,519521853.0
2025-11-12,,工业,rolling28,498854006.8214286,,,,,510960284.0
2025-11-13,,工业,rolling28,498043050.8214286,,,,,502337439.0
2025-11-14,,工业,rolling28,497088811.71428573,,,,,491107403.0
2025-11-15,,工业,rolling28,495455991.89285713,,,,,480567662.0
2025-11-16,,工业,rolling28,493571479.6785714,,,,,454789929.0
2025-11-17,,工业,rolling28,492221345.75,,,,,490989090.0
2025-11-18,,工业,rolling28,491561176.1785714,,,,,507938102.0
2025-11-19,,工业,rolling28,492142322.10714287,,,,,487865526.0
2025-11-20,,工业,rolling28,492109715.14285713,,,,,489157146.0
2025-11-21,,工业,rolling28,492122110.9285714,,,,,480792436.0
2025-11-22,,工业,rolling28,491847276.25,,,,,478876664.0
2025-11-23,,工业,rolling28,491555808.28571427,,,,,465780193.0
2025-11-24,,工业,rolling28,490937336.71428573,,,,,491993137.0
2025-11-25,,工业,rolling28,491028616.25,,,,,484056467.0
2025-11-26,,工业,rolling28,490120125.5,,,,,481346875.0
2025-11-27,,工业,rolling28,489594646.6785714,,,,,485770458.0
2025-11-28,,工业,rolling28,489017657.14285713,,,,,489236863.0
2025-11-29,,工业,rolling28,488550317.25,,,,,473001874.0
2025-11-30,,工业,rolling28,488872623.4285714,,,,,450328015.0
2025-12-01,,工业,rolling28,488832590.14285713,,,,,454148962.0
2025-12-02,,工业,rolling28,487516211.3214286,,,,,477091979.0
2025-12-03,,工业,rolling28,486902562.75,,,,,482072625.0
2025-12-04,,工业,rolling28,486557915.10714287,,,,,481193239.0
2025-12-05,,工业,rolling28,486102154.39285713,,,,,488421135.0
2025-12-06,,工业,rolling28,485607554.89285713,,,,,484871954.0
2025-12-07,,工业,rolling28,484800464.78571427,,,,,470298028.0
2025-12-08,,工业,rolling28,484292801.10714287,,,,,484627490.0
2025-12-09,,工业,rolling28,483540815.28571427,,,,,491518576.0
2025-12-10,,工业,rolling28,482540698.25,,,,,495087746.0
2025-12-11,,工业,rolling28,481973821.89285713,,,,,494412706.0
2025-12-12,,工业,rolling28,481690795.71428573,,,,,505485717.0
2025-12-13,,工业,rolling28,482204306.9285714,,,,,504668943.0
2025-12-14,,工业,rolling28,483065066.96428573,,,,,467499522.0
2025-12-15,,工业,rolling28,483518981.0,,,,,488831400.0
2025-12-16,,工业,rolling28,483441920.64285713,,,,,481572938.0
2025-12-17,,工业,rolling28,482500307.64285713,,,,,492170546.0
2025-12-18,,工业,rolling28,482654058.35714287,,,,,502479820.0
2025-12-19,,工业,rolling28,483129868.14285713,,,,,505699603.0
2025-12-20,,工业,rolling28,484019409.8214286,,,,,495748890.0
2025-12-21,,工业,rolling28,484621989.3214286,,,,,467341040.0
2025-12-22,,工业,rolling28,484677733.85714287,,,,,495873284.0
2025-12-23,,工业,rolling28,484816310.53571427,,,,,502003275.0
2025-12-24,,工业,rolling28,485457267.96428573,,,,,499659072.0
2025-12-25,,工业,rolling28,486111275.0,,,,,510546101.0
2025-12-26,,工业,rolling28,486996119.39285713,,,,,488931601.0
2025-12-27,,工业,rolling28,486985217.1785714,,,,,494719537.0
2025-12-28,,工业,rolling28,487760848.0,,,,,479376705.0
2025-12-29,,工业,rolling28,488798301.21428573,,,,,486906946.0
2025-12-30,,工业,rolling28,489968229.21428573,,,,,485972530.0
2025-12-31,,工业,rolling28,490285391.75,,,,,464674550.0
2026-01-01,,工业,rolling28,489664031.9285714,,,,,390372014.0
2026-01-02,,工业,rolling28,486420416.75,,,,,422449836.0
2026-01-03,,工业,rolling28,484064298.9285714,,,,,466889131.0
2026-01-04,,工业,rolling28,483422055.25,,,,,490764291.0
2026-01-05,,工业,rolling28,484152993.21428573,,,,,491501889.0
2026-01-06,,工业,rolling28,484398507.46428573,,,,,507366156.0
2026-01-07,,工业,rolling28,484964492.46428573,,,,,489583876.0
2026-01-08,,工业,rolling28,484767925.6785714,,,,,497415238.0
2026-01-09,,工业,rolling28,484875158.96428573,,,,,496091271.0
2025-10-01,,工业,ridge_own_lags_calendar,508733552.48171633,,,,,415626808.0
2025-10-02,,工业,ridge_own_lags_calendar,426770601.2800846,,,,,411710612.0
2025-10-03,,工业,ridge_own_lags_calendar,421734629.51832676,,,,,441540690.0
2025-10-04,,工业,ridge_own_lags_calendar,439851082.872584,,,,,473427630.0
2025-10-05,,工业,ridge_own_lags_calendar,456117102.8669363,,,,,486555682.0
2025-10-06,,工业,ridge_own_lags_calendar,490801972.01287466,,,,,428614566.0
2025-10-07,,工业,ridge_own_lags_calendar,434940636.43830556,,,,,473692005.0
2025-10-08,,工业,ridge_own_lags_calendar,467760319.13036937,,,,,517199901.0
2025-10-09,,工业,ridge_own_lags_calendar,506766718.41758823,,,,,535780304.0
2025-10-10,,工业,ridge_own_lags_calendar,523725163.5834524,,,,,531307533.0
2025-10-11,,工业,ridge_own_lags_calendar,517282900.61692876,,,,,533597135.0
2025-10-12,,工业,ridge_own_lags_calendar,511488032.9056256,,,,,520838740.0
2025-10-13,,工业,ridge_own_lags_calendar,526919331.6477521,,,,,527231627.0
2025-10-14,,工业,ridge_own_lags_calendar,527382143.0309921,,,,,543023819.0
2025-10-15,,工业,ridge_own_lags_calendar,538347948.8341547,,,,,533667052.0
2025-10-16,,工业,ridge_own_lags_calendar,532045559.4540704,,,,,529056134.0
2025-10-17,,工业,ridge_own_lags_calendar,528500209.0825102,,,,,536826358.0
2025-10-18,,工业,ridge_own_lags_calendar,529845637.373777,,,,,533334004.0
2025-10-19,,工业,ridge_own_lags_calendar,516867625.9569812,,,,,492593679.0
2025-10-20,,工业,ridge_own_lags_calendar,507347073.6875902,,,,,509473838.0
2025-10-21,,工业,ridge_own_lags_calendar,513202532.55879503,,,,,491666016.0
2025-10-22,,工业,ridge_own_lags_calendar,494621178.5906846,,,,,488778521.0
2025-10-23,,工业,ridge_own_lags_calendar,493182072.9071224,,,,,488810064.0
2025-10-24,,工业,ridge_own_lags_calendar,490512865.21564484,,,,,488487807.0
2025-10-25,,工业,ridge_own_lags_calendar,484470289.44193023,,,,,487037767.0
2025-10-26,,工业,ridge_own_lags_calendar,474058834.0439824,,,,,483097397.0
2025-10-27,,工业,ridge_own_lags_calendar,494333712.3755684,,,,,489437310.0
2025-10-28,,工业,ridge_own_lags_calendar,491274303.1752201,,,,,509494208.0
2025-10-29,,工业,ridge_own_lags_calendar,500514224.4809198,,,,,496060282.0
2025-10-30,,工业,ridge_own_lags_calendar,491004561.22334313,,,,,501926165.0
2025-10-31,,工业,ridge_own_lags_calendar,496003236.43437636,,,,,502322380.0
2025-11-01,,工业,ridge_own_lags_calendar,491591390.2263592,,,,,463977301.0
2025-11-02,,工业,ridge_own_lags_calendar,451445365.1146378,,,,,451448947.0
2025-11-03,,工业,ridge_own_lags_calendar,462962691.36962587,,,,,491007569.0
2025-11-04,,工业,ridge_own_lags_calendar,488645199.1670479,,,,,494274139.0
2025-11-05,,工业,ridge_own_lags_calendar,488805520.3651849,,,,,491722759.0
2025-11-06,,工业,ridge_own_lags_calendar,489099396.5946515,,,,,493954539.0
2025-11-07,,工业,ridge_own_lags_calendar,489752499.36909956,,,,,502269921.0
2025-11-08,,工业,ridge_own_lags_calendar,492111160.7145633,,,,,507470477.0
2025-11-09,,工业,ridge_own_lags_calendar,488553993.92794806,,,,,484512611.0
2025-11-10,,工业,ridge_own_lags_calendar,494415394.0737855,,,,,505683093.0
2025-11-11,,工业,ridge_own_lags_calendar,505560266.90859467,,,,,519521853.0
2025-11-12,,工业,ridge_own_lags_calendar,513849561.7446473,,,,,510960284.0
2025-11-13,,工业,ridge_own_lags_calendar,509323708.2149287,,,,,502337439.0
2025-11-14,,工业,ridge_own_lags_calendar,502312596.3553658,,,,,491107403.0
2025-11-15,,工业,ridge_own_lags_calendar,488033302.88173723,,,,,480567662.0
2025-11-16,,工业,ridge_own_lags_calendar,468254188.4612048,,,,,454789929.0
2025-11-17,,工业,ridge_own_lags_calendar,470790083.6721677,,,,,490989090.0
2025-11-18,,工业,ridge_own_lags_calendar,492102633.95443076,,,,,507938102.0
2025-11-19,,工业,ridge_own_lags_calendar,501593640.2686101,,,,,487865526.0
2025-11-20,,工业,ridge_own_lags_calendar,486638830.0055727,,,,,489157146.0
2025-11-21,,工业,ridge_own_lags_calendar,486749679.013394,,,,,480792436.0
2025-11-22,,工业,ridge_own_lags_calendar,474859037.3667712,,,,,478876664.0
2025-11-23,,工业,ridge_own_lags_calendar,464114476.3239222,,,,,465780193.0
2025-11-24,,工业,ridge_own_lags_calendar,477257517.85157174,,,,,491993137.0
2025-11-25,,工业,ridge_own_lags_calendar,491910899.801172,,,,,484056467.0
2025-11-26,,工业,ridge_own_lags_calendar,480661280.5604595,,,,,481346875.0
2025-11-27,,工业,ridge_own_lags_calendar,480953210.2646428,,,,,485770458.0
2025-11-28,,工业,ridge_own_lags_calendar,483555860.0157578,,,,,489236863.0
2025-11-29,,工业,ridge_own_lags_calendar,480391825.0156102,,,,,473001874.0
2025-11-30,,工业,ridge_own_lags_calendar,456791556.93896246,,,,,450328015.0
2025-12-01,,工业,ridge_own_lags_calendar,462654144.185441,,,,,454148962.0
2025-12-02,,工业,ridge_own_lags_calendar,458336475.19465584,,,,,477091979.0
2025-12-03,,工业,ridge_own_lags_calendar,473598820.074723,,,,,482072625.0
2025-12-04,,工业,ridge_own_lags_calendar,479465594.450831,,,,,481193239.0
2025-12-05,,工业,ridge_own_lags_calendar,477973048.59867674,,,,,488421135.0
2025-12-06,,工业,ridge_own_lags_calendar,479664354.44517875,,,,,484871954.0
2025-12-07,,工业,ridge_own_lags_calendar,467366430.278885,,,,,470298028.0
2025-12-08,,工业,ridge_own_lags_calendar,480815689.85039353,,,,,484627490.0
2025-12-09,,工业,ridge_own_lags_calendar,486388109.0193322,,,,,491518576.0
2025-12-10,,工业,ridge_own_lags_calendar,488685440.27581704,,,,,495087746.0
2025-12-11,,工业,ridge_own_lags_calendar,493295514.4631612,,,,,494412706.0
2025-12-12,,工业,ridge_own_lags_calendar,492208405.37527853,,,,,505485717.0
2025-12-13,,工业,ridge_own_lags_calendar,496176494.4275494,,,,,504668943.0
2025-12-14,,工业,ridge_own_lags_calendar,485813898.04639393,,,,,467499522.0
2025-12-15,,工业,ridge_own_lags_calendar,480084385.71520066,,,,,488831400.0
2025-12-16,,工业,ridge_own_lags_calendar,490687736.2515528,,,,,481572938.0
2025-12-17,,工业,ridge_own_lags_calendar,480742181.69446975,,,,,492170546.0
2025-12-18,,工业,ridge_own_lags_calendar,491418679.9787384,,,,,502479820.0
2025-12-19,,工业,ridge_own_lags_calendar,498837190.5156717,,,,,505699603.0
2025-12-20,,工业,ridge_own_lags_calendar,496282193.05257004,,,,,495748890.0
2025-12-21,,工业,ridge_own_lags_calendar,478154365.10486144,,,,,467341040.0
2025-12-22,,工业,ridge_own_lags_calendar,479989632.36724913,,,,,495873284.0
2025-12-23,,工业,ridge_own_lags_calendar,495610000.4143508,,,,,502003275.0
2025-12-24,,工业,ridge_own_lags_calendar,497584844.7142194,,,,,499659072.0
2025-12-25,,工业,ridge_own_lags_calendar,497634104.0016515,,,,,510546101.0
2025-12-26,,工业,ridge_own_lags_calendar,505480624.4267867,,,,,488931601.0
2025-12-27,,工业,ridge_own_lags_calendar,482247132.40493894,,,,,494719537.0
2025-12-28,,工业,ridge_own_lags_calendar,476726777.183893,,,,,479376705.0
2025-12-29,,工业,ridge_own_lags_calendar,488106816.5474684,,,,,486906946.0
2025-12-30,,工业,ridge_own_lags_calendar,486778326.3552398,,,,,485972530.0
2025-12-31,,工业,ridge_own_lags_calendar,481343726.4961808,,,,,464674550.0
2026-01-01,,工业,ridge_own_lags_calendar,462142646.37264085,,,,,390372014.0
2026-01-02,,工业,ridge_own_lags_calendar,402297208.1662978,,,,,422449836.0
2026-01-03,,工业,ridge_own_lags_calendar,422337411.9448023,,,,,466889131.0
2026-01-04,,工业,ridge_own_lags_calendar,447116685.76357526,,,,,490764291.0
2026-01-05,,工业,ridge_own_lags_calendar,491162824.4854614,,,,,491501889.0
2026-01-06,,工业,ridge_own_lags_calendar,484699065.4235606,,,,,507366156.0
2026-01-07,,工业,ridge_own_lags_calendar,495183621.19612896,,,,,489583876.0
2026-01-08,,工业,ridge_own_lags_calendar,483706883.42578334,,,,,497415238.0
2026-01-09,,工业,ridge_own_lags_calendar,492269107.2454878,,,,,496091271.0
