日期,actual,city,model,prediction
2025-10-01,204851357,福州,naive_yesterday,225410285.0
2025-10-02,197603792,福州,naive_yesterday,204851357.0
2025-10-03,200065822,福州,naive_yesterday,197603792.0
2025-10-04,207270178,福州,naive_yesterday,200065822.0
2025-10-05,215288328,福州,naive_yesterday,207270178.0
2025-10-06,209775477,福州,naive_yesterday,215288328.0
2025-10-07,212851188,福州,naive_yesterday,209775477.0
2025-10-08,218924458,福州,naive_yesterday,212851188.0
2025-10-09,219731662,福州,naive_yesterday,218924458.0
2025-10-10,214754896,福州,naive_yesterday,219731662.0
2025-10-11,215934951,福州,naive_yesterday,214754896.0
2025-10-12,217532842,福州,naive_yesterday,215934951.0
2025-10-13,224121532,福州,naive_yesterday,217532842.0
2025-10-14,226294767,福州,naive_yesterday,224121532.0
2025-10-15,218366448,福州,naive_yesterday,226294767.0
2025-10-16,216472776,福州,naive_yesterday,218366448.0
2025-10-17,216792303,福州,naive_yesterday,216472776.0
2025-10-18,216405552,福州,naive_yesterday,216792303.0
2025-10-19,195239918,福州,naive_yesterday,216405552.0
2025-10-20,185868084,福州,naive_yesterday,195239918.0
2025-10-21,170004820,福州,naive_yesterday,185868084.0
2025-10-22,167520475,福州,naive_yesterday,170004820.0
2025-10-23,166846605,福州,naive_yesterday,167520475.0
2025-10-24,165351000,福州,naive_yesterday,166846605.0
2025-10-25,166983563,福州,naive_yesterday,165351000.0
2025-10-26,168176187,福州,naive_yesterday,166983563.0
2025-10-27,169444046,福州,naive_yesterday,168176187.0
2025-10-28,172835700,福州,naive_yesterday,169444046.0
2025-10-29,168804896,福州,naive_yesterday,172835700.0
2025-10-30,173063018,福州,naive_yesterday,168804896.0
2025-10-31,173224481,福州,naive_yesterday,173063018.0
2025-11-01,165567679,福州,naive_yesterday,173224481.0
2025-11-02,162942380,福州,naive_yesterday,165567679.0
2025-11-03,171546844,福州,naive_yesterday,162942380.0
2025-11-04,170279046,福州,naive_yesterday,171546844.0
2025-11-05,170742815,福州,naive_yesterday,170279046.0
2025-11-06,171505594,福州,naive_yesterday,170742815.0
2025-11-07,174566974,福州,naive_yesterday,171505594.0
2025-11-08,176780889,福州,naive_yesterday,174566974.0
2025-11-09,170422204,福州,naive_yesterday,176780889.0
2025-11-10,173714665,福州,naive_yesterday,170422204.0
2025-11-11,176451404,福州,naive_yesterday,173714665.0
2025-11-12,174836768,福州,naive_yesterday,176451404.0
2025-11-13,173881338,福州,naive_yesterday,174836768.0
2025-11-14,171601407,福州,naive_yesterday,173881338.0
2025-11-15,168840387,福州,naive_yesterday,171601407.0
2025-11-16,166437460,福州,naive_yesterday,168840387.0
2025-11-17,171461032,福州,naive_yesterday,166437460.0
2025-11-18,175965495,福州,naive_yesterday,171461032.0
2025-11-19,170475140,福州,naive_yesterday,175965495.0
2025-11-20,170230040,福州,naive_yesterday,170475140.0
2025-11-21,170894300,福州,naive_yesterday,170230040.0
2025-11-22,170411182,福州,naive_yesterday,170894300.0
2025-11-23,168731991,福州,naive_yesterday,170411182.0
2025-11-24,174062231,福州,naive_yesterday,168731991.0
2025-11-25,170158620,福州,naive_yesterday,174062231.0
2025-11-26,168320610,福州,naive_yesterday,170158620.0
2025-11-27,169048564,福州,naive_yesterday,168320610.0
2025-11-28,174421543,福州,naive_yesterday,169048564.0
2025-11-29,170511897,福州,naive_yesterday,174421543.0
2025-11-30,165819628,福州,naive_yesterday,170511897.0
2025-12-01,168151257,福州,naive_yesterday,165819628.0
2025-12-02,169117843,福州,naive_yesterday,168151257.0
2025-12-03,170568085,福州,naive_yesterday,169117843.0
2025-12-04,171603268,福州,naive_yesterday,170568085.0
2025-12-05,171860744,福州,naive_yesterday,171603268.0
2025-12-06,169327641,福州,naive_yesterday,171860744.0
2025-12-07,166071961,福州,naive_yesterday,169327641.0
2025-12-08,169512714,福州,naive_yesterday,166071961.0
2025-12-09,169869291,福州,naive_yesterday,169512714.0
2025-12-10,169480954,福州,naive_yesterday,169869291.0
2025-12-11,171452486,福州,naive_yesterday,169480954.0
2025-12-12,177343371,福州,naive_yesterday,171452486.0
2025-12-13,175049044,福州,naive_yesterday,177343371.0
2025-12-14,170168536,福州,naive_yesterday,175049044.0
2025-12-15,177200788,福州,naive_yesterday,170168536.0
2025-12-16,174388420,福州,naive_yesterday,177200788.0
2025-12-17,174600115,福州,naive_yesterday,174388420.0
2025-12-18,176778035,福州,naive_yesterday,174600115.0
2025-12-19,175346474,福州,naive_yesterday,176778035.0
2025-12-20,173364421,福州,naive_yesterday,175346474.0
2025-12-21,173140934,福州,naive_yesterday,173364421.0
2025-12-22,178469248,福州,naive_yesterday,173140934.0
2025-12-23,178942770,福州,naive_yesterday,178469248.0
2025-12-24,175815097,福州,naive_yesterday,178942770.0
2025-12-25,180342260,福州,naive_yesterday,175815097.0
2025-12-26,181052495,福州,naive_yesterday,180342260.0
2025-12-27,182297206,福州,naive_yesterday,181052495.0
2025-12-28,178437537,福州,naive_yesterday,182297206.0
2025-12-29,177648221,福州,naive_yesterday,178437537.0
2025-12-30,177492336,福州,naive_yesterday,177648221.0
2025-12-31,173881725,福州,naive_yesterday,177492336.0
2026-01-01,164386660,福州,naive_yesterday,173881725.0
2026-01-02,164212991,福州,naive_yesterday,164386660.0
2026-01-03,175888560,福州,naive_yesterday,164212991.0
2026-01-04,180291039,福州,naive_yesterday,175888560.0
2026-01-05,180015428,福州,naive_yesterday,180291039.0
2026-01-06,186750113,福州,naive_yesterday,180015428.0
2026-01-07,183854397,福州,naive_yesterday,186750113.0
2026-01-08,184747035,福州,naive_yesterday,183854397.0
2026-01-09,181811718,福州,naive_yesterday,184747035.0
2025-10-01,204851357,福州,seasonal_week,208167802.0
2025-10-02,197603792,福州,seasonal_week,211368843.0
2025-10-03,200065822,福州,seasonal_week,213726083.0
2025-10-04,207270178,福州,seasonal_week,214060246.0
2025-10-05,215288328,福州,seasonal_week,222447089.0
2025-10-06,209775477,福州,seasonal_week,228250220.0
2025-10-07,212851188,福州,seasonal_week,225410285.0
2025-10-08,218924458,福州,seasonal_week,204851357.0
2025-10-09,219731662,福州,seasonal_week,197603792.0
2025-10-10,214754896,福州,seasonal_week,200065822.0
2025-10-11,215934951,福州,seasonal_week,207270178.0
2025-10-12,217532842,福州,seasonal_week,215288328.0
2025-10-13,224121532,福州,seasonal_week,209775477.0
2025-10-14,226294767,福州,seasonal_week,212851188.0
2025-10-15,218366448,福州,seasonal_week,218924458.0
2025-10-16,216472776,福州,seasonal_week,219731662.0
2025-10-17,216792303,福州,seasonal_week,214754896.0
2025-10-18,216405552,福州,seasonal_week,215934951.0
2025-10-19,195239918,福州,seasonal_week,217532842.0
2025-10-20,185868084,福州,seasonal_week,224121532.0
2025-10-21,170004820,福州,seasonal_week,226294767.0
2025-10-22,167520475,福州,seasonal_week,218366448.0
2025-10-23,166846605,福州,seasonal_week,216472776.0
2025-10-24,165351000,福州,seasonal_week,216792303.0
2025-10-25,166983563,福州,seasonal_week,216405552.0
2025-10-26,168176187,福州,seasonal_week,195239918.0
2025-10-27,169444046,福州,seasonal_week,185868084.0
2025-10-28,172835700,福州,seasonal_week,170004820.0
2025-10-29,168804896,福州,seasonal_week,167520475.0
2025-10-30,173063018,福州,seasonal_week,166846605.0
2025-10-31,173224481,福州,seasonal_week,165351000.0
2025-11-01,165567679,福州,seasonal_week,166983563.0
2025-11-02,162942380,福州,seasonal_week,168176187.0
2025-11-03,171546844,福州,seasonal_week,169444046.0
2025-11-04,170279046,福州,seasonal_week,172835700.0
2025-11-05,170742815,福州,seasonal_week,168804896.0
2025-11-06,171505594,福州,seasonal_week,173063018.0
2025-11-07,174566974,福州,seasonal_week,173224481.0
2025-11-08,176780889,福州,seasonal_week,165567679.0
2025-11-09,170422204,福州,seasonal_week,162942380.0
2025-11-10,173714665,福州,seasonal_week,171546844.0
2025-11-11,176451404,福州,seasonal_week,170279046.0
2025-11-12,174836768,福州,seasonal_week,170742815.0
2025-11-13,173881338,福州,seasonal_week,171505594.0
2025-11-14,171601407,福州,seasonal_week,174566974.0
2025-11-15,168840387,福州,seasonal_week,176780889.0
2025-11-16,166437460,福州,seasonal_week,170422204.0
2025-11-17,171461032,福州,seasonal_week,173714665.0
2025-11-18,175965495,福州,seasonal_week,176451404.0
2025-11-19,170475140,福州,seasonal_week,174836768.0
2025-11-20,170230040,福州,seasonal_week,173881338.0
2025-11-21,170894300,福州,seasonal_week,171601407.0
2025-11-22,170411182,福州,seasonal_week,168840387.0
2025-11-23,168731991,福州,seasonal_week,166437460.0
2025-11-24,174062231,福州,seasonal_week,171461032.0
2025-11-25,170158620,福州,seasonal_week,175965495.0
2025-11-26,168320610,福州,seasonal_week,170475140.0
2025-11-27,169048564,福州,seasonal_week,170230040.0
2025-11-28,174421543,福州,seasonal_week,170894300.0
2025-11-29,170511897,福州,seasonal_week,170411182.0
2025-11-30,165819628,福州,seasonal_week,168731991.0
2025-12-01,168151257,福州,seasonal_week,174062231.0
2025-12-02,169117843,福州,seasonal_week,170158620.0
2025-12-03,170568085,福州,seasonal_week,168320610.0
2025-12-04,171603268,福州,seasonal_week,169048564.0
2025-12-05,171860744,福州,seasonal_week,174421543.0
2025-12-06,169327641,福州,seasonal_week,170511897.0
2025-12-07,166071961,福州,seasonal_week,165819628.0
2025-12-08,169512714,福州,seasonal_week,168151257.0
2025-12-09,169869291,福州,seasonal_week,169117843.0
2025-12-10,169480954,福州,seasonal_week,170568085.0
2025-12-11,171452486,福州,seasonal_week,171603268.0
2025-12-12,177343371,福州,seasonal_week,171860744.0
2025-12-13,175049044,福州,seasonal_week,169327641.0
2025-12-14,170168536,福州,seasonal_week,166071961.0
2025-12-15,177200788,福州,seasonal_week,169512714.0
2025-12-16,174388420,福州,seasonal_week,169869291.0
2025-12-17,174600115,福州,seasonal_week,169480954.0
2025-12-18,176778035,福州,seasonal_week,171452486.0
2025-12-19,175346474,福州,seasonal_week,177343371.0
2025-12-20,173364421,福州,seasonal_week,175049044.0
2025-12-21,173140934,福州,seasonal_week,170168536.0
2025-12-22,178469248,福州,seasonal_week,177200788.0
2025-12-23,178942770,福州,seasonal_week,174388420.0
2025-12-24,175815097,福州,seasonal_week,174600115.0
2025-12-25,180342260,福州,seasonal_week,176778035.0
2025-12-26,181052495,福州,seasonal_week,175346474.0
2025-12-27,182297206,福州,seasonal_week,173364421.0
2025-12-28,178437537,福州,seasonal_week,173140934.0
2025-12-29,177648221,福州,seasonal_week,178469248.0
2025-12-30,177492336,福州,seasonal_week,178942770.0
2025-12-31,173881725,福州,seasonal_week,175815097.0
2026-01-01,164386660,福州,seasonal_week,180342260.0
2026-01-02,164212991,福州,seasonal_week,181052495.0
2026-01-03,175888560,福州,seasonal_week,182297206.0
2026-01-04,180291039,福州,seasonal_week,178437537.0
2026-01-05,180015428,福州,seasonal_week,177648221.0
2026-01-06,186750113,福州,seasonal_week,177492336.0
2026-01-07,183854397,福州,seasonal_week,173881725.0
2026-01-08,184747035,福州,seasonal_week,164386660.0
2026-01-09,181811718,福州,seasonal_week,164212991.0
2025-10-01,204851357,福州,rolling7,217632938.2857143
2025-10-02,197603792,福州,rolling7,217159160.42857143
2025-10-03,200065822,福州,rolling7,215192724.57142857
2025-10-04,207270178,福州,rolling7,213241258.7142857
2025-10-05,215288328,福州,rolling7,212271249.0
2025-10-06,209775477,福州,rolling7,211248568.85714287
2025-10-07,212851188,福州,rolling7,208609319.85714287
2025-10-08,218924458,福州,rolling7,206815163.14285713
2025-10-09,219731662,福州,rolling7,208825606.14285713
2025-10-10,214754896,福州,rolling7,211986730.42857143
2025-10-11,215934951,福州,rolling7,214085169.57142857
2025-10-12,217532842,福州,rolling7,215322994.2857143
2025-10-13,224121532,福州,rolling7,215643639.14285713
2025-10-14,226294767,福州,rolling7,217693075.57142857
2025-10-15,218366448,福州,rolling7,219613586.85714287
2025-10-16,216472776,福州,rolling7,219533871.14285713
2025-10-17,216792303,福州,rolling7,219068316.0
2025-10-18,216405552,福州,rolling7,219359374.14285713
2025-10-19,195239918,福州,rolling7,219426602.85714287
2025-10-20,185868084,福州,rolling7,216241899.42857143
2025-10-21,170004820,福州,rolling7,210777121.14285713
2025-10-22,167520475,福州,rolling7,202735700.14285713
2025-10-23,166846605,福州,rolling7,195471989.7142857
2025-10-24,165351000,福州,rolling7,188382536.7142857
2025-10-25,166983563,福州,rolling7,181033779.14285713
2025-10-26,168176187,福州,rolling7,173973495.0
2025-10-27,169444046,福州,rolling7,170107247.7142857
2025-10-28,172835700,福州,rolling7,167760956.57142857
2025-10-29,168804896,福州,rolling7,168165368.0
2025-10-30,173063018,福州,rolling7,168348856.7142857
2025-10-31,173224481,福州,rolling7,169236915.7142857
2025-11-01,165567679,福州,rolling7,170361698.7142857
2025-11-02,162942380,福州,rolling7,170159429.57142857
2025-11-03,171546844,福州,rolling7,169411742.85714287
2025-11-04,170279046,福州,rolling7,169712142.57142857
2025-11-05,170742815,福州,rolling7,169346906.2857143
2025-11-06,171505594,福州,rolling7,169623751.85714287
2025-11-07,174566974,福州,rolling7,169401262.7142857
2025-11-08,176780889,福州,rolling7,169593047.42857143
2025-11-09,170422204,福州,rolling7,171194934.57142857
2025-11-10,173714665,福州,rolling7,172263480.85714287
2025-11-11,176451404,福州,rolling7,172573169.57142857
2025-11-12,174836768,福州,rolling7,173454935.0
2025-11-13,173881338,福州,rolling7,174039785.42857143
2025-11-14,171601407,福州,rolling7,174379177.42857143
2025-11-15,168840387,福州,rolling7,173955525.0
2025-11-16,166437460,福州,rolling7,172821167.57142857
2025-11-17,171461032,福州,rolling7,172251918.42857143
2025-11-18,175965495,福州,rolling7,171929970.85714287
2025-11-19,170475140,福州,rolling7,171860555.2857143
2025-11-20,170230040,福州,rolling7,171237465.57142857
2025-11-21,170894300,福州,rolling7,170715851.57142857
2025-11-22,170411182,福州,rolling7,170614836.2857143
2025-11-23,168731991,福州,rolling7,170839235.57142857
2025-11-24,174062231,福州,rolling7,171167025.7142857
2025-11-25,170158620,福州,rolling7,171538625.57142857
2025-11-26,168320610,福州,rolling7,170709072.0
2025-11-27,169048564,福州,rolling7,170401282.0
2025-11-28,174421543,福州,rolling7,170232499.7142857
2025-11-29,170511897,福州,rolling7,170736391.57142857
2025-11-30,165819628,福州,rolling7,170750779.42857143
2025-12-01,168151257,福州,rolling7,170334727.57142857
2025-12-02,169117843,福州,rolling7,169490302.7142857
2025-12-03,170568085,福州,rolling7,169341620.2857143
2025-12-04,171603268,福州,rolling7,169662688.14285713
2025-12-05,171860744,福州,rolling7,170027645.85714287
2025-12-06,169327641,福州,rolling7,169661817.42857143
2025-12-07,166071961,福州,rolling7,169492638.0
2025-12-08,169512714,福州,rolling7,169528685.57142857
2025-12-09,169869291,福州,rolling7,169723179.42857143
2025-12-10,169480954,福州,rolling7,169830529.14285713
2025-12-11,171452486,福州,rolling7,169675224.7142857
2025-12-12,177343371,福州,rolling7,169653684.42857143
2025-12-13,175049044,福州,rolling7,170436916.85714287
2025-12-14,170168536,福州,rolling7,171254260.14285713
2025-12-15,177200788,福州,rolling7,171839485.14285713
2025-12-16,174388420,福州,rolling7,172937781.42857143
2025-12-17,174600115,福州,rolling7,173583371.2857143
2025-12-18,176778035,福州,rolling7,174314680.0
2025-12-19,175346474,福州,rolling7,175075472.7142857
2025-12-20,173364421,福州,rolling7,174790201.7142857
2025-12-21,173140934,福州,rolling7,174549541.2857143
2025-12-22,178469248,福州,rolling7,174974169.57142857
2025-12-23,178942770,福州,rolling7,175155378.14285713
2025-12-24,175815097,福州,rolling7,175805999.57142857
2025-12-25,180342260,福州,rolling7,175979568.42857143
2025-12-26,181052495,福州,rolling7,176488743.42857143
2025-12-27,182297206,福州,rolling7,177303889.2857143
2025-12-28,178437537,福州,rolling7,178580001.42857143
2025-12-29,177648221,福州,rolling7,179336659.0
2025-12-30,177492336,福州,rolling7,179219369.42857143
2025-12-31,173881725,福州,rolling7,179012164.57142857
2026-01-01,164386660,福州,rolling7,178735968.57142857
2026-01-02,164212991,福州,rolling7,176456597.14285713
2026-01-03,175888560,福州,rolling7,174050953.7142857
2026-01-04,180291039,福州,rolling7,173135432.85714287
2026-01-05,180015428,福州,rolling7,173400218.85714287
2026-01-06,186750113,福州,rolling7,173738391.2857143
2026-01-07,183854397,福州,rolling7,175060930.85714287
2026-01-08,184747035,福州,rolling7,176485598.2857143
2026-01-09,181811718,福州,rolling7,179394223.2857143
2025-10-01,204851357,福州,ridge_own_lags_calendar,220580769.88851556
2025-10-02,197603792,福州,ridge_own_lags_calendar,204438221.6111652
2025-10-03,200065822,福州,ridge_own_lags_calendar,198548410.24960172
2025-10-04,207270178,福州,ridge_own_lags_calendar,197816349.60445613
2025-10-05,215288328,福州,ridge_own_lags_calendar,203511671.2311732
2025-10-06,209775477,福州,ridge_own_lags_calendar,215698686.0531648
2025-10-07,212851188,福州,ridge_own_lags_calendar,208571556.04137018
2025-10-08,218924458,福州,ridge_own_lags_calendar,208817003.1280257
2025-10-09,219731662,福州,ridge_own_lags_calendar,215363244.45514828
2025-10-10,214754896,福州,ridge_own_lags_calendar,217345142.2093328
2025-10-11,215934951,福州,ridge_own_lags_calendar,210091155.35947224
2025-10-12,217532842,福州,ridge_own_lags_calendar,210081577.9548527
2025-10-13,224121532,福州,ridge_own_lags_calendar,217188922.5774653
2025-10-14,226294767,福州,ridge_own_lags_calendar,220187723.38906148
2025-10-15,218366448,福州,ridge_own_lags_calendar,221100407.30309254
2025-10-16,216472776,福州,ridge_own_lags_calendar,215829382.45468777
2025-10-17,216792303,福州,ridge_own_lags_calendar,215058445.6930511
2025-10-18,216405552,福州,ridge_own_lags_calendar,212414314.91653767
2025-10-19,195239918,福州,ridge_own_lags_calendar,211580838.57661438
2025-10-20,185868084,福州,ridge_own_lags_calendar,199577793.80311397
2025-10-21,170004820,福州,ridge_own_lags_calendar,187804425.12214598
2025-10-22,167520475,福州,ridge_own_lags_calendar,173150048.5002967
2025-10-23,166846605,福州,ridge_own_lags_calendar,170871930.10217053
2025-10-24,165351000,福州,ridge_own_lags_calendar,171155014.91901764
2025-10-25,166983563,福州,ridge_own_lags_calendar,166059501.75561154
2025-10-26,168176187,福州,ridge_own_lags_calendar,166130973.1858789
2025-10-27,169444046,福州,ridge_own_lags_calendar,172190475.27027038
2025-10-28,172835700,福州,ridge_own_lags_calendar,170413337.62752333
2025-10-29,168804896,福州,ridge_own_lags_calendar,171904583.66020387
2025-10-30,173063018,福州,ridge_own_lags_calendar,170003457.81431845
2025-10-31,173224481,福州,ridge_own_lags_calendar,174201546.4838993
2025-11-01,165567679,福州,ridge_own_lags_calendar,171325052.81143332
2025-11-02,162942380,福州,ridge_own_lags_calendar,164597869.82405168
2025-11-03,171546844,福州,ridge_own_lags_calendar,167801462.90737817
2025-11-04,170279046,福州,ridge_own_lags_calendar,172470739.37186912
2025-11-05,170742815,福州,ridge_own_lags_calendar,170235103.9350975
2025-11-06,171505594,福州,ridge_own_lags_calendar,171141908.7764621
2025-11-07,174566974,福州,ridge_own_lags_calendar,172939142.47322425
2025-11-08,176780889,福州,ridge_own_lags_calendar,172279900.66869912
2025-11-09,170422204,福州,ridge_own_lags_calendar,173570171.67134458
2025-11-10,173714665,福州,ridge_own_lags_calendar,173821432.4573066
2025-11-11,176451404,福州,ridge_own_lags_calendar,173297905.70410928
2025-11-12,174836768,福州,ridge_own_lags_calendar,174501777.8648697
2025-11-13,173881338,福州,ridge_own_lags_calendar,174157240.95942554
2025-11-14,171601407,福州,ridge_own_lags_calendar,174361633.32783103
2025-11-15,168840387,福州,ridge_own_lags_calendar,169497754.91315272
2025-11-16,166437460,福州,ridge_own_lags_calendar,166725135.65255708
2025-11-17,171461032,福州,ridge_own_lags_calendar,170156944.96306098
2025-11-18,175965495,福州,ridge_own_lags_calendar,171670610.53380895
2025-11-19,170475140,福州,ridge_own_lags_calendar,174088623.22083613
2025-11-20,170230040,福州,ridge_own_lags_calendar,170773059.54795736
2025-11-21,170894300,福州,ridge_own_lags_calendar,171196816.1039206
2025-11-22,170411182,福州,ridge_own_lags_calendar,168802057.1187492
2025-11-23,168731991,福州,ridge_own_lags_calendar,167869480.13306496
2025-11-24,174062231,福州,ridge_own_lags_calendar,171946117.8671554
2025-11-25,170158620,福州,ridge_own_lags_calendar,173412454.74608535
2025-11-26,168320610,福州,ridge_own_lags_calendar,169047114.44075194
2025-11-27,169048564,福州,ridge_own_lags_calendar,168203195.33894852
2025-11-28,174421543,福州,ridge_own_lags_calendar,170037647.10143006
2025-11-29,170511897,福州,ridge_own_lags_calendar,171558049.38182738
2025-11-30,165819628,福州,ridge_own_lags_calendar,168017614.9507917
2025-12-01,168151257,福州,ridge_own_lags_calendar,169121651.77057993
2025-12-02,169117843,福州,ridge_own_lags_calendar,168112946.23567504
2025-12-03,170568085,福州,ridge_own_lags_calendar,167653594.46003348
2025-12-04,171603268,福州,ridge_own_lags_calendar,169930478.95957842
2025-12-05,171860744,福州,ridge_own_lags_calendar,171796598.02775073
2025-12-06,169327641,福州,ridge_own_lags_calendar,168929263.8496742
2025-12-07,166071961,福州,ridge_own_lags_calendar,166340644.35533956
2025-12-08,169512714,福州,ridge_own_lags_calendar,169031674.66157627
2025-12-09,169869291,福州,ridge_own_lags_calendar,169174626.71269366
2025-12-10,169480954,福州,ridge_own_lags_calendar,168215214.17378965
2025-12-11,171452486,福州,ridge_own_lags_calendar,168818412.17848995
2025-12-12,177343371,福州,ridge_own_lags_calendar,171492998.49400184
2025-12-13,175049044,福州,ridge_own_lags_calendar,173397651.36963844
2025-12-14,170168536,福州,ridge_own_lags_calendar,171343655.28135
2025-12-15,177200788,福州,ridge_own_lags_calendar,172598067.67063117
2025-12-16,174388420,福州,ridge_own_lags_calendar,175444973.77130562
2025-12-17,174600115,福州,ridge_own_lags_calendar,172318301.57598114
2025-12-18,176778035,福州,ridge_own_lags_calendar,173213293.9455984
2025-12-19,175346474,福州,ridge_own_lags_calendar,176352580.29229861
2025-12-20,173364421,福州,ridge_own_lags_calendar,172155913.3047228
2025-12-21,173140934,福州,ridge_own_lags_calendar,169819365.0635863
2025-12-22,178469248,福州,ridge_own_lags_calendar,175019941.85582545
2025-12-23,178942770,福州,ridge_own_lags_calendar,176897631.2597744
2025-12-24,175815097,福州,ridge_own_lags_calendar,176087078.2332037
2025-12-25,180342260,福州,ridge_own_lags_calendar,174353414.7900563
2025-12-26,181052495,福州,ridge_own_lags_calendar,178863998.7622486
2025-12-27,182297206,福州,ridge_own_lags_calendar,176918150.69210702
2025-12-28,178437537,福州,ridge_own_lags_calendar,177286246.24458405
2025-12-29,177648221,福州,ridge_own_lags_calendar,179803110.87575173
2025-12-30,177492336,福州,ridge_own_lags_calendar,176178378.56042987
2025-12-31,173881725,福州,ridge_own_lags_calendar,174447758.9744128
2026-01-01,164386660,福州,ridge_own_lags_calendar,172400939.8219159
2026-01-02,164212991,福州,ridge_own_lags_calendar,165756551.04884967
2026-01-03,175888560,福州,ridge_own_lags_calendar,161965749.4905068
2026-01-04,180291039,福州,ridge_own_lags_calendar,171055540.22899374
2026-01-05,180015428,福州,ridge_own_lags_calendar,180652831.65074795
2026-01-06,186750113,福州,ridge_own_lags_calendar,177611289.79907578
2026-01-07,183854397,福州,ridge_own_lags_calendar,181559397.40424109
2026-01-08,184747035,福州,ridge_own_lags_calendar,180837276.4201162
2026-01-09,181811718,福州,ridge_own_lags_calendar,182495972.5372039
2025-10-01,117967799,厦门,naive_yesterday,143401284.0
2025-10-02,110790079,厦门,naive_yesterday,117967799.0
2025-10-03,111006826,厦门,naive_yesterday,110790079.0
2025-10-04,120596152,厦门,naive_yesterday,111006826.0
2025-10-05,125469668,厦门,naive_yesterday,120596152.0
2025-10-06,119737840,厦门,naive_yesterday,125469668.0
2025-10-07,132943125,厦门,naive_yesterday,119737840.0
2025-10-08,146578722,厦门,naive_yesterday,132943125.0
2025-10-09,152166655,厦门,naive_yesterday,146578722.0
2025-10-10,148040340,厦门,naive_yesterday,152166655.0
2025-10-11,151120038,厦门,naive_yesterday,148040340.0
2025-10-12,141586184,厦门,naive_yesterday,151120038.0
2025-10-13,146583015,厦门,naive_yesterday,141586184.0
2025-10-14,149864196,厦门,naive_yesterday,146583015.0
2025-10-15,145868531,厦门,naive_yesterday,149864196.0
2025-10-16,147709760,厦门,naive_yesterday,145868531.0
2025-10-17,148038397,厦门,naive_yesterday,147709760.0
2025-10-18,145962093,厦门,naive_yesterday,148038397.0
2025-10-19,127089443,厦门,naive_yesterday,145962093.0
2025-10-20,121942588,厦门,naive_yesterday,127089443.0
2025-10-21,111802444,厦门,naive_yesterday,121942588.0
2025-10-22,108564631,厦门,naive_yesterday,111802444.0
2025-10-23,107659810,厦门,naive_yesterday,108564631.0
2025-10-24,109144542,厦门,naive_yesterday,107659810.0
2025-10-25,106850336,厦门,naive_yesterday,109144542.0
2025-10-26,103639445,厦门,naive_yesterday,106850336.0
2025-10-27,106949308,厦门,naive_yesterday,103639445.0
2025-10-28,108815840,厦门,naive_yesterday,106949308.0
2025-10-29,110402455,厦门,naive_yesterday,108815840.0
2025-10-30,112026735,厦门,naive_yesterday,110402455.0
2025-10-31,115218081,厦门,naive_yesterday,112026735.0
2025-11-01,108520884,厦门,naive_yesterday,115218081.0
2025-11-02,96242484,厦门,naive_yesterday,108520884.0
2025-11-03,103105213,厦门,naive_yesterday,96242484.0
2025-11-04,105714422,厦门,naive_yesterday,103105213.0
2025-11-05,107512158,厦门,naive_yesterday,105714422.0
2025-11-06,108543282,厦门,naive_yesterday,107512158.0
2025-11-07,113900075,厦门,naive_yesterday,108543282.0
2025-11-08,110619573,厦门,naive_yesterday,113900075.0
2025-11-09,104893239,厦门,naive_yesterday,110619573.0
2025-11-10,109641016,厦门,naive_yesterday,104893239.0
2025-11-11,109556415,厦门,naive_yesterday,109641016.0
2025-11-12,106589220,厦门,naive_yesterday,109556415.0
2025-11-13,105740713,厦门,naive_yesterday,106589220.0
2025-11-14,103996472,厦门,naive_yesterday,105740713.0
2025-11-15,101270657,厦门,naive_yesterday,103996472.0
2025-11-16,96254998,厦门,naive_yesterday,101270657.0
2025-11-17,103091782,厦门,naive_yesterday,96254998.0
2025-11-18,104572263,厦门,naive_yesterday,103091782.0
2025-11-19,101763008,厦门,naive_yesterday,104572263.0
2025-11-20,102158749,厦门,naive_yesterday,101763008.0
2025-11-21,100968054,厦门,naive_yesterday,102158749.0
2025-11-22,98647735,厦门,naive_yesterday,100968054.0
2025-11-23,93774752,厦门,naive_yesterday,98647735.0
2025-11-24,104030392,厦门,naive_yesterday,93774752.0
2025-11-25,101887667,厦门,naive_yesterday,104030392.0
2025-11-26,103095838,厦门,naive_yesterday,101887667.0
2025-11-27,103884073,厦门,naive_yesterday,103095838.0
2025-11-28,103759807,厦门,naive_yesterday,103884073.0
2025-11-29,100882757,厦门,naive_yesterday,103759807.0
2025-11-30,93391110,厦门,naive_yesterday,100882757.0
2025-12-01,99599357,厦门,naive_yesterday,93391110.0
2025-12-02,104910411,厦门,naive_yesterday,99599357.0
2025-12-03,104304400,厦门,naive_yesterday,104910411.0
2025-12-04,102335638,厦门,naive_yesterday,104304400.0
2025-12-05,103630514,厦门,naive_yesterday,102335638.0
2025-12-06,101218380,厦门,naive_yesterday,103630514.0
2025-12-07,95931540,厦门,naive_yesterday,101218380.0
2025-12-08,103089627,厦门,naive_yesterday,95931540.0
2025-12-09,103021196,厦门,naive_yesterday,103089627.0
2025-12-10,105213743,厦门,naive_yesterday,103021196.0
2025-12-11,104745805,厦门,naive_yesterday,105213743.0
2025-12-12,104159920,厦门,naive_yesterday,104745805.0
2025-12-13,102966271,厦门,naive_yesterday,104159920.0
2025-12-14,93452316,厦门,naive_yesterday,102966271.0
2025-12-15,102331240,厦门,naive_yesterday,93452316.0
2025-12-16,104797275,厦门,naive_yesterday,102331240.0
2025-12-17,105037738,厦门,naive_yesterday,104797275.0
2025-12-18,106174862,厦门,naive_yesterday,105037738.0
2025-12-19,106781848,厦门,naive_yesterday,106174862.0
2025-12-20,104440598,厦门,naive_yesterday,106781848.0
2025-12-21,95214827,厦门,naive_yesterday,104440598.0
2025-12-22,104161414,厦门,naive_yesterday,95214827.0
2025-12-23,105099174,厦门,naive_yesterday,104161414.0
2025-12-24,105120677,厦门,naive_yesterday,105099174.0
2025-12-25,109258114,厦门,naive_yesterday,105120677.0
2025-12-26,104876940,厦门,naive_yesterday,109258114.0
2025-12-27,105334578,厦门,naive_yesterday,104876940.0
2025-12-28,99641247,厦门,naive_yesterday,105334578.0
2025-12-29,104112133,厦门,naive_yesterday,99641247.0
2025-12-30,104789318,厦门,naive_yesterday,104112133.0
2025-12-31,99387583,厦门,naive_yesterday,104789318.0
2026-01-01,84297880,厦门,naive_yesterday,99387583.0
2026-01-02,89033308,厦门,naive_yesterday,84297880.0
2026-01-03,98537390,厦门,naive_yesterday,89033308.0
2026-01-04,105725582,厦门,naive_yesterday,98537390.0
2026-01-05,105039375,厦门,naive_yesterday,105725582.0
2026-01-06,110214293,厦门,naive_yesterday,105039375.0
2026-01-07,107121550,厦门,naive_yesterday,110214293.0
2026-01-08,108843418,厦门,naive_yesterday,107121550.0
2026-01-09,110422644,厦门,naive_yesterday,108843418.0
2025-10-01,117967799,厦门,seasonal_week,134555450.0
2025-10-02,110790079,厦门,seasonal_week,139699313.0
2025-10-03,111006826,厦门,seasonal_week,141452325.0
2025-10-04,120596152,厦门,seasonal_week,141738439.0
2025-10-05,125469668,厦门,seasonal_week,146907505.0
2025-10-06,119737840,厦门,seasonal_week,150448904.0
2025-10-07,132943125,厦门,seasonal_week,143401284.0
2025-10-08,146578722,厦门,seasonal_week,117967799.0
2025-10-09,152166655,厦门,seasonal_week,110790079.0
2025-10-10,148040340,厦门,seasonal_week,111006826.0
2025-10-11,151120038,厦门,seasonal_week,120596152.0
2025-10-12,141586184,厦门,seasonal_week,125469668.0
2025-10-13,146583015,厦门,seasonal_week,119737840.0
2025-10-14,149864196,厦门,seasonal_week,132943125.0
2025-10-15,145868531,厦门,seasonal_week,146578722.0
2025-10-16,147709760,厦门,seasonal_week,152166655.0
2025-10-17,148038397,厦门,seasonal_week,148040340.0
2025-10-18,145962093,厦门,seasonal_week,151120038.0
2025-10-19,127089443,厦门,seasonal_week,141586184.0
2025-10-20,121942588,厦门,seasonal_week,146583015.0
2025-10-21,111802444,厦门,seasonal_week,149864196.0
2025-10-22,108564631,厦门,seasonal_week,145868531.0
2025-10-23,107659810,厦门,seasonal_week,147709760.0
2025-10-24,109144542,厦门,seasonal_week,148038397.0
2025-10-25,106850336,厦门,seasonal_week,145962093.0
2025-10-26,103639445,厦门,seasonal_week,127089443.0
2025-10-27,106949308,厦门,seasonal_week,121942588.0
2025-10-28,108815840,厦门,seasonal_week,111802444.0
2025-10-29,110402455,厦门,seasonal_week,108564631.0
2025-10-30,112026735,厦门,seasonal_week,107659810.0
2025-10-31,115218081,厦门,seasonal_week,109144542.0
2025-11-01,108520884,厦门,seasonal_week,106850336.0
2025-11-02,96242484,厦门,seasonal_week,103639445.0
2025-11-03,103105213,厦门,seasonal_week,106949308.0
2025-11-04,105714422,厦门,seasonal_week,108815840.0
2025-11-05,107512158,厦门,seasonal_week,110402455.0
2025-11-06,108543282,厦门,seasonal_week,112026735.0
2025-11-07,113900075,厦门,seasonal_week,115218081.0
2025-11-08,110619573,厦门,seasonal_week,108520884.0
2025-11-09,104893239,厦门,seasonal_week,96242484.0
2025-11-10,109641016,厦门,seasonal_week,103105213.0
2025-11-11,109556415,厦门,seasonal_week,105714422.0
2025-11-12,106589220,厦门,seasonal_week,107512158.0
2025-11-13,105740713,厦门,seasonal_week,108543282.0
2025-11-14,103996472,厦门,seasonal_week,113900075.0
2025-11-15,101270657,厦门,seasonal_week,110619573.0
2025-11-16,96254998,厦门,seasonal_week,104893239.0
2025-11-17,103091782,厦门,seasonal_week,109641016.0
2025-11-18,104572263,厦门,seasonal_week,109556415.0
2025-11-19,101763008,厦门,seasonal_week,106589220.0
2025-11-20,102158749,厦门,seasonal_week,105740713.0
2025-11-21,100968054,厦门,seasonal_week,103996472.0
2025-11-22,98647735,厦门,seasonal_week,101270657.0
2025-11-23,93774752,厦门,seasonal_week,96254998.0
2025-11-24,104030392,厦门,seasonal_week,103091782.0
2025-11-25,101887667,厦门,seasonal_week,104572263.0
2025-11-26,103095838,厦门,seasonal_week,101763008.0
2025-11-27,103884073,厦门,seasonal_week,102158749.0
2025-11-28,103759807,厦门,seasonal_week,100968054.0
2025-11-29,100882757,厦门,seasonal_week,98647735.0
2025-11-30,93391110,厦门,seasonal_week,93774752.0
2025-12-01,99599357,厦门,seasonal_week,104030392.0
2025-12-02,104910411,厦门,seasonal_week,101887667.0
2025-12-03,104304400,厦门,seasonal_week,103095838.0
2025-12-04,102335638,厦门,seasonal_week,103884073.0
2025-12-05,103630514,厦门,seasonal_week,103759807.0
2025-12-06,101218380,厦门,seasonal_week,100882757.0
2025-12-07,95931540,厦门,seasonal_week,93391110.0
2025-12-08,103089627,厦门,seasonal_week,99599357.0
2025-12-09,103021196,厦门,seasonal_week,104910411.0
2025-12-10,105213743,厦门,seasonal_week,104304400.0
2025-12-11,104745805,厦门,seasonal_week,102335638.0
2025-12-12,104159920,厦门,seasonal_week,103630514.0
2025-12-13,102966271,厦门,seasonal_week,101218380.0
2025-12-14,93452316,厦门,seasonal_week,95931540.0
2025-12-15,102331240,厦门,seasonal_week,103089627.0
2025-12-16,104797275,厦门,seasonal_week,103021196.0
2025-12-17,105037738,厦门,seasonal_week,105213743.0
2025-12-18,106174862,厦门,seasonal_week,104745805.0
2025-12-19,106781848,厦门,seasonal_week,104159920.0
2025-12-20,104440598,厦门,seasonal_week,102966271.0
2025-12-21,95214827,厦门,seasonal_week,93452316.0
2025-12-22,104161414,厦门,seasonal_week,102331240.0
2025-12-23,105099174,厦门,seasonal_week,104797275.0
2025-12-24,105120677,厦门,seasonal_week,105037738.0
2025-12-25,109258114,厦门,seasonal_week,106174862.0
2025-12-26,104876940,厦门,seasonal_week,106781848.0
2025-12-27,105334578,厦门,seasonal_week,104440598.0
2025-12-28,99641247,厦门,seasonal_week,95214827.0
2025-12-29,104112133,厦门,seasonal_week,104161414.0
2025-12-30,104789318,厦门,seasonal_week,105099174.0
2025-12-31,99387583,厦门,seasonal_week,105120677.0
2026-01-01,84297880,厦门,seasonal_week,109258114.0
2026-01-02,89033308,厦门,seasonal_week,104876940.0
2026-01-03,98537390,厦门,seasonal_week,105334578.0
2026-01-04,105725582,厦门,seasonal_week,99641247.0
2026-01-05,105039375,厦门,seasonal_week,104112133.0
2026-01-06,110214293,厦门,seasonal_week,104789318.0
2026-01-07,107121550,厦门,seasonal_week,99387583.0
2026-01-08,108843418,厦门,seasonal_week,84297880.0
2026-01-09,110422644,厦门,seasonal_week,89033308.0
2025-10-01,117967799,厦门,rolling7,142600460.0
2025-10-02,110790079,厦门,rolling7,140230795.57142857
2025-10-03,111006826,厦门,rolling7,136100905.0
2025-10-04,120596152,厦门,rolling7,131751548.0
2025-10-05,125469668,厦门,rolling7,128731221.28571428
2025-10-06,119737840,厦门,rolling7,125668673.14285715
2025-10-07,132943125,厦门,rolling7,121281378.28571428
2025-10-08,146578722,厦门,rolling7,119787355.57142857
2025-10-09,152166655,厦门,rolling7,123874630.28571428
2025-10-10,148040340,厦门,rolling7,129785569.71428572
2025-10-11,151120038,厦门,rolling7,135076071.7142857
2025-10-12,141586184,厦门,rolling7,139436626.85714287
2025-10-13,146583015,厦门,rolling7,141738986.2857143
2025-10-14,149864196,厦门,rolling7,145574011.2857143
2025-10-15,145868531,厦门,rolling7,147991307.14285713
2025-10-16,147709760,厦门,rolling7,147889851.2857143
2025-10-17,148038397,厦门,rolling7,147253152.0
2025-10-18,145962093,厦门,rolling7,147252874.42857143
2025-10-19,127089443,厦门,rolling7,146516025.14285713
2025-10-20,121942588,厦门,rolling7,144445062.14285713
2025-10-21,111802444,厦门,rolling7,140925001.14285713
2025-10-22,108564631,厦门,rolling7,135487608.0
2025-10-23,107659810,厦门,rolling7,130158479.42857143
2025-10-24,109144542,厦门,rolling7,124437058.0
2025-10-25,106850336,厦门,rolling7,118880793.0
2025-10-26,103639445,厦门,rolling7,113293399.14285715
2025-10-27,106949308,厦门,rolling7,109943399.42857143
2025-10-28,108815840,厦门,rolling7,107801502.28571428
2025-10-29,110402455,厦门,rolling7,107374844.57142857
2025-10-30,112026735,厦门,rolling7,107637390.85714285
2025-10-31,115218081,厦门,rolling7,108261237.28571428
2025-11-01,108520884,厦门,rolling7,109128885.71428572
2025-11-02,96242484,厦门,rolling7,109367535.42857143
2025-11-03,103105213,厦门,rolling7,108310826.71428572
2025-11-04,105714422,厦门,rolling7,107761670.28571428
2025-11-05,107512158,厦门,rolling7,107318610.57142857
2025-11-06,108543282,厦门,rolling7,106905711.0
2025-11-07,113900075,厦门,rolling7,106408074.85714285
2025-11-08,110619573,厦门,rolling7,106219788.28571428
2025-11-09,104893239,厦门,rolling7,106519601.0
2025-11-10,109641016,厦门,rolling7,107755423.14285715
2025-11-11,109556415,厦门,rolling7,108689109.28571428
2025-11-12,106589220,厦门,rolling7,109237965.42857143
2025-11-13,105740713,厦门,rolling7,109106117.14285715
2025-11-14,103996472,厦门,rolling7,108705750.14285715
2025-11-15,101270657,厦门,rolling7,107290949.71428572
2025-11-16,96254998,厦门,rolling7,105955390.28571428
2025-11-17,103091782,厦门,rolling7,104721355.85714285
2025-11-18,104572263,厦门,rolling7,103785751.0
2025-11-19,101763008,厦门,rolling7,103073729.28571428
2025-11-20,102158749,厦门,rolling7,102384270.42857143
2025-11-21,100968054,厦门,rolling7,101872561.28571428
2025-11-22,98647735,厦门,rolling7,101439930.14285715
2025-11-23,93774752,厦门,rolling7,101065227.0
2025-11-24,104030392,厦门,rolling7,100710906.14285715
2025-11-25,101887667,厦门,rolling7,100844993.28571428
2025-11-26,103095838,厦门,rolling7,100461479.57142857
2025-11-27,103884073,厦门,rolling7,100651883.85714285
2025-11-28,103759807,厦门,rolling7,100898358.71428572
2025-11-29,100882757,厦门,rolling7,101297180.57142857
2025-11-30,93391110,厦门,rolling7,101616469.42857143
2025-12-01,99599357,厦门,rolling7,101561663.42857143
2025-12-02,104910411,厦门,rolling7,100928658.42857143
2025-12-03,104304400,厦门,rolling7,101360479.0
2025-12-04,102335638,厦门,rolling7,101533130.71428572
2025-12-05,103630514,厦门,rolling7,101311925.71428572
2025-12-06,101218380,厦门,rolling7,101293455.28571428
2025-12-07,95931540,厦门,rolling7,101341401.42857143
2025-12-08,103089627,厦门,rolling7,101704320.0
2025-12-09,103021196,厦门,rolling7,102202930.0
2025-12-10,105213743,厦门,rolling7,101933042.14285715
2025-12-11,104745805,厦门,rolling7,102062948.28571428
2025-12-12,104159920,厦门,rolling7,102407257.85714285
2025-12-13,102966271,厦门,rolling7,102482887.28571428
2025-12-14,93452316,厦门,rolling7,102732586.0
2025-12-15,102331240,厦门,rolling7,102378411.14285715
2025-12-16,104797275,厦门,rolling7,102270070.14285715
2025-12-17,105037738,厦门,rolling7,102523795.71428572
2025-12-18,106174862,厦门,rolling7,102498652.14285715
2025-12-19,106781848,厦门,rolling7,102702803.14285715
2025-12-20,104440598,厦门,rolling7,103077364.28571428
2025-12-21,95214827,厦门,rolling7,103287982.42857143
2025-12-22,104161414,厦门,rolling7,103539769.71428572
2025-12-23,105099174,厦门,rolling7,103801223.14285715
2025-12-24,105120677,厦门,rolling7,103844351.57142857
2025-12-25,109258114,厦门,rolling7,103856200.0
2025-12-26,104876940,厦门,rolling7,104296664.57142857
2025-12-27,105334578,厦门,rolling7,104024534.85714285
2025-12-28,99641247,厦门,rolling7,104152246.28571428
2025-12-29,104112133,厦门,rolling7,104784592.0
2025-12-30,104789318,厦门,rolling7,104777551.85714285
2025-12-31,99387583,厦门,rolling7,104733286.71428572
2026-01-01,84297880,厦门,rolling7,103914273.28571428
2026-01-02,89033308,厦门,rolling7,100348525.57142857
2026-01-03,98537390,厦门,rolling7,98085149.57142857
2026-01-04,105725582,厦门,rolling7,97114122.71428572
2026-01-05,105039375,厦门,rolling7,97983313.42857143
2026-01-06,110214293,厦门,rolling7,98115776.57142857
2026-01-07,107121550,厦门,rolling7,98890773.0
2026-01-08,108843418,厦门,rolling7,99995625.42857143
2026-01-09,110422644,厦门,rolling7,103502130.85714285
2025-10-01,117967799,厦门,ridge_own_lags_calendar,138471591.52093616
2025-10-02,110790079,厦门,ridge_own_lags_calendar,117359956.23214658
2025-10-03,111006826,厦门,ridge_own_lags_calendar,112441104.59478724
2025-10-04,120596152,厦门,ridge_own_lags_calendar,111092041.31354766
2025-10-05,125469668,厦门,ridge_own_lags_calendar,116865097.63042857
2025-10-06,119737840,厦门,ridge_own_lags_calendar,131246902.39549665
2025-10-07,132943125,厦门,ridge_own_lags_calendar,121259129.56137012
2025-10-08,146578722,厦门,ridge_own_lags_calendar,129834258.65602292
2025-10-09,152166655,厦门,ridge_own_lags_calendar,142234429.46587673
2025-10-10,148040340,厦门,ridge_own_lags_calendar,146127332.82258144
2025-10-11,151120038,厦门,ridge_own_lags_calendar,139065665.78677556
2025-10-12,141586184,厦门,ridge_own_lags_calendar,139437995.77112445
2025-10-13,146583015,厦门,ridge_own_lags_calendar,143079083.35310617
2025-10-14,149864196,厦门,ridge_own_lags_calendar,144253085.68625343
2025-10-15,145868531,厦门,ridge_own_lags_calendar,145667532.22350487
2025-10-16,147709760,厦门,ridge_own_lags_calendar,142675015.5033876
2025-10-17,148038397,厦门,ridge_own_lags_calendar,144568594.640615
2025-10-18,145962093,厦门,ridge_own_lags_calendar,141796008.41482157
2025-10-19,127089443,厦门,ridge_own_lags_calendar,137141138.31080693
2025-10-20,121942588,厦门,ridge_own_lags_calendar,131819352.23129793
2025-10-21,111802444,厦门,ridge_own_lags_calendar,123527219.98463936
2025-10-22,108564631,厦门,ridge_own_lags_calendar,113752797.29727748
2025-10-23,107659810,厦门,ridge_own_lags_calendar,111616532.09120937
2025-10-24,109144542,厦门,ridge_own_lags_calendar,110593576.89878553
2025-10-25,106850336,厦门,ridge_own_lags_calendar,108040830.03320663
2025-10-26,103639445,厦门,ridge_own_lags_calendar,103016068.23317315
2025-10-27,106949308,厦门,ridge_own_lags_calendar,110874901.0672661
2025-10-28,108815840,厦门,ridge_own_lags_calendar,109497216.21879812
2025-10-29,110402455,厦门,ridge_own_lags_calendar,108879290.39072286
2025-10-30,112026735,厦门,ridge_own_lags_calendar,110787748.7646032
2025-10-31,115218081,厦门,ridge_own_lags_calendar,112366135.74879867
2025-11-01,108520884,厦门,ridge_own_lags_calendar,111803858.78328267
2025-11-02,96242484,厦门,ridge_own_lags_calendar,103354147.44225676
2025-11-03,103105213,厦门,ridge_own_lags_calendar,103840261.65320975
2025-11-04,105714422,厦门,ridge_own_lags_calendar,106581172.81090508
2025-11-05,107512158,厦门,ridge_own_lags_calendar,106714498.60472623
2025-11-06,108543282,厦门,ridge_own_lags_calendar,108203887.75999291
2025-11-07,113900075,厦门,ridge_own_lags_calendar,108797106.58814521
2025-11-08,110619573,厦门,ridge_own_lags_calendar,109962094.40452181
2025-11-09,104893239,厦门,ridge_own_lags_calendar,104620537.36928871
2025-11-10,109641016,厦门,ridge_own_lags_calendar,110615561.6167233
2025-11-11,109556415,厦门,ridge_own_lags_calendar,111040370.53409947
2025-11-12,106589220,厦门,ridge_own_lags_calendar,109007473.65352097
2025-11-13,105740713,厦门,ridge_own_lags_calendar,107124428.2341764
2025-11-14,103996472,厦门,ridge_own_lags_calendar,106669637.65738782
2025-11-15,101270657,厦门,ridge_own_lags_calendar,102503279.5812929
2025-11-16,96254998,厦门,ridge_own_lags_calendar,97568224.09018078
2025-11-17,103091782,厦门,ridge_own_lags_calendar,103876872.72225703
2025-11-18,104572263,厦门,ridge_own_lags_calendar,105496595.16361505
2025-11-19,101763008,厦门,ridge_own_lags_calendar,104421676.743456
2025-11-20,102158749,厦门,ridge_own_lags_calendar,102341511.6203901
2025-11-21,100968054,厦门,ridge_own_lags_calendar,102766834.96441726
2025-11-22,98647735,厦门,ridge_own_lags_calendar,98880044.38828123
2025-11-23,93774752,厦门,ridge_own_lags_calendar,94221058.14884265
2025-11-24,104030392,厦门,ridge_own_lags_calendar,100884936.96059515
2025-11-25,101887667,厦门,ridge_own_lags_calendar,105733132.82888624
2025-11-26,103095838,厦门,ridge_own_lags_calendar,101524005.47110477
2025-11-27,103884073,厦门,ridge_own_lags_calendar,103030561.07402372
2025-11-28,103759807,厦门,ridge_own_lags_calendar,103993715.31503116
2025-11-29,100882757,厦门,ridge_own_lags_calendar,100761580.77159292
2025-11-30,93391110,厦门,ridge_own_lags_calendar,95575606.09255154
2025-12-01,99599357,厦门,ridge_own_lags_calendar,100180106.3755184
2025-12-02,104910411,厦门,ridge_own_lags_calendar,101850466.80109152
2025-12-03,104304400,厦门,ridge_own_lags_calendar,104264178.91401796
2025-12-04,102335638,厦门,ridge_own_lags_calendar,103973869.59627841
2025-12-05,103630514,厦门,ridge_own_lags_calendar,102157692.89190473
2025-12-06,101218380,厦门,ridge_own_lags_calendar,100380945.13597566
2025-12-07,95931540,厦门,ridge_own_lags_calendar,95745940.78182144
2025-12-08,103089627,厦门,ridge_own_lags_calendar,102137471.26315011
2025-12-09,103021196,厦门,ridge_own_lags_calendar,104407955.8341431
2025-12-10,105213743,厦门,ridge_own_lags_calendar,102079452.93228398
2025-12-11,104745805,厦门,ridge_own_lags_calendar,104483441.81425978
2025-12-12,104159920,厦门,ridge_own_lags_calendar,104170592.54102622
2025-12-13,102966271,厦门,ridge_own_lags_calendar,100525493.95689726
2025-12-14,93452316,厦门,ridge_own_lags_calendar,97049061.27215603
2025-12-15,102331240,厦门,ridge_own_lags_calendar,99848568.97088635
2025-12-16,104797275,厦门,ridge_own_lags_calendar,103618226.70024835
2025-12-17,105037738,厦门,ridge_own_lags_calendar,103616567.22944063
2025-12-18,106174862,厦门,ridge_own_lags_calendar,104218629.67902362
2025-12-19,106781848,厦门,ridge_own_lags_calendar,105277779.14846054
2025-12-20,104440598,厦门,ridge_own_lags_calendar,102555491.2274242
2025-12-21,95214827,厦门,ridge_own_lags_calendar,97984655.94207835
2025-12-22,104161414,厦门,ridge_own_lags_calendar,101158574.04415753
2025-12-23,105099174,厦门,ridge_own_lags_calendar,105062756.00236258
2025-12-24,105120677,厦门,ridge_own_lags_calendar,103721143.27586177
2025-12-25,109258114,厦门,ridge_own_lags_calendar,104131898.84840749
2025-12-26,104876940,厦门,ridge_own_lags_calendar,107580882.57345624
2025-12-27,105334578,厦门,ridge_own_lags_calendar,100584754.73302984
2025-12-28,99641247,厦门,ridge_own_lags_calendar,98522210.96509911
2025-12-29,104112133,厦门,ridge_own_lags_calendar,104717038.8892795
2025-12-30,104789318,厦门,ridge_own_lags_calendar,104403095.37008303
2025-12-31,99387583,厦门,ridge_own_lags_calendar,102552904.73860507
2026-01-01,84297880,厦门,ridge_own_lags_calendar,97984056.59359296
2026-01-02,89033308,厦门,ridge_own_lags_calendar,86382708.19140773
2026-01-03,98537390,厦门,ridge_own_lags_calendar,88174625.89666972
2026-01-04,105725582,厦门,ridge_own_lags_calendar,93684410.64268307
2026-01-05,105039375,厦门,ridge_own_lags_calendar,109716206.98352127
2026-01-06,110214293,厦门,ridge_own_lags_calendar,104134112.54463395
2026-01-07,107121550,厦门,ridge_own_lags_calendar,106074554.22191851
2026-01-08,108843418,厦门,ridge_own_lags_calendar,104636538.98696509
2026-01-09,110422644,厦门,ridge_own_lags_calendar,106726194.99652262
2025-10-01,54320566,莆田,naive_yesterday,60761252.0
2025-10-02,52793653,莆田,naive_yesterday,54320566.0
2025-10-03,56108317,莆田,naive_yesterday,52793653.0
2025-10-04,58109862,莆田,naive_yesterday,56108317.0
2025-10-05,61998527,莆田,naive_yesterday,58109862.0
2025-10-06,55964750,莆田,naive_yesterday,61998527.0
2025-10-07,55149112,莆田,naive_yesterday,55964750.0
2025-10-08,58544890,莆田,naive_yesterday,55149112.0
2025-10-09,58361853,莆田,naive_yesterday,58544890.0
2025-10-10,54326002,莆田,naive_yesterday,58361853.0
2025-10-11,58132653,莆田,naive_yesterday,54326002.0
2025-10-12,55452804,莆田,naive_yesterday,58132653.0
2025-10-13,54491658,莆田,naive_yesterday,55452804.0
2025-10-14,55753380,莆田,naive_yesterday,54491658.0
2025-10-15,55199225,莆田,naive_yesterday,55753380.0
2025-10-16,52202611,莆田,naive_yesterday,55199225.0
2025-10-17,53263555,莆田,naive_yesterday,52202611.0
2025-10-18,55127476,莆田,naive_yesterday,53263555.0
2025-10-19,42050200,莆田,naive_yesterday,55127476.0
2025-10-20,40663452,莆田,naive_yesterday,42050200.0
2025-10-21,36061364,莆田,naive_yesterday,40663452.0
2025-10-22,35702253,莆田,naive_yesterday,36061364.0
2025-10-23,38330826,莆田,naive_yesterday,35702253.0
2025-10-24,39326181,莆田,naive_yesterday,38330826.0
2025-10-25,38151678,莆田,naive_yesterday,39326181.0
2025-10-26,42227940,莆田,naive_yesterday,38151678.0
2025-10-27,39429386,莆田,naive_yesterday,42227940.0
2025-10-28,38759823,莆田,naive_yesterday,39429386.0
2025-10-29,39033233,莆田,naive_yesterday,38759823.0
2025-10-30,39209866,莆田,naive_yesterday,39033233.0
2025-10-31,41203517,莆田,naive_yesterday,39209866.0
2025-11-01,36884981,莆田,naive_yesterday,41203517.0
2025-11-02,36227852,莆田,naive_yesterday,36884981.0
2025-11-03,38846468,莆田,naive_yesterday,36227852.0
2025-11-04,36117671,莆田,naive_yesterday,38846468.0
2025-11-05,36353887,莆田,naive_yesterday,36117671.0
2025-11-06,36992834,莆田,naive_yesterday,36353887.0
2025-11-07,38240613,莆田,naive_yesterday,36992834.0
2025-11-08,42282799,莆田,naive_yesterday,38240613.0
2025-11-09,38384553,莆田,naive_yesterday,42282799.0
2025-11-10,40821533,莆田,naive_yesterday,38384553.0
2025-11-11,40374415,莆田,naive_yesterday,40821533.0
2025-11-12,38982049,莆田,naive_yesterday,40374415.0
2025-11-13,38062234,莆田,naive_yesterday,38982049.0
2025-11-14,35321672,莆田,naive_yesterday,38062234.0
2025-11-15,36815555,莆田,naive_yesterday,35321672.0
2025-11-16,34684214,莆田,naive_yesterday,36815555.0
2025-11-17,37838088,莆田,naive_yesterday,34684214.0
2025-11-18,42588628,莆田,naive_yesterday,37838088.0
2025-11-19,38867608,莆田,naive_yesterday,42588628.0
2025-11-20,38716533,莆田,naive_yesterday,38867608.0
2025-11-21,37493021,莆田,naive_yesterday,38716533.0
2025-11-22,37399900,莆田,naive_yesterday,37493021.0
2025-11-23,36928046,莆田,naive_yesterday,37399900.0
2025-11-24,37672300,莆田,naive_yesterday,36928046.0
2025-11-25,37118749,莆田,naive_yesterday,37672300.0
2025-11-26,35167886,莆田,naive_yesterday,37118749.0
2025-11-27,37674239,莆田,naive_yesterday,35167886.0
2025-11-28,41185275,莆田,naive_yesterday,37674239.0
2025-11-29,36895634,莆田,naive_yesterday,41185275.0
2025-11-30,37628876,莆田,naive_yesterday,36895634.0
2025-12-01,38396460,莆田,naive_yesterday,37628876.0
2025-12-02,38306336,莆田,naive_yesterday,38396460.0
2025-12-03,38355593,莆田,naive_yesterday,38306336.0
2025-12-04,36536279,莆田,naive_yesterday,38355593.0
2025-12-05,38548242,莆田,naive_yesterday,36536279.0
2025-12-06,41388397,莆田,naive_yesterday,38548242.0
2025-12-07,42044713,莆田,naive_yesterday,41388397.0
2025-12-08,41902232,莆田,naive_yesterday,42044713.0
2025-12-09,40325441,莆田,naive_yesterday,41902232.0
2025-12-10,43052195,莆田,naive_yesterday,40325441.0
2025-12-11,41775721,莆田,naive_yesterday,43052195.0
2025-12-12,42491756,莆田,naive_yesterday,41775721.0
2025-12-13,42040328,莆田,naive_yesterday,42491756.0
2025-12-14,41212484,莆田,naive_yesterday,42040328.0
2025-12-15,42233952,莆田,naive_yesterday,41212484.0
2025-12-16,39454537,莆田,naive_yesterday,42233952.0
2025-12-17,40288735,莆田,naive_yesterday,39454537.0
2025-12-18,41148144,莆田,naive_yesterday,40288735.0
2025-12-19,42855219,莆田,naive_yesterday,41148144.0
2025-12-20,42426095,莆田,naive_yesterday,42855219.0
2025-12-21,36878886,莆田,naive_yesterday,42426095.0
2025-12-22,41668823,莆田,naive_yesterday,36878886.0
2025-12-23,41487079,莆田,naive_yesterday,41668823.0
2025-12-24,41881248,莆田,naive_yesterday,41487079.0
2025-12-25,41248280,莆田,naive_yesterday,41881248.0
2025-12-26,40202732,莆田,naive_yesterday,41248280.0
2025-12-27,41244592,莆田,naive_yesterday,40202732.0
2025-12-28,40882997,莆田,naive_yesterday,41244592.0
2025-12-29,41474623,莆田,naive_yesterday,40882997.0
2025-12-30,36273521,莆田,naive_yesterday,41474623.0
2025-12-31,36682907,莆田,naive_yesterday,36273521.0
2026-01-01,33543072,莆田,naive_yesterday,36682907.0
2026-01-02,36099545,莆田,naive_yesterday,33543072.0
2026-01-03,41578309,莆田,naive_yesterday,36099545.0
2026-01-04,43270051,莆田,naive_yesterday,41578309.0
2026-01-05,39747874,莆田,naive_yesterday,43270051.0
2026-01-06,43273828,莆田,naive_yesterday,39747874.0
2026-01-07,41995325,莆田,naive_yesterday,43273828.0
2026-01-08,43509297,莆田,naive_yesterday,41995325.0
2026-01-09,43281174,莆田,naive_yesterday,43509297.0
2025-10-01,54320566,莆田,seasonal_week,50324036.0
2025-10-02,52793653,莆田,seasonal_week,53246400.0
2025-10-03,56108317,莆田,seasonal_week,55604686.0
2025-10-04,58109862,莆田,seasonal_week,52563312.0
2025-10-05,61998527,莆田,seasonal_week,58042744.0
2025-10-06,55964750,莆田,seasonal_week,60053752.0
2025-10-07,55149112,莆田,seasonal_week,60761252.0
2025-10-08,58544890,莆田,seasonal_week,54320566.0
2025-10-09,58361853,莆田,seasonal_week,52793653.0
2025-10-10,54326002,莆田,seasonal_week,56108317.0
2025-10-11,58132653,莆田,seasonal_week,58109862.0
2025-10-12,55452804,莆田,seasonal_week,61998527.0
2025-10-13,54491658,莆田,seasonal_week,55964750.0
2025-10-14,55753380,莆田,seasonal_week,55149112.0
2025-10-15,55199225,莆田,seasonal_week,58544890.0
2025-10-16,52202611,莆田,seasonal_week,58361853.0
2025-10-17,53263555,莆田,seasonal_week,54326002.0
2025-10-18,55127476,莆田,seasonal_week,58132653.0
2025-10-19,42050200,莆田,seasonal_week,55452804.0
2025-10-20,40663452,莆田,seasonal_week,54491658.0
2025-10-21,36061364,莆田,seasonal_week,55753380.0
2025-10-22,35702253,莆田,seasonal_week,55199225.0
2025-10-23,38330826,莆田,seasonal_week,52202611.0
2025-10-24,39326181,莆田,seasonal_week,53263555.0
2025-10-25,38151678,莆田,seasonal_week,55127476.0
2025-10-26,42227940,莆田,seasonal_week,42050200.0
2025-10-27,39429386,莆田,seasonal_week,40663452.0
2025-10-28,38759823,莆田,seasonal_week,36061364.0
2025-10-29,39033233,莆田,seasonal_week,35702253.0
2025-10-30,39209866,莆田,seasonal_week,38330826.0
2025-10-31,41203517,莆田,seasonal_week,39326181.0
2025-11-01,36884981,莆田,seasonal_week,38151678.0
2025-11-02,36227852,莆田,seasonal_week,42227940.0
2025-11-03,38846468,莆田,seasonal_week,39429386.0
2025-11-04,36117671,莆田,seasonal_week,38759823.0
2025-11-05,36353887,莆田,seasonal_week,39033233.0
2025-11-06,36992834,莆田,seasonal_week,39209866.0
2025-11-07,38240613,莆田,seasonal_week,41203517.0
2025-11-08,42282799,莆田,seasonal_week,36884981.0
2025-11-09,38384553,莆田,seasonal_week,36227852.0
2025-11-10,40821533,莆田,seasonal_week,38846468.0
2025-11-11,40374415,莆田,seasonal_week,36117671.0
2025-11-12,38982049,莆田,seasonal_week,36353887.0
2025-11-13,38062234,莆田,seasonal_week,36992834.0
2025-11-14,35321672,莆田,seasonal_week,38240613.0
2025-11-15,36815555,莆田,seasonal_week,42282799.0
2025-11-16,34684214,莆田,seasonal_week,38384553.0
2025-11-17,37838088,莆田,seasonal_week,40821533.0
2025-11-18,42588628,莆田,seasonal_week,40374415.0
2025-11-19,38867608,莆田,seasonal_week,38982049.0
2025-11-20,38716533,莆田,seasonal_week,38062234.0
2025-11-21,37493021,莆田,seasonal_week,35321672.0
2025-11-22,37399900,莆田,seasonal_week,36815555.0
2025-11-23,36928046,莆田,seasonal_week,34684214.0
2025-11-24,37672300,莆田,seasonal_week,37838088.0
2025-11-25,37118749,莆田,seasonal_week,42588628.0
2025-11-26,35167886,莆田,seasonal_week,38867608.0
2025-11-27,37674239,莆田,seasonal_week,38716533.0
2025-11-28,41185275,莆田,seasonal_week,37493021.0
2025-11-29,36895634,莆田,seasonal_week,37399900.0
2025-11-30,37628876,莆田,seasonal_week,36928046.0
2025-12-01,38396460,莆田,seasonal_week,37672300.0
2025-12-02,38306336,莆田,seasonal_week,37118749.0
2025-12-03,38355593,莆田,seasonal_week,35167886.0
2025-12-04,36536279,莆田,seasonal_week,37674239.0
2025-12-05,38548242,莆田,seasonal_week,41185275.0
2025-12-06,41388397,莆田,seasonal_week,36895634.0
2025-12-07,42044713,莆田,seasonal_week,37628876.0
2025-12-08,41902232,莆田,seasonal_week,38396460.0
2025-12-09,40325441,莆田,seasonal_week,38306336.0
2025-12-10,43052195,莆田,seasonal_week,38355593.0
2025-12-11,41775721,莆田,seasonal_week,36536279.0
2025-12-12,42491756,莆田,seasonal_week,38548242.0
2025-12-13,42040328,莆田,seasonal_week,41388397.0
2025-12-14,41212484,莆田,seasonal_week,42044713.0
2025-12-15,42233952,莆田,seasonal_week,41902232.0
2025-12-16,39454537,莆田,seasonal_week,40325441.0
2025-12-17,40288735,莆田,seasonal_week,43052195.0
2025-12-18,41148144,莆田,seasonal_week,41775721.0
2025-12-19,42855219,莆田,seasonal_week,42491756.0
2025-12-20,42426095,莆田,seasonal_week,42040328.0
2025-12-21,36878886,莆田,seasonal_week,41212484.0
2025-12-22,41668823,莆田,seasonal_week,42233952.0
2025-12-23,41487079,莆田,seasonal_week,39454537.0
2025-12-24,41881248,莆田,seasonal_week,40288735.0
2025-12-25,41248280,莆田,seasonal_week,41148144.0
2025-12-26,40202732,莆田,seasonal_week,42855219.0
2025-12-27,41244592,莆田,seasonal_week,42426095.0
2025-12-28,40882997,莆田,seasonal_week,36878886.0
2025-12-29,41474623,莆田,seasonal_week,41668823.0
2025-12-30,36273521,莆田,seasonal_week,41487079.0
2025-12-31,36682907,莆田,seasonal_week,41881248.0
2026-01-01,33543072,莆田,seasonal_week,41248280.0
2026-01-02,36099545,莆田,seasonal_week,40202732.0
2026-01-03,41578309,莆田,seasonal_week,41244592.0
2026-01-04,43270051,莆田,seasonal_week,40882997.0
2026-01-05,39747874,莆田,seasonal_week,41474623.0
2026-01-06,43273828,莆田,seasonal_week,36273521.0
2026-01-07,41995325,莆田,seasonal_week,36682907.0
2026-01-08,43509297,莆田,seasonal_week,33543072.0
2026-01-09,43281174,莆田,seasonal_week,36099545.0
2025-10-01,54320566,莆田,rolling7,55799454.571428575
2025-10-02,52793653,莆田,rolling7,56370387.428571425
2025-10-03,56108317,莆田,rolling7,56305709.28571428
2025-10-04,58109862,莆田,rolling7,56377656.571428575
2025-10-05,61998527,莆田,rolling7,57170020.85714286
2025-10-06,55964750,莆田,rolling7,57735132.71428572
2025-10-07,55149112,莆田,rolling7,57150989.571428575
2025-10-08,58544890,莆田,rolling7,56349255.28571428
2025-10-09,58361853,莆田,rolling7,56952730.14285714
2025-10-10,54326002,莆田,rolling7,57748187.28571428
2025-10-11,58132653,莆田,rolling7,57493570.85714286
2025-10-12,55452804,莆田,rolling7,57496826.71428572
2025-10-13,54491658,莆田,rolling7,56561723.428571425
2025-10-14,55753380,莆田,rolling7,56351281.71428572
2025-10-15,55199225,莆田,rolling7,56437605.71428572
2025-10-16,52202611,莆田,rolling7,55959653.571428575
2025-10-17,53263555,莆田,rolling7,55079761.85714286
2025-10-18,55127476,莆田,rolling7,54927983.71428572
2025-10-19,42050200,莆田,rolling7,54498672.71428572
2025-10-20,40663452,莆田,rolling7,52584015.0
2025-10-21,36061364,莆田,rolling7,50608557.0
2025-10-22,35702253,莆田,rolling7,47795411.85714286
2025-10-23,38330826,莆田,rolling7,45010130.14285714
2025-10-24,39326181,莆田,rolling7,43028446.571428575
2025-10-25,38151678,莆田,rolling7,41037393.14285714
2025-10-26,42227940,莆田,rolling7,38612279.14285714
2025-10-27,39429386,莆田,rolling7,38637670.571428575
2025-10-28,38759823,莆田,rolling7,38461375.428571425
2025-10-29,39033233,莆田,rolling7,38846869.571428575
2025-10-30,39209866,莆田,rolling7,39322723.85714286
2025-10-31,41203517,莆田,rolling7,39448301.0
2025-11-01,36884981,莆田,rolling7,39716491.85714286
2025-11-02,36227852,莆田,rolling7,39535535.14285714
2025-11-03,38846468,莆田,rolling7,38678379.71428572
2025-11-04,36117671,莆田,rolling7,38595105.71428572
2025-11-05,36353887,莆田,rolling7,38217655.428571425
2025-11-06,36992834,莆田,rolling7,37834891.71428572
2025-11-07,38240613,莆田,rolling7,37518172.85714286
2025-11-08,42282799,莆田,rolling7,37094900.85714286
2025-11-09,38384553,莆田,rolling7,37866017.71428572
2025-11-10,40821533,莆田,rolling7,38174117.85714286
2025-11-11,40374415,莆田,rolling7,38456270.0
2025-11-12,38982049,莆田,rolling7,39064376.28571428
2025-11-13,38062234,莆田,rolling7,39439828.0
2025-11-14,35321672,莆田,rolling7,39592599.428571425
2025-11-15,36815555,莆田,rolling7,39175607.85714286
2025-11-16,34684214,莆田,rolling7,38394573.0
2025-11-17,37838088,莆田,rolling7,37865953.14285714
2025-11-18,42588628,莆田,rolling7,37439746.71428572
2025-11-19,38867608,莆田,rolling7,37756062.85714286
2025-11-20,38716533,莆田,rolling7,37739714.14285714
2025-11-21,37493021,莆田,rolling7,37833185.428571425
2025-11-22,37399900,莆田,rolling7,38143378.14285714
2025-11-23,36928046,莆田,rolling7,38226856.0
2025-11-24,37672300,莆田,rolling7,38547403.428571425
2025-11-25,37118749,莆田,rolling7,38523719.428571425
2025-11-26,35167886,莆田,rolling7,37742308.14285714
2025-11-27,37674239,莆田,rolling7,37213776.428571425
2025-11-28,41185275,莆田,rolling7,37064877.28571428
2025-11-29,36895634,莆田,rolling7,37592342.14285714
2025-11-30,37628876,莆田,rolling7,37520304.14285714
2025-12-01,38396460,莆田,rolling7,37620422.71428572
2025-12-02,38306336,莆田,rolling7,37723874.14285714
2025-12-03,38355593,莆田,rolling7,37893529.428571425
2025-12-04,36536279,莆田,rolling7,38348916.14285714
2025-12-05,38548242,莆田,rolling7,38186350.428571425
2025-12-06,41388397,莆田,rolling7,37809631.428571425
2025-12-07,42044713,莆田,rolling7,38451454.71428572
2025-12-08,41902232,莆田,rolling7,39082288.571428575
2025-12-09,40325441,莆田,rolling7,39583113.14285714
2025-12-10,43052195,莆田,rolling7,39871556.71428572
2025-12-11,41775721,莆田,rolling7,40542499.85714286
2025-12-12,42491756,莆田,rolling7,41290991.571428575
2025-12-13,42040328,莆田,rolling7,41854350.71428572
2025-12-14,41212484,莆田,rolling7,41947483.71428572
2025-12-15,42233952,莆田,rolling7,41828593.85714286
2025-12-16,39454537,莆田,rolling7,41875982.428571425
2025-12-17,40288735,莆田,rolling7,41751567.571428575
2025-12-18,41148144,莆田,rolling7,41356787.571428575
2025-12-19,42855219,莆田,rolling7,41267133.71428572
2025-12-20,42426095,莆田,rolling7,41319057.0
2025-12-21,36878886,莆田,rolling7,41374166.571428575
2025-12-22,41668823,莆田,rolling7,40755081.14285714
2025-12-23,41487079,莆田,rolling7,40674348.428571425
2025-12-24,41881248,莆田,rolling7,40964711.571428575
2025-12-25,41248280,莆田,rolling7,41192213.428571425
2025-12-26,40202732,莆田,rolling7,41206518.571428575
2025-12-27,41244592,莆田,rolling7,40827591.85714286
2025-12-28,40882997,莆田,rolling7,40658805.71428572
2025-12-29,41474623,莆田,rolling7,41230821.571428575
2025-12-30,36273521,莆田,rolling7,41203078.71428572
2025-12-31,36682907,莆田,rolling7,40458284.71428572
2026-01-01,33543072,莆田,rolling7,39715664.571428575
2026-01-02,36099545,莆田,rolling7,38614920.571428575
2026-01-03,41578309,莆田,rolling7,38028751.0
2026-01-04,43270051,莆田,rolling7,38076424.85714286
2026-01-05,39747874,莆田,rolling7,38417432.571428575
2026-01-06,43273828,莆田,rolling7,38170754.14285714
2026-01-07,41995325,莆田,rolling7,39170798.0
2026-01-08,43509297,莆田,rolling7,39929714.85714286
2026-01-09,43281174,莆田,rolling7,41353461.28571428
2025-10-01,54320566,莆田,ridge_own_lags_calendar,57348314.59998637
2025-10-02,52793653,莆田,ridge_own_lags_calendar,53705366.646210685
2025-10-03,56108317,莆田,ridge_own_lags_calendar,52310215.474320516
2025-10-04,58109862,莆田,ridge_own_lags_calendar,53388296.6459329
2025-10-05,61998527,莆田,ridge_own_lags_calendar,55340957.085480474
2025-10-06,55964750,莆田,ridge_own_lags_calendar,58923376.93119723
2025-10-07,55149112,莆田,ridge_own_lags_calendar,55644614.95145528
2025-10-08,58544890,莆田,ridge_own_lags_calendar,53398143.2711691
2025-10-09,58361853,莆田,ridge_own_lags_calendar,55636640.29869319
2025-10-10,54326002,莆田,ridge_own_lags_calendar,56520539.21881639
2025-10-11,58132653,莆田,ridge_own_lags_calendar,52952327.06598862
2025-10-12,55452804,莆田,ridge_own_lags_calendar,54594285.76644745
2025-10-13,54491658,莆田,ridge_own_lags_calendar,54646404.91233348
2025-10-14,55753380,莆田,ridge_own_lags_calendar,53259794.38769784
2025-10-15,55199225,莆田,ridge_own_lags_calendar,53498313.535991505
2025-10-16,52202611,莆田,ridge_own_lags_calendar,53332135.46910044
2025-10-17,53263555,莆田,ridge_own_lags_calendar,52584783.65085288
2025-10-18,55127476,莆田,ridge_own_lags_calendar,51894044.138791665
2025-10-19,42050200,莆田,ridge_own_lags_calendar,53195672.39793548
2025-10-20,40663452,莆田,ridge_own_lags_calendar,46939644.87933548
2025-10-21,36061364,莆田,ridge_own_lags_calendar,42933012.542725764
2025-10-22,35702253,莆田,ridge_own_lags_calendar,39661885.23397498
2025-10-23,38330826,莆田,ridge_own_lags_calendar,38363585.927686505
2025-10-24,39326181,莆田,ridge_own_lags_calendar,40086448.428223565
2025-10-25,38151678,莆田,ridge_own_lags_calendar,40037693.08091057
2025-10-26,42227940,莆田,ridge_own_lags_calendar,39025805.99651615
2025-10-27,39429386,莆田,ridge_own_lags_calendar,41641048.45629887
2025-10-28,38759823,莆田,ridge_own_lags_calendar,40497805.16377101
2025-10-29,39033233,莆田,ridge_own_lags_calendar,39152782.41812636
2025-10-30,39209866,莆田,ridge_own_lags_calendar,39630448.20611516
2025-10-31,41203517,莆田,ridge_own_lags_calendar,40218810.97319595
2025-11-01,36884981,莆田,ridge_own_lags_calendar,40177654.001788676
2025-11-02,36227852,莆田,ridge_own_lags_calendar,37573849.906079784
2025-11-03,38846468,莆田,ridge_own_lags_calendar,37565712.47807369
2025-11-04,36117671,莆田,ridge_own_lags_calendar,39013230.334094234
2025-11-05,36353887,莆田,ridge_own_lags_calendar,36949483.94255102
2025-11-06,36992834,莆田,ridge_own_lags_calendar,36514164.27985773
2025-11-07,38240613,莆田,ridge_own_lags_calendar,37752328.82149135
2025-11-08,42282799,莆田,ridge_own_lags_calendar,37379228.10444608
2025-11-09,38384553,莆田,ridge_own_lags_calendar,40017637.625356466
2025-11-10,40821533,莆田,ridge_own_lags_calendar,38994157.92496898
2025-11-11,40374415,莆田,ridge_own_lags_calendar,39575293.271552086
2025-11-12,38982049,莆田,ridge_own_lags_calendar,39341240.95588347
2025-11-13,38062234,莆田,ridge_own_lags_calendar,38748630.80023573
2025-11-14,35321672,莆田,ridge_own_lags_calendar,38485818.341264255
2025-11-15,36815555,莆田,ridge_own_lags_calendar,35598925.51628747
2025-11-16,34684214,莆田,ridge_own_lags_calendar,36798947.4310959
2025-11-17,37838088,莆田,ridge_own_lags_calendar,36515823.462154575
2025-11-18,42588628,莆田,ridge_own_lags_calendar,38128513.333324395
2025-11-19,38867608,莆田,ridge_own_lags_calendar,40975891.407654464
2025-11-20,38716533,莆田,ridge_own_lags_calendar,39463180.00443186
2025-11-21,37493021,莆田,ridge_own_lags_calendar,39319844.56410189
2025-11-22,37399900,莆田,ridge_own_lags_calendar,37902814.707871996
2025-11-23,36928046,莆田,ridge_own_lags_calendar,37507411.210420266
2025-11-24,37672300,莆田,ridge_own_lags_calendar,37916930.64911142
2025-11-25,37118749,莆田,ridge_own_lags_calendar,38148226.21864966
2025-11-26,35167886,莆田,ridge_own_lags_calendar,37324699.32080293
2025-11-27,37674239,莆田,ridge_own_lags_calendar,36361840.27728457
2025-11-28,41185275,莆田,ridge_own_lags_calendar,38078976.62410696
2025-11-29,36895634,莆田,ridge_own_lags_calendar,39974687.04018202
2025-11-30,37628876,莆田,ridge_own_lags_calendar,37865122.072605096
2025-12-01,38396460,莆田,ridge_own_lags_calendar,38038089.87080929
2025-12-02,38306336,莆田,ridge_own_lags_calendar,38890992.14882553
2025-12-03,38355593,莆田,ridge_own_lags_calendar,38462544.83522802
2025-12-04,36536279,莆田,ridge_own_lags_calendar,38610313.456663236
2025-12-05,38548242,莆田,ridge_own_lags_calendar,38042989.89582544
2025-12-06,41388397,莆田,ridge_own_lags_calendar,37743669.25589102
2025-12-07,42044713,莆田,ridge_own_lags_calendar,39928653.127417535
2025-12-08,41902232,莆田,ridge_own_lags_calendar,41423817.37922358
2025-12-09,40325441,莆田,ridge_own_lags_calendar,41477319.3628388
2025-12-10,43052195,莆田,ridge_own_lags_calendar,40016422.16387229
2025-12-11,41775721,莆田,ridge_own_lags_calendar,41693793.06410246
2025-12-12,42491756,莆田,ridge_own_lags_calendar,42344826.803260654
2025-12-13,42040328,莆田,ridge_own_lags_calendar,41414128.586636886
2025-12-14,41212484,莆田,ridge_own_lags_calendar,41622375.6965782
2025-12-15,42233952,莆田,ridge_own_lags_calendar,41487400.5770784
2025-12-16,39454537,莆田,ridge_own_lags_calendar,41634210.74869659
2025-12-17,40288735,莆田,ridge_own_lags_calendar,39820893.92185075
2025-12-18,41148144,莆田,ridge_own_lags_calendar,39933885.77908899
2025-12-19,42855219,莆田,ridge_own_lags_calendar,41460727.70649714
2025-12-20,42426095,莆田,ridge_own_lags_calendar,41647268.62053269
2025-12-21,36878886,莆田,ridge_own_lags_calendar,41556331.55416393
2025-12-22,41668823,莆田,ridge_own_lags_calendar,38929688.77060358
2025-12-23,41487079,莆田,ridge_own_lags_calendar,40753349.081772216
2025-12-24,41881248,莆田,ridge_own_lags_calendar,41318101.505926296
2025-12-25,41248280,莆田,ridge_own_lags_calendar,41264533.493585154
2025-12-26,40202732,莆田,ridge_own_lags_calendar,41287541.51622826
2025-12-27,41244592,莆田,ridge_own_lags_calendar,39717799.21328977
2025-12-28,40882997,莆田,ridge_own_lags_calendar,40334579.83169612
2025-12-29,41474623,莆田,ridge_own_lags_calendar,41021215.84114628
2025-12-30,36273521,莆田,ridge_own_lags_calendar,41201589.54713134
2025-12-31,36682907,莆田,ridge_own_lags_calendar,37662450.4753796
2026-01-01,33543072,莆田,ridge_own_lags_calendar,36939993.819019146
2026-01-02,36099545,莆田,ridge_own_lags_calendar,36220885.99173514
2026-01-03,41578309,莆田,ridge_own_lags_calendar,36019038.45864261
2026-01-04,43270051,莆田,ridge_own_lags_calendar,39640729.857786134
2026-01-05,39747874,莆田,ridge_own_lags_calendar,42120543.066660695
2026-01-06,43273828,莆田,ridge_own_lags_calendar,40176653.202388555
2026-01-07,41995325,莆田,ridge_own_lags_calendar,41032279.132501476
2026-01-08,43509297,莆田,ridge_own_lags_calendar,41457620.81908472
2026-01-09,43281174,莆田,ridge_own_lags_calendar,42700735.92428262
2025-10-01,174834954,泉州,naive_yesterday,205018538.0
2025-10-02,176815528,泉州,naive_yesterday,174834954.0
2025-10-03,191937598,泉州,naive_yesterday,176815528.0
2025-10-04,203528341,泉州,naive_yesterday,191937598.0
2025-10-05,206706192,泉州,naive_yesterday,203528341.0
2025-10-06,189438088,泉州,naive_yesterday,206706192.0
2025-10-07,203208956,泉州,naive_yesterday,189438088.0
2025-10-08,214444286,泉州,naive_yesterday,203208956.0
2025-10-09,211402307,泉州,naive_yesterday,214444286.0
2025-10-10,209225212,泉州,naive_yesterday,211402307.0
2025-10-11,209371132,泉州,naive_yesterday,209225212.0
2025-10-12,208528296,泉州,naive_yesterday,209371132.0
2025-10-13,211342203,泉州,naive_yesterday,208528296.0
2025-10-14,210781163,泉州,naive_yesterday,211342203.0
2025-10-15,205546472,泉州,naive_yesterday,210781163.0
2025-10-16,202021937,泉州,naive_yesterday,205546472.0
2025-10-17,204784339,泉州,naive_yesterday,202021937.0
2025-10-18,206374628,泉州,naive_yesterday,204784339.0
2025-10-19,195587590,泉州,naive_yesterday,206374628.0
2025-10-20,183382095,泉州,naive_yesterday,195587590.0
2025-10-21,172920821,泉州,naive_yesterday,183382095.0
2025-10-22,168413062,泉州,naive_yesterday,172920821.0
2025-10-23,168541278,泉州,naive_yesterday,168413062.0
2025-10-24,168628723,泉州,naive_yesterday,168541278.0
2025-10-25,170106421,泉州,naive_yesterday,168628723.0
2025-10-26,167337341,泉州,naive_yesterday,170106421.0
2025-10-27,168121463,泉州,naive_yesterday,167337341.0
2025-10-28,170426212,泉州,naive_yesterday,168121463.0
2025-10-29,166351742,泉州,naive_yesterday,170426212.0
2025-10-30,169518964,泉州,naive_yesterday,166351742.0
2025-10-31,168360505,泉州,naive_yesterday,169518964.0
2025-11-01,155008431,泉州,naive_yesterday,168360505.0
2025-11-02,157711123,泉州,naive_yesterday,155008431.0
2025-11-03,166159519,泉州,naive_yesterday,157711123.0
2025-11-04,167627244,泉州,naive_yesterday,166159519.0
2025-11-05,165957925,泉州,naive_yesterday,167627244.0
2025-11-06,167358971,泉州,naive_yesterday,165957925.0
2025-11-07,170837219,泉州,naive_yesterday,167358971.0
2025-11-08,171273049,泉州,naive_yesterday,170837219.0
2025-11-09,168843497,泉州,naive_yesterday,171273049.0
2025-11-10,168957849,泉州,naive_yesterday,168843497.0
2025-11-11,169550533,泉州,naive_yesterday,168957849.0
2025-11-12,167771968,泉州,naive_yesterday,169550533.0
2025-11-13,166428621,泉州,naive_yesterday,167771968.0
2025-11-14,162691217,泉州,naive_yesterday,166428621.0
2025-11-15,160731491,泉州,naive_yesterday,162691217.0
2025-11-16,152060966,泉州,naive_yesterday,160731491.0
2025-11-17,161239880,泉州,naive_yesterday,152060966.0
2025-11-18,165772386,泉州,naive_yesterday,161239880.0
2025-11-19,164844047,泉州,naive_yesterday,165772386.0
2025-11-20,163568397,泉州,naive_yesterday,164844047.0
2025-11-21,162591917,泉州,naive_yesterday,163568397.0
2025-11-22,162429770,泉州,naive_yesterday,162591917.0
2025-11-23,159065438,泉州,naive_yesterday,162429770.0
2025-11-24,161152524,泉州,naive_yesterday,159065438.0
2025-11-25,160903716,泉州,naive_yesterday,161152524.0
2025-11-26,161531994,泉州,naive_yesterday,160903716.0
2025-11-27,162037083,泉州,naive_yesterday,161531994.0
2025-11-28,161871607,泉州,naive_yesterday,162037083.0
2025-11-29,158652275,泉州,naive_yesterday,161871607.0
2025-11-30,153064613,泉州,naive_yesterday,158652275.0
2025-12-01,145013863,泉州,naive_yesterday,153064613.0
2025-12-02,154243099,泉州,naive_yesterday,145013863.0
2025-12-03,159876503,泉州,naive_yesterday,154243099.0
2025-12-04,160115480,泉州,naive_yesterday,159876503.0
2025-12-05,160328157,泉州,naive_yesterday,160115480.0
2025-12-06,162095655,泉州,naive_yesterday,160328157.0
2025-12-07,158154820,泉州,naive_yesterday,162095655.0
2025-12-08,156764934,泉州,naive_yesterday,158154820.0
2025-12-09,161212523,泉州,naive_yesterday,156764934.0
2025-12-10,158961491,泉州,naive_yesterday,161212523.0
2025-12-11,158596312,泉州,naive_yesterday,158961491.0
2025-12-12,161356449,泉州,naive_yesterday,158596312.0
2025-12-13,161583290,泉州,naive_yesterday,161356449.0
2025-12-14,155660188,泉州,naive_yesterday,161583290.0
2025-12-15,156489923,泉州,naive_yesterday,155660188.0
2025-12-16,153718955,泉州,naive_yesterday,156489923.0
2025-12-17,156425105,泉州,naive_yesterday,153718955.0
2025-12-18,160158649,泉州,naive_yesterday,156425105.0
2025-12-19,162965885,泉州,naive_yesterday,160158649.0
2025-12-20,159730063,泉州,naive_yesterday,162965885.0
2025-12-21,155907408,泉州,naive_yesterday,159730063.0
2025-12-22,157344568,泉州,naive_yesterday,155907408.0
2025-12-23,159381755,泉州,naive_yesterday,157344568.0
2025-12-24,159078683,泉州,naive_yesterday,159381755.0
2025-12-25,164838956,泉州,naive_yesterday,159078683.0
2025-12-26,163620727,泉州,naive_yesterday,164838956.0
2025-12-27,161926537,泉州,naive_yesterday,163620727.0
2025-12-28,159331336,泉州,naive_yesterday,161926537.0
2025-12-29,158179160,泉州,naive_yesterday,159331336.0
2025-12-30,159110214,泉州,naive_yesterday,158179160.0
2025-12-31,157995421,泉州,naive_yesterday,159110214.0
2026-01-01,130071255,泉州,naive_yesterday,157995421.0
2026-01-02,146690318,泉州,naive_yesterday,130071255.0
2026-01-03,160466051,泉州,naive_yesterday,146690318.0
2026-01-04,161003032,泉州,naive_yesterday,160466051.0
2026-01-05,162012875,泉州,naive_yesterday,161003032.0
2026-01-06,168024193,泉州,naive_yesterday,162012875.0
2026-01-07,166385809,泉州,naive_yesterday,168024193.0
2026-01-08,166614928,泉州,naive_yesterday,166385809.0
2026-01-09,167701106,泉州,naive_yesterday,166614928.0
2025-10-01,174834954,泉州,seasonal_week,196566062.0
2025-10-02,176815528,泉州,seasonal_week,201286112.0
2025-10-03,191937598,泉州,seasonal_week,207982340.0
2025-10-04,203528341,泉州,seasonal_week,210445701.0
2025-10-05,206706192,泉州,seasonal_week,209330178.0
2025-10-06,189438088,泉州,seasonal_week,214165111.0
2025-10-07,203208956,泉州,seasonal_week,205018538.0
2025-10-08,214444286,泉州,seasonal_week,174834954.0
2025-10-09,211402307,泉州,seasonal_week,176815528.0
2025-10-10,209225212,泉州,seasonal_week,191937598.0
2025-10-11,209371132,泉州,seasonal_week,203528341.0
2025-10-12,208528296,泉州,seasonal_week,206706192.0
2025-10-13,211342203,泉州,seasonal_week,189438088.0
2025-10-14,210781163,泉州,seasonal_week,203208956.0
2025-10-15,205546472,泉州,seasonal_week,214444286.0
2025-10-16,202021937,泉州,seasonal_week,211402307.0
2025-10-17,204784339,泉州,seasonal_week,209225212.0
2025-10-18,206374628,泉州,seasonal_week,209371132.0
2025-10-19,195587590,泉州,seasonal_week,208528296.0
2025-10-20,183382095,泉州,seasonal_week,211342203.0
2025-10-21,172920821,泉州,seasonal_week,210781163.0
2025-10-22,168413062,泉州,seasonal_week,205546472.0
2025-10-23,168541278,泉州,seasonal_week,202021937.0
2025-10-24,168628723,泉州,seasonal_week,204784339.0
2025-10-25,170106421,泉州,seasonal_week,206374628.0
2025-10-26,167337341,泉州,seasonal_week,195587590.0
2025-10-27,168121463,泉州,seasonal_week,183382095.0
2025-10-28,170426212,泉州,seasonal_week,172920821.0
2025-10-29,166351742,泉州,seasonal_week,168413062.0
2025-10-30,169518964,泉州,seasonal_week,168541278.0
2025-10-31,168360505,泉州,seasonal_week,168628723.0
2025-11-01,155008431,泉州,seasonal_week,170106421.0
2025-11-02,157711123,泉州,seasonal_week,167337341.0
2025-11-03,166159519,泉州,seasonal_week,168121463.0
2025-11-04,167627244,泉州,seasonal_week,170426212.0
2025-11-05,165957925,泉州,seasonal_week,166351742.0
2025-11-06,167358971,泉州,seasonal_week,169518964.0
2025-11-07,170837219,泉州,seasonal_week,168360505.0
2025-11-08,171273049,泉州,seasonal_week,155008431.0
2025-11-09,168843497,泉州,seasonal_week,157711123.0
2025-11-10,168957849,泉州,seasonal_week,166159519.0
2025-11-11,169550533,泉州,seasonal_week,167627244.0
2025-11-12,167771968,泉州,seasonal_week,165957925.0
2025-11-13,166428621,泉州,seasonal_week,167358971.0
2025-11-14,162691217,泉州,seasonal_week,170837219.0
2025-11-15,160731491,泉州,seasonal_week,171273049.0
2025-11-16,152060966,泉州,seasonal_week,168843497.0
2025-11-17,161239880,泉州,seasonal_week,168957849.0
2025-11-18,165772386,泉州,seasonal_week,169550533.0
2025-11-19,164844047,泉州,seasonal_week,167771968.0
2025-11-20,163568397,泉州,seasonal_week,166428621.0
2025-11-21,162591917,泉州,seasonal_week,162691217.0
2025-11-22,162429770,泉州,seasonal_week,160731491.0
2025-11-23,159065438,泉州,seasonal_week,152060966.0
2025-11-24,161152524,泉州,seasonal_week,161239880.0
2025-11-25,160903716,泉州,seasonal_week,165772386.0
2025-11-26,161531994,泉州,seasonal_week,164844047.0
2025-11-27,162037083,泉州,seasonal_week,163568397.0
2025-11-28,161871607,泉州,seasonal_week,162591917.0
2025-11-29,158652275,泉州,seasonal_week,162429770.0
2025-11-30,153064613,泉州,seasonal_week,159065438.0
2025-12-01,145013863,泉州,seasonal_week,161152524.0
2025-12-02,154243099,泉州,seasonal_week,160903716.0
2025-12-03,159876503,泉州,seasonal_week,161531994.0
2025-12-04,160115480,泉州,seasonal_week,162037083.0
2025-12-05,160328157,泉州,seasonal_week,161871607.0
2025-12-06,162095655,泉州,seasonal_week,158652275.0
2025-12-07,158154820,泉州,seasonal_week,153064613.0
2025-12-08,156764934,泉州,seasonal_week,145013863.0
2025-12-09,161212523,泉州,seasonal_week,154243099.0
2025-12-10,158961491,泉州,seasonal_week,159876503.0
2025-12-11,158596312,泉州,seasonal_week,160115480.0
2025-12-12,161356449,泉州,seasonal_week,160328157.0
2025-12-13,161583290,泉州,seasonal_week,162095655.0
2025-12-14,155660188,泉州,seasonal_week,158154820.0
2025-12-15,156489923,泉州,seasonal_week,156764934.0
2025-12-16,153718955,泉州,seasonal_week,161212523.0
2025-12-17,156425105,泉州,seasonal_week,158961491.0
2025-12-18,160158649,泉州,seasonal_week,158596312.0
2025-12-19,162965885,泉州,seasonal_week,161356449.0
2025-12-20,159730063,泉州,seasonal_week,161583290.0
2025-12-21,155907408,泉州,seasonal_week,155660188.0
2025-12-22,157344568,泉州,seasonal_week,156489923.0
2025-12-23,159381755,泉州,seasonal_week,153718955.0
2025-12-24,159078683,泉州,seasonal_week,156425105.0
2025-12-25,164838956,泉州,seasonal_week,160158649.0
2025-12-26,163620727,泉州,seasonal_week,162965885.0
2025-12-27,161926537,泉州,seasonal_week,159730063.0
2025-12-28,159331336,泉州,seasonal_week,155907408.0
2025-12-29,158179160,泉州,seasonal_week,157344568.0
2025-12-30,159110214,泉州,seasonal_week,159381755.0
2025-12-31,157995421,泉州,seasonal_week,159078683.0
2026-01-01,130071255,泉州,seasonal_week,164838956.0
2026-01-02,146690318,泉州,seasonal_week,163620727.0
2026-01-03,160466051,泉州,seasonal_week,161926537.0
2026-01-04,161003032,泉州,seasonal_week,159331336.0
2026-01-05,162012875,泉州,seasonal_week,158179160.0
2026-01-06,168024193,泉州,seasonal_week,159110214.0
2026-01-07,166385809,泉州,seasonal_week,157995421.0
2026-01-08,166614928,泉州,seasonal_week,130071255.0
2026-01-09,167701106,泉州,seasonal_week,146690318.0
2025-10-01,174834954,泉州,rolling7,206399148.85714287
2025-10-02,176815528,泉州,rolling7,203294704.85714287
2025-10-03,191937598,泉州,rolling7,199798907.14285713
2025-10-04,203528341,泉州,rolling7,197506801.14285713
2025-10-05,206706192,泉州,rolling7,196518606.85714287
2025-10-06,189438088,泉州,rolling7,196143751.7142857
2025-10-07,203208956,泉州,rolling7,192611319.85714287
2025-10-08,214444286,泉州,rolling7,192352808.14285713
2025-10-09,211402307,泉州,rolling7,198011284.14285713
2025-10-10,209225212,泉州,rolling7,202952252.57142857
2025-10-11,209371132,泉州,rolling7,205421911.7142857
2025-10-12,208528296,泉州,rolling7,206256596.14285713
2025-10-13,211342203,泉州,rolling7,206516896.7142857
2025-10-14,210781163,泉州,rolling7,209646056.0
2025-10-15,205546472,泉州,rolling7,210727799.85714287
2025-10-16,202021937,泉州,rolling7,209456683.57142857
2025-10-17,204784339,泉州,rolling7,208116630.7142857
2025-10-18,206374628,泉州,rolling7,207482220.2857143
2025-10-19,195587590,泉州,rolling7,207054148.2857143
2025-10-20,183382095,泉州,rolling7,205205476.0
2025-10-21,172920821,泉州,rolling7,201211174.85714287
2025-10-22,168413062,泉州,rolling7,195802554.57142857
2025-10-23,168541278,泉州,rolling7,190497781.7142857
2025-10-24,168628723,泉州,rolling7,185714830.42857143
2025-10-25,170106421,泉州,rolling7,180549742.42857143
2025-10-26,167337341,泉州,rolling7,175368570.0
2025-10-27,168121463,泉州,rolling7,171332820.14285713
2025-10-28,170426212,泉州,rolling7,169152729.85714287
2025-10-29,166351742,泉州,rolling7,168796357.14285713
2025-10-30,169518964,泉州,rolling7,168501882.85714287
2025-10-31,168360505,泉州,rolling7,168641552.2857143
2025-11-01,155008431,泉州,rolling7,168603235.42857143
2025-11-02,157711123,泉州,rolling7,166446379.7142857
2025-11-03,166159519,泉州,rolling7,165071205.7142857
2025-11-04,167627244,泉州,rolling7,164790928.0
2025-11-05,165957925,泉州,rolling7,164391075.42857143
2025-11-06,167358971,泉州,rolling7,164334815.85714287
2025-11-07,170837219,泉州,rolling7,164026245.42857143
2025-11-08,171273049,泉州,rolling7,164380061.7142857
2025-11-09,168843497,泉州,rolling7,166703578.57142857
2025-11-10,168957849,泉州,rolling7,168293917.7142857
2025-11-11,169550533,泉州,rolling7,168693679.14285713
2025-11-12,167771968,泉州,rolling7,168968434.7142857
2025-11-13,166428621,泉州,rolling7,169227583.7142857
2025-11-14,162691217,泉州,rolling7,169094676.57142857
2025-11-15,160731491,泉州,rolling7,167930962.0
2025-11-16,152060966,泉州,rolling7,166425025.14285713
2025-11-17,161239880,泉州,rolling7,164027520.7142857
2025-11-18,165772386,泉州,rolling7,162924953.7142857
2025-11-19,164844047,泉州,rolling7,162385218.42857143
2025-11-20,163568397,泉州,rolling7,161966944.0
2025-11-21,162591917,泉州,rolling7,161558340.57142857
2025-11-22,162429770,泉州,rolling7,161544154.85714287
2025-11-23,159065438,泉州,rolling7,161786766.14285713
2025-11-24,161152524,泉州,rolling7,162787405.0
2025-11-25,160903716,泉州,rolling7,162774925.57142857
2025-11-26,161531994,泉州,rolling7,162079401.2857143
2025-11-27,162037083,泉州,rolling7,161606250.85714287
2025-11-28,161871607,泉州,rolling7,161387491.7142857
2025-11-29,158652275,泉州,rolling7,161284590.2857143
2025-11-30,153064613,泉州,rolling7,160744948.14285713
2025-12-01,145013863,泉州,rolling7,159887687.42857143
2025-12-02,154243099,泉州,rolling7,157582164.42857143
2025-12-03,159876503,泉州,rolling7,156630647.7142857
2025-12-04,160115480,泉州,rolling7,156394149.0
2025-12-05,160328157,泉州,rolling7,156119634.2857143
2025-12-06,162095655,泉州,rolling7,155899141.42857143
2025-12-07,158154820,泉州,rolling7,156391052.85714287
2025-12-08,156764934,泉州,rolling7,157118225.2857143
2025-12-09,161212523,泉州,rolling7,158796949.7142857
2025-12-10,158961491,泉州,rolling7,159792581.7142857
2025-12-11,158596312,泉州,rolling7,159661865.7142857
2025-12-12,161356449,泉州,rolling7,159444841.7142857
2025-12-13,161583290,泉州,rolling7,159591740.57142857
2025-12-14,155660188,泉州,rolling7,159518545.57142857
2025-12-15,156489923,泉州,rolling7,159162169.57142857
2025-12-16,153718955,泉州,rolling7,159122882.2857143
2025-12-17,156425105,泉州,rolling7,158052372.57142857
2025-12-18,160158649,泉州,rolling7,157690031.7142857
2025-12-19,162965885,泉州,rolling7,157913222.7142857
2025-12-20,159730063,泉州,rolling7,158143142.14285713
2025-12-21,155907408,泉州,rolling7,157878395.42857143
2025-12-22,157344568,泉州,rolling7,157913712.57142857
2025-12-23,159381755,泉州,rolling7,158035804.7142857
2025-12-24,159078683,泉州,rolling7,158844776.14285713
2025-12-25,164838956,泉州,rolling7,159223858.7142857
2025-12-26,163620727,泉州,rolling7,159892474.0
2025-12-27,161926537,泉州,rolling7,159986022.85714287
2025-12-28,159331336,泉州,rolling7,160299804.85714287
2025-12-29,158179160,泉州,rolling7,160788937.42857143
2025-12-30,159110214,泉州,rolling7,160908164.85714287
2025-12-31,157995421,泉州,rolling7,160869373.2857143
2026-01-01,130071255,泉州,rolling7,160714621.57142857
2026-01-02,146690318,泉州,rolling7,155747807.14285713
2026-01-03,160466051,泉州,rolling7,153329177.2857143
2026-01-04,161003032,泉州,rolling7,153120536.42857143
2026-01-05,162012875,泉州,rolling7,153359350.14285713
2026-01-06,168024193,泉州,rolling7,153907023.7142857
2026-01-07,166385809,泉州,rolling7,155180449.2857143
2026-01-08,166614928,泉州,rolling7,156379076.14285713
2026-01-09,167701106,泉州,rolling7,161599600.85714287
2025-10-01,174834954,泉州,ridge_own_lags_calendar,200906156.98983526
2025-10-02,176815528,泉州,ridge_own_lags_calendar,176295268.83607447
2025-10-03,191937598,泉州,ridge_own_lags_calendar,179064246.43815145
2025-10-04,203528341,泉州,ridge_own_lags_calendar,190229020.34777206
2025-10-05,206706192,泉州,ridge_own_lags_calendar,196390165.66505584
2025-10-06,189438088,泉州,ridge_own_lags_calendar,203482666.69018707
2025-10-07,203208956,泉州,ridge_own_lags_calendar,187782163.4219864
2025-10-08,214444286,泉州,ridge_own_lags_calendar,198831257.30870822
2025-10-09,211402307,泉州,ridge_own_lags_calendar,208147075.29919308
2025-10-10,209225212,泉州,ridge_own_lags_calendar,206479094.21402273
2025-10-11,209371132,泉州,ridge_own_lags_calendar,204430185.55225626
2025-10-12,208528296,泉州,ridge_own_lags_calendar,202092078.26250145
2025-10-13,211342203,泉州,ridge_own_lags_calendar,206223622.15676585
2025-10-14,210781163,泉州,ridge_own_lags_calendar,207518286.7015487
2025-10-15,205546472,泉州,ridge_own_lags_calendar,206424497.5157257
2025-10-16,202021937,泉州,ridge_own_lags_calendar,202286481.74153534
2025-10-17,204784339,泉州,ridge_own_lags_calendar,200429191.46983165
2025-10-18,206374628,泉州,ridge_own_lags_calendar,202460234.0466109
2025-10-19,195587590,泉州,ridge_own_lags_calendar,200652557.13196972
2025-10-20,183382095,泉州,ridge_own_lags_calendar,195685585.03815365
2025-10-21,172920821,泉州,ridge_own_lags_calendar,183683870.62758628
2025-10-22,168413062,泉州,ridge_own_lags_calendar,174050743.16834536
2025-10-23,168541278,泉州,ridge_own_lags_calendar,169890977.19657534
2025-10-24,168628723,泉州,ridge_own_lags_calendar,169568273.7009486
2025-10-25,170106421,泉州,ridge_own_lags_calendar,168229939.04954904
2025-10-26,167337341,泉州,ridge_own_lags_calendar,166089347.36590979
2025-10-27,168121463,泉州,ridge_own_lags_calendar,167753271.89772397
2025-10-28,170426212,泉州,ridge_own_lags_calendar,166854613.95495287
2025-10-29,166351742,泉州,ridge_own_lags_calendar,168743619.6575346
2025-10-30,169518964,泉州,ridge_own_lags_calendar,165613342.55325684
2025-10-31,168360505,泉州,ridge_own_lags_calendar,168579639.50462103
2025-11-01,155008431,泉州,ridge_own_lags_calendar,166203841.4565061
2025-11-02,157711123,泉州,ridge_own_lags_calendar,152584162.4343475
2025-11-03,166159519,泉州,ridge_own_lags_calendar,160230138.60827318
2025-11-04,167627244,泉州,ridge_own_lags_calendar,164885094.5205981
2025-11-05,165957925,泉州,ridge_own_lags_calendar,164673019.38835123
2025-11-06,167358971,泉州,ridge_own_lags_calendar,163717736.82237044
2025-11-07,170837219,泉州,ridge_own_lags_calendar,165740377.3756365
2025-11-08,171273049,泉州,ridge_own_lags_calendar,168197959.5160931
2025-11-09,168843497,泉州,ridge_own_lags_calendar,166147520.02682972
2025-11-10,168957849,泉州,ridge_own_lags_calendar,168649050.22960913
2025-11-11,169550533,泉州,ridge_own_lags_calendar,167338987.51879537
2025-11-12,167771968,泉州,ridge_own_lags_calendar,167304862.22576663
2025-11-13,166428621,泉州,ridge_own_lags_calendar,166325259.69035518
2025-11-14,162691217,泉州,ridge_own_lags_calendar,165984625.74550638
2025-11-15,160731491,泉州,ridge_own_lags_calendar,162509889.46550557
2025-11-16,152060966,泉州,ridge_own_lags_calendar,158056043.95487693
2025-11-17,161239880,泉州,ridge_own_lags_calendar,155487855.1400633
2025-11-18,165772386,泉州,ridge_own_lags_calendar,161684998.9556872
2025-11-19,164844047,泉州,ridge_own_lags_calendar,164063164.56591734
2025-11-20,163568397,泉州,ridge_own_lags_calendar,163552449.58849606
2025-11-21,162591917,泉州,ridge_own_lags_calendar,163360090.88570485
2025-11-22,162429770,泉州,ridge_own_lags_calendar,161993030.80625653
2025-11-23,159065438,泉州,ridge_own_lags_calendar,159291823.56871432
2025-11-24,161152524,泉州,ridge_own_lags_calendar,161046203.72412246
2025-11-25,160903716,泉州,ridge_own_lags_calendar,161143065.02255562
2025-11-26,161531994,泉州,ridge_own_lags_calendar,159921100.2821201
2025-11-27,162037083,泉州,ridge_own_lags_calendar,160723462.50314072
2025-11-28,161871607,泉州,ridge_own_lags_calendar,161937434.5764598
2025-11-29,158652275,泉州,ridge_own_lags_calendar,161709435.00326443
2025-11-30,153064613,泉州,ridge_own_lags_calendar,156124063.73065484
2025-12-01,145013863,泉州,ridge_own_lags_calendar,155242009.62063134
2025-12-02,154243099,泉州,ridge_own_lags_calendar,147116122.90393877
2025-12-03,159876503,泉州,ridge_own_lags_calendar,153943489.2055618
2025-12-04,160115480,泉州,ridge_own_lags_calendar,158385236.90767676
2025-12-05,160328157,泉州,ridge_own_lags_calendar,159137472.61288175
2025-12-06,162095655,泉州,ridge_own_lags_calendar,158889193.12000385
2025-12-07,158154820,泉州,ridge_own_lags_calendar,157749239.13909993
2025-12-08,156764934,泉州,ridge_own_lags_calendar,159252429.3759489
2025-12-09,161212523,泉州,ridge_own_lags_calendar,156814925.4256728
2025-12-10,158961491,泉州,ridge_own_lags_calendar,159638212.14707315
2025-12-11,158596312,泉州,ridge_own_lags_calendar,158000114.4843567
2025-12-12,161356449,泉州,ridge_own_lags_calendar,158663360.8006088
2025-12-13,161583290,泉州,ridge_own_lags_calendar,160481692.6223882
2025-12-14,155660188,泉州,ridge_own_lags_calendar,158096596.22118735
2025-12-15,156489923,泉州,ridge_own_lags_calendar,157544333.17594272
2025-12-16,153718955,泉州,ridge_own_lags_calendar,156396058.97664317
2025-12-17,156425105,泉州,ridge_own_lags_calendar,153200767.263
2025-12-18,160158649,泉州,ridge_own_lags_calendar,155930718.5763515
2025-12-19,162965885,泉州,ridge_own_lags_calendar,159663583.9933828
2025-12-20,159730063,泉州,ridge_own_lags_calendar,161286038.17842108
2025-12-21,155907408,泉州,ridge_own_lags_calendar,155842316.1963897
2025-12-22,157344568,泉州,ridge_own_lags_calendar,157397871.97737208
2025-12-23,159381755,泉州,ridge_own_lags_calendar,157195481.29789582
2025-12-24,159078683,泉州,ridge_own_lags_calendar,157928608.74436447
2025-12-25,164838956,泉州,ridge_own_lags_calendar,157930896.9395604
2025-12-26,163620727,泉州,ridge_own_lags_calendar,163315436.03942883
2025-12-27,161926537,泉州,ridge_own_lags_calendar,161783243.03149548
2025-12-28,159331336,泉州,ridge_own_lags_calendar,157996229.95675308
2025-12-29,158179160,泉州,ridge_own_lags_calendar,160829190.83190036
2025-12-30,159110214,泉州,ridge_own_lags_calendar,158030449.90299168
2025-12-31,157995421,泉州,ridge_own_lags_calendar,157557403.0760328
2026-01-01,130071255,泉州,ridge_own_lags_calendar,156042720.54844213
2026-01-02,146690318,泉州,ridge_own_lags_calendar,134076967.77821146
2026-01-03,160466051,泉州,ridge_own_lags_calendar,147732655.39823177
2026-01-04,161003032,泉州,ridge_own_lags_calendar,155193240.11451784
2026-01-05,162012875,泉州,ridge_own_lags_calendar,160007126.32664952
2026-01-06,168024193,泉州,ridge_own_lags_calendar,159262290.7529329
2026-01-07,166385809,泉州,ridge_own_lags_calendar,163508113.41703525
2026-01-08,166614928,泉州,ridge_own_lags_calendar,162929411.18407345
2026-01-09,167701106,泉州,ridge_own_lags_calendar,164519851.45421293
2025-10-01,102637006,漳州,naive_yesterday,110868423.0
2025-10-02,101996871,漳州,naive_yesterday,102637006.0
2025-10-03,104024525,漳州,naive_yesterday,101996871.0
2025-10-04,108638630,漳州,naive_yesterday,104024525.0
2025-10-05,107924918,漳州,naive_yesterday,108638630.0
2025-10-06,99242519,漳州,naive_yesterday,107924918.0
2025-10-07,107488825,漳州,naive_yesterday,99242519.0
2025-10-08,112088415,漳州,naive_yesterday,107488825.0
2025-10-09,111580031,漳州,naive_yesterday,112088415.0
2025-10-10,111204342,漳州,naive_yesterday,111580031.0
2025-10-11,110739696,漳州,naive_yesterday,111204342.0
2025-10-12,109310084,漳州,naive_yesterday,110739696.0
2025-10-13,111194022,漳州,naive_yesterday,109310084.0
2025-10-14,110745183,漳州,naive_yesterday,111194022.0
2025-10-15,109379968,漳州,naive_yesterday,110745183.0
2025-10-16,108721507,漳州,naive_yesterday,109379968.0
2025-10-17,108663141,漳州,naive_yesterday,108721507.0
2025-10-18,109045807,漳州,naive_yesterday,108663141.0
2025-10-19,103920939,漳州,naive_yesterday,109045807.0
2025-10-20,99202308,漳州,naive_yesterday,103920939.0
2025-10-21,92977415,漳州,naive_yesterday,99202308.0
2025-10-22,89235157,漳州,naive_yesterday,92977415.0
2025-10-23,89556637,漳州,naive_yesterday,89235157.0
2025-10-24,89932421,漳州,naive_yesterday,89556637.0
2025-10-25,90878639,漳州,naive_yesterday,89932421.0
2025-10-26,89270367,漳州,naive_yesterday,90878639.0
2025-10-27,90204938,漳州,naive_yesterday,89270367.0
2025-10-28,90574151,漳州,naive_yesterday,90204938.0
2025-10-29,89150429,漳州,naive_yesterday,90574151.0
2025-10-30,90617392,漳州,naive_yesterday,89150429.0
2025-10-31,89620297,漳州,naive_yesterday,90617392.0
2025-11-01,85759794,漳州,naive_yesterday,89620297.0
2025-11-02,83040598,漳州,naive_yesterday,85759794.0
2025-11-03,85520267,漳州,naive_yesterday,83040598.0
2025-11-04,89111423,漳州,naive_yesterday,85520267.0
2025-11-05,88379823,漳州,naive_yesterday,89111423.0
2025-11-06,89499424,漳州,naive_yesterday,88379823.0
2025-11-07,91527897,漳州,naive_yesterday,89499424.0
2025-11-08,92543708,漳州,naive_yesterday,91527897.0
2025-11-09,91362587,漳州,naive_yesterday,92543708.0
2025-11-10,92006617,漳州,naive_yesterday,91362587.0
2025-11-11,91839610,漳州,naive_yesterday,92006617.0
2025-11-12,91234004,漳州,naive_yesterday,91839610.0
2025-11-13,90142337,漳州,naive_yesterday,91234004.0
2025-11-14,89450925,漳州,naive_yesterday,90142337.0
2025-11-15,88900962,漳州,naive_yesterday,89450925.0
2025-11-16,86134346,漳州,naive_yesterday,88900962.0
2025-11-17,89231767,漳州,naive_yesterday,86134346.0
2025-11-18,90028802,漳州,naive_yesterday,89231767.0
2025-11-19,88073412,漳州,naive_yesterday,90028802.0
2025-11-20,93584356,漳州,naive_yesterday,88073412.0
2025-11-21,89554731,漳州,naive_yesterday,93584356.0
2025-11-22,89535065,漳州,naive_yesterday,89554731.0
2025-11-23,86728658,漳州,naive_yesterday,89535065.0
2025-11-24,89330786,漳州,naive_yesterday,86728658.0
2025-11-25,89467718,漳州,naive_yesterday,89330786.0
2025-11-26,90260535,漳州,naive_yesterday,89467718.0
2025-11-27,89404771,漳州,naive_yesterday,90260535.0
2025-11-28,90256631,漳州,naive_yesterday,89404771.0
2025-11-29,89549805,漳州,naive_yesterday,90256631.0
2025-11-30,87231965,漳州,naive_yesterday,89549805.0
2025-12-01,88115566,漳州,naive_yesterday,87231965.0
2025-12-02,90134798,漳州,naive_yesterday,88115566.0
2025-12-03,91801299,漳州,naive_yesterday,90134798.0
2025-12-04,90471129,漳州,naive_yesterday,91801299.0
2025-12-05,91995421,漳州,naive_yesterday,90471129.0
2025-12-06,90672253,漳州,naive_yesterday,91995421.0
2025-12-07,88891863,漳州,naive_yesterday,90672253.0
2025-12-08,90416913,漳州,naive_yesterday,88891863.0
2025-12-09,92130091,漳州,naive_yesterday,90416913.0
2025-12-10,91492425,漳州,naive_yesterday,92130091.0
2025-12-11,91476457,漳州,naive_yesterday,91492425.0
2025-12-12,92655237,漳州,naive_yesterday,91476457.0
2025-12-13,93068291,漳州,naive_yesterday,92655237.0
2025-12-14,88132897,漳州,naive_yesterday,93068291.0
2025-12-15,90452859,漳州,naive_yesterday,88132897.0
2025-12-16,91654949,漳州,naive_yesterday,90452859.0
2025-12-17,91839919,漳州,naive_yesterday,91654949.0
2025-12-18,92452461,漳州,naive_yesterday,91839919.0
2025-12-19,94173511,漳州,naive_yesterday,92452461.0
2025-12-20,91898105,漳州,naive_yesterday,94173511.0
2025-12-21,87893784,漳州,naive_yesterday,91898105.0
2025-12-22,90222998,漳州,naive_yesterday,87893784.0
2025-12-23,91117100,漳州,naive_yesterday,90222998.0
2025-12-24,90764249,漳州,naive_yesterday,91117100.0
2025-12-25,94039274,漳州,naive_yesterday,90764249.0
2025-12-26,91337837,漳州,naive_yesterday,94039274.0
2025-12-27,90438869,漳州,naive_yesterday,91337837.0
2025-12-28,89175182,漳州,naive_yesterday,90438869.0
2025-12-29,90213444,漳州,naive_yesterday,89175182.0
2025-12-30,90583108,漳州,naive_yesterday,90213444.0
2025-12-31,88968098,漳州,naive_yesterday,90583108.0
2026-01-01,81712757,漳州,naive_yesterday,88968098.0
2026-01-02,85900727,漳州,naive_yesterday,81712757.0
2026-01-03,90480468,漳州,naive_yesterday,85900727.0
2026-01-04,91423418,漳州,naive_yesterday,90480468.0
2026-01-05,91851675,漳州,naive_yesterday,91423418.0
2026-01-06,96169243,漳州,naive_yesterday,91851675.0
2026-01-07,94664065,漳州,naive_yesterday,96169243.0
2026-01-08,95597700,漳州,naive_yesterday,94664065.0
2026-01-09,95340863,漳州,naive_yesterday,95597700.0
2025-10-01,102637006,漳州,seasonal_week,103852664.0
2025-10-02,101996871,漳州,seasonal_week,107592902.0
2025-10-03,104024525,漳州,seasonal_week,110093662.0
2025-10-04,108638630,漳州,seasonal_week,110446792.0
2025-10-05,107924918,漳州,seasonal_week,109172857.0
2025-10-06,99242519,漳州,seasonal_week,113635087.0
2025-10-07,107488825,漳州,seasonal_week,110868423.0
2025-10-08,112088415,漳州,seasonal_week,102637006.0
2025-10-09,111580031,漳州,seasonal_week,101996871.0
2025-10-10,111204342,漳州,seasonal_week,104024525.0
2025-10-11,110739696,漳州,seasonal_week,108638630.0
2025-10-12,109310084,漳州,seasonal_week,107924918.0
2025-10-13,111194022,漳州,seasonal_week,99242519.0
2025-10-14,110745183,漳州,seasonal_week,107488825.0
2025-10-15,109379968,漳州,seasonal_week,112088415.0
2025-10-16,108721507,漳州,seasonal_week,111580031.0
2025-10-17,108663141,漳州,seasonal_week,111204342.0
2025-10-18,109045807,漳州,seasonal_week,110739696.0
2025-10-19,103920939,漳州,seasonal_week,109310084.0
2025-10-20,99202308,漳州,seasonal_week,111194022.0
2025-10-21,92977415,漳州,seasonal_week,110745183.0
2025-10-22,89235157,漳州,seasonal_week,109379968.0
2025-10-23,89556637,漳州,seasonal_week,108721507.0
2025-10-24,89932421,漳州,seasonal_week,108663141.0
2025-10-25,90878639,漳州,seasonal_week,109045807.0
2025-10-26,89270367,漳州,seasonal_week,103920939.0
2025-10-27,90204938,漳州,seasonal_week,99202308.0
2025-10-28,90574151,漳州,seasonal_week,92977415.0
2025-10-29,89150429,漳州,seasonal_week,89235157.0
2025-10-30,90617392,漳州,seasonal_week,89556637.0
2025-10-31,89620297,漳州,seasonal_week,89932421.0
2025-11-01,85759794,漳州,seasonal_week,90878639.0
2025-11-02,83040598,漳州,seasonal_week,89270367.0
2025-11-03,85520267,漳州,seasonal_week,90204938.0
2025-11-04,89111423,漳州,seasonal_week,90574151.0
2025-11-05,88379823,漳州,seasonal_week,89150429.0
2025-11-06,89499424,漳州,seasonal_week,90617392.0
2025-11-07,91527897,漳州,seasonal_week,89620297.0
2025-11-08,92543708,漳州,seasonal_week,85759794.0
2025-11-09,91362587,漳州,seasonal_week,83040598.0
2025-11-10,92006617,漳州,seasonal_week,85520267.0
2025-11-11,91839610,漳州,seasonal_week,89111423.0
2025-11-12,91234004,漳州,seasonal_week,88379823.0
2025-11-13,90142337,漳州,seasonal_week,89499424.0
2025-11-14,89450925,漳州,seasonal_week,91527897.0
2025-11-15,88900962,漳州,seasonal_week,92543708.0
2025-11-16,86134346,漳州,seasonal_week,91362587.0
2025-11-17,89231767,漳州,seasonal_week,92006617.0
2025-11-18,90028802,漳州,seasonal_week,91839610.0
2025-11-19,88073412,漳州,seasonal_week,91234004.0
2025-11-20,93584356,漳州,seasonal_week,90142337.0
2025-11-21,89554731,漳州,seasonal_week,89450925.0
2025-11-22,89535065,漳州,seasonal_week,88900962.0
2025-11-23,86728658,漳州,seasonal_week,86134346.0
2025-11-24,89330786,漳州,seasonal_week,89231767.0
2025-11-25,89467718,漳州,seasonal_week,90028802.0
2025-11-26,90260535,漳州,seasonal_week,88073412.0
2025-11-27,89404771,漳州,seasonal_week,93584356.0
2025-11-28,90256631,漳州,seasonal_week,89554731.0
2025-11-29,89549805,漳州,seasonal_week,89535065.0
2025-11-30,87231965,漳州,seasonal_week,86728658.0
2025-12-01,88115566,漳州,seasonal_week,89330786.0
2025-12-02,90134798,漳州,seasonal_week,89467718.0
2025-12-03,91801299,漳州,seasonal_week,90260535.0
2025-12-04,90471129,漳州,seasonal_week,89404771.0
2025-12-05,91995421,漳州,seasonal_week,90256631.0
2025-12-06,90672253,漳州,seasonal_week,89549805.0
2025-12-07,88891863,漳州,seasonal_week,87231965.0
2025-12-08,90416913,漳州,seasonal_week,88115566.0
2025-12-09,92130091,漳州,seasonal_week,90134798.0
2025-12-10,91492425,漳州,seasonal_week,91801299.0
2025-12-11,91476457,漳州,seasonal_week,90471129.0
2025-12-12,92655237,漳州,seasonal_week,91995421.0
2025-12-13,93068291,漳州,seasonal_week,90672253.0
2025-12-14,88132897,漳州,seasonal_week,88891863.0
2025-12-15,90452859,漳州,seasonal_week,90416913.0
2025-12-16,91654949,漳州,seasonal_week,92130091.0
2025-12-17,91839919,漳州,seasonal_week,91492425.0
2025-12-18,92452461,漳州,seasonal_week,91476457.0
2025-12-19,94173511,漳州,seasonal_week,92655237.0
2025-12-20,91898105,漳州,seasonal_week,93068291.0
2025-12-21,87893784,漳州,seasonal_week,88132897.0
2025-12-22,90222998,漳州,seasonal_week,90452859.0
2025-12-23,91117100,漳州,seasonal_week,91654949.0
2025-12-24,90764249,漳州,seasonal_week,91839919.0
2025-12-25,94039274,漳州,seasonal_week,92452461.0
2025-12-26,91337837,漳州,seasonal_week,94173511.0
2025-12-27,90438869,漳州,seasonal_week,91898105.0
2025-12-28,89175182,漳州,seasonal_week,87893784.0
2025-12-29,90213444,漳州,seasonal_week,90222998.0
2025-12-30,90583108,漳州,seasonal_week,91117100.0
2025-12-31,88968098,漳州,seasonal_week,90764249.0
2026-01-01,81712757,漳州,seasonal_week,94039274.0
2026-01-02,85900727,漳州,seasonal_week,91337837.0
2026-01-03,90480468,漳州,seasonal_week,90438869.0
2026-01-04,91423418,漳州,seasonal_week,89175182.0
2026-01-05,91851675,漳州,seasonal_week,90213444.0
2026-01-06,96169243,漳州,seasonal_week,90583108.0
2026-01-07,94664065,漳州,seasonal_week,88968098.0
2026-01-08,95597700,漳州,seasonal_week,81712757.0
2026-01-09,95340863,漳州,seasonal_week,85900727.0
2025-10-01,102637006,漳州,rolling7,109380341.0
2025-10-02,101996871,漳州,rolling7,109206675.57142857
2025-10-03,104024525,漳州,rolling7,108407242.57142857
2025-10-04,108638630,漳州,rolling7,107540223.0
2025-10-05,107924918,漳州,rolling7,107281914.14285715
2025-10-06,99242519,漳州,rolling7,107103637.14285715
2025-10-07,107488825,漳州,rolling7,105047556.0
2025-10-08,112088415,漳州,rolling7,104564756.28571428
2025-10-09,111580031,漳州,rolling7,105914957.57142857
2025-10-10,111204342,漳州,rolling7,107283980.42857143
2025-10-11,110739696,漳州,rolling7,108309668.57142857
2025-10-12,109310084,漳州,rolling7,108609820.85714285
2025-10-13,111194022,漳州,rolling7,108807701.71428572
2025-10-14,110745183,漳州,rolling7,110515059.28571428
2025-10-15,109379968,漳州,rolling7,110980253.28571428
2025-10-16,108721507,漳州,rolling7,110593332.28571428
2025-10-17,108663141,漳州,rolling7,110184971.71428572
2025-10-18,109045807,漳州,rolling7,109821943.0
2025-10-19,103920939,漳州,rolling7,109579958.85714285
2025-10-20,99202308,漳州,rolling7,108810081.0
2025-10-21,92977415,漳州,rolling7,107096979.0
2025-10-22,89235157,漳州,rolling7,104558726.42857143
2025-10-23,89556637,漳州,rolling7,101680896.28571428
2025-10-24,89932421,漳州,rolling7,98943057.71428572
2025-10-25,90878639,漳州,rolling7,96267240.57142857
2025-10-26,89270367,漳州,rolling7,93671930.85714285
2025-10-27,90204938,漳州,rolling7,91578992.0
2025-10-28,90574151,漳州,rolling7,90293653.42857143
2025-10-29,89150429,漳州,rolling7,89950330.0
2025-10-30,90617392,漳州,rolling7,89938226.0
2025-10-31,89620297,漳州,rolling7,90089762.42857143
2025-11-01,85759794,漳州,rolling7,90045173.28571428
2025-11-02,83040598,漳州,rolling7,89313909.71428572
2025-11-03,85520267,漳州,rolling7,88423942.71428572
2025-11-04,89111423,漳州,rolling7,87754704.0
2025-11-05,88379823,漳州,rolling7,87545742.85714285
2025-11-06,89499424,漳州,rolling7,87435656.28571428
2025-11-07,91527897,漳州,rolling7,87275946.57142857
2025-11-08,92543708,漳州,rolling7,87548460.85714285
2025-11-09,91362587,漳州,rolling7,88517591.42857143
2025-11-10,92006617,漳州,rolling7,89706447.0
2025-11-11,91839610,漳州,rolling7,90633068.42857143
2025-11-12,91234004,漳州,rolling7,91022809.42857143
2025-11-13,90142337,漳州,rolling7,91430549.57142857
2025-11-14,89450925,漳州,rolling7,91522394.28571428
2025-11-15,88900962,漳州,rolling7,91225684.0
2025-11-16,86134346,漳州,rolling7,90705291.71428572
2025-11-17,89231767,漳州,rolling7,89958400.14285715
2025-11-18,90028802,漳州,rolling7,89561993.0
2025-11-19,88073412,漳州,rolling7,89303306.14285715
2025-11-20,93584356,漳州,rolling7,88851793.0
2025-11-21,89554731,漳州,rolling7,89343510.0
2025-11-22,89535065,漳州,rolling7,89358339.42857143
2025-11-23,86728658,漳州,rolling7,89448925.57142857
2025-11-24,89330786,漳州,rolling7,89533827.28571428
2025-11-25,89467718,漳州,rolling7,89547972.85714285
2025-11-26,90260535,漳州,rolling7,89467818.0
2025-11-27,89404771,漳州,rolling7,89780264.14285715
2025-11-28,90256631,漳州,rolling7,89183180.57142857
2025-11-29,89549805,漳州,rolling7,89283452.0
2025-11-30,87231965,漳州,rolling7,89285557.71428572
2025-12-01,88115566,漳州,rolling7,89357458.71428572
2025-12-02,90134798,漳州,rolling7,89183855.85714285
2025-12-03,91801299,漳州,rolling7,89279153.0
2025-12-04,90471129,漳州,rolling7,89499262.14285715
2025-12-05,91995421,漳州,rolling7,89651599.0
2025-12-06,90672253,漳州,rolling7,89899997.57142857
2025-12-07,88891863,漳州,rolling7,90060347.28571428
2025-12-08,90416913,漳州,rolling7,90297475.57142857
2025-12-09,92130091,漳州,rolling7,90626239.42857143
2025-12-10,91492425,漳州,rolling7,90911281.28571428
2025-12-11,91476457,漳州,rolling7,90867156.42857143
2025-12-12,92655237,漳州,rolling7,91010774.71428572
2025-12-13,93068291,漳州,rolling7,91105034.14285715
2025-12-14,88132897,漳州,rolling7,91447325.28571428
2025-12-15,90452859,漳州,rolling7,91338901.57142857
2025-12-16,91654949,漳州,rolling7,91344036.71428572
2025-12-17,91839919,漳州,rolling7,91276159.28571428
2025-12-18,92452461,漳州,rolling7,91325801.28571428
2025-12-19,94173511,漳州,rolling7,91465230.42857143
2025-12-20,91898105,漳州,rolling7,91682126.71428572
2025-12-21,87893784,漳州,rolling7,91514957.28571428
2025-12-22,90222998,漳州,rolling7,91480798.28571428
2025-12-23,91117100,漳州,rolling7,91447961.0
2025-12-24,90764249,漳州,rolling7,91371125.42857143
2025-12-25,94039274,漳州,rolling7,91217458.28571428
2025-12-26,91337837,漳州,rolling7,91444145.85714285
2025-12-27,90438869,漳州,rolling7,91039049.57142857
2025-12-28,89175182,漳州,rolling7,90830587.28571428
2025-12-29,90213444,漳州,rolling7,91013644.14285715
2025-12-30,90583108,漳州,rolling7,91012279.28571428
2025-12-31,88968098,漳州,rolling7,90935994.71428572
2026-01-01,81712757,漳州,rolling7,90679401.71428572
2026-01-02,85900727,漳州,rolling7,88918470.71428572
2026-01-03,90480468,漳州,rolling7,88141740.71428572
2026-01-04,91423418,漳州,rolling7,88147683.42857143
2026-01-05,91851675,漳州,rolling7,88468860.0
2026-01-06,96169243,漳州,rolling7,88702893.0
2026-01-07,94664065,漳州,rolling7,89500912.28571428
2026-01-08,95597700,漳州,rolling7,90314621.85714285
2026-01-09,95340863,漳州,rolling7,92298185.14285715
2025-10-01,102637006,漳州,ridge_own_lags_calendar,109080800.29548544
2025-10-02,101996871,漳州,ridge_own_lags_calendar,101437925.7718052
2025-10-03,104024525,漳州,ridge_own_lags_calendar,101642447.68893495
2025-10-04,108638630,漳州,ridge_own_lags_calendar,103355786.06152236
2025-10-05,107924918,漳州,ridge_own_lags_calendar,105385740.39006342
2025-10-06,99242519,漳州,ridge_own_lags_calendar,108043368.04273377
2025-10-07,107488825,漳州,ridge_own_lags_calendar,99541875.92303759
2025-10-08,112088415,漳州,ridge_own_lags_calendar,106254713.39428502
2025-10-09,111580031,漳州,ridge_own_lags_calendar,109960005.84312968
2025-10-10,111204342,漳州,ridge_own_lags_calendar,109529942.50476325
2025-10-11,110739696,漳州,ridge_own_lags_calendar,108399023.22985902
2025-10-12,109310084,漳州,ridge_own_lags_calendar,106206540.80011615
2025-10-13,111194022,漳州,ridge_own_lags_calendar,108532035.58883323
2025-10-14,110745183,漳州,ridge_own_lags_calendar,109486723.8590032
2025-10-15,109379968,漳州,ridge_own_lags_calendar,108793097.49501738
2025-10-16,108721507,漳州,ridge_own_lags_calendar,107422361.48466164
2025-10-17,108663141,漳州,ridge_own_lags_calendar,107825674.08437115
2025-10-18,109045807,漳州,ridge_own_lags_calendar,107405664.02498955
2025-10-19,103920939,漳州,ridge_own_lags_calendar,105906955.67715378
2025-10-20,99202308,漳州,ridge_own_lags_calendar,104818386.11462748
2025-10-21,92977415,漳州,ridge_own_lags_calendar,99248813.8439763
2025-10-22,89235157,漳州,ridge_own_lags_calendar,93771464.661378
2025-10-23,89556637,漳州,ridge_own_lags_calendar,90134652.94296165
2025-10-24,89932421,漳州,ridge_own_lags_calendar,90574140.13891557
2025-10-25,90878639,漳州,ridge_own_lags_calendar,90342787.338461
2025-10-26,89270367,漳州,ridge_own_lags_calendar,89072998.95140037
2025-10-27,90204938,漳州,ridge_own_lags_calendar,90733816.647629
2025-10-28,90574151,漳州,ridge_own_lags_calendar,90503891.71447358
2025-10-29,89150429,漳州,ridge_own_lags_calendar,90768379.73100439
2025-10-30,90617392,漳州,ridge_own_lags_calendar,89274879.05191089
2025-10-31,89620297,漳州,ridge_own_lags_calendar,90950538.94098921
2025-11-01,85759794,漳州,ridge_own_lags_calendar,89463408.2134074
2025-11-02,83040598,漳州,ridge_own_lags_calendar,84363497.75993794
2025-11-03,85520267,漳州,ridge_own_lags_calendar,86090304.69561905
2025-11-04,89111423,漳州,ridge_own_lags_calendar,87084889.23963636
2025-11-05,88379823,漳州,ridge_own_lags_calendar,89507197.64667222
2025-11-06,89499424,漳州,ridge_own_lags_calendar,88345114.6233717
2025-11-07,91527897,漳州,ridge_own_lags_calendar,89580056.75583155
2025-11-08,92543708,漳州,ridge_own_lags_calendar,91025869.77808367
2025-11-09,91362587,漳州,ridge_own_lags_calendar,90077095.65195921
2025-11-10,92006617,漳州,ridge_own_lags_calendar,92400793.26165898
2025-11-11,91839610,漳州,ridge_own_lags_calendar,91903026.65025304
2025-11-12,91234004,漳州,ridge_own_lags_calendar,91478588.00245745
2025-11-13,90142337,漳州,ridge_own_lags_calendar,90658399.14065394
2025-11-14,89450925,漳州,ridge_own_lags_calendar,90303327.6988623
2025-11-15,88900962,漳州,ridge_own_lags_calendar,89530639.10346451
2025-11-16,86134346,漳州,ridge_own_lags_calendar,87426644.15783167
2025-11-17,89231767,漳州,ridge_own_lags_calendar,88524404.48152162
2025-11-18,90028802,漳州,ridge_own_lags_calendar,90211164.23533523
2025-11-19,88073412,漳州,ridge_own_lags_calendar,90542202.21581896
2025-11-20,93584356,漳州,ridge_own_lags_calendar,88463216.89678667
2025-11-21,89554731,漳州,ridge_own_lags_calendar,93534199.76532371
2025-11-22,89535065,漳州,ridge_own_lags_calendar,89664231.56555709
2025-11-23,86728658,漳州,ridge_own_lags_calendar,87728465.69395475
2025-11-24,89330786,漳州,ridge_own_lags_calendar,88822414.44303162
2025-11-25,89467718,漳州,ridge_own_lags_calendar,90044249.97601108
2025-11-26,90260535,漳州,ridge_own_lags_calendar,89769067.34968795
2025-11-27,89404771,漳州,ridge_own_lags_calendar,89924454.8320374
2025-11-28,90256631,漳州,ridge_own_lags_calendar,89804611.2218601
2025-11-29,89549805,漳州,ridge_own_lags_calendar,90422883.46613134
2025-11-30,87231965,漳州,ridge_own_lags_calendar,88120400.81374492
2025-12-01,88115566,漳州,ridge_own_lags_calendar,89264166.32804419
2025-12-02,90134798,漳州,ridge_own_lags_calendar,88847367.13330019
2025-12-03,91801299,漳州,ridge_own_lags_calendar,90243398.24080384
2025-12-04,90471129,漳州,ridge_own_lags_calendar,91048250.42718408
2025-12-05,91995421,漳州,ridge_own_lags_calendar,90392630.244984
2025-12-06,90672253,漳州,ridge_own_lags_calendar,91253417.8722403
2025-12-07,88891863,漳州,ridge_own_lags_calendar,88483376.9378881
2025-12-08,90416913,漳州,ridge_own_lags_calendar,90243217.81348868
2025-12-09,92130091,漳州,ridge_own_lags_calendar,90585581.50897406
2025-12-10,91492425,漳州,ridge_own_lags_calendar,91530851.48857073
2025-12-11,91476457,漳州,ridge_own_lags_calendar,90756753.47654282
2025-12-12,92655237,漳州,ridge_own_lags_calendar,91250612.76056205
2025-12-13,93068291,漳州,ridge_own_lags_calendar,91986813.55880454
2025-12-14,88132897,漳州,ridge_own_lags_calendar,90575836.36332507
2025-12-15,90452859,漳州,ridge_own_lags_calendar,89597762.01769303
2025-12-16,91654949,漳州,ridge_own_lags_calendar,90439237.01104309
2025-12-17,91839919,漳州,ridge_own_lags_calendar,91142996.35359854
2025-12-18,92452461,漳州,ridge_own_lags_calendar,90701135.65288289
2025-12-19,94173511,漳州,ridge_own_lags_calendar,91841517.03014964
2025-12-20,91898105,漳州,ridge_own_lags_calendar,93011548.85199337
2025-12-21,87893784,漳州,ridge_own_lags_calendar,89304929.44239959
2025-12-22,90222998,漳州,ridge_own_lags_calendar,89187958.88807239
2025-12-23,91117100,漳州,ridge_own_lags_calendar,90238940.40201738
2025-12-24,90764249,漳州,ridge_own_lags_calendar,90524576.4657126
2025-12-25,94039274,漳州,ridge_own_lags_calendar,89864131.38127354
2025-12-26,91337837,漳州,ridge_own_lags_calendar,92929455.89750966
2025-12-27,90438869,漳州,ridge_own_lags_calendar,90312445.41039552
2025-12-28,89175182,漳州,ridge_own_lags_calendar,87891215.73742267
2025-12-29,90213444,漳州,ridge_own_lags_calendar,90274993.04415652
2025-12-30,90583108,漳州,ridge_own_lags_calendar,89987948.64950672
2025-12-31,88968098,漳州,ridge_own_lags_calendar,89620386.84784055
2026-01-01,81712757,漳州,ridge_own_lags_calendar,87616993.45951267
2026-01-02,85900727,漳州,ridge_own_lags_calendar,82002496.57526854
2026-01-03,90480468,漳州,ridge_own_lags_calendar,85491539.337021
2026-01-04,91423418,漳州,ridge_own_lags_calendar,87812231.2155239
2026-01-05,91851675,漳州,ridge_own_lags_calendar,91659259.9321482
2026-01-06,96169243,漳州,ridge_own_lags_calendar,90653247.11599588
2026-01-07,94664065,漳州,ridge_own_lags_calendar,93925180.56623273
2026-01-08,95597700,漳州,ridge_own_lags_calendar,92452901.17093576
2026-01-09,95340863,漳州,ridge_own_lags_calendar,93836752.40533021
2025-10-01,40663639,龙岩,naive_yesterday,43356547.0
2025-10-02,41043981,龙岩,naive_yesterday,40663639.0
2025-10-03,41189314,龙岩,naive_yesterday,41043981.0
2025-10-04,41984481,龙岩,naive_yesterday,41189314.0
2025-10-05,41660047,龙岩,naive_yesterday,41984481.0
2025-10-06,38654295,龙岩,naive_yesterday,41660047.0
2025-10-07,42128821,龙岩,naive_yesterday,38654295.0
2025-10-08,43196011,龙岩,naive_yesterday,42128821.0
2025-10-09,44146502,龙岩,naive_yesterday,43196011.0
2025-10-10,43209295,龙岩,naive_yesterday,44146502.0
2025-10-11,43869412,龙岩,naive_yesterday,43209295.0
2025-10-12,43711266,龙岩,naive_yesterday,43869412.0
2025-10-13,44210832,龙岩,naive_yesterday,43711266.0
2025-10-14,43625194,龙岩,naive_yesterday,44210832.0
2025-10-15,42997839,龙岩,naive_yesterday,43625194.0
2025-10-16,43895516,龙岩,naive_yesterday,42997839.0
2025-10-17,43521191,龙岩,naive_yesterday,43895516.0
2025-10-18,43387307,龙岩,naive_yesterday,43521191.0
2025-10-19,41587207,龙岩,naive_yesterday,43387307.0
2025-10-20,40301545,龙岩,naive_yesterday,41587207.0
2025-10-21,40002436,龙岩,naive_yesterday,40301545.0
2025-10-22,40417693,龙岩,naive_yesterday,40002436.0
2025-10-23,40112325,龙岩,naive_yesterday,40417693.0
2025-10-24,39952949,龙岩,naive_yesterday,40112325.0
2025-10-25,40064044,龙岩,naive_yesterday,39952949.0
2025-10-26,39682821,龙岩,naive_yesterday,40064044.0
2025-10-27,39417433,龙岩,naive_yesterday,39682821.0
2025-10-28,40188860,龙岩,naive_yesterday,39417433.0
2025-10-29,39564480,龙岩,naive_yesterday,40188860.0
2025-10-30,38733969,龙岩,naive_yesterday,39564480.0
2025-10-31,39569946,龙岩,naive_yesterday,38733969.0
2025-11-01,38803368,龙岩,naive_yesterday,39569946.0
2025-11-02,38113966,龙岩,naive_yesterday,38803368.0
2025-11-03,39754744,龙岩,naive_yesterday,38113966.0
2025-11-04,40235936,龙岩,naive_yesterday,39754744.0
2025-11-05,39337765,龙岩,naive_yesterday,40235936.0
2025-11-06,37856284,龙岩,naive_yesterday,39337765.0
2025-11-07,38900338,龙岩,naive_yesterday,37856284.0
2025-11-08,39861420,龙岩,naive_yesterday,38900338.0
2025-11-09,39404380,龙岩,naive_yesterday,39861420.0
2025-11-10,39674112,龙岩,naive_yesterday,39404380.0
2025-11-11,39716015,龙岩,naive_yesterday,39674112.0
2025-11-12,39789589,龙岩,naive_yesterday,39716015.0
2025-11-13,40173516,龙岩,naive_yesterday,39789589.0
2025-11-14,39612827,龙岩,naive_yesterday,40173516.0
2025-11-15,39129645,龙岩,naive_yesterday,39612827.0
2025-11-16,38023576,龙岩,naive_yesterday,39129645.0
2025-11-17,38804344,龙岩,naive_yesterday,38023576.0
2025-11-18,40582147,龙岩,naive_yesterday,38804344.0
2025-11-19,40984390,龙岩,naive_yesterday,40582147.0
2025-11-20,40905068,龙岩,naive_yesterday,40984390.0
2025-11-21,39861284,龙岩,naive_yesterday,40905068.0
2025-11-22,40114181,龙岩,naive_yesterday,39861284.0
2025-11-23,39714318,龙岩,naive_yesterday,40114181.0
2025-11-24,39613510,龙岩,naive_yesterday,39714318.0
2025-11-25,39389928,龙岩,naive_yesterday,39613510.0
2025-11-26,40771918,龙岩,naive_yesterday,39389928.0
2025-11-27,42024010,龙岩,naive_yesterday,40771918.0
2025-11-28,41834447,龙岩,naive_yesterday,42024010.0
2025-11-29,41686871,龙岩,naive_yesterday,41834447.0
2025-11-30,40272260,龙岩,naive_yesterday,41686871.0
2025-12-01,39901849,龙岩,naive_yesterday,40272260.0
2025-12-02,40167146,龙岩,naive_yesterday,39901849.0
2025-12-03,40589814,龙岩,naive_yesterday,40167146.0
2025-12-04,41308379,龙岩,naive_yesterday,40589814.0
2025-12-05,41738421,龙岩,naive_yesterday,41308379.0
2025-12-06,40754367,龙岩,naive_yesterday,41738421.0
2025-12-07,40293802,龙岩,naive_yesterday,40754367.0
2025-12-08,40079957,龙岩,naive_yesterday,40293802.0
2025-12-09,40486349,龙岩,naive_yesterday,40079957.0
2025-12-10,40401673,龙岩,naive_yesterday,40486349.0
2025-12-11,40700830,龙岩,naive_yesterday,40401673.0
2025-12-12,40734349,龙岩,naive_yesterday,40700830.0
2025-12-13,41603972,龙岩,naive_yesterday,40734349.0
2025-12-14,40868711,龙岩,naive_yesterday,41603972.0
2025-12-15,41859810,龙岩,naive_yesterday,40868711.0
2025-12-16,41618798,龙岩,naive_yesterday,41859810.0
2025-12-17,41141067,龙岩,naive_yesterday,41618798.0
2025-12-18,41202190,龙岩,naive_yesterday,41141067.0
2025-12-19,42163697,龙岩,naive_yesterday,41202190.0
2025-12-20,40773101,龙岩,naive_yesterday,42163697.0
2025-12-21,39647725,龙岩,naive_yesterday,40773101.0
2025-12-22,39846309,龙岩,naive_yesterday,39647725.0
2025-12-23,40807722,龙岩,naive_yesterday,39846309.0
2025-12-24,40823176,龙岩,naive_yesterday,40807722.0
2025-12-25,42012084,龙岩,naive_yesterday,40823176.0
2025-12-26,41008905,龙岩,naive_yesterday,42012084.0
2025-12-27,40189324,龙岩,naive_yesterday,41008905.0
2025-12-28,41311467,龙岩,naive_yesterday,40189324.0
2025-12-29,41691582,龙岩,naive_yesterday,41311467.0
2025-12-30,42397547,龙岩,naive_yesterday,41691582.0
2025-12-31,41213351,龙岩,naive_yesterday,42397547.0
2026-01-01,39016817,龙岩,naive_yesterday,41213351.0
2026-01-02,40578384,龙岩,naive_yesterday,39016817.0
2026-01-03,42754409,龙岩,naive_yesterday,40578384.0
2026-01-04,42709610,龙岩,naive_yesterday,42754409.0
2026-01-05,44061496,龙岩,naive_yesterday,42709610.0
2026-01-06,45987555,龙岩,naive_yesterday,44061496.0
2026-01-07,45530145,龙岩,naive_yesterday,45987555.0
2026-01-08,45298736,龙岩,naive_yesterday,45530145.0
2026-01-09,45272953,龙岩,naive_yesterday,45298736.0
2025-10-01,40663639,龙岩,seasonal_week,41228997.0
2025-10-02,41043981,龙岩,seasonal_week,41453891.0
2025-10-03,41189314,龙岩,seasonal_week,41880764.0
2025-10-04,41984481,龙岩,seasonal_week,42638826.0
2025-10-05,41660047,龙岩,seasonal_week,43148855.0
2025-10-06,38654295,龙岩,seasonal_week,43891019.0
2025-10-07,42128821,龙岩,seasonal_week,43356547.0
2025-10-08,43196011,龙岩,seasonal_week,40663639.0
2025-10-09,44146502,龙岩,seasonal_week,41043981.0
2025-10-10,43209295,龙岩,seasonal_week,41189314.0
2025-10-11,43869412,龙岩,seasonal_week,41984481.0
2025-10-12,43711266,龙岩,seasonal_week,41660047.0
2025-10-13,44210832,龙岩,seasonal_week,38654295.0
2025-10-14,43625194,龙岩,seasonal_week,42128821.0
2025-10-15,42997839,龙岩,seasonal_week,43196011.0
2025-10-16,43895516,龙岩,seasonal_week,44146502.0
2025-10-17,43521191,龙岩,seasonal_week,43209295.0
2025-10-18,43387307,龙岩,seasonal_week,43869412.0
2025-10-19,41587207,龙岩,seasonal_week,43711266.0
2025-10-20,40301545,龙岩,seasonal_week,44210832.0
2025-10-21,40002436,龙岩,seasonal_week,43625194.0
2025-10-22,40417693,龙岩,seasonal_week,42997839.0
2025-10-23,40112325,龙岩,seasonal_week,43895516.0
2025-10-24,39952949,龙岩,seasonal_week,43521191.0
2025-10-25,40064044,龙岩,seasonal_week,43387307.0
2025-10-26,39682821,龙岩,seasonal_week,41587207.0
2025-10-27,39417433,龙岩,seasonal_week,40301545.0
2025-10-28,40188860,龙岩,seasonal_week,40002436.0
2025-10-29,39564480,龙岩,seasonal_week,40417693.0
2025-10-30,38733969,龙岩,seasonal_week,40112325.0
2025-10-31,39569946,龙岩,seasonal_week,39952949.0
2025-11-01,38803368,龙岩,seasonal_week,40064044.0
2025-11-02,38113966,龙岩,seasonal_week,39682821.0
2025-11-03,39754744,龙岩,seasonal_week,39417433.0
2025-11-04,40235936,龙岩,seasonal_week,40188860.0
2025-11-05,39337765,龙岩,seasonal_week,39564480.0
2025-11-06,37856284,龙岩,seasonal_week,38733969.0
2025-11-07,38900338,龙岩,seasonal_week,39569946.0
2025-11-08,39861420,龙岩,seasonal_week,38803368.0
2025-11-09,39404380,龙岩,seasonal_week,38113966.0
2025-11-10,39674112,龙岩,seasonal_week,39754744.0
2025-11-11,39716015,龙岩,seasonal_week,40235936.0
2025-11-12,39789589,龙岩,seasonal_week,39337765.0
2025-11-13,40173516,龙岩,seasonal_week,37856284.0
2025-11-14,39612827,龙岩,seasonal_week,38900338.0
2025-11-15,39129645,龙岩,seasonal_week,39861420.0
2025-11-16,38023576,龙岩,seasonal_week,39404380.0
2025-11-17,38804344,龙岩,seasonal_week,39674112.0
2025-11-18,40582147,龙岩,seasonal_week,39716015.0
2025-11-19,40984390,龙岩,seasonal_week,39789589.0
2025-11-20,40905068,龙岩,seasonal_week,40173516.0
2025-11-21,39861284,龙岩,seasonal_week,39612827.0
2025-11-22,40114181,龙岩,seasonal_week,39129645.0
2025-11-23,39714318,龙岩,seasonal_week,38023576.0
2025-11-24,39613510,龙岩,seasonal_week,38804344.0
2025-11-25,39389928,龙岩,seasonal_week,40582147.0
2025-11-26,40771918,龙岩,seasonal_week,40984390.0
2025-11-27,42024010,龙岩,seasonal_week,40905068.0
2025-11-28,41834447,龙岩,seasonal_week,39861284.0
2025-11-29,41686871,龙岩,seasonal_week,40114181.0
2025-11-30,40272260,龙岩,seasonal_week,39714318.0
2025-12-01,39901849,龙岩,seasonal_week,39613510.0
2025-12-02,40167146,龙岩,seasonal_week,39389928.0
2025-12-03,40589814,龙岩,seasonal_week,40771918.0
2025-12-04,41308379,龙岩,seasonal_week,42024010.0
2025-12-05,41738421,龙岩,seasonal_week,41834447.0
2025-12-06,40754367,龙岩,seasonal_week,41686871.0
2025-12-07,40293802,龙岩,seasonal_week,40272260.0
2025-12-08,40079957,龙岩,seasonal_week,39901849.0
2025-12-09,40486349,龙岩,seasonal_week,40167146.0
2025-12-10,40401673,龙岩,seasonal_week,40589814.0
2025-12-11,40700830,龙岩,seasonal_week,41308379.0
2025-12-12,40734349,龙岩,seasonal_week,41738421.0
2025-12-13,41603972,龙岩,seasonal_week,40754367.0
2025-12-14,40868711,龙岩,seasonal_week,40293802.0
2025-12-15,41859810,龙岩,seasonal_week,40079957.0
2025-12-16,41618798,龙岩,seasonal_week,40486349.0
2025-12-17,41141067,龙岩,seasonal_week,40401673.0
2025-12-18,41202190,龙岩,seasonal_week,40700830.0
2025-12-19,42163697,龙岩,seasonal_week,40734349.0
2025-12-20,40773101,龙岩,seasonal_week,41603972.0
2025-12-21,39647725,龙岩,seasonal_week,40868711.0
2025-12-22,39846309,龙岩,seasonal_week,41859810.0
2025-12-23,40807722,龙岩,seasonal_week,41618798.0
2025-12-24,40823176,龙岩,seasonal_week,41141067.0
2025-12-25,42012084,龙岩,seasonal_week,41202190.0
2025-12-26,41008905,龙岩,seasonal_week,42163697.0
2025-12-27,40189324,龙岩,seasonal_week,40773101.0
2025-12-28,41311467,龙岩,seasonal_week,39647725.0
2025-12-29,41691582,龙岩,seasonal_week,39846309.0
2025-12-30,42397547,龙岩,seasonal_week,40807722.0
2025-12-31,41213351,龙岩,seasonal_week,40823176.0
2026-01-01,39016817,龙岩,seasonal_week,42012084.0
2026-01-02,40578384,龙岩,seasonal_week,41008905.0
2026-01-03,42754409,龙岩,seasonal_week,40189324.0
2026-01-04,42709610,龙岩,seasonal_week,41311467.0
2026-01-05,44061496,龙岩,seasonal_week,41691582.0
2026-01-06,45987555,龙岩,seasonal_week,42397547.0
2026-01-07,45530145,龙岩,seasonal_week,41213351.0
2026-01-08,45298736,龙岩,seasonal_week,39016817.0
2026-01-09,45272953,龙岩,seasonal_week,40578384.0
2025-10-01,40663639,龙岩,rolling7,42514128.428571425
2025-10-02,41043981,龙岩,rolling7,42433363.0
2025-10-03,41189314,龙岩,rolling7,42374804.428571425
2025-10-04,41984481,龙岩,rolling7,42276025.85714286
2025-10-05,41660047,龙岩,rolling7,42182548.0
2025-10-06,38654295,龙岩,rolling7,41969861.14285714
2025-10-07,42128821,龙岩,rolling7,41221757.71428572
2025-10-08,43196011,龙岩,rolling7,41046368.28571428
2025-10-09,44146502,龙岩,rolling7,41408135.71428572
2025-10-10,43209295,龙岩,rolling7,41851353.0
2025-10-11,43869412,龙岩,rolling7,42139921.71428572
2025-10-12,43711266,龙岩,rolling7,42409197.571428575
2025-10-13,44210832,龙岩,rolling7,42702228.85714286
2025-10-14,43625194,龙岩,rolling7,43496019.85714286
2025-10-15,42997839,龙岩,rolling7,43709787.428571425
2025-10-16,43895516,龙岩,rolling7,43681477.14285714
2025-10-17,43521191,龙岩,rolling7,43645622.0
2025-10-18,43387307,龙岩,rolling7,43690178.571428575
2025-10-19,41587207,龙岩,rolling7,43621306.428571425
2025-10-20,40301545,龙岩,rolling7,43317869.428571425
2025-10-21,40002436,龙岩,rolling7,42759399.85714286
2025-10-22,40417693,龙岩,rolling7,42241863.0
2025-10-23,40112325,龙岩,rolling7,41873270.71428572
2025-10-24,39952949,龙岩,rolling7,41332814.85714286
2025-10-25,40064044,龙岩,rolling7,40823066.0
2025-10-26,39682821,龙岩,rolling7,40348314.14285714
2025-10-27,39417433,龙岩,rolling7,40076259.0
2025-10-28,40188860,龙岩,rolling7,39949957.28571428
2025-10-29,39564480,龙岩,rolling7,39976589.28571428
2025-10-30,38733969,龙岩,rolling7,39854701.71428572
2025-10-31,39569946,龙岩,rolling7,39657793.71428572
2025-11-01,38803368,龙岩,rolling7,39603079.0
2025-11-02,38113966,龙岩,rolling7,39422982.428571425
2025-11-03,39754744,龙岩,rolling7,39198860.28571428
2025-11-04,40235936,龙岩,rolling7,39247047.571428575
2025-11-05,39337765,龙岩,rolling7,39253772.71428572
2025-11-06,37856284,龙岩,rolling7,39221384.85714286
2025-11-07,38900338,龙岩,rolling7,39096001.28571428
2025-11-08,39861420,龙岩,rolling7,39000343.0
2025-11-09,39404380,龙岩,rolling7,39151493.28571428
2025-11-10,39674112,龙岩,rolling7,39335838.14285714
2025-11-11,39716015,龙岩,rolling7,39324319.28571428
2025-11-12,39789589,龙岩,rolling7,39250044.85714286
2025-11-13,40173516,龙岩,rolling7,39314591.14285714
2025-11-14,39612827,龙岩,rolling7,39645624.28571428
2025-11-15,39129645,龙岩,rolling7,39747408.428571425
2025-11-16,38023576,龙岩,rolling7,39642869.14285714
2025-11-17,38804344,龙岩,rolling7,39445611.428571425
2025-11-18,40582147,龙岩,rolling7,39321358.85714286
2025-11-19,40984390,龙岩,rolling7,39445092.0
2025-11-20,40905068,龙岩,rolling7,39615777.85714286
2025-11-21,39861284,龙岩,rolling7,39720285.28571428
2025-11-22,40114181,龙岩,rolling7,39755779.14285714
2025-11-23,39714318,龙岩,rolling7,39896427.14285714
2025-11-24,39613510,龙岩,rolling7,40137961.71428572
2025-11-25,39389928,龙岩,rolling7,40253556.85714286
2025-11-26,40771918,龙岩,rolling7,40083239.85714286
2025-11-27,42024010,龙岩,rolling7,40052886.71428572
2025-11-28,41834447,龙岩,rolling7,40212735.571428575
2025-11-29,41686871,龙岩,rolling7,40494616.0
2025-11-30,40272260,龙岩,rolling7,40719286.0
2025-12-01,39901849,龙岩,rolling7,40798992.0
2025-12-02,40167146,龙岩,rolling7,40840183.28571428
2025-12-03,40589814,龙岩,rolling7,40951214.428571425
2025-12-04,41308379,龙岩,rolling7,40925199.571428575
2025-12-05,41738421,龙岩,rolling7,40822966.571428575
2025-12-06,40754367,龙岩,rolling7,40809248.571428575
2025-12-07,40293802,龙岩,rolling7,40676033.71428572
2025-12-08,40079957,龙岩,rolling7,40679111.14285714
2025-12-09,40486349,龙岩,rolling7,40704555.14285714
2025-12-10,40401673,龙岩,rolling7,40750155.571428575
2025-12-11,40700830,龙岩,rolling7,40723278.28571428
2025-12-12,40734349,龙岩,rolling7,40636485.571428575
2025-12-13,41603972,龙岩,rolling7,40493046.71428572
2025-12-14,40868711,龙岩,rolling7,40614418.85714286
2025-12-15,41859810,龙岩,rolling7,40696548.71428572
2025-12-16,41618798,龙岩,rolling7,40950813.428571425
2025-12-17,41141067,龙岩,rolling7,41112591.85714286
2025-12-18,41202190,龙岩,rolling7,41218219.571428575
2025-12-19,42163697,龙岩,rolling7,41289842.428571425
2025-12-20,40773101,龙岩,rolling7,41494035.0
2025-12-21,39647725,龙岩,rolling7,41375339.14285714
2025-12-22,39846309,龙岩,rolling7,41200912.571428575
2025-12-23,40807722,龙岩,rolling7,40913269.571428575
2025-12-24,40823176,龙岩,rolling7,40797401.571428575
2025-12-25,42012084,龙岩,rolling7,40751988.571428575
2025-12-26,41008905,龙岩,rolling7,40867687.71428572
2025-12-27,40189324,龙岩,rolling7,40702717.428571425
2025-12-28,41311467,龙岩,rolling7,40619320.71428572
2025-12-29,41691582,龙岩,rolling7,40856998.14285714
2025-12-30,42397547,龙岩,rolling7,41120608.571428575
2025-12-31,41213351,龙岩,rolling7,41347726.428571425
2026-01-01,39016817,龙岩,rolling7,41403465.71428572
2026-01-02,40578384,龙岩,rolling7,40975570.428571425
2026-01-03,42754409,龙岩,rolling7,40914067.428571425
2026-01-04,42709610,龙岩,rolling7,41280508.14285714
2026-01-05,44061496,龙岩,rolling7,41480242.85714286
2026-01-06,45987555,龙岩,rolling7,41818802.0
2026-01-07,45530145,龙岩,rolling7,42331660.28571428
2026-01-08,45298736,龙岩,rolling7,42948345.14285714
2026-01-09,45272953,龙岩,rolling7,43845762.14285714
2025-10-01,40663639,龙岩,ridge_own_lags_calendar,42925022.32526783
2025-10-02,41043981,龙岩,ridge_own_lags_calendar,40353626.834468886
2025-10-03,41189314,龙岩,ridge_own_lags_calendar,41256804.92886504
2025-10-04,41984481,龙岩,ridge_own_lags_calendar,41062199.16765056
2025-10-05,41660047,龙岩,ridge_own_lags_calendar,41609445.84510902
2025-10-06,38654295,龙岩,ridge_own_lags_calendar,42012065.11717669
2025-10-07,42128821,龙岩,ridge_own_lags_calendar,38825032.40901101
2025-10-08,43196011,龙岩,ridge_own_lags_calendar,42116474.942029625
2025-10-09,44146502,龙岩,ridge_own_lags_calendar,43174085.24135653
2025-10-10,43209295,龙岩,ridge_own_lags_calendar,44198269.28449164
2025-10-11,43869412,龙岩,ridge_own_lags_calendar,42684860.240894645
2025-10-12,43711266,龙岩,ridge_own_lags_calendar,43124907.15881721
2025-10-13,44210832,龙岩,ridge_own_lags_calendar,43780721.30742891
2025-10-14,43625194,龙岩,ridge_own_lags_calendar,44102067.00879702
2025-10-15,42997839,龙岩,ridge_own_lags_calendar,43378681.613245055
2025-10-16,43895516,龙岩,ridge_own_lags_calendar,42813690.57630398
2025-10-17,43521191,龙岩,ridge_own_lags_calendar,44064341.06072198
2025-10-18,43387307,龙岩,ridge_own_lags_calendar,43150325.825648956
2025-10-19,41587207,龙岩,ridge_own_lags_calendar,42790562.47853299
2025-10-20,40301545,龙岩,ridge_own_lags_calendar,41913117.060353376
2025-10-21,40002436,龙岩,ridge_own_lags_calendar,40450419.521095164
2025-10-22,40417693,龙岩,ridge_own_lags_calendar,40058437.48507485
2025-10-23,40112325,龙岩,ridge_own_lags_calendar,40526401.436569564
2025-10-24,39952949,龙岩,ridge_own_lags_calendar,40506780.3492244
2025-10-25,40064044,龙岩,ridge_own_lags_calendar,39776465.58475894
2025-10-26,39682821,龙岩,ridge_own_lags_calendar,39659114.9937348
2025-10-27,39417433,龙岩,ridge_own_lags_calendar,40035004.37906685
2025-10-28,40188860,龙岩,ridge_own_lags_calendar,39570133.01410579
2025-10-29,39564480,龙岩,ridge_own_lags_calendar,40088142.62386312
2025-10-30,38733969,龙岩,ridge_own_lags_calendar,39494707.40547194
2025-10-31,39569946,龙岩,ridge_own_lags_calendar,39026978.600234695
2025-11-01,38803368,龙岩,ridge_own_lags_calendar,39402938.34528746
2025-11-02,38113966,龙岩,ridge_own_lags_calendar,38500701.42425116
2025-11-03,39754744,龙岩,ridge_own_lags_calendar,38626273.23701466
2025-11-04,40235936,龙岩,ridge_own_lags_calendar,40088125.2880778
2025-11-05,39337765,龙岩,ridge_own_lags_calendar,40264493.778974935
2025-11-06,37856284,龙岩,ridge_own_lags_calendar,39352869.209710136
2025-11-07,38900338,龙岩,ridge_own_lags_calendar,38291724.37179803
2025-11-08,39861420,龙岩,ridge_own_lags_calendar,38890961.129942
2025-11-09,39404380,龙岩,ridge_own_lags_calendar,39648133.89733641
2025-11-10,39674112,龙岩,ridge_own_lags_calendar,39892053.150145054
2025-11-11,39716015,龙岩,ridge_own_lags_calendar,39869839.07829152
2025-11-12,39789589,龙岩,ridge_own_lags_calendar,39710614.81062516
2025-11-13,40173516,龙岩,ridge_own_lags_calendar,39862613.7022166
2025-11-14,39612827,龙岩,ridge_own_lags_calendar,40566922.97572883
2025-11-15,39129645,龙岩,ridge_own_lags_calendar,39526853.42449488
2025-11-16,38023576,龙岩,ridge_own_lags_calendar,38863080.71202874
2025-11-17,38804344,龙岩,ridge_own_lags_calendar,38555454.831312776
2025-11-18,40582147,龙岩,ridge_own_lags_calendar,39136698.82075468
2025-11-19,40984390,龙岩,ridge_own_lags_calendar,40647139.43138616
2025-11-20,40905068,龙岩,ridge_own_lags_calendar,40988080.71981355
2025-11-21,39861284,龙岩,ridge_own_lags_calendar,41105204.80620064
2025-11-22,40114181,龙岩,ridge_own_lags_calendar,39565251.79727745
2025-11-23,39714318,龙岩,ridge_own_lags_calendar,39681109.148522474
2025-11-24,39613510,龙岩,ridge_own_lags_calendar,40121414.20496755
2025-11-25,39389928,龙岩,ridge_own_lags_calendar,39824461.14908876
2025-11-26,40771918,龙岩,ridge_own_lags_calendar,39386005.07509065
2025-11-27,42024010,龙岩,ridge_own_lags_calendar,40768273.73534701
2025-11-28,41834447,龙岩,ridge_own_lags_calendar,42251779.08941315
2025-11-29,41686871,龙岩,ridge_own_lags_calendar,41450006.01225704
2025-11-30,40272260,龙岩,ridge_own_lags_calendar,41099206.758673005
2025-12-01,39901849,龙岩,ridge_own_lags_calendar,40532708.711637534
2025-12-02,40167146,龙岩,ridge_own_lags_calendar,40010778.98615236
2025-12-03,40589814,龙岩,ridge_own_lags_calendar,40144009.87232454
2025-12-04,41308379,龙岩,ridge_own_lags_calendar,40601431.44303805
2025-12-05,41738421,龙岩,ridge_own_lags_calendar,41590952.34796157
2025-12-06,40754367,龙岩,ridge_own_lags_calendar,41413967.22512227
2025-12-07,40293802,龙岩,ridge_own_lags_calendar,40216329.72190603
2025-12-08,40079957,龙岩,ridge_own_lags_calendar,40603702.89342033
2025-12-09,40486349,龙岩,ridge_own_lags_calendar,40251010.81020986
2025-12-10,40401673,龙岩,ridge_own_lags_calendar,40427327.34742977
2025-12-11,40700830,龙岩,ridge_own_lags_calendar,40360131.0174945
2025-12-12,40734349,龙岩,ridge_own_lags_calendar,40956217.81871241
2025-12-13,41603972,龙岩,ridge_own_lags_calendar,40457160.245937556
2025-12-14,40868711,龙岩,ridge_own_lags_calendar,41093999.06038983
2025-12-15,41859810,龙岩,ridge_own_lags_calendar,41136297.41144755
2025-12-16,41618798,龙岩,ridge_own_lags_calendar,41871763.79182776
2025-12-17,41141067,龙岩,ridge_own_lags_calendar,41405793.06316896
2025-12-18,41202190,龙岩,ridge_own_lags_calendar,40966080.41860409
2025-12-19,42163697,龙岩,ridge_own_lags_calendar,41392192.09367552
2025-12-20,40773101,龙岩,ridge_own_lags_calendar,41859355.78088136
2025-12-21,39647725,龙岩,ridge_own_lags_calendar,40243112.136644065
2025-12-22,39846309,龙岩,ridge_own_lags_calendar,39959223.44278761
2025-12-23,40807722,龙岩,ridge_own_lags_calendar,40020133.10913065
2025-12-24,40823176,龙岩,ridge_own_lags_calendar,40754996.50052634
2025-12-25,42012084,龙岩,ridge_own_lags_calendar,40742098.500738114
2025-12-26,41008905,龙岩,ridge_own_lags_calendar,42123420.90706909
2025-12-27,40189324,龙岩,ridge_own_lags_calendar,40562234.52177569
2025-12-28,41311467,龙岩,ridge_own_lags_calendar,39578134.22270171
2025-12-29,41691582,龙岩,ridge_own_lags_calendar,41524983.33981404
2025-12-30,42397547,龙岩,ridge_own_lags_calendar,41655660.78077924
2025-12-31,41213351,龙岩,ridge_own_lags_calendar,42053587.42354694
2026-01-01,39016817,龙岩,ridge_own_lags_calendar,40881429.69366673
2026-01-02,40578384,龙岩,ridge_own_lags_calendar,39129731.462894
2026-01-03,42754409,龙岩,ridge_own_lags_calendar,40340588.797688104
2026-01-04,42709610,龙岩,ridge_own_lags_calendar,42286698.59986288
2026-01-05,44061496,龙岩,ridge_own_lags_calendar,42822151.09344545
2026-01-06,45987555,龙岩,ridge_own_lags_calendar,43780960.343199395
2026-01-07,45530145,龙岩,ridge_own_lags_calendar,45363446.836354494
2026-01-08,45298736,龙岩,ridge_own_lags_calendar,44854813.75362998
2026-01-09,45272953,龙岩,ridge_own_lags_calendar,44997908.41153613
2025-10-01,46040897,三明,naive_yesterday,47613212.0
2025-10-02,45359782,三明,naive_yesterday,46040897.0
2025-10-03,45215083,三明,naive_yesterday,45359782.0
2025-10-04,45819600,三明,naive_yesterday,45215083.0
2025-10-05,46526840,三明,naive_yesterday,45819600.0
2025-10-06,44571611,三明,naive_yesterday,46526840.0
2025-10-07,45823534,三明,naive_yesterday,44571611.0
2025-10-08,47715160,三明,naive_yesterday,45823534.0
2025-10-09,47248782,三明,naive_yesterday,47715160.0
2025-10-10,47084239,三明,naive_yesterday,47248782.0
2025-10-11,46560396,三明,naive_yesterday,47084239.0
2025-10-12,46266962,三明,naive_yesterday,46560396.0
2025-10-13,46191238,三明,naive_yesterday,46266962.0
2025-10-14,45461668,三明,naive_yesterday,46191238.0
2025-10-15,46733397,三明,naive_yesterday,45461668.0
2025-10-16,45778499,三明,naive_yesterday,46733397.0
2025-10-17,45641024,三明,naive_yesterday,45778499.0
2025-10-18,44604790,三明,naive_yesterday,45641024.0
2025-10-19,43986927,三明,naive_yesterday,44604790.0
2025-10-20,42582866,三明,naive_yesterday,43986927.0
2025-10-21,42016155,三明,naive_yesterday,42582866.0
2025-10-22,42923848,三明,naive_yesterday,42016155.0
2025-10-23,41571784,三明,naive_yesterday,42923848.0
2025-10-24,42363387,三明,naive_yesterday,41571784.0
2025-10-25,41730612,三明,naive_yesterday,42363387.0
2025-10-26,42174331,三明,naive_yesterday,41730612.0
2025-10-27,42398559,三明,naive_yesterday,42174331.0
2025-10-28,43232331,三明,naive_yesterday,42398559.0
2025-10-29,42505779,三明,naive_yesterday,43232331.0
2025-10-30,42455166,三明,naive_yesterday,42505779.0
2025-10-31,42721664,三明,naive_yesterday,42455166.0
2025-11-01,40936125,三明,naive_yesterday,42721664.0
2025-11-02,40378112,三明,naive_yesterday,40936125.0
2025-11-03,41665705,三明,naive_yesterday,40378112.0
2025-11-04,42067366,三明,naive_yesterday,41665705.0
2025-11-05,42071900,三明,naive_yesterday,42067366.0
2025-11-06,41183721,三明,naive_yesterday,42071900.0
2025-11-07,40976159,三明,naive_yesterday,41183721.0
2025-11-08,42027395,三明,naive_yesterday,40976159.0
2025-11-09,40990468,三明,naive_yesterday,42027395.0
2025-11-10,42077912,三明,naive_yesterday,40990468.0
2025-11-11,42645936,三明,naive_yesterday,42077912.0
2025-11-12,42567607,三明,naive_yesterday,42645936.0
2025-11-13,42318617,三明,naive_yesterday,42567607.0
2025-11-14,41828184,三明,naive_yesterday,42318617.0
2025-11-15,40750287,三明,naive_yesterday,41828184.0
2025-11-16,40299170,三明,naive_yesterday,40750287.0
2025-11-17,41256606,三明,naive_yesterday,40299170.0
2025-11-18,42936068,三明,naive_yesterday,41256606.0
2025-11-19,42467540,三明,naive_yesterday,42936068.0
2025-11-20,43309694,三明,naive_yesterday,42467540.0
2025-11-21,42924509,三明,naive_yesterday,43309694.0
2025-11-22,42425666,三明,naive_yesterday,42924509.0
2025-11-23,41495057,三明,naive_yesterday,42425666.0
2025-11-24,41503670,三明,naive_yesterday,41495057.0
2025-11-25,42254694,三明,naive_yesterday,41503670.0
2025-11-26,42909317,三明,naive_yesterday,42254694.0
2025-11-27,44396683,三明,naive_yesterday,42909317.0
2025-11-28,44308976,三明,naive_yesterday,44396683.0
2025-11-29,43288651,三明,naive_yesterday,44308976.0
2025-11-30,42488114,三明,naive_yesterday,43288651.0
2025-12-01,42337489,三明,naive_yesterday,42488114.0
2025-12-02,43210490,三明,naive_yesterday,42337489.0
2025-12-03,43155585,三明,naive_yesterday,43210490.0
2025-12-04,43847198,三明,naive_yesterday,43155585.0
2025-12-05,44889054,三明,naive_yesterday,43847198.0
2025-12-06,44015638,三明,naive_yesterday,44889054.0
2025-12-07,44193828,三明,naive_yesterday,44015638.0
2025-12-08,44523925,三明,naive_yesterday,44193828.0
2025-12-09,44465307,三明,naive_yesterday,44523925.0
2025-12-10,44331630,三明,naive_yesterday,44465307.0
2025-12-11,44517095,三明,naive_yesterday,44331630.0
2025-12-12,45390652,三明,naive_yesterday,44517095.0
2025-12-13,45346181,三明,naive_yesterday,45390652.0
2025-12-14,45017188,三明,naive_yesterday,45346181.0
2025-12-15,45969191,三明,naive_yesterday,45017188.0
2025-12-16,45365510,三明,naive_yesterday,45969191.0
2025-12-17,45060928,三明,naive_yesterday,45365510.0
2025-12-18,44637582,三明,naive_yesterday,45060928.0
2025-12-19,44837516,三明,naive_yesterday,44637582.0
2025-12-20,44325238,三明,naive_yesterday,44837516.0
2025-12-21,43361762,三明,naive_yesterday,44325238.0
2025-12-22,44103259,三明,naive_yesterday,43361762.0
2025-12-23,43868473,三明,naive_yesterday,44103259.0
2025-12-24,44762504,三明,naive_yesterday,43868473.0
2025-12-25,45603581,三明,naive_yesterday,44762504.0
2025-12-26,45843168,三明,naive_yesterday,45603581.0
2025-12-27,45560255,三明,naive_yesterday,45843168.0
2025-12-28,45574657,三明,naive_yesterday,45560255.0
2025-12-29,45142211,三明,naive_yesterday,45574657.0
2025-12-30,45097376,三明,naive_yesterday,45142211.0
2025-12-31,44271695,三明,naive_yesterday,45097376.0
2026-01-01,42690689,三明,naive_yesterday,44271695.0
2026-01-02,43131954,三明,naive_yesterday,42690689.0
2026-01-03,45206967,三明,naive_yesterday,43131954.0
2026-01-04,45575383,三明,naive_yesterday,45206967.0
2026-01-05,47112024,三明,naive_yesterday,45575383.0
2026-01-06,48651929,三明,naive_yesterday,47112024.0
2026-01-07,47829222,三明,naive_yesterday,48651929.0
2026-01-08,48233043,三明,naive_yesterday,47829222.0
2026-01-09,48410694,三明,naive_yesterday,48233043.0
2025-10-01,46040897,三明,seasonal_week,45532242.0
2025-10-02,45359782,三明,seasonal_week,46068262.0
2025-10-03,45215083,三明,seasonal_week,46715774.0
2025-10-04,45819600,三明,seasonal_week,46171677.0
2025-10-05,46526840,三明,seasonal_week,47238647.0
2025-10-06,44571611,三明,seasonal_week,47413318.0
2025-10-07,45823534,三明,seasonal_week,47613212.0
2025-10-08,47715160,三明,seasonal_week,46040897.0
2025-10-09,47248782,三明,seasonal_week,45359782.0
2025-10-10,47084239,三明,seasonal_week,45215083.0
2025-10-11,46560396,三明,seasonal_week,45819600.0
2025-10-12,46266962,三明,seasonal_week,46526840.0
2025-10-13,46191238,三明,seasonal_week,44571611.0
2025-10-14,45461668,三明,seasonal_week,45823534.0
2025-10-15,46733397,三明,seasonal_week,47715160.0
2025-10-16,45778499,三明,seasonal_week,47248782.0
2025-10-17,45641024,三明,seasonal_week,47084239.0
2025-10-18,44604790,三明,seasonal_week,46560396.0
2025-10-19,43986927,三明,seasonal_week,46266962.0
2025-10-20,42582866,三明,seasonal_week,46191238.0
2025-10-21,42016155,三明,seasonal_week,45461668.0
2025-10-22,42923848,三明,seasonal_week,46733397.0
2025-10-23,41571784,三明,seasonal_week,45778499.0
2025-10-24,42363387,三明,seasonal_week,45641024.0
2025-10-25,41730612,三明,seasonal_week,44604790.0
2025-10-26,42174331,三明,seasonal_week,43986927.0
2025-10-27,42398559,三明,seasonal_week,42582866.0
2025-10-28,43232331,三明,seasonal_week,42016155.0
2025-10-29,42505779,三明,seasonal_week,42923848.0
2025-10-30,42455166,三明,seasonal_week,41571784.0
2025-10-31,42721664,三明,seasonal_week,42363387.0
2025-11-01,40936125,三明,seasonal_week,41730612.0
2025-11-02,40378112,三明,seasonal_week,42174331.0
2025-11-03,41665705,三明,seasonal_week,42398559.0
2025-11-04,42067366,三明,seasonal_week,43232331.0
2025-11-05,42071900,三明,seasonal_week,42505779.0
2025-11-06,41183721,三明,seasonal_week,42455166.0
2025-11-07,40976159,三明,seasonal_week,42721664.0
2025-11-08,42027395,三明,seasonal_week,40936125.0
2025-11-09,40990468,三明,seasonal_week,40378112.0
2025-11-10,42077912,三明,seasonal_week,41665705.0
2025-11-11,42645936,三明,seasonal_week,42067366.0
2025-11-12,42567607,三明,seasonal_week,42071900.0
2025-11-13,42318617,三明,seasonal_week,41183721.0
2025-11-14,41828184,三明,seasonal_week,40976159.0
2025-11-15,40750287,三明,seasonal_week,42027395.0
2025-11-16,40299170,三明,seasonal_week,40990468.0
2025-11-17,41256606,三明,seasonal_week,42077912.0
2025-11-18,42936068,三明,seasonal_week,42645936.0
2025-11-19,42467540,三明,seasonal_week,42567607.0
2025-11-20,43309694,三明,seasonal_week,42318617.0
2025-11-21,42924509,三明,seasonal_week,41828184.0
2025-11-22,42425666,三明,seasonal_week,40750287.0
2025-11-23,41495057,三明,seasonal_week,40299170.0
2025-11-24,41503670,三明,seasonal_week,41256606.0
2025-11-25,42254694,三明,seasonal_week,42936068.0
2025-11-26,42909317,三明,seasonal_week,42467540.0
2025-11-27,44396683,三明,seasonal_week,43309694.0
2025-11-28,44308976,三明,seasonal_week,42924509.0
2025-11-29,43288651,三明,seasonal_week,42425666.0
2025-11-30,42488114,三明,seasonal_week,41495057.0
2025-12-01,42337489,三明,seasonal_week,41503670.0
2025-12-02,43210490,三明,seasonal_week,42254694.0
2025-12-03,43155585,三明,seasonal_week,42909317.0
2025-12-04,43847198,三明,seasonal_week,44396683.0
2025-12-05,44889054,三明,seasonal_week,44308976.0
2025-12-06,44015638,三明,seasonal_week,43288651.0
2025-12-07,44193828,三明,seasonal_week,42488114.0
2025-12-08,44523925,三明,seasonal_week,42337489.0
2025-12-09,44465307,三明,seasonal_week,43210490.0
2025-12-10,44331630,三明,seasonal_week,43155585.0
2025-12-11,44517095,三明,seasonal_week,43847198.0
2025-12-12,45390652,三明,seasonal_week,44889054.0
2025-12-13,45346181,三明,seasonal_week,44015638.0
2025-12-14,45017188,三明,seasonal_week,44193828.0
2025-12-15,45969191,三明,seasonal_week,44523925.0
2025-12-16,45365510,三明,seasonal_week,44465307.0
2025-12-17,45060928,三明,seasonal_week,44331630.0
2025-12-18,44637582,三明,seasonal_week,44517095.0
2025-12-19,44837516,三明,seasonal_week,45390652.0
2025-12-20,44325238,三明,seasonal_week,45346181.0
2025-12-21,43361762,三明,seasonal_week,45017188.0
2025-12-22,44103259,三明,seasonal_week,45969191.0
2025-12-23,43868473,三明,seasonal_week,45365510.0
2025-12-24,44762504,三明,seasonal_week,45060928.0
2025-12-25,45603581,三明,seasonal_week,44637582.0
2025-12-26,45843168,三明,seasonal_week,44837516.0
2025-12-27,45560255,三明,seasonal_week,44325238.0
2025-12-28,45574657,三明,seasonal_week,43361762.0
2025-12-29,45142211,三明,seasonal_week,44103259.0
2025-12-30,45097376,三明,seasonal_week,43868473.0
2025-12-31,44271695,三明,seasonal_week,44762504.0
2026-01-01,42690689,三明,seasonal_week,45603581.0
2026-01-02,43131954,三明,seasonal_week,45843168.0
2026-01-03,45206967,三明,seasonal_week,45560255.0
2026-01-04,45575383,三明,seasonal_week,45574657.0
2026-01-05,47112024,三明,seasonal_week,45142211.0
2026-01-06,48651929,三明,seasonal_week,45097376.0
2026-01-07,47829222,三明,seasonal_week,44271695.0
2026-01-08,48233043,三明,seasonal_week,42690689.0
2026-01-09,48410694,三明,seasonal_week,43131954.0
2025-10-01,46040897,三明,rolling7,46679018.85714286
2025-10-02,45359782,三明,rolling7,46751683.85714286
2025-10-03,45215083,三明,rolling7,46650472.428571425
2025-10-04,45819600,三明,rolling7,46436088.0
2025-10-05,46526840,三明,rolling7,46385791.28571428
2025-10-06,44571611,三明,rolling7,46284104.571428575
2025-10-07,45823534,三明,rolling7,45878146.428571425
2025-10-08,47715160,三明,rolling7,45622478.14285714
2025-10-09,47248782,三明,rolling7,45861658.571428575
2025-10-10,47084239,三明,rolling7,46131515.71428572
2025-10-11,46560396,三明,rolling7,46398538.0
2025-10-12,46266962,三明,rolling7,46504366.0
2025-10-13,46191238,三明,rolling7,46467240.571428575
2025-10-14,45461668,三明,rolling7,46698615.85714286
2025-10-15,46733397,三明,rolling7,46646920.71428572
2025-10-16,45778499,三明,rolling7,46506668.85714286
2025-10-17,45641024,三明,rolling7,46296628.428571425
2025-10-18,44604790,三明,rolling7,46090454.85714286
2025-10-19,43986927,三明,rolling7,45811082.571428575
2025-10-20,42582866,三明,rolling7,45485363.28571428
2025-10-21,42016155,三明,rolling7,44969881.571428575
2025-10-22,42923848,三明,rolling7,44477665.428571425
2025-10-23,41571784,三明,rolling7,43933444.14285714
2025-10-24,42363387,三明,rolling7,43332484.85714286
2025-10-25,41730612,三明,rolling7,42864251.0
2025-10-26,42174331,三明,rolling7,42453654.14285714
2025-10-27,42398559,三明,rolling7,42194711.85714286
2025-10-28,43232331,三明,rolling7,42168382.28571428
2025-10-29,42505779,三明,rolling7,42342121.71428572
2025-10-30,42455166,三明,rolling7,42282397.571428575
2025-10-31,42721664,三明,rolling7,42408595.0
2025-11-01,40936125,三明,rolling7,42459777.428571425
2025-11-02,40378112,三明,rolling7,42346279.28571428
2025-11-03,41665705,三明,rolling7,42089676.571428575
2025-11-04,42067366,三明,rolling7,41984983.14285714
2025-11-05,42071900,三明,rolling7,41818559.571428575
2025-11-06,41183721,三明,rolling7,41756576.85714286
2025-11-07,40976159,三明,rolling7,41574941.85714286
2025-11-08,42027395,三明,rolling7,41325584.0
2025-11-09,40990468,三明,rolling7,41481479.71428572
2025-11-10,42077912,三明,rolling7,41568959.14285714
2025-11-11,42645936,三明,rolling7,41627845.85714286
2025-11-12,42567607,三明,rolling7,41710498.71428572
2025-11-13,42318617,三明,rolling7,41781314.0
2025-11-14,41828184,三明,rolling7,41943442.0
2025-11-15,40750287,三明,rolling7,42065159.85714286
2025-11-16,40299170,三明,rolling7,41882715.85714286
2025-11-17,41256606,三明,rolling7,41783959.0
2025-11-18,42936068,三明,rolling7,41666629.571428575
2025-11-19,42467540,三明,rolling7,41708077.0
2025-11-20,43309694,三明,rolling7,41693781.71428572
2025-11-21,42924509,三明,rolling7,41835364.14285714
2025-11-22,42425666,三明,rolling7,41991982.0
2025-11-23,41495057,三明,rolling7,42231321.85714286
2025-11-24,41503670,三明,rolling7,42402162.85714286
2025-11-25,42254694,三明,rolling7,42437457.71428572
2025-11-26,42909317,三明,rolling7,42340118.571428575
2025-11-27,44396683,三明,rolling7,42403229.571428575
2025-11-28,44308976,三明,rolling7,42558513.71428572
2025-11-29,43288651,三明,rolling7,42756294.71428572
2025-11-30,42488114,三明,rolling7,42879578.28571428
2025-12-01,42337489,三明,rolling7,43021443.571428575
2025-12-02,43210490,三明,rolling7,43140560.571428575
2025-12-03,43155585,三明,rolling7,43277102.85714286
2025-12-04,43847198,三明,rolling7,43312284.0
2025-12-05,44889054,三明,rolling7,43233786.14285714
2025-12-06,44015638,三明,rolling7,43316654.428571425
2025-12-07,44193828,三明,rolling7,43420509.71428572
2025-12-08,44523925,三明,rolling7,43664183.14285714
2025-12-09,44465307,三明,rolling7,43976531.14285714
2025-12-10,44331630,三明,rolling7,44155790.71428572
2025-12-11,44517095,三明,rolling7,44323797.14285714
2025-12-12,45390652,三明,rolling7,44419496.71428572
2025-12-13,45346181,三明,rolling7,44491153.571428575
2025-12-14,45017188,三明,rolling7,44681231.14285714
2025-12-15,45969191,三明,rolling7,44798854.0
2025-12-16,45365510,三明,rolling7,45005320.571428575
2025-12-17,45060928,三明,rolling7,45133921.0
2025-12-18,44637582,三明,rolling7,45238106.428571425
2025-12-19,44837516,三明,rolling7,45255318.85714286
2025-12-20,44325238,三明,rolling7,45176299.428571425
2025-12-21,43361762,三明,rolling7,45030450.428571425
2025-12-22,44103259,三明,rolling7,44793961.0
2025-12-23,43868473,三明,rolling7,44527399.28571428
2025-12-24,44762504,三明,rolling7,44313536.85714286
2025-12-25,45603581,三明,rolling7,44270904.85714286
2025-12-26,45843168,三明,rolling7,44408904.71428572
2025-12-27,45560255,三明,rolling7,44552569.28571428
2025-12-28,45574657,三明,rolling7,44729000.28571428
2025-12-29,45142211,三明,rolling7,45045128.14285714
2025-12-30,45097376,三明,rolling7,45193549.85714286
2025-12-31,44271695,三明,rolling7,45369107.428571425
2026-01-01,42690689,三明,rolling7,45298991.85714286
2026-01-02,43131954,三明,rolling7,44882864.428571425
2026-01-03,45206967,三明,rolling7,44495548.14285714
2026-01-04,45575383,三明,rolling7,44445078.428571425
2026-01-05,47112024,三明,rolling7,44445182.14285714
2026-01-06,48651929,三明,rolling7,44726584.0
2026-01-07,47829222,三明,rolling7,45234377.28571428
2026-01-08,48233043,三明,rolling7,45742595.428571425
2026-01-09,48410694,三明,rolling7,46534360.28571428
2025-10-01,46040897,三明,ridge_own_lags_calendar,47135106.9683141
2025-10-02,45359782,三明,ridge_own_lags_calendar,45840743.20396647
2025-10-03,45215083,三明,ridge_own_lags_calendar,45351484.45023861
2025-10-04,45819600,三明,ridge_own_lags_calendar,44945048.75311107
2025-10-05,46526840,三明,ridge_own_lags_calendar,45377561.29461004
2025-10-06,44571611,三明,ridge_own_lags_calendar,46628674.9487597
2025-10-07,45823534,三明,ridge_own_lags_calendar,44582102.72751223
2025-10-08,47715160,三明,ridge_own_lags_calendar,45411871.81342215
2025-10-09,47248782,三明,ridge_own_lags_calendar,47380486.38063241
2025-10-10,47084239,三明,ridge_own_lags_calendar,47167178.59496102
2025-10-11,46560396,三明,ridge_own_lags_calendar,46609349.912260175
2025-10-12,46266962,三明,ridge_own_lags_calendar,45998839.0444339
2025-10-13,46191238,三明,ridge_own_lags_calendar,46369981.357302345
2025-10-14,45461668,三明,ridge_own_lags_calendar,46043397.069348276
2025-10-15,46733397,三明,ridge_own_lags_calendar,45158333.64049947
2025-10-16,45778499,三明,ridge_own_lags_calendar,46432119.944354534
2025-10-17,45641024,三明,ridge_own_lags_calendar,45820196.9375231
2025-10-18,44604790,三明,ridge_own_lags_calendar,45248581.764614
2025-10-19,43986927,三明,ridge_own_lags_calendar,44203754.059205286
2025-10-20,42582866,三明,ridge_own_lags_calendar,44241831.2097142
2025-10-21,42016155,三明,ridge_own_lags_calendar,42680386.04683798
2025-10-22,42923848,三明,ridge_own_lags_calendar,41769879.308647096
2025-10-23,41571784,三明,ridge_own_lags_calendar,42741199.00796802
2025-10-24,42363387,三明,ridge_own_lags_calendar,41713045.933289506
2025-10-25,41730612,三明,ridge_own_lags_calendar,42009911.96224386
2025-10-26,42174331,三明,ridge_own_lags_calendar,41402730.00788278
2025-10-27,42398559,三明,ridge_own_lags_calendar,42379341.777054824
2025-10-28,43232331,三明,ridge_own_lags_calendar,42404602.45300686
2025-10-29,42505779,三明,ridge_own_lags_calendar,42854989.07868389
2025-10-30,42455166,三明,ridge_own_lags_calendar,42416189.62719601
2025-10-31,42721664,三明,ridge_own_lags_calendar,42493529.915984176
2025-11-01,40936125,三明,ridge_own_lags_calendar,42465667.48368659
2025-11-02,40378112,三明,ridge_own_lags_calendar,40768330.23327256
2025-11-03,41665705,三明,ridge_own_lags_calendar,40814655.50639367
2025-11-04,42067366,三明,ridge_own_lags_calendar,41749049.446014285
2025-11-05,42071900,三明,ridge_own_lags_calendar,41918514.31821352
2025-11-06,41183721,三明,ridge_own_lags_calendar,42064958.83798657
2025-11-07,40976159,三明,ridge_own_lags_calendar,41390106.15533218
2025-11-08,42027395,三明,ridge_own_lags_calendar,40885214.08966744
2025-11-09,40990468,三明,ridge_own_lags_calendar,41770508.66425695
2025-11-10,42077912,三明,ridge_own_lags_calendar,41446408.39914226
2025-11-11,42645936,三明,ridge_own_lags_calendar,42064176.99840451
2025-11-12,42567607,三明,ridge_own_lags_calendar,42444736.82832392
2025-11-13,42318617,三明,ridge_own_lags_calendar,42530323.84098227
2025-11-14,41828184,三明,ridge_own_lags_calendar,42477159.57031179
2025-11-15,40750287,三明,ridge_own_lags_calendar,41721792.595327504
2025-11-16,40299170,三明,ridge_own_lags_calendar,40673427.24438257
2025-11-17,41256606,三明,ridge_own_lags_calendar,40761742.92987738
2025-11-18,42936068,三明,ridge_own_lags_calendar,41348909.090926915
2025-11-19,42467540,三明,ridge_own_lags_calendar,42675989.09645596
2025-11-20,43309694,三明,ridge_own_lags_calendar,42444620.50216094
2025-11-21,42924509,三明,ridge_own_lags_calendar,43338082.26015812
2025-11-22,42425666,三明,ridge_own_lags_calendar,42700396.99470505
2025-11-23,41495057,三明,ridge_own_lags_calendar,42169226.42190425
2025-11-24,41503670,三明,ridge_own_lags_calendar,41883545.69955593
2025-11-25,42254694,三明,ridge_own_lags_calendar,41560632.43510048
2025-11-26,42909317,三明,ridge_own_lags_calendar,42034332.306259185
2025-11-27,44396683,三明,ridge_own_lags_calendar,42772879.51212928
2025-11-28,44308976,三明,ridge_own_lags_calendar,44324174.8208951
2025-11-29,43288651,三明,ridge_own_lags_calendar,43982718.060787976
2025-11-30,42488114,三明,ridge_own_lags_calendar,42960471.49024449
2025-12-01,42337489,三明,ridge_own_lags_calendar,42782754.38576266
2025-12-02,43210490,三明,ridge_own_lags_calendar,42336748.57694954
2025-12-03,43155585,三明,ridge_own_lags_calendar,42911104.35066383
2025-12-04,43847198,三明,ridge_own_lags_calendar,42962640.468086354
2025-12-05,44889054,三明,ridge_own_lags_calendar,43738370.22151607
2025-12-06,44015638,三明,ridge_own_lags_calendar,44405368.42233599
2025-12-07,44193828,三明,ridge_own_lags_calendar,43587860.90353516
2025-12-08,44523925,三明,ridge_own_lags_calendar,44307158.49023681
2025-12-09,44465307,三明,ridge_own_lags_calendar,44364598.96334694
2025-12-10,44331630,三明,ridge_own_lags_calendar,44071898.99117609
2025-12-11,44517095,三明,ridge_own_lags_calendar,44021745.69700149
2025-12-12,45390652,三明,ridge_own_lags_calendar,44349888.9014128
2025-12-13,45346181,三明,ridge_own_lags_calendar,44857498.49761643
2025-12-14,45017188,三明,ridge_own_lags_calendar,44765892.8720295
2025-12-15,45969191,三明,ridge_own_lags_calendar,45039765.19449716
2025-12-16,45365510,三明,ridge_own_lags_calendar,45620263.18015507
2025-12-17,45060928,三明,ridge_own_lags_calendar,44900847.53088842
2025-12-18,44637582,三明,ridge_own_lags_calendar,44693023.676091425
2025-12-19,44837516,三明,ridge_own_lags_calendar,44451553.091198176
2025-12-20,44325238,三明,ridge_own_lags_calendar,44300450.38786317
2025-12-21,43361762,三明,ridge_own_lags_calendar,43736627.88679423
2025-12-22,44103259,三明,ridge_own_lags_calendar,43385297.49531696
2025-12-23,43868473,三明,ridge_own_lags_calendar,43774753.13854284
2025-12-24,44762504,三明,ridge_own_lags_calendar,43360785.227699906
2025-12-25,45603581,三明,ridge_own_lags_calendar,44266559.69734138
2025-12-26,45843168,三明,ridge_own_lags_calendar,45219697.33445196
2025-12-27,45560255,三明,ridge_own_lags_calendar,45108966.722122945
2025-12-28,45574657,三明,ridge_own_lags_calendar,44787147.96432973
2025-12-29,45142211,三明,ridge_own_lags_calendar,45362105.91572126
2025-12-30,45097376,三明,ridge_own_lags_calendar,44771571.989440195
2025-12-31,44271695,三明,ridge_own_lags_calendar,44467782.19649859
2026-01-01,42690689,三明,ridge_own_lags_calendar,43839873.078909665
2026-01-02,43131954,三明,ridge_own_lags_calendar,42538657.10366678
2026-01-03,45206967,三明,ridge_own_lags_calendar,42565227.28253795
2026-01-04,45575383,三明,ridge_own_lags_calendar,44428341.650156334
2026-01-05,47112024,三明,ridge_own_lags_calendar,45404199.398888834
2026-01-06,48651929,三明,ridge_own_lags_calendar,46504422.49872034
2026-01-07,47829222,三明,ridge_own_lags_calendar,47720805.40535068
2026-01-08,48233043,三明,ridge_own_lags_calendar,47178653.0163766
2026-01-09,48410694,三明,ridge_own_lags_calendar,47695506.01899248
2025-10-01,41423167,南平,naive_yesterday,45036166.0
2025-10-02,42050576,南平,naive_yesterday,41423167.0
2025-10-03,43759318,南平,naive_yesterday,42050576.0
2025-10-04,45193121,南平,naive_yesterday,43759318.0
2025-10-05,45320065,南平,naive_yesterday,45193121.0
2025-10-06,41598491,南平,naive_yesterday,45320065.0
2025-10-07,44169206,南平,naive_yesterday,41598491.0
2025-10-08,45467126,南平,naive_yesterday,44169206.0
2025-10-09,45579411,南平,naive_yesterday,45467126.0
2025-10-10,44480662,南平,naive_yesterday,45579411.0
2025-10-11,43797637,南平,naive_yesterday,44480662.0
2025-10-12,43868691,南平,naive_yesterday,43797637.0
2025-10-13,44280646,南平,naive_yesterday,43868691.0
2025-10-14,42624027,南平,naive_yesterday,44280646.0
2025-10-15,43040097,南平,naive_yesterday,42624027.0
2025-10-16,43704415,南平,naive_yesterday,43040097.0
2025-10-17,43725372,南平,naive_yesterday,43704415.0
2025-10-18,43138771,南平,naive_yesterday,43725372.0
2025-10-19,40922147,南平,naive_yesterday,43138771.0
2025-10-20,37205685,南平,naive_yesterday,40922147.0
2025-10-21,35764976,南平,naive_yesterday,37205685.0
2025-10-22,35517234,南平,naive_yesterday,35764976.0
2025-10-23,35658201,南平,naive_yesterday,35517234.0
2025-10-24,36089233,南平,naive_yesterday,35658201.0
2025-10-25,35252055,南平,naive_yesterday,36089233.0
2025-10-26,35602317,南平,naive_yesterday,35252055.0
2025-10-27,35906875,南平,naive_yesterday,35602317.0
2025-10-28,35984620,南平,naive_yesterday,35906875.0
2025-10-29,35802086,南平,naive_yesterday,35984620.0
2025-10-30,36067374,南平,naive_yesterday,35802086.0
2025-10-31,35095939,南平,naive_yesterday,36067374.0
2025-11-01,33642574,南平,naive_yesterday,35095939.0
2025-11-02,34045183,南平,naive_yesterday,33642574.0
2025-11-03,35586536,南平,naive_yesterday,34045183.0
2025-11-04,36474985,南平,naive_yesterday,35586536.0
2025-11-05,37402078,南平,naive_yesterday,36474985.0
2025-11-06,37378511,南平,naive_yesterday,37402078.0
2025-11-07,38024332,南平,naive_yesterday,37378511.0
2025-11-08,37675983,南平,naive_yesterday,38024332.0
2025-11-09,37815158,南平,naive_yesterday,37675983.0
2025-11-10,37111858,南平,naive_yesterday,37815158.0
2025-11-11,37627202,南平,naive_yesterday,37111858.0
2025-11-12,37664799,南平,naive_yesterday,37627202.0
2025-11-13,37960405,南平,naive_yesterday,37664799.0
2025-11-14,37557859,南平,naive_yesterday,37960405.0
2025-11-15,36757671,南平,naive_yesterday,37557859.0
2025-11-16,36402915,南平,naive_yesterday,36757671.0
2025-11-17,37362833,南平,naive_yesterday,36402915.0
2025-11-18,38182176,南平,naive_yesterday,37362833.0
2025-11-19,38660318,南平,naive_yesterday,38182176.0
2025-11-20,39117434,南平,naive_yesterday,38660318.0
2025-11-21,39068561,南平,naive_yesterday,39117434.0
2025-11-22,38771564,南平,naive_yesterday,39068561.0
2025-11-23,38879745,南平,naive_yesterday,38771564.0
2025-11-24,38554832,南平,naive_yesterday,38879745.0
2025-11-25,38822959,南平,naive_yesterday,38554832.0
2025-11-26,39201072,南平,naive_yesterday,38822959.0
2025-11-27,39783093,南平,naive_yesterday,39201072.0
2025-11-28,39797222,南平,naive_yesterday,39783093.0
2025-11-29,39607159,南平,naive_yesterday,39797222.0
2025-11-30,38756867,南平,naive_yesterday,39607159.0
2025-12-01,37677782,南平,naive_yesterday,38756867.0
2025-12-02,38281979,南平,naive_yesterday,37677782.0
2025-12-03,39034806,南平,naive_yesterday,38281979.0
2025-12-04,39792018,南平,naive_yesterday,39034806.0
2025-12-05,40350030,南平,naive_yesterday,39792018.0
2025-12-06,39128640,南平,naive_yesterday,40350030.0
2025-12-07,39295949,南平,naive_yesterday,39128640.0
2025-12-08,39415318,南平,naive_yesterday,39295949.0
2025-12-09,39658160,南平,naive_yesterday,39415318.0
2025-12-10,39192616,南平,naive_yesterday,39658160.0
2025-12-11,39363070,南平,naive_yesterday,39192616.0
2025-12-12,38883006,南平,naive_yesterday,39363070.0
2025-12-13,39783627,南平,naive_yesterday,38883006.0
2025-12-14,40001080,南平,naive_yesterday,39783627.0
2025-12-15,40431542,南平,naive_yesterday,40001080.0
2025-12-16,40400485,南平,naive_yesterday,40431542.0
2025-12-17,40220704,南平,naive_yesterday,40400485.0
2025-12-18,39808313,南平,naive_yesterday,40220704.0
2025-12-19,40263730,南平,naive_yesterday,39808313.0
2025-12-20,39466424,南平,naive_yesterday,40263730.0
2025-12-21,39650053,南平,naive_yesterday,39466424.0
2025-12-22,39573971,南平,naive_yesterday,39650053.0
2025-12-23,39489891,南平,naive_yesterday,39573971.0
2025-12-24,39925910,南平,naive_yesterday,39489891.0
2025-12-25,40983933,南平,naive_yesterday,39925910.0
2025-12-26,41805177,南平,naive_yesterday,40983933.0
2025-12-27,41458939,南平,naive_yesterday,41805177.0
2025-12-28,41145576,南平,naive_yesterday,41458939.0
2025-12-29,41175737,南平,naive_yesterday,41145576.0
2025-12-30,41092904,南平,naive_yesterday,41175737.0
2025-12-31,39779458,南平,naive_yesterday,41092904.0
2026-01-01,36724569,南平,naive_yesterday,39779458.0
2026-01-02,38545511,南平,naive_yesterday,36724569.0
2026-01-03,42092162,南平,naive_yesterday,38545511.0
2026-01-04,42080821,南平,naive_yesterday,42092162.0
2026-01-05,42713828,南平,naive_yesterday,42080821.0
2026-01-06,43655390,南平,naive_yesterday,42713828.0
2026-01-07,43596679,南平,naive_yesterday,43655390.0
2026-01-08,43621440,南平,naive_yesterday,43596679.0
2026-01-09,43580721,南平,naive_yesterday,43621440.0
2025-10-01,41423167,南平,seasonal_week,43121674.0
2025-10-02,42050576,南平,seasonal_week,43942377.0
2025-10-03,43759318,南平,seasonal_week,43539985.0
2025-10-04,45193121,南平,seasonal_week,44254757.0
2025-10-05,45320065,南平,seasonal_week,44671636.0
2025-10-06,41598491,南平,seasonal_week,45670232.0
2025-10-07,44169206,南平,seasonal_week,45036166.0
2025-10-08,45467126,南平,seasonal_week,41423167.0
2025-10-09,45579411,南平,seasonal_week,42050576.0
2025-10-10,44480662,南平,seasonal_week,43759318.0
2025-10-11,43797637,南平,seasonal_week,45193121.0
2025-10-12,43868691,南平,seasonal_week,45320065.0
2025-10-13,44280646,南平,seasonal_week,41598491.0
2025-10-14,42624027,南平,seasonal_week,44169206.0
2025-10-15,43040097,南平,seasonal_week,45467126.0
2025-10-16,43704415,南平,seasonal_week,45579411.0
2025-10-17,43725372,南平,seasonal_week,44480662.0
2025-10-18,43138771,南平,seasonal_week,43797637.0
2025-10-19,40922147,南平,seasonal_week,43868691.0
2025-10-20,37205685,南平,seasonal_week,44280646.0
2025-10-21,35764976,南平,seasonal_week,42624027.0
2025-10-22,35517234,南平,seasonal_week,43040097.0
2025-10-23,35658201,南平,seasonal_week,43704415.0
2025-10-24,36089233,南平,seasonal_week,43725372.0
2025-10-25,35252055,南平,seasonal_week,43138771.0
2025-10-26,35602317,南平,seasonal_week,40922147.0
2025-10-27,35906875,南平,seasonal_week,37205685.0
2025-10-28,35984620,南平,seasonal_week,35764976.0
2025-10-29,35802086,南平,seasonal_week,35517234.0
2025-10-30,36067374,南平,seasonal_week,35658201.0
2025-10-31,35095939,南平,seasonal_week,36089233.0
2025-11-01,33642574,南平,seasonal_week,35252055.0
2025-11-02,34045183,南平,seasonal_week,35602317.0
2025-11-03,35586536,南平,seasonal_week,35906875.0
2025-11-04,36474985,南平,seasonal_week,35984620.0
2025-11-05,37402078,南平,seasonal_week,35802086.0
2025-11-06,37378511,南平,seasonal_week,36067374.0
2025-11-07,38024332,南平,seasonal_week,35095939.0
2025-11-08,37675983,南平,seasonal_week,33642574.0
2025-11-09,37815158,南平,seasonal_week,34045183.0
2025-11-10,37111858,南平,seasonal_week,35586536.0
2025-11-11,37627202,南平,seasonal_week,36474985.0
2025-11-12,37664799,南平,seasonal_week,37402078.0
2025-11-13,37960405,南平,seasonal_week,37378511.0
2025-11-14,37557859,南平,seasonal_week,38024332.0
2025-11-15,36757671,南平,seasonal_week,37675983.0
2025-11-16,36402915,南平,seasonal_week,37815158.0
2025-11-17,37362833,南平,seasonal_week,37111858.0
2025-11-18,38182176,南平,seasonal_week,37627202.0
2025-11-19,38660318,南平,seasonal_week,37664799.0
2025-11-20,39117434,南平,seasonal_week,37960405.0
2025-11-21,39068561,南平,seasonal_week,37557859.0
2025-11-22,38771564,南平,seasonal_week,36757671.0
2025-11-23,38879745,南平,seasonal_week,36402915.0
2025-11-24,38554832,南平,seasonal_week,37362833.0
2025-11-25,38822959,南平,seasonal_week,38182176.0
2025-11-26,39201072,南平,seasonal_week,38660318.0
2025-11-27,39783093,南平,seasonal_week,39117434.0
2025-11-28,39797222,南平,seasonal_week,39068561.0
2025-11-29,39607159,南平,seasonal_week,38771564.0
2025-11-30,38756867,南平,seasonal_week,38879745.0
2025-12-01,37677782,南平,seasonal_week,38554832.0
2025-12-02,38281979,南平,seasonal_week,38822959.0
2025-12-03,39034806,南平,seasonal_week,39201072.0
2025-12-04,39792018,南平,seasonal_week,39783093.0
2025-12-05,40350030,南平,seasonal_week,39797222.0
2025-12-06,39128640,南平,seasonal_week,39607159.0
2025-12-07,39295949,南平,seasonal_week,38756867.0
2025-12-08,39415318,南平,seasonal_week,37677782.0
2025-12-09,39658160,南平,seasonal_week,38281979.0
2025-12-10,39192616,南平,seasonal_week,39034806.0
2025-12-11,39363070,南平,seasonal_week,39792018.0
2025-12-12,38883006,南平,seasonal_week,40350030.0
2025-12-13,39783627,南平,seasonal_week,39128640.0
2025-12-14,40001080,南平,seasonal_week,39295949.0
2025-12-15,40431542,南平,seasonal_week,39415318.0
2025-12-16,40400485,南平,seasonal_week,39658160.0
2025-12-17,40220704,南平,seasonal_week,39192616.0
2025-12-18,39808313,南平,seasonal_week,39363070.0
2025-12-19,40263730,南平,seasonal_week,38883006.0
2025-12-20,39466424,南平,seasonal_week,39783627.0
2025-12-21,39650053,南平,seasonal_week,40001080.0
2025-12-22,39573971,南平,seasonal_week,40431542.0
2025-12-23,39489891,南平,seasonal_week,40400485.0
2025-12-24,39925910,南平,seasonal_week,40220704.0
2025-12-25,40983933,南平,seasonal_week,39808313.0
2025-12-26,41805177,南平,seasonal_week,40263730.0
2025-12-27,41458939,南平,seasonal_week,39466424.0
2025-12-28,41145576,南平,seasonal_week,39650053.0
2025-12-29,41175737,南平,seasonal_week,39573971.0
2025-12-30,41092904,南平,seasonal_week,39489891.0
2025-12-31,39779458,南平,seasonal_week,39925910.0
2026-01-01,36724569,南平,seasonal_week,40983933.0
2026-01-02,38545511,南平,seasonal_week,41805177.0
2026-01-03,42092162,南平,seasonal_week,41458939.0
2026-01-04,42080821,南平,seasonal_week,41145576.0
2026-01-05,42713828,南平,seasonal_week,41175737.0
2026-01-06,43655390,南平,seasonal_week,41092904.0
2026-01-07,43596679,南平,seasonal_week,39779458.0
2026-01-08,43621440,南平,seasonal_week,36724569.0
2026-01-09,43580721,南平,seasonal_week,38545511.0
2025-10-01,41423167,南平,rolling7,44319546.71428572
2025-10-02,42050576,南平,rolling7,44076902.85714286
2025-10-03,43759318,南平,rolling7,43806645.571428575
2025-10-04,45193121,南平,rolling7,43837978.85714286
2025-10-05,45320065,南平,rolling7,43972030.85714286
2025-10-06,41598491,南平,rolling7,44064663.571428575
2025-10-07,44169206,南平,rolling7,43482986.28571428
2025-10-08,45467126,南平,rolling7,43359134.85714286
2025-10-09,45579411,南平,rolling7,43936843.28571428
2025-10-10,44480662,南平,rolling7,44440962.571428575
2025-10-11,43797637,南平,rolling7,44544011.71428572
2025-10-12,43868691,南平,rolling7,44344656.85714286
2025-10-13,44280646,南平,rolling7,44137317.71428572
2025-10-14,42624027,南平,rolling7,44520482.71428572
2025-10-15,43040097,南平,rolling7,44299742.85714286
2025-10-16,43704415,南平,rolling7,43953024.428571425
2025-10-17,43725372,南平,rolling7,43685167.85714286
2025-10-18,43138771,南平,rolling7,43577269.28571428
2025-10-19,40922147,南平,rolling7,43483145.571428575
2025-10-20,37205685,南平,rolling7,43062210.71428572
2025-10-21,35764976,南平,rolling7,42051502.0
2025-10-22,35517234,南平,rolling7,41071637.571428575
2025-10-23,35658201,南平,rolling7,39996942.85714286
2025-10-24,36089233,南平,rolling7,38847483.71428572
2025-10-25,35252055,南平,rolling7,37756606.71428572
2025-10-26,35602317,南平,rolling7,36629933.0
2025-10-27,35906875,南平,rolling7,35869957.28571428
2025-10-28,35984620,南平,rolling7,35684413.0
2025-10-29,35802086,南平,rolling7,35715790.71428572
2025-10-30,36067374,南平,rolling7,35756483.85714286
2025-10-31,35095939,南平,rolling7,35814937.14285714
2025-11-01,33642574,南平,rolling7,35673038.0
2025-11-02,34045183,南平,rolling7,35443112.14285714
2025-11-03,35586536,南平,rolling7,35220664.428571425
2025-11-04,36474985,南平,rolling7,35174901.71428572
2025-11-05,37402078,南平,rolling7,35244953.85714286
2025-11-06,37378511,南平,rolling7,35473524.14285714
2025-11-07,38024332,南平,rolling7,35660829.428571425
2025-11-08,37675983,南平,rolling7,36079171.28571428
2025-11-09,37815158,南平,rolling7,36655372.571428575
2025-11-10,37111858,南平,rolling7,37193940.428571425
2025-11-11,37627202,南平,rolling7,37411843.571428575
2025-11-12,37664799,南平,rolling7,37576446.0
2025-11-13,37960405,南平,rolling7,37613977.571428575
2025-11-14,37557859,南平,rolling7,37697105.28571428
2025-11-15,36757671,南平,rolling7,37630466.28571428
2025-11-16,36402915,南平,rolling7,37499278.85714286
2025-11-17,37362833,南平,rolling7,37297529.85714286
2025-11-18,38182176,南平,rolling7,37333383.428571425
2025-11-19,38660318,南平,rolling7,37412665.428571425
2025-11-20,39117434,南平,rolling7,37554882.428571425
2025-11-21,39068561,南平,rolling7,37720172.28571428
2025-11-22,38771564,南平,rolling7,37935986.85714286
2025-11-23,38879745,南平,rolling7,38223685.85714286
2025-11-24,38554832,南平,rolling7,38577518.71428572
2025-11-25,38822959,南平,rolling7,38747804.28571428
2025-11-26,39201072,南平,rolling7,38839344.71428572
2025-11-27,39783093,南平,rolling7,38916595.28571428
2025-11-28,39797222,南平,rolling7,39011689.428571425
2025-11-29,39607159,南平,rolling7,39115783.85714286
2025-11-30,38756867,南平,rolling7,39235154.571428575
2025-12-01,37677782,南平,rolling7,39217600.571428575
2025-12-02,38281979,南平,rolling7,39092307.71428572
2025-12-03,39034806,南平,rolling7,39015024.85714286
2025-12-04,39792018,南平,rolling7,38991272.571428575
2025-12-05,40350030,南平,rolling7,38992547.571428575
2025-12-06,39128640,南平,rolling7,39071520.14285714
2025-12-07,39295949,南平,rolling7,39003160.28571428
2025-12-08,39415318,南平,rolling7,39080172.0
2025-12-09,39658160,南平,rolling7,39328391.428571425
2025-12-10,39192616,南平,rolling7,39524988.71428572
2025-12-11,39363070,南平,rolling7,39547533.0
2025-12-12,38883006,南平,rolling7,39486254.71428572
2025-12-13,39783627,南平,rolling7,39276679.85714286
2025-12-14,40001080,南平,rolling7,39370249.428571425
2025-12-15,40431542,南平,rolling7,39470982.428571425
2025-12-16,40400485,南平,rolling7,39616157.28571428
2025-12-17,40220704,南平,rolling7,39722203.71428572
2025-12-18,39808313,南平,rolling7,39869073.428571425
2025-12-19,40263730,南平,rolling7,39932679.571428575
2025-12-20,39466424,南平,rolling7,40129925.85714286
2025-12-21,39650053,南平,rolling7,40084611.14285714
2025-12-22,39573971,南平,rolling7,40034464.428571425
2025-12-23,39489891,南平,rolling7,39911954.28571428
2025-12-24,39925910,南平,rolling7,39781869.428571425
2025-12-25,40983933,南平,rolling7,39739756.0
2025-12-26,41805177,南平,rolling7,39907701.71428572
2025-12-27,41458939,南平,rolling7,40127908.428571425
2025-12-28,41145576,南平,rolling7,40412553.428571425
2025-12-29,41175737,南平,rolling7,40626199.571428575
2025-12-30,41092904,南平,rolling7,40855023.28571428
2025-12-31,39779458,南平,rolling7,41084025.14285714
2026-01-01,36724569,南平,rolling7,41063103.428571425
2026-01-02,38545511,南平,rolling7,40454622.85714286
2026-01-03,42092162,南平,rolling7,39988956.28571428
2026-01-04,42080821,南平,rolling7,40079416.71428572
2026-01-05,42713828,南平,rolling7,40213023.14285714
2026-01-06,43655390,南平,rolling7,40432750.428571425
2026-01-07,43596679,南平,rolling7,40798819.85714286
2026-01-08,43621440,南平,rolling7,41344137.14285714
2026-01-09,43580721,南平,rolling7,42329404.428571425
2025-10-01,41423167,南平,ridge_own_lags_calendar,44066125.99153133
2025-10-02,42050576,南平,ridge_own_lags_calendar,41151503.94878967
2025-10-03,43759318,南平,ridge_own_lags_calendar,42074024.47104465
2025-10-04,45193121,南平,ridge_own_lags_calendar,43091976.51916902
2025-10-05,45320065,南平,ridge_own_lags_calendar,44380442.62845218
2025-10-06,41598491,南平,ridge_own_lags_calendar,44897010.60290028
2025-10-07,44169206,南平,ridge_own_lags_calendar,41223740.000056095
2025-10-08,45467126,南平,ridge_own_lags_calendar,43602688.03898553
2025-10-09,45579411,南平,ridge_own_lags_calendar,44770375.77820662
2025-10-10,44480662,南平,ridge_own_lags_calendar,45015200.293565676
2025-10-11,43797637,南平,ridge_own_lags_calendar,43688537.68196034
2025-10-12,43868691,南平,ridge_own_lags_calendar,43224381.60436259
2025-10-13,44280646,南平,ridge_own_lags_calendar,43802974.0069856
2025-10-14,42624027,南平,ridge_own_lags_calendar,43785977.43065541
2025-10-15,43040097,南平,ridge_own_lags_calendar,42171997.72389359
2025-10-16,43704415,南平,ridge_own_lags_calendar,42884916.66406995
2025-10-17,43725372,南平,ridge_own_lags_calendar,43498400.839970484
2025-10-18,43138771,南平,ridge_own_lags_calendar,43110914.63315999
2025-10-19,40922147,南平,ridge_own_lags_calendar,42658745.027801216
2025-10-20,37205685,南平,ridge_own_lags_calendar,41158723.58429394
2025-10-21,35764976,南平,ridge_own_lags_calendar,37540004.43432138
2025-10-22,35517234,南平,ridge_own_lags_calendar,36198865.07180306
2025-10-23,35658201,南平,ridge_own_lags_calendar,36072912.94587036
2025-10-24,36089233,南平,ridge_own_lags_calendar,36154573.102656744
2025-10-25,35252055,南平,ridge_own_lags_calendar,36035487.5787178
2025-10-26,35602317,南平,ridge_own_lags_calendar,35261251.85216386
2025-10-27,35906875,南平,ridge_own_lags_calendar,36065119.67541703
2025-10-28,35984620,南平,ridge_own_lags_calendar,35866583.13265649
2025-10-29,35802086,南平,ridge_own_lags_calendar,35794194.79452835
2025-10-30,36067374,南平,ridge_own_lags_calendar,35918811.91102357
2025-10-31,35095939,南平,ridge_own_lags_calendar,36272711.40014171
2025-11-01,33642574,南平,ridge_own_lags_calendar,35017055.70126209
2025-11-02,34045183,南平,ridge_own_lags_calendar,33906667.072940856
2025-11-03,35586536,南平,ridge_own_lags_calendar,34804025.963839844
2025-11-04,36474985,南平,ridge_own_lags_calendar,35677772.14335756
2025-11-05,37402078,南平,ridge_own_lags_calendar,36226420.32082585
2025-11-06,37378511,南平,ridge_own_lags_calendar,37322830.207308665
2025-11-07,38024332,南平,ridge_own_lags_calendar,37433217.20138867
2025-11-08,37675983,南平,ridge_own_lags_calendar,37748661.386397675
2025-11-09,37815158,南平,ridge_own_lags_calendar,37538413.834917
2025-11-10,37111858,南平,ridge_own_lags_calendar,38188846.27494528
2025-11-11,37627202,南平,ridge_own_lags_calendar,37157491.33507758
2025-11-12,37664799,南平,ridge_own_lags_calendar,37519364.776687436
2025-11-13,37960405,南平,ridge_own_lags_calendar,37804094.74372664
2025-11-14,37557859,南平,ridge_own_lags_calendar,38231143.007486634
2025-11-15,36757671,南平,ridge_own_lags_calendar,37488205.89270144
2025-11-16,36402915,南平,ridge_own_lags_calendar,36854073.68906955
2025-11-17,37362833,南平,ridge_own_lags_calendar,37010072.2383256
2025-11-18,38182176,南平,ridge_own_lags_calendar,37409685.028365195
2025-11-19,38660318,南平,ridge_own_lags_calendar,37897965.12978596
2025-11-20,39117434,南平,ridge_own_lags_calendar,38579770.463985704
2025-11-21,39068561,南平,ridge_own_lags_calendar,39101634.16368601
2025-11-22,38771564,南平,ridge_own_lags_calendar,38719982.53064274
2025-11-23,38879745,南平,ridge_own_lags_calendar,38575392.13328161
2025-11-24,38554832,南平,ridge_own_lags_calendar,39161878.19352323
2025-11-25,38822959,南平,ridge_own_lags_calendar,38447455.965383425
2025-11-26,39201072,南平,ridge_own_lags_calendar,38557990.760544725
2025-11-27,39783093,南平,ridge_own_lags_calendar,39133609.400602214
2025-11-28,39797222,南平,ridge_own_lags_calendar,39779232.020813555
2025-11-29,39607159,南平,ridge_own_lags_calendar,39409933.42589887
2025-11-30,38756867,南平,ridge_own_lags_calendar,39322894.94770347
2025-12-01,37677782,南平,ridge_own_lags_calendar,39007132.799861796
2025-12-02,38281979,南平,ridge_own_lags_calendar,37679175.00239534
2025-12-03,39034806,南平,ridge_own_lags_calendar,38105095.22818696
2025-12-04,39792018,南平,ridge_own_lags_calendar,38926351.21911166
2025-12-05,40350030,南平,ridge_own_lags_calendar,39680257.10129456
2025-12-06,39128640,南平,ridge_own_lags_calendar,39778616.357511535
2025-12-07,39295949,南平,ridge_own_lags_calendar,38769485.41233402
2025-12-08,39415318,南平,ridge_own_lags_calendar,39504642.19276788
2025-12-09,39658160,南平,ridge_own_lags_calendar,39161969.60614259
2025-12-10,39192616,南平,ridge_own_lags_calendar,39228709.59455627
2025-12-11,39363070,南平,ridge_own_lags_calendar,39084732.96449665
2025-12-12,38883006,南平,ridge_own_lags_calendar,39395136.17039488
2025-12-13,39783627,南平,ridge_own_lags_calendar,38588946.370132886
2025-12-14,40001080,南平,ridge_own_lags_calendar,39462792.82011546
2025-12-15,40431542,南平,ridge_own_lags_calendar,40054505.789136976
2025-12-16,40400485,南平,ridge_own_lags_calendar,40030075.807928
2025-12-17,40220704,南平,ridge_own_lags_calendar,39859929.19973163
2025-12-18,39808313,南平,ridge_own_lags_calendar,39999234.571695074
2025-12-19,40263730,南平,ridge_own_lags_calendar,39810412.11784338
2025-12-20,39466424,南平,ridge_own_lags_calendar,39849645.37690893
2025-12-21,39650053,南平,ridge_own_lags_calendar,39160733.89414496
2025-12-22,39573971,南平,ridge_own_lags_calendar,39816761.18255494
2025-12-23,39489891,南平,ridge_own_lags_calendar,39286894.16113467
2025-12-24,39925910,南平,ridge_own_lags_calendar,39066840.59029471
2025-12-25,40983933,南平,ridge_own_lags_calendar,39700076.97337466
2025-12-26,41805177,南平,ridge_own_lags_calendar,40704205.614311084
2025-12-27,41458939,南平,ridge_own_lags_calendar,41028836.563453205
2025-12-28,41145576,南平,ridge_own_lags_calendar,40791480.40259424
2025-12-29,41175737,南平,ridge_own_lags_calendar,41062487.02163633
2025-12-30,41092904,南平,ridge_own_lags_calendar,40694548.60247032
2025-12-31,39779458,南平,ridge_own_lags_calendar,40448977.720979445
2026-01-01,36724569,南平,ridge_own_lags_calendar,39484999.05264386
2026-01-02,38545511,南平,ridge_own_lags_calendar,37014042.4762125
2026-01-03,42092162,南平,ridge_own_lags_calendar,38362873.53065576
2026-01-04,42080821,南平,ridge_own_lags_calendar,41318597.29141695
2026-01-05,42713828,南平,ridge_own_lags_calendar,41588435.95015538
2026-01-06,43655390,南平,ridge_own_lags_calendar,41852443.054672636
2026-01-07,43596679,南平,ridge_own_lags_calendar,42551729.074021794
2026-01-08,43621440,南平,ridge_own_lags_calendar,42855218.87486133
2026-01-09,43580721,南平,ridge_own_lags_calendar,43125711.235663384
2025-10-01,111138061,宁德,naive_yesterday,116251079.0
2025-10-02,109070139,宁德,naive_yesterday,111138061.0
2025-10-03,112821971,宁德,naive_yesterday,109070139.0
2025-10-04,116257582,宁德,naive_yesterday,112821971.0
2025-10-05,117003510,宁德,naive_yesterday,116257582.0
2025-10-06,110414552,宁德,naive_yesterday,117003510.0
2025-10-07,114295444,宁德,naive_yesterday,110414552.0
2025-10-08,115692997,宁德,naive_yesterday,114295444.0
2025-10-09,116378863,宁德,naive_yesterday,115692997.0
2025-10-10,115893991,宁德,naive_yesterday,116378863.0
2025-10-11,113690142,宁德,naive_yesterday,115893991.0
2025-10-12,116738990,宁德,naive_yesterday,113690142.0
2025-10-13,111742951,宁德,naive_yesterday,116738990.0
2025-10-14,114291097,宁德,naive_yesterday,111742951.0
2025-10-15,112431876,宁德,naive_yesterday,114291097.0
2025-10-16,112946577,宁德,naive_yesterday,112431876.0
2025-10-17,112106048,宁德,naive_yesterday,112946577.0
2025-10-18,112279322,宁德,naive_yesterday,112106048.0
2025-10-19,106404718,宁德,naive_yesterday,112279322.0
2025-10-20,102475627,宁德,naive_yesterday,106404718.0
2025-10-21,93894462,宁德,naive_yesterday,102475627.0
2025-10-22,95224223,宁德,naive_yesterday,93894462.0
2025-10-23,94857326,宁德,naive_yesterday,95224223.0
2025-10-24,95496767,宁德,naive_yesterday,94857326.0
2025-10-25,97327486,宁德,naive_yesterday,95496767.0
2025-10-26,100198609,宁德,naive_yesterday,97327486.0
2025-10-27,96475380,宁德,naive_yesterday,100198609.0
2025-10-28,102396070,宁德,naive_yesterday,96475380.0
2025-10-29,100200106,宁德,naive_yesterday,102396070.0
2025-10-30,99831236,宁德,naive_yesterday,100200106.0
2025-10-31,101585324,宁德,naive_yesterday,99831236.0
2025-11-01,95797531,宁德,naive_yesterday,101585324.0
2025-11-02,96126680,宁德,naive_yesterday,95797531.0
2025-11-03,98262395,宁德,naive_yesterday,96126680.0
2025-11-04,94972552,宁德,naive_yesterday,98262395.0
2025-11-05,96350352,宁德,naive_yesterday,94972552.0
2025-11-06,99640393,宁德,naive_yesterday,96350352.0
2025-11-07,101824716,宁德,naive_yesterday,99640393.0
2025-11-08,103221353,宁德,naive_yesterday,101824716.0
2025-11-09,102555484,宁德,naive_yesterday,103221353.0
2025-11-10,99144948,宁德,naive_yesterday,102555484.0
2025-11-11,103270131,宁德,naive_yesterday,99144948.0
2025-11-12,100935280,宁德,naive_yesterday,103270131.0
2025-11-13,100705102,宁德,naive_yesterday,100935280.0
2025-11-14,102869062,宁德,naive_yesterday,100705102.0
2025-11-15,98772419,宁德,naive_yesterday,102869062.0
2025-11-16,97805281,宁德,naive_yesterday,98772419.0
2025-11-17,104659716,宁德,naive_yesterday,97805281.0
2025-11-18,101744820,宁德,naive_yesterday,104659716.0
2025-11-19,99400868,宁德,naive_yesterday,101744820.0
2025-11-20,97976526,宁德,naive_yesterday,99400868.0
2025-11-21,98356990,宁德,naive_yesterday,97976526.0
2025-11-22,97499203,宁德,naive_yesterday,98356990.0
2025-11-23,98269134,宁德,naive_yesterday,97499203.0
2025-11-24,101499513,宁德,naive_yesterday,98269134.0
2025-11-25,99109196,宁德,naive_yesterday,101499513.0
2025-11-26,97797490,宁德,naive_yesterday,99109196.0
2025-11-27,97671267,宁德,naive_yesterday,97797490.0
2025-11-28,96097264,宁德,naive_yesterday,97671267.0
2025-11-29,94364148,宁德,naive_yesterday,96097264.0
2025-11-30,93761575,宁德,naive_yesterday,94364148.0
2025-12-01,92900170,宁德,naive_yesterday,93761575.0
2025-12-02,95809480,宁德,naive_yesterday,92900170.0
2025-12-03,91442821,宁德,naive_yesterday,95809480.0
2025-12-04,94602451,宁德,naive_yesterday,91442821.0
2025-12-05,97002148,宁德,naive_yesterday,94602451.0
2025-12-06,94874995,宁德,naive_yesterday,97002148.0
2025-12-07,94783898,宁德,naive_yesterday,94874995.0
2025-12-08,96287916,宁德,naive_yesterday,94783898.0
2025-12-09,99291478,宁德,naive_yesterday,96287916.0
2025-12-10,101204312,宁德,naive_yesterday,99291478.0
2025-12-11,99675248,宁德,naive_yesterday,101204312.0
2025-12-12,102756596,宁德,naive_yesterday,99675248.0
2025-12-13,104478631,宁德,naive_yesterday,102756596.0
2025-12-14,100748522,宁德,naive_yesterday,104478631.0
2025-12-15,103235719,宁德,naive_yesterday,100748522.0
2025-12-16,99824164,宁德,naive_yesterday,103235719.0
2025-12-17,103258866,宁德,naive_yesterday,99824164.0
2025-12-18,105552854,宁德,naive_yesterday,103258866.0
2025-12-19,104024346,宁德,naive_yesterday,105552854.0
2025-12-20,104130612,宁德,naive_yesterday,104024346.0
2025-12-21,104027115,宁德,naive_yesterday,104130612.0
2025-12-22,105026357,宁德,naive_yesterday,104027115.0
2025-12-23,105240249,宁德,naive_yesterday,105026357.0
2025-12-24,105560830,宁德,naive_yesterday,105240249.0
2025-12-25,106011375,宁德,naive_yesterday,105560830.0
2025-12-26,102772549,宁德,naive_yesterday,106011375.0
2025-12-27,104573986,宁德,naive_yesterday,102772549.0
2025-12-28,103011868,宁德,naive_yesterday,104573986.0
2025-12-29,101666718,宁德,naive_yesterday,103011868.0
2025-12-30,102886747,宁德,naive_yesterday,101666718.0
2025-12-31,101193450,宁德,naive_yesterday,102886747.0
2026-01-01,95314313,宁德,naive_yesterday,101193450.0
2026-01-02,97717569,宁德,naive_yesterday,95314313.0
2026-01-03,104931317,宁德,naive_yesterday,97717569.0
2026-01-04,108760383,宁德,naive_yesterday,104931317.0
2026-01-05,107075371,宁德,naive_yesterday,108760383.0
2026-01-06,105481499,宁德,naive_yesterday,107075371.0
2026-01-07,105641211,宁德,naive_yesterday,105481499.0
2026-01-08,109250107,宁德,naive_yesterday,105641211.0
2026-01-09,109957300,宁德,naive_yesterday,109250107.0
2025-10-01,111138061,宁德,seasonal_week,110136925.0
2025-10-02,109070139,宁德,seasonal_week,113017181.0
2025-10-03,112821971,宁德,seasonal_week,110719176.0
2025-10-04,116257582,宁德,seasonal_week,114471015.0
2025-10-05,117003510,宁德,seasonal_week,117278742.0
2025-10-06,110414552,宁德,seasonal_week,118171969.0
2025-10-07,114295444,宁德,seasonal_week,116251079.0
2025-10-08,115692997,宁德,seasonal_week,111138061.0
2025-10-09,116378863,宁德,seasonal_week,109070139.0
2025-10-10,115893991,宁德,seasonal_week,112821971.0
2025-10-11,113690142,宁德,seasonal_week,116257582.0
2025-10-12,116738990,宁德,seasonal_week,117003510.0
2025-10-13,111742951,宁德,seasonal_week,110414552.0
2025-10-14,114291097,宁德,seasonal_week,114295444.0
2025-10-15,112431876,宁德,seasonal_week,115692997.0
2025-10-16,112946577,宁德,seasonal_week,116378863.0
2025-10-17,112106048,宁德,seasonal_week,115893991.0
2025-10-18,112279322,宁德,seasonal_week,113690142.0
2025-10-19,106404718,宁德,seasonal_week,116738990.0
2025-10-20,102475627,宁德,seasonal_week,111742951.0
2025-10-21,93894462,宁德,seasonal_week,114291097.0
2025-10-22,95224223,宁德,seasonal_week,112431876.0
2025-10-23,94857326,宁德,seasonal_week,112946577.0
2025-10-24,95496767,宁德,seasonal_week,112106048.0
2025-10-25,97327486,宁德,seasonal_week,112279322.0
2025-10-26,100198609,宁德,seasonal_week,106404718.0
2025-10-27,96475380,宁德,seasonal_week,102475627.0
2025-10-28,102396070,宁德,seasonal_week,93894462.0
2025-10-29,100200106,宁德,seasonal_week,95224223.0
2025-10-30,99831236,宁德,seasonal_week,94857326.0
2025-10-31,101585324,宁德,seasonal_week,95496767.0
2025-11-01,95797531,宁德,seasonal_week,97327486.0
2025-11-02,96126680,宁德,seasonal_week,100198609.0
2025-11-03,98262395,宁德,seasonal_week,96475380.0
2025-11-04,94972552,宁德,seasonal_week,102396070.0
2025-11-05,96350352,宁德,seasonal_week,100200106.0
2025-11-06,99640393,宁德,seasonal_week,99831236.0
2025-11-07,101824716,宁德,seasonal_week,101585324.0
2025-11-08,103221353,宁德,seasonal_week,95797531.0
2025-11-09,102555484,宁德,seasonal_week,96126680.0
2025-11-10,99144948,宁德,seasonal_week,98262395.0
2025-11-11,103270131,宁德,seasonal_week,94972552.0
2025-11-12,100935280,宁德,seasonal_week,96350352.0
2025-11-13,100705102,宁德,seasonal_week,99640393.0
2025-11-14,102869062,宁德,seasonal_week,101824716.0
2025-11-15,98772419,宁德,seasonal_week,103221353.0
2025-11-16,97805281,宁德,seasonal_week,102555484.0
2025-11-17,104659716,宁德,seasonal_week,99144948.0
2025-11-18,101744820,宁德,seasonal_week,103270131.0
2025-11-19,99400868,宁德,seasonal_week,100935280.0
2025-11-20,97976526,宁德,seasonal_week,100705102.0
2025-11-21,98356990,宁德,seasonal_week,102869062.0
2025-11-22,97499203,宁德,seasonal_week,98772419.0
2025-11-23,98269134,宁德,seasonal_week,97805281.0
2025-11-24,101499513,宁德,seasonal_week,104659716.0
2025-11-25,99109196,宁德,seasonal_week,101744820.0
2025-11-26,97797490,宁德,seasonal_week,99400868.0
2025-11-27,97671267,宁德,seasonal_week,97976526.0
2025-11-28,96097264,宁德,seasonal_week,98356990.0
2025-11-29,94364148,宁德,seasonal_week,97499203.0
2025-11-30,93761575,宁德,seasonal_week,98269134.0
2025-12-01,92900170,宁德,seasonal_week,101499513.0
2025-12-02,95809480,宁德,seasonal_week,99109196.0
2025-12-03,91442821,宁德,seasonal_week,97797490.0
2025-12-04,94602451,宁德,seasonal_week,97671267.0
2025-12-05,97002148,宁德,seasonal_week,96097264.0
2025-12-06,94874995,宁德,seasonal_week,94364148.0
2025-12-07,94783898,宁德,seasonal_week,93761575.0
2025-12-08,96287916,宁德,seasonal_week,92900170.0
2025-12-09,99291478,宁德,seasonal_week,95809480.0
2025-12-10,101204312,宁德,seasonal_week,91442821.0
2025-12-11,99675248,宁德,seasonal_week,94602451.0
2025-12-12,102756596,宁德,seasonal_week,97002148.0
2025-12-13,104478631,宁德,seasonal_week,94874995.0
2025-12-14,100748522,宁德,seasonal_week,94783898.0
2025-12-15,103235719,宁德,seasonal_week,96287916.0
2025-12-16,99824164,宁德,seasonal_week,99291478.0
2025-12-17,103258866,宁德,seasonal_week,101204312.0
2025-12-18,105552854,宁德,seasonal_week,99675248.0
2025-12-19,104024346,宁德,seasonal_week,102756596.0
2025-12-20,104130612,宁德,seasonal_week,104478631.0
2025-12-21,104027115,宁德,seasonal_week,100748522.0
2025-12-22,105026357,宁德,seasonal_week,103235719.0
2025-12-23,105240249,宁德,seasonal_week,99824164.0
2025-12-24,105560830,宁德,seasonal_week,103258866.0
2025-12-25,106011375,宁德,seasonal_week,105552854.0
2025-12-26,102772549,宁德,seasonal_week,104024346.0
2025-12-27,104573986,宁德,seasonal_week,104130612.0
2025-12-28,103011868,宁德,seasonal_week,104027115.0
2025-12-29,101666718,宁德,seasonal_week,105026357.0
2025-12-30,102886747,宁德,seasonal_week,105240249.0
2025-12-31,101193450,宁德,seasonal_week,105560830.0
2026-01-01,95314313,宁德,seasonal_week,106011375.0
2026-01-02,97717569,宁德,seasonal_week,102772549.0
2026-01-03,104931317,宁德,seasonal_week,104573986.0
2026-01-04,108760383,宁德,seasonal_week,103011868.0
2026-01-05,107075371,宁德,seasonal_week,101666718.0
2026-01-06,105481499,宁德,seasonal_week,102886747.0
2026-01-07,105641211,宁德,seasonal_week,101193450.0
2026-01-08,109250107,宁德,seasonal_week,95314313.0
2026-01-09,109957300,宁德,seasonal_week,97717569.0
2025-10-01,111138061,宁德,rolling7,114292298.14285715
2025-10-02,109070139,宁德,rolling7,114435317.57142857
2025-10-03,112821971,宁德,rolling7,113871454.42857143
2025-10-04,116257582,宁德,rolling7,114171853.71428572
2025-10-05,117003510,宁德,rolling7,114427077.57142857
2025-10-06,110414552,宁德,rolling7,114387758.71428572
2025-10-07,114295444,宁德,rolling7,113279556.28571428
2025-10-08,115692997,宁德,rolling7,113000179.85714285
2025-10-09,116378863,宁德,rolling7,113650885.0
2025-10-10,115893991,宁德,rolling7,114694988.42857143
2025-10-11,113690142,宁德,rolling7,115133848.42857143
2025-10-12,116738990,宁德,rolling7,114767071.28571428
2025-10-13,111742951,宁德,rolling7,114729282.71428572
2025-10-14,114291097,宁德,rolling7,114919054.0
2025-10-15,112431876,宁德,rolling7,114918433.0
2025-10-16,112946577,宁德,rolling7,114452558.57142857
2025-10-17,112106048,宁德,rolling7,113962232.0
2025-10-18,112279322,宁德,rolling7,113421097.28571428
2025-10-19,106404718,宁德,rolling7,113219551.57142857
2025-10-20,102475627,宁德,rolling7,111743227.0
2025-10-21,93894462,宁德,rolling7,110419323.57142857
2025-10-22,95224223,宁德,rolling7,107505518.57142857
2025-10-23,94857326,宁德,rolling7,105047282.42857143
2025-10-24,95496767,宁德,rolling7,102463103.71428572
2025-10-25,97327486,宁德,rolling7,100090349.28571428
2025-10-26,100198609,宁德,rolling7,97954372.71428572
2025-10-27,96475380,宁德,rolling7,97067785.71428572
2025-10-28,102396070,宁德,rolling7,96210607.57142857
2025-10-29,100200106,宁德,rolling7,97425123.0
2025-10-30,99831236,宁德,rolling7,98135963.42857143
2025-10-31,101585324,宁德,rolling7,98846522.0
2025-11-01,95797531,宁德,rolling7,99716315.85714285
2025-11-02,96126680,宁德,rolling7,99497750.85714285
2025-11-03,98262395,宁德,rolling7,98916046.71428572
2025-11-04,94972552,宁德,rolling7,99171334.57142857
2025-11-05,96350352,宁德,rolling7,98110832.0
2025-11-06,99640393,宁德,rolling7,97560867.14285715
2025-11-07,101824716,宁德,rolling7,97533603.85714285
2025-11-08,103221353,宁德,rolling7,97567802.71428572
2025-11-09,102555484,宁德,rolling7,98628348.71428572
2025-11-10,99144948,宁德,rolling7,99546749.28571428
2025-11-11,103270131,宁德,rolling7,99672828.28571428
2025-11-12,100935280,宁德,rolling7,100858196.71428572
2025-11-13,100705102,宁德,rolling7,101513186.42857143
2025-11-14,102869062,宁德,rolling7,101665287.71428572
2025-11-15,98772419,宁德,rolling7,101814480.0
2025-11-16,97805281,宁德,rolling7,101178918.0
2025-11-17,104659716,宁德,rolling7,100500317.57142857
2025-11-18,101744820,宁德,rolling7,101288141.57142857
2025-11-19,99400868,宁德,rolling7,101070240.0
2025-11-20,97976526,宁德,rolling7,100851038.28571428
2025-11-21,98356990,宁德,rolling7,100461241.71428572
2025-11-22,97499203,宁德,rolling7,99816660.0
2025-11-23,98269134,宁德,rolling7,99634772.0
2025-11-24,101499513,宁德,rolling7,99701036.71428572
2025-11-25,99109196,宁德,rolling7,99249579.14285715
2025-11-26,97797490,宁德,rolling7,98873061.42857143
2025-11-27,97671267,宁德,rolling7,98644007.42857143
2025-11-28,96097264,宁德,rolling7,98600399.0
2025-11-29,94364148,宁德,rolling7,98277581.0
2025-11-30,93761575,宁德,rolling7,97829716.0
2025-12-01,92900170,宁德,rolling7,97185779.0
2025-12-02,95809480,宁德,rolling7,95957301.42857143
2025-12-03,91442821,宁德,rolling7,95485913.42857143
2025-12-04,94602451,宁德,rolling7,94578103.57142857
2025-12-05,97002148,宁德,rolling7,94139701.28571428
2025-12-06,94874995,宁德,rolling7,94268970.42857143
2025-12-07,94783898,宁德,rolling7,94341948.57142857
2025-12-08,96287916,宁德,rolling7,94487994.71428572
2025-12-09,99291478,宁德,rolling7,94971958.42857143
2025-12-10,101204312,宁德,rolling7,95469386.71428572
2025-12-11,99675248,宁德,rolling7,96863885.42857143
2025-12-12,102756596,宁德,rolling7,97588570.71428572
2025-12-13,104478631,宁德,rolling7,98410634.71428572
2025-12-14,100748522,宁德,rolling7,99782582.71428572
2025-12-15,103235719,宁德,rolling7,100634671.85714285
2025-12-16,99824164,宁德,rolling7,101627215.14285715
2025-12-17,103258866,宁德,rolling7,101703313.14285715
2025-12-18,105552854,宁德,rolling7,101996820.85714285
2025-12-19,104024346,宁德,rolling7,102836478.85714285
2025-12-20,104130612,宁德,rolling7,103017586.0
2025-12-21,104027115,宁德,rolling7,102967869.0
2025-12-22,105026357,宁德,rolling7,103436239.42857143
2025-12-23,105240249,宁德,rolling7,103692044.85714285
2025-12-24,105560830,宁德,rolling7,104465771.28571428
2025-12-25,106011375,宁德,rolling7,104794623.28571428
2025-12-26,102772549,宁德,rolling7,104860126.28571428
2025-12-27,104573986,宁德,rolling7,104681298.14285715
2025-12-28,103011868,宁德,rolling7,104744637.28571428
2025-12-29,101666718,宁德,rolling7,104599602.0
2025-12-30,102886747,宁德,rolling7,104119653.57142857
2025-12-31,101193450,宁德,rolling7,103783439.0
2026-01-01,95314313,宁德,rolling7,103159527.57142857
2026-01-02,97717569,宁德,rolling7,101631375.85714285
2026-01-03,104931317,宁德,rolling7,100909235.85714285
2026-01-04,108760383,宁德,rolling7,100960283.14285715
2026-01-05,107075371,宁德,rolling7,101781499.57142857
2026-01-06,105481499,宁德,rolling7,102554164.28571428
2026-01-07,105641211,宁德,rolling7,102924843.14285715
2026-01-08,109250107,宁德,rolling7,103560237.57142857
2026-01-09,109957300,宁德,rolling7,105551065.28571428
2025-10-01,111138061,宁德,ridge_own_lags_calendar,115017887.39620015
2025-10-02,109070139,宁德,ridge_own_lags_calendar,111815932.18038166
2025-10-03,112821971,宁德,ridge_own_lags_calendar,109929643.7411297
2025-10-04,116257582,宁德,ridge_own_lags_calendar,111204288.37634215
2025-10-05,117003510,宁德,ridge_own_lags_calendar,113329055.14029565
2025-10-06,110414552,宁德,ridge_own_lags_calendar,115485007.60593759
2025-10-07,114295444,宁德,ridge_own_lags_calendar,110695557.11800757
2025-10-08,115692997,宁德,ridge_own_lags_calendar,112764616.9864733
2025-10-09,116378863,宁德,ridge_own_lags_calendar,114615691.48709065
2025-10-10,115893991,宁德,ridge_own_lags_calendar,115572740.81013305
2025-10-11,113690142,宁德,ridge_own_lags_calendar,114489102.57711485
2025-10-12,116738990,宁德,ridge_own_lags_calendar,112019525.37577508
2025-10-13,111742951,宁德,ridge_own_lags_calendar,115290104.13880002
2025-10-14,114291097,宁德,ridge_own_lags_calendar,111450165.8566337
2025-10-15,112431876,宁德,ridge_own_lags_calendar,112807669.44710806
2025-10-16,112946577,宁德,ridge_own_lags_calendar,112099704.68924281
2025-10-17,112106048,宁德,ridge_own_lags_calendar,112459441.005059
2025-10-18,112279322,宁德,ridge_own_lags_calendar,111045791.34650819
2025-10-19,106404718,宁德,ridge_own_lags_calendar,110166276.26930785
2025-10-20,102475627,宁德,ridge_own_lags_calendar,107154282.14660236
2025-10-21,93894462,宁德,ridge_own_lags_calendar,103058890.24079162
2025-10-22,95224223,宁德,ridge_own_lags_calendar,95625046.16660695
2025-10-23,94857326,宁德,ridge_own_lags_calendar,95868424.55969615
2025-10-24,95496767,宁德,ridge_own_lags_calendar,95058230.63068405
2025-10-25,97327486,宁德,ridge_own_lags_calendar,94640914.53926966
2025-10-26,100198609,宁德,ridge_own_lags_calendar,95272503.53438835
2025-10-27,96475380,宁德,ridge_own_lags_calendar,98776736.18149711
2025-10-28,102396070,宁德,ridge_own_lags_calendar,96474972.68090285
2025-10-29,100200106,宁德,ridge_own_lags_calendar,100378411.70563973
2025-10-30,99831236,宁德,ridge_own_lags_calendar,99994652.79970758
2025-10-31,101585324,宁德,ridge_own_lags_calendar,100068464.19160026
2025-11-01,95797531,宁德,ridge_own_lags_calendar,100494802.47926448
2025-11-02,96126680,宁德,ridge_own_lags_calendar,95712957.51934083
2025-11-03,98262395,宁德,ridge_own_lags_calendar,96678824.7864496
2025-11-04,94972552,宁德,ridge_own_lags_calendar,97538702.32575844
2025-11-05,96350352,宁德,ridge_own_lags_calendar,95192360.38206485
2025-11-06,99640393,宁德,ridge_own_lags_calendar,96648382.41295226
2025-11-07,101824716,宁德,ridge_own_lags_calendar,98963169.08889307
2025-11-08,103221353,宁德,ridge_own_lags_calendar,100500743.96017244
2025-11-09,102555484,宁德,ridge_own_lags_calendar,101266214.59454535
2025-11-10,99144948,宁德,ridge_own_lags_calendar,102159361.70346922
2025-11-11,103270131,宁德,ridge_own_lags_calendar,99507533.91289996
2025-11-12,100935280,宁德,ridge_own_lags_calendar,101983514.52142914
2025-11-13,100705102,宁德,ridge_own_lags_calendar,101176288.71600087
2025-11-14,102869062,宁德,ridge_own_lags_calendar,101023883.85068674
2025-11-15,98772419,宁德,ridge_own_lags_calendar,101786158.4732669
2025-11-16,97805281,宁德,ridge_own_lags_calendar,98245910.78202128
2025-11-17,104659716,宁德,ridge_own_lags_calendar,98312979.80923164
2025-11-18,101744820,宁德,ridge_own_lags_calendar,102524746.94694707
2025-11-19,99400868,宁德,ridge_own_lags_calendar,100959022.3471562
2025-11-20,97976526,宁德,ridge_own_lags_calendar,100010006.6339438
2025-11-21,98356990,宁德,ridge_own_lags_calendar,98502211.70732018
2025-11-22,97499203,宁德,ridge_own_lags_calendar,97872382.08804882
2025-11-23,98269134,宁德,ridge_own_lags_calendar,96527130.76007654
2025-11-24,101499513,宁德,ridge_own_lags_calendar,97774806.7182333
2025-11-25,99109196,宁德,ridge_own_lags_calendar,99835166.9993109
2025-11-26,97797490,宁德,ridge_own_lags_calendar,98410304.33786947
2025-11-27,97671267,宁德,ridge_own_lags_calendar,98208848.75230382
2025-11-28,96097264,宁德,ridge_own_lags_calendar,97892712.80129299
2025-11-29,94364148,宁德,ridge_own_lags_calendar,96034253.73951086
2025-11-30,93761575,宁德,ridge_own_lags_calendar,93787203.56470725
2025-12-01,92900170,宁德,ridge_own_lags_calendar,93749053.51008618
2025-12-02,95809480,宁德,ridge_own_lags_calendar,92692566.91791576
2025-12-03,91442821,宁德,ridge_own_lags_calendar,94552225.37150712
2025-12-04,94602451,宁德,ridge_own_lags_calendar,92320318.5224114
2025-12-05,97002148,宁德,ridge_own_lags_calendar,94435707.66617976
2025-12-06,94874995,宁德,ridge_own_lags_calendar,95661643.49347068
2025-12-07,94783898,宁德,ridge_own_lags_calendar,93870638.97939883
2025-12-08,96287916,宁德,ridge_own_lags_calendar,94756974.54961519
2025-12-09,99291478,宁德,ridge_own_lags_calendar,95353653.45689909
2025-12-10,101204312,宁德,ridge_own_lags_calendar,97749617.21586463
2025-12-11,99675248,宁德,ridge_own_lags_calendar,100235408.87901862
2025-12-12,102756596,宁德,ridge_own_lags_calendar,99692664.20686474
2025-12-13,104478631,宁德,ridge_own_lags_calendar,101385676.8856096
2025-12-14,100748522,宁德,ridge_own_lags_calendar,102293561.49323502
2025-12-15,103235719,宁德,ridge_own_lags_calendar,101101125.61538696
2025-12-16,99824164,宁德,ridge_own_lags_calendar,102195577.80529322
2025-12-17,103258866,宁德,ridge_own_lags_calendar,99586949.6633738
2025-12-18,105552854,宁德,ridge_own_lags_calendar,102629584.41133274
2025-12-19,104024346,宁德,ridge_own_lags_calendar,104467404.71810247
2025-12-20,104130612,宁德,ridge_own_lags_calendar,103095430.57081383
2025-12-21,104027115,宁德,ridge_own_lags_calendar,102584088.69926398
2025-12-22,105026357,宁德,ridge_own_lags_calendar,103390673.86655079
2025-12-23,105240249,宁德,ridge_own_lags_calendar,103892524.29432839
2025-12-24,105560830,宁德,ridge_own_lags_calendar,103862480.60869902
2025-12-25,106011375,宁德,ridge_own_lags_calendar,104854549.37842637
2025-12-26,102772549,宁德,ridge_own_lags_calendar,105347264.71137895
2025-12-27,104573986,宁德,ridge_own_lags_calendar,102327844.54782292
2025-12-28,103011868,宁德,ridge_own_lags_calendar,102638071.9803465
2025-12-29,101666718,宁德,ridge_own_lags_calendar,102407852.4856196
2025-12-30,102886747,宁德,ridge_own_lags_calendar,101095307.82120298
2025-12-31,101193450,宁德,ridge_own_lags_calendar,101385563.53706294
2026-01-01,95314313,宁德,ridge_own_lags_calendar,100777100.20965824
2026-01-02,97717569,宁德,ridge_own_lags_calendar,96668113.18423997
2026-01-03,104931317,宁德,ridge_own_lags_calendar,96776228.65155374
2026-01-04,108760383,宁德,ridge_own_lags_calendar,101211677.0187168
2026-01-05,107075371,宁德,ridge_own_lags_calendar,106053874.29104966
2026-01-06,105481499,宁德,ridge_own_lags_calendar,105413648.21487276
2026-01-07,105641211,宁德,ridge_own_lags_calendar,104282821.40738346
2026-01-08,109250107,宁德,ridge_own_lags_calendar,105198089.31843857
2026-01-09,109957300,宁德,ridge_own_lags_calendar,108032231.95206694
