group,target,horizon,model,mae,rmse,mape,smape,n
key_variable,制造业,1,direct_context_weather_holiday,13853741.851896007,22503372.167700365,0.031875500296500936,0.032110308625085696,101
key_variable,制造业,2,direct_context_weather_holiday,16461990.512912156,24756285.358636387,0.03744131881037231,0.037843208946720344,101
key_variable,制造业,3,direct_context_weather_holiday,18298939.267467003,26508982.528945595,0.04134914458445595,0.04199368967047331,101
key_variable,制造业,4,direct_context_weather_holiday,18244515.469809175,26872776.12523768,0.0409870005070262,0.04175857922146276,101
key_variable,制造业,5,direct_context_weather_holiday,17659747.19699813,25899102.81232858,0.03947764805743563,0.04029239544370748,101
key_variable,制造业,6,direct_context_weather_holiday,17205379.677962583,24444302.114847876,0.03826608919754151,0.0390819393784573,101
key_variable,制造业,7,direct_context_weather_holiday,16644075.602932425,22501314.844423376,0.036982272624610846,0.037560390968081926,101
key_variable,制造业,8,direct_context_weather_holiday,16511238.266891018,21609399.351657577,0.03670597646304651,0.03717851795084334,101
key_variable,制造业,9,direct_context_weather_holiday,16629088.229757272,21641531.66618575,0.03692414299920667,0.03741160233126918,101
key_variable,制造业,10,direct_context_weather_holiday,16576278.47464391,22026607.793235242,0.036790836910039114,0.03732726656674007,101
key_variable,制造业,11,direct_context_weather_holiday,16220816.476666654,21697514.86619228,0.036220046765130354,0.03665266326926758,101
key_variable,制造业,12,direct_context_weather_holiday,16224800.137469906,21830358.381666973,0.03624309406528843,0.03672598587954647,101
key_variable,制造业,13,direct_context_weather_holiday,15583726.052301869,21027290.59371466,0.034671386171309805,0.0352735337769219,101
key_variable,制造业,14,direct_context_weather_holiday,14908107.427667588,19922301.698503375,0.03303260522703494,0.033721344031178414,101
key_variable,制造业,15,direct_context_weather_holiday,15580874.759854732,20443004.899043817,0.03452319954910456,0.03532145432214112,101
key_variable,制造业,16,direct_context_weather_holiday,16896920.6652828,21448344.08501538,0.03753530266404342,0.038409895397071625,101
key_variable,制造业,17,direct_context_weather_holiday,18412106.612451266,22434866.978834506,0.041009960263571676,0.041892790649036935,101
key_variable,制造业,18,direct_context_weather_holiday,18368007.323353324,22769685.902748335,0.041003722589389405,0.04185938311240227,101
key_variable,制造业,19,direct_context_weather_holiday,17623112.328257024,22252913.54006991,0.03930568390726944,0.040147999146039566,101
key_variable,制造业,20,direct_context_weather_holiday,17332553.87783685,22211175.992756985,0.038607974411566784,0.03952144544579973,101
key_variable,制造业,21,direct_context_weather_holiday,17777414.973836403,22615653.085675105,0.039524621434495165,0.04052432037711805,101
key_variable,制造业,22,direct_context_weather_holiday,17771780.08091962,22713579.336252145,0.03948934832390373,0.040497481016222116,101
key_variable,制造业,23,direct_context_weather_holiday,17918282.631485112,22948947.95920595,0.03993289601937042,0.04092972786279326,101
key_variable,制造业,24,direct_context_weather_holiday,19246747.97119192,24312471.1964039,0.04293963264399805,0.043998882150608216,101
key_variable,制造业,25,direct_context_weather_holiday,19681266.79881458,24794960.30712361,0.04389391678828585,0.044950330226357735,101
key_variable,制造业,26,direct_context_weather_holiday,19880459.886204094,25015649.42612682,0.04425098320306333,0.045393125420935806,101
key_variable,制造业,27,direct_context_weather_holiday,19081765.632930506,24868099.142067447,0.04242604003655315,0.043649342122802005,101
key_variable,制造业,28,direct_context_weather_holiday,18673699.079215664,24499313.812592607,0.0415640428933729,0.04281399939755915,101
key_variable,制造业,29,direct_context_weather_holiday,18807151.842961624,24810043.45769899,0.041757981093830984,0.04316967775251521,101
key_variable,制造业,30,direct_context_weather_holiday,19413159.306448635,25366547.626025584,0.04296248697432424,0.044487395736825294,101
key_variable,制造业,1,direct_own_weather_holiday,15195940.366269322,22429432.644351467,0.03461908865184305,0.03514862358497681,101
key_variable,制造业,2,direct_own_weather_holiday,18862223.45634358,25093258.459912006,0.04250266892018325,0.043400701474633804,101
key_variable,制造业,3,direct_own_weather_holiday,21819160.809571456,27882744.932602156,0.04883444426615806,0.050288469514069484,101
key_variable,制造业,4,direct_own_weather_holiday,23220420.625963178,29511708.40889611,0.051627775635384385,0.05352818939389913,101
key_variable,制造业,5,direct_own_weather_holiday,23834704.68280714,30351425.860703647,0.05260826809023962,0.05478664141870963,101
key_variable,制造业,6,direct_own_weather_holiday,24467057.395133268,30528032.82444335,0.05380597533636688,0.056036685333712984,101
key_variable,制造业,7,direct_own_weather_holiday,24757689.39535054,29803734.514612902,0.05436827043127862,0.05645153882362528,101
key_variable,制造业,8,direct_own_weather_holiday,24856521.288955454,29237027.08474347,0.054523934922232,0.05653113475353741,101
key_variable,制造业,9,direct_own_weather_holiday,25189485.169851586,29604452.385175887,0.055230722085353935,0.057314051428041086,101
key_variable,制造业,10,direct_own_weather_holiday,25777392.79324678,30442757.14811683,0.056587554906262334,0.05879638789252656,101
key_variable,制造业,11,direct_own_weather_holiday,26513895.522791173,31129833.37678955,0.05823712657273907,0.060537407433354375,101
key_variable,制造业,12,direct_own_weather_holiday,27179082.64143327,31686363.019087516,0.059706130800150685,0.062099087843931935,101
key_variable,制造业,13,direct_own_weather_holiday,28006867.777405053,32304435.41788264,0.06145316221139054,0.06397267039431274,101
key_variable,制造业,14,direct_own_weather_holiday,29033283.870640963,33137362.753816128,0.06370495186000881,0.06639359542742249,101
key_variable,制造业,15,direct_own_weather_holiday,30295426.95001793,34164044.35809162,0.06656678181501464,0.06944808823022729,101
key_variable,制造业,16,direct_own_weather_holiday,31555409.019488104,35252685.03412117,0.06946167190780728,0.07255754448813675,101
key_variable,制造业,17,direct_own_weather_holiday,32807453.26698052,36259347.680637546,0.07233200903554611,0.07561251755430454,101
key_variable,制造业,18,direct_own_weather_holiday,33896265.781133465,37292802.77688841,0.0747848061256827,0.07828005197562603,101
key_variable,制造业,19,direct_own_weather_holiday,34760184.31884837,38124076.15580647,0.07674594375014654,0.08044059249680803,101
key_variable,制造业,20,direct_own_weather_holiday,35437620.723731786,39187994.87693727,0.07817814275564974,0.08211516756254807,101
key_variable,制造业,21,direct_own_weather_holiday,36286735.50126409,40243075.79710291,0.07999849155047536,0.08416043827187474,101
key_variable,制造业,22,direct_own_weather_holiday,36984776.38353044,40563462.90325925,0.08152515271533281,0.08574820632142509,101
key_variable,制造业,23,direct_own_weather_holiday,37265428.869938806,40776639.31843344,0.08215456409250278,0.08642597215390976,101
key_variable,制造业,24,direct_own_weather_holiday,37758027.988845095,41450640.75640205,0.08327458710524487,0.08769444788554788,101
key_variable,制造业,25,direct_own_weather_holiday,38186683.08108352,41946283.24707166,0.08423065846862678,0.08875994217643646,101
key_variable,制造业,26,direct_own_weather_holiday,38516242.48587397,42327513.90241505,0.08490101937071458,0.08951178935352656,101
key_variable,制造业,27,direct_own_weather_holiday,38753110.78017462,42682277.7657302,0.08539940661538625,0.0900918389833273,101
key_variable,制造业,28,direct_own_weather_holiday,38970289.84607832,42848946.40609852,0.08590123290589795,0.09063918325540478,101
key_variable,制造业,29,direct_own_weather_holiday,39212491.12402369,42865498.90700743,0.08648048990992374,0.09122621121333507,101
key_variable,制造业,30,direct_own_weather_holiday,39507088.93834281,42915650.51950948,0.08719353367080306,0.09195243323802756,101
key_variable,合计,1,direct_context_weather_holiday,19520733.999911875,28612334.566499606,0.02303196680671665,0.023147580959953847,101
key_variable,合计,2,direct_context_weather_holiday,23322468.64115588,32301765.536753066,0.027505495929218665,0.0276351341597229,101
key_variable,合计,3,direct_context_weather_holiday,25520838.80447775,35471713.50232851,0.030140874188978522,0.03030006663645886,101
key_variable,合计,4,direct_context_weather_holiday,27415837.93809133,38022589.256927855,0.03241416804663597,0.032508809446536856,101
key_variable,合计,5,direct_context_weather_holiday,28870157.011064894,39892825.945821114,0.0341528345827146,0.03421970827246137,101
key_variable,合计,6,direct_context_weather_holiday,30810131.47585326,41535237.08239594,0.036366539370376774,0.03646625934826576,101
key_variable,合计,7,direct_context_weather_holiday,31115525.999522097,40466104.71929887,0.03681687726457747,0.036774446380072594,101
key_variable,合计,8,direct_context_weather_holiday,31118472.9944348,40301125.42533299,0.03679248870887525,0.036735027285287575,101
key_variable,合计,9,direct_context_weather_holiday,31121338.029989168,40389212.433270685,0.0366369829409512,0.036706323488708024,101
key_variable,合计,10,direct_context_weather_holiday,30878658.370100297,40256027.67079464,0.036294925925779466,0.0364310111633239,101
key_variable,合计,11,direct_context_weather_holiday,30172782.835058898,39795752.48817267,0.035462505422239006,0.03559869551829481,101
key_variable,合计,12,direct_context_weather_holiday,29729421.75792195,39775810.764490925,0.03488793250295774,0.035054239292732624,101
key_variable,合计,13,direct_context_weather_holiday,29126758.79622785,38686644.52838663,0.03417780004268469,0.03435518328054254,101
key_variable,合计,14,direct_context_weather_holiday,28215304.373022616,36879339.47033709,0.033158439394699445,0.03329859536957593,101
key_variable,合计,15,direct_context_weather_holiday,28643984.095824506,37249638.98283708,0.03371133307850045,0.03384542276124252,101
key_variable,合计,16,direct_context_weather_holiday,29268300.266424473,37775283.30182405,0.03444569550830105,0.034626990675994423,101
key_variable,合计,17,direct_context_weather_holiday,28873283.321633484,36987747.915965,0.03401941998793135,0.03417989213222517,101
key_variable,合计,18,direct_context_weather_holiday,28805125.17888225,36213488.03453912,0.03410152508162193,0.03419650185076637,101
key_variable,合计,19,direct_context_weather_holiday,28813062.38290841,35877502.90389193,0.03421745096775284,0.034260748225202704,101
key_variable,合计,20,direct_context_weather_holiday,28596441.488220915,35637401.022371374,0.033933591436479144,0.033996801045008386,101
key_variable,合计,21,direct_context_weather_holiday,28670018.203490634,36111367.68825576,0.03397209696860041,0.03404349712756779,101
key_variable,合计,22,direct_context_weather_holiday,28457675.711755995,36298002.67481399,0.033658194836668716,0.03375954408926833,101
key_variable,合计,23,direct_context_weather_holiday,28448025.267971143,36241419.228093065,0.03359729676943495,0.03376644763625536,101
key_variable,合计,24,direct_context_weather_holiday,29335430.78990128,36977503.82067777,0.0347164267126076,0.03488478327959527,101
key_variable,合计,25,direct_context_weather_holiday,30153132.016890176,37526748.70236478,0.035793910815917276,0.03590980540958299,101
key_variable,合计,26,direct_context_weather_holiday,30010206.211410962,36948103.22375001,0.03565073549398317,0.03581155226927822,101
key_variable,合计,27,direct_context_weather_holiday,30003034.858700946,36561036.207158126,0.035639558255064666,0.03584550249428487,101
key_variable,合计,28,direct_context_weather_holiday,29152980.593310054,36246916.2485335,0.03459299300234809,0.034799973217623625,101
key_variable,合计,29,direct_context_weather_holiday,28842782.49360401,36463078.66437955,0.03413064828694797,0.03439463274181435,101
key_variable,合计,30,direct_context_weather_holiday,30071374.414632335,37540495.39746938,0.03547266366888006,0.035797823479449355,101
key_variable,合计,1,direct_own_weather_holiday,27377567.484003767,33866676.02176357,0.032462981714949435,0.03312789090994012,101
key_variable,合计,2,direct_own_weather_holiday,32556622.069130648,39169684.62108895,0.03857511679576143,0.03951186549625214,101
key_variable,合计,3,direct_own_weather_holiday,35688109.78594883,43401224.16780836,0.0421908512425499,0.043369557741415994,101
key_variable,合计,4,direct_own_weather_holiday,38115693.95685253,46631883.569758065,0.04485153739291994,0.04620509628622502,101
key_variable,合计,5,direct_own_weather_holiday,39577892.18972457,48825904.306871325,0.04636505187622265,0.04785159459592766,101
key_variable,合计,6,direct_own_weather_holiday,40315631.9590236,49981605.50521948,0.04704815492260901,0.04860111650536664,101
key_variable,合计,7,direct_own_weather_holiday,40474951.08580903,50519382.86321986,0.047062093965625426,0.04863770169670492,101
key_variable,合计,8,direct_own_weather_holiday,40604261.02367632,51579587.06059581,0.047032531284935786,0.048665908111215614,101
key_variable,合计,9,direct_own_weather_holiday,40964907.56932982,53129906.33096829,0.04731221962795954,0.049051933197797756,101
key_variable,合计,10,direct_own_weather_holiday,41330096.7420934,54246610.875056975,0.04769386565536704,0.04951665522545878,101
key_variable,合计,11,direct_own_weather_holiday,41636527.63818968,54597013.23301714,0.048069630164953615,0.04993375992546271,101
key_variable,合计,12,direct_own_weather_holiday,41912552.65191968,54868613.21930803,0.048427351191953114,0.0503167752207647,101
key_variable,合计,13,direct_own_weather_holiday,42380747.73933456,55396500.18471035,0.04902098121244041,0.050946655828165675,101
key_variable,合计,14,direct_own_weather_holiday,43503928.52378337,56311292.40708622,0.05038759025727443,0.05238379469848276,101
key_variable,合计,15,direct_own_weather_holiday,44340726.47958228,56853771.02291237,0.05142369538295287,0.05346656083052178,101
key_variable,合计,16,direct_own_weather_holiday,45226712.579274766,57006882.10498013,0.052560975550842756,0.05463101942681306,101
key_variable,合计,17,direct_own_weather_holiday,45992349.55326902,56868260.25506696,0.05359443525692154,0.055680620288609074,101
key_variable,合计,18,direct_own_weather_holiday,46166715.5185413,56513574.24104886,0.05390869310465444,0.056000123140818175,101
key_variable,合计,19,direct_own_weather_holiday,46247304.84139793,55918921.35614107,0.054093501600925055,0.056161668026640514,101
key_variable,合计,20,direct_own_weather_holiday,46405494.20826721,55934977.69497381,0.05430866800735817,0.05637810002171315,101
key_variable,合计,21,direct_own_weather_holiday,46850325.81170362,56549773.78270429,0.054840744767993894,0.05695760652301828,101
key_variable,合计,22,direct_own_weather_holiday,47315431.74786016,56799193.10976862,0.05541794958483534,0.05756023402946768,101
key_variable,合计,23,direct_own_weather_holiday,47728439.706862494,57129432.217252165,0.05595192948090927,0.05812936947099986,101
key_variable,合计,24,direct_own_weather_holiday,48172812.09420835,57288477.72687196,0.05655204359427384,0.0587591668639928,101
key_variable,合计,25,direct_own_weather_holiday,48736108.94629462,57381864.32389443,0.05731529229852408,0.05954919373110987,101
key_variable,合计,26,direct_own_weather_holiday,49599539.47893611,57678385.532651804,0.05845015779174968,0.06072433560231191,101
key_variable,合计,27,direct_own_weather_holiday,50420091.71004446,58216550.6772524,0.05951345732912836,0.061841569279891394,101
key_variable,合计,28,direct_own_weather_holiday,50708892.345214635,58594909.61830609,0.059855056335188325,0.06221370952896231,101
key_variable,合计,29,direct_own_weather_holiday,51172790.220989555,59042569.959115155,0.06042326750489223,0.06281605195483052,101
key_variable,合计,30,direct_own_weather_holiday,51435261.95220069,59176911.353332445,0.060764501502519844,0.06316867230023109,101
key_variable,商业用电,1,direct_context_weather_holiday,1725265.8780649127,2168056.610422878,0.021335181567933726,0.021223679694429353,101
key_variable,商业用电,2,direct_context_weather_holiday,1880007.7350481425,2489552.396632885,0.0232747525003069,0.023131954664326933,101
key_variable,商业用电,3,direct_context_weather_holiday,2100839.3383957986,2736602.2385935993,0.02586407791019648,0.025644681249510377,101
key_variable,商业用电,4,direct_context_weather_holiday,2305072.563282585,2906948.4529704773,0.028010873354150635,0.027713525512692544,101
key_variable,商业用电,5,direct_context_weather_holiday,2478841.4283267716,3184007.1745228404,0.02979647932068333,0.029405114588625596,101
key_variable,商业用电,6,direct_context_weather_holiday,2668383.253009827,3423778.296606751,0.03188307879445997,0.031431957420186694,101
key_variable,商业用电,7,direct_context_weather_holiday,2857808.149553853,3626626.119053218,0.03466162113966737,0.034064076554933924,101
key_variable,商业用电,8,direct_context_weather_holiday,2994799.3543537254,3793063.639559573,0.036456528564097056,0.035795274355839825,101
key_variable,商业用电,9,direct_context_weather_holiday,3124727.0966531164,3931779.892530817,0.03781931041082814,0.037201832500205215,101
key_variable,商业用电,10,direct_context_weather_holiday,3172160.594405155,3973280.928373315,0.03831435880826649,0.03769243074844143,101
key_variable,商业用电,11,direct_context_weather_holiday,3230384.3323743036,4054103.521514114,0.03885668355934568,0.03823342263993286,101
key_variable,商业用电,12,direct_context_weather_holiday,3235691.3178904713,4027619.06944648,0.03874515239674318,0.03815802329289871,101
key_variable,商业用电,13,direct_context_weather_holiday,3210181.188028278,3967131.85606661,0.03841849162590634,0.03785196715300601,101
key_variable,商业用电,14,direct_context_weather_holiday,3394251.1271659858,4096958.457884508,0.04103884546323389,0.04030855037471664,101
key_variable,商业用电,15,direct_context_weather_holiday,3633311.3094128,4382420.886270958,0.04403032111711795,0.04313153284372234,101
key_variable,商业用电,16,direct_context_weather_holiday,3668263.643728397,4462766.885618551,0.044131595007331874,0.04325915121632035,101
key_variable,商业用电,17,direct_context_weather_holiday,3688332.8081930857,4444697.8859103685,0.04447710463607625,0.04357353690492336,101
key_variable,商业用电,18,direct_context_weather_holiday,3738994.338782344,4403501.95937047,0.04531168173691,0.04435470224054519,101
key_variable,商业用电,19,direct_context_weather_holiday,3716930.3853314645,4300405.424700411,0.04537851701531773,0.04440280716491358,101
key_variable,商业用电,20,direct_context_weather_holiday,3627357.2808435275,4231644.488850437,0.044366773633157226,0.043404644506881584,101
key_variable,商业用电,21,direct_context_weather_holiday,3762538.07915376,4374732.31476897,0.04633837715343936,0.04524907382428798,101
key_variable,商业用电,22,direct_context_weather_holiday,3831521.4711744804,4483929.5178374825,0.04739516494328519,0.046209440507186395,101
key_variable,商业用电,23,direct_context_weather_holiday,3816861.156954433,4491931.176956285,0.047214654115715,0.04605740414989138,101
key_variable,商业用电,24,direct_context_weather_holiday,3780438.463960135,4405883.221551779,0.04701936487070214,0.045885809907763274,101
key_variable,商业用电,25,direct_context_weather_holiday,3726471.275384239,4266012.437892345,0.04650584586779931,0.045452712010497026,101
key_variable,商业用电,26,direct_context_weather_holiday,3590173.0659489185,4109497.6742671914,0.04502836976910632,0.04404203848664629,101
key_variable,商业用电,27,direct_context_weather_holiday,3666138.2462027897,4200573.747954499,0.046356548502093836,0.04525820212223315,101
key_variable,商业用电,28,direct_context_weather_holiday,3844476.421483883,4422012.614052698,0.048952913420366846,0.04761023356749433,101
key_variable,商业用电,29,direct_context_weather_holiday,3859662.749366744,4409927.275898938,0.049090708850531295,0.047725696246173226,101
key_variable,商业用电,30,direct_context_weather_holiday,3725281.9547847374,4344949.707905948,0.04727284582238458,0.045958987885792106,101
key_variable,商业用电,1,direct_own_weather_holiday,2368712.6696359473,2885025.9491585097,0.02840325107082698,0.028825085097600345,101
key_variable,商业用电,2,direct_own_weather_holiday,2600662.1022628485,3208150.2493646704,0.030945623945350283,0.03141205296645167,101
key_variable,商业用电,3,direct_own_weather_holiday,2805974.893122688,3464312.451911644,0.03308182235267933,0.03357232558095645,101
key_variable,商业用电,4,direct_own_weather_holiday,2912955.7635028753,3611714.882204293,0.034029201910683815,0.03453641818102865,101
key_variable,商业用电,5,direct_own_weather_holiday,3023387.174838092,3733360.322621175,0.03494357282161151,0.035470750548702884,101
key_variable,商业用电,6,direct_own_weather_holiday,3101993.8702205927,3832962.086309224,0.035605530019702375,0.03615200542139872,101
key_variable,商业用电,7,direct_own_weather_holiday,3260615.29393384,4023697.3724586503,0.03746148102564263,0.038052846767351975,101
key_variable,商业用电,8,direct_own_weather_holiday,3341188.826820367,4160306.3404871477,0.03838033341483605,0.03901188584415862,101
key_variable,商业用电,9,direct_own_weather_holiday,3445334.25045166,4318426.460705195,0.039486156587246926,0.04015906666784861,101
key_variable,商业用电,10,direct_own_weather_holiday,3497375.468524204,4401556.955613605,0.04002703156861491,0.04071107750059286,101
key_variable,商业用电,11,direct_own_weather_holiday,3492407.899394518,4424604.298459056,0.03981537237777802,0.040510133375802546,101
key_variable,商业用电,12,direct_own_weather_holiday,3425578.95669408,4412309.283360406,0.03874779366175083,0.03945750200893087,101
key_variable,商业用电,13,direct_own_weather_holiday,3363219.8269256684,4334667.504563705,0.03791860035382947,0.03861757095389743,101
key_variable,商业用电,14,direct_own_weather_holiday,3408022.835587486,4353756.00433907,0.03847452374743289,0.03917917610157396,101
key_variable,商业用电,15,direct_own_weather_holiday,3554817.277655567,4507303.934932738,0.040341800440811176,0.04106799776186861,101
key_variable,商业用电,16,direct_own_weather_holiday,3611906.742957871,4565282.715074906,0.04114774904178277,0.04188004524012309,101
key_variable,商业用电,17,direct_own_weather_holiday,3572729.92137952,4494602.81537477,0.040840065252242236,0.04155744309843193,101
key_variable,商业用电,18,direct_own_weather_holiday,3478998.222722755,4399087.474954493,0.03979139111971549,0.04049769419323001,101
key_variable,商业用电,19,direct_own_weather_holiday,3336641.2061910415,4261563.955622568,0.03810206714136466,0.038795017961476046,101
key_variable,商业用电,20,direct_own_weather_holiday,3243010.603613778,4182382.645347046,0.036877659250314346,0.03757528918586719,101
key_variable,商业用电,21,direct_own_weather_holiday,3260329.857049931,4176480.2638123985,0.037149375779911266,0.03789611073012419,101
key_variable,商业用电,22,direct_own_weather_holiday,3384056.3461347427,4273020.313368757,0.0387566460138231,0.039546788115628034,101
key_variable,商业用电,23,direct_own_weather_holiday,3470884.1470339284,4329338.060275677,0.03991408281346432,0.04072050287061032,101
key_variable,商业用电,24,direct_own_weather_holiday,3381212.7898121565,4275603.738731444,0.03896071394811231,0.03974882207595883,101
key_variable,商业用电,25,direct_own_weather_holiday,3234831.094439902,4128111.099488662,0.03727843537306594,0.038074277288269114,101
key_variable,商业用电,26,direct_own_weather_holiday,3155550.57650654,4029033.0636927034,0.03636102879725106,0.03716720918684062,101
key_variable,商业用电,27,direct_own_weather_holiday,3109732.3622672,3961684.632670533,0.03582635022696599,0.03663477709371923,101
key_variable,商业用电,28,direct_own_weather_holiday,3115535.2059335755,3935124.8352328497,0.03608568963974361,0.036871700023916584,101
key_variable,商业用电,29,direct_own_weather_holiday,3168096.206782571,3944093.5260576284,0.03678734231074846,0.03755453062286804,101
key_variable,商业用电,30,direct_own_weather_holiday,3212077.0968907275,4034721.6913963524,0.03725805356295783,0.03802577232344223,101
key_variable,大工业电量,1,direct_context_weather_holiday,15937210.998948306,21466663.970483635,0.036960943430196874,0.036568673794405135,101
key_variable,大工业电量,2,direct_context_weather_holiday,17529077.593939587,23246562.682732023,0.04046016173380656,0.0401384356177403,101
key_variable,大工业电量,3,direct_context_weather_holiday,18364834.554079853,24280212.08080159,0.04221472758834752,0.042115578888176346,101
key_variable,大工业电量,4,direct_context_weather_holiday,19182761.354323756,24978949.592466377,0.043912817967820046,0.043831379192867,101
key_variable,大工业电量,5,direct_context_weather_holiday,18986804.354102623,24389331.131334435,0.04330117027066641,0.043269886951733644,101
key_variable,大工业电量,6,direct_context_weather_holiday,19077905.60899899,23942897.88215365,0.043381653578533824,0.043318117258878866,101
key_variable,大工业电量,7,direct_context_weather_holiday,19153228.892607234,23199337.644427918,0.04361814301801155,0.0432507298376619,101
key_variable,大工业电量,8,direct_context_weather_holiday,18731373.01547631,22706611.597911842,0.04278061971598452,0.042272840532315094,101
key_variable,大工业电量,9,direct_context_weather_holiday,17777401.470297057,21803646.543267872,0.040581403861590475,0.04018700308869818,101
key_variable,大工业电量,10,direct_context_weather_holiday,16876092.157289993,21220955.507166415,0.0385102959443855,0.03826284199466921,101
key_variable,大工业电量,11,direct_context_weather_holiday,16055366.909933124,20519495.288507216,0.03678865719075546,0.03650726792829688,101
key_variable,大工业电量,12,direct_context_weather_holiday,15797071.052709864,20275113.23367775,0.0361763608837621,0.0359152614449803,101
key_variable,大工业电量,13,direct_context_weather_holiday,15149811.4867942,19503437.11753011,0.03459835766435497,0.0344254577823352,101
key_variable,大工业电量,14,direct_context_weather_holiday,14363679.904476527,18373935.407409713,0.03281031001540573,0.03263773200586041,101
key_variable,大工业电量,15,direct_context_weather_holiday,14191420.304979583,17911828.75814288,0.032429747206759944,0.032258808568316186,101
key_variable,大工业电量,16,direct_context_weather_holiday,14252274.552563466,17736666.807621066,0.0325395262755899,0.0324258321046656,101
key_variable,大工业电量,17,direct_context_weather_holiday,14264164.845185367,17845695.778267037,0.03265997512106839,0.032511379005499726,101
key_variable,大工业电量,18,direct_context_weather_holiday,14221476.902641894,18078278.807865877,0.032730977385875056,0.03252887831387122,101
key_variable,大工业电量,19,direct_context_weather_holiday,14023938.28810364,18017156.657174785,0.03228769581168485,0.03204942604534203,101
key_variable,大工业电量,20,direct_context_weather_holiday,14164037.897256233,18256780.356040534,0.03256626951317946,0.03231915877659936,101
key_variable,大工业电量,21,direct_context_weather_holiday,14713904.408181569,18924326.643697686,0.0338147190267943,0.03353845213523672,101
key_variable,大工业电量,22,direct_context_weather_holiday,15674840.348483102,19543236.563169815,0.03600686541716028,0.035649320166700665,101
key_variable,大工业电量,23,direct_context_weather_holiday,16326783.731366077,19650743.049724832,0.03749434922496143,0.03713007959615474,101
key_variable,大工业电量,24,direct_context_weather_holiday,17234723.56124416,20958895.394261226,0.039572644995608336,0.0391929756090476,101
key_variable,大工业电量,25,direct_context_weather_holiday,17943489.838322792,21751643.54968932,0.041170415486700675,0.04068439881387155,101
key_variable,大工业电量,26,direct_context_weather_holiday,17361798.07645261,20888699.961233314,0.03979034207342693,0.039408644267293555,101
key_variable,大工业电量,27,direct_context_weather_holiday,16788884.46008322,20437096.634191904,0.0383623626320182,0.03814506322734973,101
key_variable,大工业电量,28,direct_context_weather_holiday,16823334.094514742,20358573.291388914,0.03842125493131089,0.03822729191521379,101
key_variable,大工业电量,29,direct_context_weather_holiday,16319175.426411629,20068279.895990428,0.037183500639679096,0.037115035289568866,101
key_variable,大工业电量,30,direct_context_weather_holiday,16339746.791720346,19945906.37678958,0.03715491434170072,0.03715299222729772,101
key_variable,大工业电量,1,direct_own_weather_holiday,12251586.181395216,18934193.259933315,0.028288985337873215,0.028472101298083474,101
key_variable,大工业电量,2,direct_own_weather_holiday,13848325.588358417,19968792.679143183,0.03181015248093232,0.03207794003663948,101
key_variable,大工业电量,3,direct_own_weather_holiday,15341823.265185436,20878182.153408136,0.03501281733330833,0.035535858643281154,101
key_variable,大工业电量,4,direct_own_weather_holiday,15515017.38716866,21357211.599933222,0.035153763563929734,0.03590164654553418,101
key_variable,大工业电量,5,direct_own_weather_holiday,15122461.003412433,21447252.4503156,0.03399617792699236,0.034862311035547364,101
key_variable,大工业电量,6,direct_own_weather_holiday,14950901.03302629,21166838.56580902,0.033524899488281794,0.034356552448809516,101
key_variable,大工业电量,7,direct_own_weather_holiday,14642414.666899001,20089659.99340931,0.03279369389354112,0.033492942899297204,101
key_variable,大工业电量,8,direct_own_weather_holiday,13975632.420421015,19101351.08782808,0.03127359273494393,0.03187602046790217,101
key_variable,大工业电量,9,direct_own_weather_holiday,13950602.69901499,19055511.07843103,0.031261609875361585,0.03185372131112575,101
key_variable,大工业电量,10,direct_own_weather_holiday,14121700.320196543,19796890.8095183,0.031672735550278684,0.032325120752728934,101
key_variable,大工业电量,11,direct_own_weather_holiday,14034534.51393456,19801474.93789208,0.03148944720238138,0.03215697655191858,101
key_variable,大工业电量,12,direct_own_weather_holiday,14020987.481506199,19795115.820070907,0.031445924368198604,0.03210165328229803,101
key_variable,大工业电量,13,direct_own_weather_holiday,13890925.428960597,19852645.506937757,0.031091368803814617,0.031798795838459695,101
key_variable,大工业电量,14,direct_own_weather_holiday,13793896.266607044,19820619.88174528,0.030843451712962627,0.0316030609126626,101
key_variable,大工业电量,15,direct_own_weather_holiday,13621477.471151555,19652670.107533574,0.03037840991877898,0.031140370902189688,101
key_variable,大工业电量,16,direct_own_weather_holiday,14340481.918122929,19839781.045360703,0.03216695974101731,0.03295032993203525,101
key_variable,大工业电量,17,direct_own_weather_holiday,15107136.092167556,20122313.60090428,0.03399593878816116,0.034797994077349605,101
key_variable,大工业电量,18,direct_own_weather_holiday,15606245.70206801,20426616.21582954,0.03516515573227749,0.03601503428892065,101
key_variable,大工业电量,19,direct_own_weather_holiday,15685884.116087615,20513145.440116048,0.03532823689878827,0.03624748923088677,101
key_variable,大工业电量,20,direct_own_weather_holiday,15752272.087475186,20939282.44060799,0.035391227454524485,0.036399060724831,101
key_variable,大工业电量,21,direct_own_weather_holiday,16054573.344580697,21617645.783872083,0.03598438270308362,0.03707358811001005,101
key_variable,大工业电量,22,direct_own_weather_holiday,16466238.712515552,21432255.98795298,0.03688623020934265,0.037934411864201156,101
key_variable,大工业电量,23,direct_own_weather_holiday,16773170.14291719,21478625.19461426,0.037566556905658764,0.03861232918957116,101
key_variable,大工业电量,24,direct_own_weather_holiday,17209463.32955533,21975794.635778736,0.038564441699797426,0.03965840914921288,101
key_variable,大工业电量,25,direct_own_weather_holiday,17699942.674768563,22451709.718518894,0.03965753358244728,0.04080876884747857,101
key_variable,大工业电量,26,direct_own_weather_holiday,17826168.452295307,22591880.01598596,0.03991027388903482,0.04110321831048946,101
key_variable,大工业电量,27,direct_own_weather_holiday,17855385.251106214,22847201.40008783,0.03994890083704687,0.04117239402224574,101
key_variable,大工业电量,28,direct_own_weather_holiday,17826740.276664693,22838654.096789926,0.03987482991859291,0.04112490451572967,101
key_variable,大工业电量,29,direct_own_weather_holiday,17464077.31801116,22510283.607021473,0.03903595809262194,0.040276310981440924,101
key_variable,大工业电量,30,direct_own_weather_holiday,17443251.407315496,22425813.341400914,0.03901453561681389,0.04024468180098008,101
key_variable,居民生活,1,direct_context_weather_holiday,6148232.698365628,8940376.014338689,0.03325784395054661,0.03297657469985836,101
key_variable,居民生活,2,direct_context_weather_holiday,7892418.493531691,11008119.877598183,0.04278356607272635,0.04224759137158139,101
key_variable,居民生活,3,direct_context_weather_holiday,9580880.355860982,13179509.62434449,0.05200198346207491,0.051178990451102656,101
key_variable,居民生活,4,direct_context_weather_holiday,10756324.482421422,14695686.202996364,0.058285887064405434,0.057292918588511925,101
key_variable,居民生活,5,direct_context_weather_holiday,11971720.948667957,15978396.168236094,0.0650530168720591,0.06385933082837769,101
key_variable,居民生活,6,direct_context_weather_holiday,12884556.256362313,17125692.977580573,0.06994163197155084,0.06853299750743158,101
key_variable,居民生活,7,direct_context_weather_holiday,13340723.797939308,17603223.013667032,0.07292447913222981,0.07118611494495074,101
key_variable,居民生活,8,direct_context_weather_holiday,14054115.999276167,18462097.420277055,0.07681328249671276,0.07489781268550214,101
key_variable,居民生活,9,direct_context_weather_holiday,14047050.209233018,18821977.681097332,0.07602603483079791,0.0743629730758776,101
key_variable,居民生活,10,direct_context_weather_holiday,14014258.982406856,18626142.109127305,0.07609692318660095,0.07434577233581281,101
key_variable,居民生活,11,direct_context_weather_holiday,14226204.81114913,18981034.94953819,0.07700214526582179,0.07535669871630751,101
key_variable,居民生活,12,direct_context_weather_holiday,14228527.49344648,18930137.086809285,0.07711301579036178,0.0755318400624022,101
key_variable,居民生活,13,direct_context_weather_holiday,14341192.720334312,18742551.8834214,0.07841083178241277,0.07665884706447243,101
key_variable,居民生活,14,direct_context_weather_holiday,14626342.669117795,18768507.06456068,0.0808797238463262,0.07864559301301792,101
key_variable,居民生活,15,direct_context_weather_holiday,15378121.887441583,19300728.588081155,0.08567535327742659,0.08296246613859319,101
key_variable,居民生活,16,direct_context_weather_holiday,15625343.149250776,19251709.167018726,0.08703746366309252,0.08431945714275285,101
key_variable,居民生活,17,direct_context_weather_holiday,15758081.129102532,19027432.35616298,0.08786010885715631,0.08510888987103568,101
key_variable,居民生活,18,direct_context_weather_holiday,15798463.835738702,18680313.67628863,0.08804208199365941,0.0853146196477738,101
key_variable,居民生活,19,direct_context_weather_holiday,15712283.04261039,18241794.112660278,0.08759014915564459,0.084927850706953,101
key_variable,居民生活,20,direct_context_weather_holiday,15387433.288221069,17617464.588011626,0.08607768815233054,0.08346429905655695,101
key_variable,居民生活,21,direct_context_weather_holiday,15024892.194815002,17214364.90773279,0.0840977612821625,0.08162375066225334,101
key_variable,居民生活,22,direct_context_weather_holiday,14505291.315806944,16808638.764895633,0.08070702381185815,0.07864310040632527,101
key_variable,居民生活,23,direct_context_weather_holiday,13690840.810802497,16136132.746879362,0.07533798797991482,0.0738796568348082,101
key_variable,居民生活,24,direct_context_weather_holiday,12924545.975500565,15373437.782445822,0.07067435903850112,0.06950570780304251,101
key_variable,居民生活,25,direct_context_weather_holiday,12199442.801049082,14737906.860392012,0.06654296525830965,0.06551782141774937,101
key_variable,居民生活,26,direct_context_weather_holiday,12057049.399245389,14430977.151532648,0.06659309219548812,0.06539934764996563,101
key_variable,居民生活,27,direct_context_weather_holiday,11730948.26661669,13955540.572487235,0.06504570682872222,0.06376733468713866,101
key_variable,居民生活,28,direct_context_weather_holiday,11852142.090397673,13912081.745329583,0.0661437932673967,0.06471262025674739,101
key_variable,居民生活,29,direct_context_weather_holiday,12472093.614379285,14397773.644158559,0.06986688337597861,0.06821947577926198,101
key_variable,居民生活,30,direct_context_weather_holiday,12532403.152144564,14663486.188162629,0.06983716612618573,0.06816921808082214,101
key_variable,居民生活,1,direct_own_weather_holiday,6412753.245073018,9633522.364664223,0.03387294651140215,0.03449157486008175,101
key_variable,居民生活,2,direct_own_weather_holiday,7963217.845238636,12132274.287243562,0.041375405818671496,0.04225067964396707,101
key_variable,居民生活,3,direct_own_weather_holiday,9171721.132401826,13936209.976222564,0.047305507548399725,0.04840321769061276,101
key_variable,居民生活,4,direct_own_weather_holiday,10414212.317055322,15652715.035557698,0.0534273425644133,0.0548230126909594,101
key_variable,居民生活,5,direct_own_weather_holiday,11200595.955483066,16726952.103891173,0.057181030735047246,0.05879302736192541,101
key_variable,居民生活,6,direct_own_weather_holiday,11692683.447752915,17447443.724087268,0.05931359122696187,0.06103890585946806,101
key_variable,居民生活,7,direct_own_weather_holiday,12030497.671609772,18010059.88002344,0.06089410923699577,0.06260856615573691,101
key_variable,居民生活,8,direct_own_weather_holiday,12392461.561209947,18757571.683530215,0.0624711727185834,0.06428436595073207,101
key_variable,居民生活,9,direct_own_weather_holiday,12631580.104075205,19308791.8367367,0.06339391043428876,0.06532532110635228,101
key_variable,居民生活,10,direct_own_weather_holiday,12766219.971205706,19430213.24782715,0.06415826093719117,0.06607147345998599,101
key_variable,居民生活,11,direct_own_weather_holiday,12931148.895526912,19668998.61109499,0.06490678590298093,0.0668790224135914,101
key_variable,居民生活,12,direct_own_weather_holiday,13016164.916862125,19650677.541898776,0.06544327338107292,0.06745716374003644,101
key_variable,居民生活,13,direct_own_weather_holiday,13159163.26160083,19551417.44038709,0.06649479212074827,0.0684081687215346,101
key_variable,居民生活,14,direct_own_weather_holiday,13407300.854371862,19473292.824365206,0.06826017836163589,0.06997583662895443,101
key_variable,居民生活,15,direct_own_weather_holiday,13408430.41057991,19478297.12097529,0.06817445321066712,0.069822797530169,101
key_variable,居民生活,16,direct_own_weather_holiday,13185525.828117842,19099144.626898378,0.06683065959507496,0.06845687164172536,101
key_variable,居民生活,17,direct_own_weather_holiday,13032067.659469897,18756231.519004177,0.06587489674753014,0.06750783855384229,101
key_variable,居民生活,18,direct_own_weather_holiday,12759184.79231918,18229656.128216237,0.06434861215435664,0.06600213257764483,101
key_variable,居民生活,19,direct_own_weather_holiday,12337948.916484637,17617019.143441893,0.06182418622208856,0.06359922263340478,101
key_variable,居民生活,20,direct_own_weather_holiday,11889368.676212035,17042260.62203633,0.05920244041262731,0.06100624133165414,101
key_variable,居民生活,21,direct_own_weather_holiday,11396368.031426555,16648387.805750381,0.05615126511075897,0.05801043547419358,101
key_variable,居民生活,22,direct_own_weather_holiday,10890081.673315555,16484032.33375925,0.05288000581716133,0.054835128339941544,101
key_variable,居民生活,23,direct_own_weather_holiday,10426968.068455331,16182887.078522254,0.05012493001603502,0.05215596629789005,101
key_variable,居民生活,24,direct_own_weather_holiday,10132602.212073658,15726148.233597547,0.048801545128006496,0.05082968498417399,101
key_variable,居民生活,25,direct_own_weather_holiday,9995702.933763748,15166392.921296958,0.048737961026757586,0.05072847973404883,101
key_variable,居民生活,26,direct_own_weather_holiday,9733907.91958426,14743029.214321613,0.0476043374610509,0.049528804615436295,101
key_variable,居民生活,27,direct_own_weather_holiday,9757511.038303832,14412570.755268656,0.04806431882038346,0.04984051905874359,101
key_variable,居民生活,28,direct_own_weather_holiday,9675873.44272659,14178211.286458874,0.04765081608874339,0.04928252669969232,101
key_variable,居民生活,29,direct_own_weather_holiday,9450105.543229189,14114067.617048409,0.046106135241280266,0.047675807921334745,101
key_variable,居民生活,30,direct_own_weather_holiday,9696739.105067799,14208592.431531344,0.04778633556173959,0.049344867023294554,101
key_variable,工业,1,direct_context_weather_holiday,16152822.611800479,23755359.012231853,0.0337140254907761,0.033851921414080895,101
key_variable,工业,2,direct_context_weather_holiday,18624530.002728593,26267431.68786905,0.03857469463795066,0.038822780709252956,101
key_variable,工业,3,direct_context_weather_holiday,20312976.363376524,28095271.86356748,0.0418432796434341,0.04230547337184554,101
key_variable,工业,4,direct_context_weather_holiday,20994688.731795862,28808084.157238714,0.04305799356448764,0.04354191469811965,101
key_variable,工业,5,direct_context_weather_holiday,20564469.64031864,28103927.67045478,0.042005866987470865,0.042495664380687324,101
key_variable,工业,6,direct_context_weather_holiday,20655485.965584338,27418056.2829045,0.04200383060293505,0.04255594703742164,101
key_variable,工业,7,direct_context_weather_holiday,19734807.826013584,25771158.32189938,0.04011480415718264,0.0404328026383606,101
key_variable,工业,8,direct_context_weather_holiday,19503635.466032945,24963132.14775171,0.03969153621709818,0.03990563130967596,101
key_variable,工业,9,direct_context_weather_holiday,19231503.401751753,24621397.38257313,0.039089249526093085,0.03934816589821427,101
key_variable,工业,10,direct_context_weather_holiday,18508817.45823928,24435448.974080887,0.0376505797943459,0.03797532612468654,101
key_variable,工业,11,direct_context_weather_holiday,17680835.649058927,23601553.665778525,0.03612755361417318,0.03636840373729075,101
key_variable,工业,12,direct_context_weather_holiday,17447412.58482588,23411358.5150999,0.03562876900407695,0.03591521133580774,101
key_variable,工业,13,direct_context_weather_holiday,16395131.186636785,22561039.51532483,0.03331943430521282,0.033735981285864386,101
key_variable,工业,14,direct_context_weather_holiday,15357325.032022394,21240468.31442192,0.031072852019785924,0.031566265232298586,101
key_variable,工业,15,direct_context_weather_holiday,15956455.158078741,21356347.781061757,0.03227903400817953,0.03287015229510529,101
key_variable,工业,16,direct_context_weather_holiday,16859744.808369946,22134544.67385827,0.03421792080794624,0.0348720942778639,101
key_variable,工业,17,direct_context_weather_holiday,17865801.777151696,22569082.58923733,0.036394447865724176,0.03699757644508698,101
key_variable,工业,18,direct_context_weather_holiday,17596864.554443926,22407366.609521117,0.03601166666302609,0.03650190255774634,101
key_variable,工业,19,direct_context_weather_holiday,17281469.430569675,21857235.242574632,0.03539227592575489,0.03583606039317103,101
key_variable,工业,20,direct_context_weather_holiday,17450509.508523427,22110082.73742568,0.03566074977095925,0.0361610774743855,101
key_variable,工业,21,direct_context_weather_holiday,17817332.77297724,22858000.57239444,0.03631849564792955,0.03687334443119789,101
key_variable,工业,22,direct_context_weather_holiday,18252199.553012397,23320523.62959733,0.037146516896821996,0.037730293130967055,101
key_variable,工业,23,direct_context_weather_holiday,19456795.248205367,23840148.46511148,0.039659290987309734,0.04027947108153103,101
key_variable,工业,24,direct_context_weather_holiday,20761889.04947641,25392622.188476857,0.042342392652217564,0.043025912172579804,101
key_variable,工业,25,direct_context_weather_holiday,21206841.34122295,25975409.81368582,0.043197708141017546,0.043856671008666546,101
key_variable,工业,26,direct_context_weather_holiday,20874680.873000737,25797263.244594987,0.042450359910905115,0.04322045663307307,101
key_variable,工业,27,direct_context_weather_holiday,20297488.76481332,25761517.327702902,0.04123754678542202,0.042092204932386794,101
key_variable,工业,28,direct_context_weather_holiday,19841117.054985583,25602299.346566863,0.0403046833976071,0.041229673222204256,101
key_variable,工业,29,direct_context_weather_holiday,20015606.175926365,25934453.15727038,0.040609501123692944,0.041688429400325876,101
key_variable,工业,30,direct_context_weather_holiday,20192838.947921447,26546036.998131163,0.04094818701108507,0.042155069973533306,101
key_variable,工业,1,direct_own_weather_holiday,16305731.259950314,23562715.264293842,0.03383941672817975,0.034305253759309415,101
key_variable,工业,2,direct_own_weather_holiday,19884283.79654235,25844619.490957092,0.04088220039176815,0.04165724210015647,101
key_variable,工业,3,direct_own_weather_holiday,22384397.958734836,28256937.858290855,0.04569504560101159,0.04697571045111526,101
key_variable,工业,4,direct_own_weather_holiday,23678219.10576019,29982480.62017807,0.04800484687293373,0.04968628799677258,101
key_variable,工业,5,direct_own_weather_holiday,24051418.919912837,31142835.38700536,0.048438068892533645,0.05035806172946759,101
key_variable,工业,6,direct_own_weather_holiday,24868309.81695935,31561318.274438187,0.04997888783107181,0.051957911374062846,101
key_variable,工业,7,direct_own_weather_holiday,24748050.29847857,30836430.656371847,0.049623295771540295,0.05148881106595049,101
key_variable,工业,8,direct_own_weather_holiday,24531915.948912397,30219538.43088837,0.049187728397433884,0.050974873265367426,101
key_variable,工业,9,direct_own_weather_holiday,24585507.364420902,30540904.398102093,0.04932486223423847,0.05116727702300932,101
key_variable,工业,10,direct_own_weather_holiday,24994617.11997579,31477243.977045972,0.05018413301073706,0.052152569914623546,101
key_variable,工业,11,direct_own_weather_holiday,25463812.77679872,31899193.742030427,0.05118198341335438,0.05320955828663836,101
key_variable,工业,12,direct_own_weather_holiday,26281067.90495117,32376882.402404275,0.05284581247136138,0.05492472631880058,101
key_variable,工业,13,direct_own_weather_holiday,27064602.62934693,33081841.994330876,0.05442237699349592,0.05661229858056578,101
key_variable,工业,14,direct_own_weather_holiday,28034992.735488094,33792088.111510545,0.05642569645517333,0.05874543328107114,101
key_variable,工业,15,direct_own_weather_holiday,29187682.02764877,34454824.32005349,0.05882197719744248,0.06124043314631526,101
key_variable,工业,16,direct_own_weather_holiday,30212715.25328144,35293423.06576323,0.060940316271653264,0.06350575041949465,101
key_variable,工业,17,direct_own_weather_holiday,31565087.159124978,36224928.37126722,0.0637530164834868,0.06647405752467035,101
key_variable,工业,18,direct_own_weather_holiday,32857560.981767543,37247115.641888924,0.06643794375135123,0.06934021342694531,101
key_variable,工业,19,direct_own_weather_holiday,33764286.35001834,38006399.578452274,0.06836087524376042,0.07142266814608056,101
key_variable,工业,20,direct_own_weather_holiday,34568317.142584056,39092710.306545295,0.06997459382586692,0.07323782092506893,101
key_variable,工业,21,direct_own_weather_holiday,35491070.07326377,40313847.93350809,0.0718306556756554,0.07530350096654898,101
key_variable,工业,22,direct_own_weather_holiday,36341805.15215226,40691446.34026095,0.07355412654188462,0.0770793277091092,101
key_variable,工业,23,direct_own_weather_holiday,36788001.41143023,41048169.30145108,0.07444756729440191,0.07803432317971999,101
key_variable,工业,24,direct_own_weather_holiday,37345068.158217,41752095.64538275,0.07561558685392629,0.079334432663464,101
key_variable,工业,25,direct_own_weather_holiday,37847630.69658355,42403725.92199427,0.0766362087294635,0.0804808737135895,101
key_variable,工业,26,direct_own_weather_holiday,38356642.035351954,42923222.526171245,0.0776334277073352,0.08157636648071959,101
key_variable,工业,27,direct_own_weather_holiday,38892434.30589541,43533781.38035004,0.07870675094395951,0.08276240294955134,101
key_variable,工业,28,direct_own_weather_holiday,39318545.32297258,43862575.58272237,0.07962109825831304,0.08374616125635692,101
key_variable,工业,29,direct_own_weather_holiday,39651927.16653639,43970188.51082919,0.08033825285128804,0.08448853440500263,101
key_variable,工业,30,direct_own_weather_holiday,40010157.44626039,44083648.20306851,0.08112851300811397,0.08530272579109578,101
key_variable,非普工业,1,direct_context_weather_holiday,2555448.390458136,3957466.290863706,0.04660132733436255,0.0461852971878485,101
key_variable,非普工业,2,direct_context_weather_holiday,2766300.4015329164,4023843.6899263384,0.04951370046823291,0.04943133513690431,101
key_variable,非普工业,3,direct_context_weather_holiday,2902055.994163017,4245088.529791459,0.05141111126166213,0.05171122148630427,101
key_variable,非普工业,4,direct_context_weather_holiday,3071952.237698246,4410663.664166598,0.054058716109215775,0.05456827915450045,101
key_variable,非普工业,5,direct_context_weather_holiday,3179500.0900090868,4522063.637143899,0.05586512221512312,0.05650369350570626,101
key_variable,非普工业,6,direct_context_weather_holiday,3176332.364383463,4458203.916167052,0.05569918669257968,0.05633962626427773,101
key_variable,非普工业,7,direct_context_weather_holiday,3241293.475815321,4262020.277177807,0.057202033842810855,0.057169163818022777,101
key_variable,非普工业,8,direct_context_weather_holiday,3198728.042416485,4110294.8258042755,0.056616541233994906,0.05631162410541096,101
key_variable,非普工业,9,direct_context_weather_holiday,3080768.404688353,4015554.0629407177,0.05446202715720272,0.05431008257692628,101
key_variable,非普工业,10,direct_context_weather_holiday,2931971.812297587,3999381.5585189853,0.05173721690516187,0.051835979143594904,101
key_variable,非普工业,11,direct_context_weather_holiday,2783819.8793911575,3949233.2756589907,0.04942776819313238,0.04941475975426946,101
key_variable,非普工业,12,direct_context_weather_holiday,2705086.494111997,3888447.9044038444,0.04806111908797591,0.04805554440956162,101
key_variable,非普工业,13,direct_context_weather_holiday,2587384.2097910177,3695924.481196401,0.045894474457933564,0.04603754646992291,101
key_variable,非普工业,14,direct_context_weather_holiday,2439279.395900831,3494800.701494747,0.04322791328373374,0.04345184947153703,101
key_variable,非普工业,15,direct_context_weather_holiday,2427828.871374706,3541699.632518201,0.04310520005238063,0.04323411119806348,101
key_variable,非普工业,16,direct_context_weather_holiday,2498156.3111785166,3588144.163528553,0.044383494649816,0.04472774833283422,101
key_variable,非普工业,17,direct_context_weather_holiday,2554053.8427948626,3585301.277915958,0.04555508672163132,0.045857831765447124,101
key_variable,非普工业,18,direct_context_weather_holiday,2553615.2083055847,3546012.2291124263,0.04592744633840008,0.04602782268267946,101
key_variable,非普工业,19,direct_context_weather_holiday,2437812.9400395486,3352320.1440543025,0.04382505664381629,0.0438976724652747,101
key_variable,非普工业,20,direct_context_weather_holiday,2473027.205859004,3424706.183245234,0.04426611531321816,0.04438007823650006,101
key_variable,非普工业,21,direct_context_weather_holiday,2682269.018333203,3614946.6815300514,0.04791533656819235,0.047971820345772624,101
key_variable,非普工业,22,direct_context_weather_holiday,2669749.895636954,3587118.8476230684,0.04781263999560964,0.04765084158032621,101
key_variable,非普工业,23,direct_context_weather_holiday,2651269.9854420885,3551513.824224867,0.04751881499217687,0.047450247839432864,101
key_variable,非普工业,24,direct_context_weather_holiday,2819414.164429176,3782789.394344678,0.05058086341159502,0.0505504501813666,101
key_variable,非普工业,25,direct_context_weather_holiday,2889134.9467073693,3819512.5770130716,0.05194420984674889,0.05190548504850487,101
key_variable,非普工业,26,direct_context_weather_holiday,2813790.8319966462,3753891.624270737,0.05057313808171185,0.050582198527802325,101
key_variable,非普工业,27,direct_context_weather_holiday,2650065.282492408,3663709.9781628093,0.04756026904458727,0.04770037270038817,101
key_variable,非普工业,28,direct_context_weather_holiday,2535953.6958984425,3583014.7541240235,0.04566152958946863,0.04572984533054767,101
key_variable,非普工业,29,direct_context_weather_holiday,2493120.818614779,3484502.5671210736,0.04462109565644084,0.04498873369113762,101
key_variable,非普工业,30,direct_context_weather_holiday,2493328.009527038,3446008.4312296356,0.04442319875604676,0.04501213277860755,101
key_variable,非普工业,1,direct_own_weather_holiday,2129833.5062840655,3608586.1224472285,0.03891830084923776,0.03875246045782599,101
key_variable,非普工业,2,direct_own_weather_holiday,2245034.626840491,3430793.752634322,0.04049496126742528,0.040439698435324904,101
key_variable,非普工业,3,direct_own_weather_holiday,2282187.789250715,3438380.460517307,0.040959182620682655,0.04113030480448732,101
key_variable,非普工业,4,direct_own_weather_holiday,2218444.315559875,3432412.455167508,0.03954393082458718,0.03997294459058077,101
key_variable,非普工业,5,direct_own_weather_holiday,2279964.6883809767,3566772.9595508506,0.04055642709599969,0.04103447039234239,101
key_variable,非普工业,6,direct_own_weather_holiday,2313140.6350828726,3556329.5800403403,0.040974357630561745,0.04140731546523064,101
key_variable,非普工业,7,direct_own_weather_holiday,2326590.5774394274,3410645.1020512925,0.0412157921608974,0.041428515249491336,101
key_variable,非普工业,8,direct_own_weather_holiday,2335775.868926631,3294610.5523149353,0.04132398509661099,0.041494137406578153,101
key_variable,非普工业,9,direct_own_weather_holiday,2361171.6409181193,3317155.446681202,0.04172396205100885,0.04196973347129733,101
key_variable,非普工业,10,direct_own_weather_holiday,2385849.09519296,3404887.457353511,0.0421485011112652,0.04247193118300774,101
key_variable,非普工业,11,direct_own_weather_holiday,2430979.8052136498,3448400.6292841607,0.04307295746910333,0.04336443484868296,101
key_variable,非普工业,12,direct_own_weather_holiday,2439828.8152877926,3472567.804714971,0.043313828128250235,0.04359112769852075,101
key_variable,非普工业,13,direct_own_weather_holiday,2411831.6908158464,3432414.0681672543,0.0427671157829042,0.04312359853398629,101
key_variable,非普工业,14,direct_own_weather_holiday,2359665.3459001943,3375604.0904309396,0.04160630600710489,0.042138908756749784,101
key_variable,非普工业,15,direct_own_weather_holiday,2396382.390387985,3468320.7335130717,0.0422413170526667,0.04281406151337765,101
key_variable,非普工业,16,direct_own_weather_holiday,2449407.249574657,3522575.9735156493,0.0432890185721795,0.043914975884738354,101
key_variable,非普工业,17,direct_own_weather_holiday,2458986.180092881,3480479.6015942222,0.0435891158514442,0.04416305593453648,101
key_variable,非普工业,18,direct_own_weather_holiday,2455345.0973372143,3417760.72142971,0.04357101006615794,0.044163503037792096,101
key_variable,非普工业,19,direct_own_weather_holiday,2389071.763350021,3281977.0937168603,0.042281958098959786,0.04298256058099791,101
key_variable,非普工业,20,direct_own_weather_holiday,2439896.4100995366,3392925.9614654463,0.043125353978513026,0.04397624308976796,101
key_variable,非普工业,21,direct_own_weather_holiday,2546366.020823088,3507708.864085205,0.044863681439833304,0.0458501265295915,101
key_variable,非普工业,22,direct_own_weather_holiday,2583163.260500387,3542688.001276187,0.045522697720418004,0.04648253589543108,101
key_variable,非普工业,23,direct_own_weather_holiday,2547848.0468519432,3541699.18925371,0.04486598745057551,0.04587009100925527,101
key_variable,非普工业,24,direct_own_weather_holiday,2594195.1118486156,3594753.133941593,0.045756121923287395,0.046782555878188435,101
key_variable,非普工业,25,direct_own_weather_holiday,2685497.7030543205,3612194.2638932685,0.04741322837802675,0.04840783842712233,101
key_variable,非普工业,26,direct_own_weather_holiday,2674749.513233171,3597745.859027935,0.04727697490570461,0.04826211238526037,101
key_variable,非普工业,27,direct_own_weather_holiday,2664681.1621400933,3620558.088394836,0.04724259315461143,0.048208720222793766,101
key_variable,非普工业,28,direct_own_weather_holiday,2665392.268091235,3685306.2860577786,0.04737939824582945,0.04827362686616421,101
key_variable,非普工业,29,direct_own_weather_holiday,2637460.962076652,3631311.473662473,0.04677275294882284,0.04770946412014195,101
key_variable,非普工业,30,direct_own_weather_holiday,2601830.6499101315,3517186.4017711114,0.04611198962212099,0.04706579762476917,101
city,三明,1,direct_context_weather_holiday,918245.2405826749,1149860.7052788737,0.020699769785691397,0.020881612800713736,101
city,三明,2,direct_context_weather_holiday,1135105.8063439461,1370177.199372149,0.02556497811743389,0.025853428489745443,101
city,三明,3,direct_context_weather_holiday,1309655.012816783,1594951.5100037144,0.029513598715026842,0.02990531477881063,101
city,三明,4,direct_context_weather_holiday,1358846.846150253,1638595.6249441719,0.030657598555071705,0.031049163888740006,101
city,三明,5,direct_context_weather_holiday,1449469.4622885752,1746302.3324704734,0.03266256977821385,0.033117954904869344,101
city,三明,6,direct_context_weather_holiday,1567110.1069342056,1934079.54129321,0.03518581969803127,0.03580387337539574,101
city,三明,7,direct_context_weather_holiday,1582307.902557978,1890870.5263826968,0.03550140219942525,0.03604828956893116,101
city,三明,8,direct_context_weather_holiday,1580367.9428121962,1884204.875132796,0.0354625059584115,0.03598218800692959,101
city,三明,9,direct_context_weather_holiday,1607483.779799201,1880334.9492018449,0.036116991059683246,0.03662682588283435,101
city,三明,10,direct_context_weather_holiday,1500498.7526761317,1730096.5227579577,0.03379918548082469,0.03416168131382812,101
city,三明,11,direct_context_weather_holiday,1342021.310109313,1588064.1473147532,0.03040111297508134,0.03054349929362175,101
city,三明,12,direct_context_weather_holiday,1323816.1254403805,1643271.6095471503,0.030054247150185162,0.03013628046732278,101
city,三明,13,direct_context_weather_holiday,1335655.9357992532,1635590.1363434559,0.03023528980533679,0.030346072641805107,101
city,三明,14,direct_context_weather_holiday,1372251.2137299953,1642161.2686366332,0.030979913593620737,0.031131783056612645,101
city,三明,15,direct_context_weather_holiday,1446550.5278264277,1690706.2089107581,0.03277373843015259,0.032870262327814925,101
city,三明,16,direct_context_weather_holiday,1485745.1230159013,1773754.9133776783,0.03363490549162725,0.03378229976261823,101
city,三明,17,direct_context_weather_holiday,1462070.4736079616,1745108.8460896148,0.03308618866190597,0.03323101136867267,101
city,三明,18,direct_context_weather_holiday,1474923.1071743537,1762877.3747630261,0.03334555121419616,0.03348357054381195,101
city,三明,19,direct_context_weather_holiday,1482954.44163016,1791525.691625719,0.03349814899998979,0.03368554642208803,101
city,三明,20,direct_context_weather_holiday,1422544.6014879134,1798339.7004165133,0.03193026933978369,0.03236207350841826,101
city,三明,21,direct_context_weather_holiday,1388780.9251046323,1825719.452390164,0.030976871284570176,0.03160125060519138,101
city,三明,22,direct_context_weather_holiday,1454522.6855739048,1906225.7789642632,0.0323733415728983,0.03315369891958656,101
city,三明,23,direct_context_weather_holiday,1488268.022278334,1954381.798824851,0.03312800392993157,0.03396480209542809,101
city,三明,24,direct_context_weather_holiday,1491342.4344645373,1907297.7904095412,0.03327836736046425,0.034069425943759675,101
city,三明,25,direct_context_weather_holiday,1470218.4614692829,1867862.5113204834,0.03289622124044405,0.03358935413477712,101
city,三明,26,direct_context_weather_holiday,1346970.7957472624,1786552.4403837672,0.030154702198901605,0.030746289020678427,101
city,三明,27,direct_context_weather_holiday,1261347.480069291,1685171.5675599643,0.028223323847683696,0.02874273140654902,101
city,三明,28,direct_context_weather_holiday,1283557.3717762379,1704085.1297863375,0.02864312641860819,0.029207394768334845,101
city,三明,29,direct_context_weather_holiday,1312246.2517921093,1754560.2072999815,0.02928854925491689,0.029870146446295386,101
city,三明,30,direct_context_weather_holiday,1340832.8006591136,1828279.9445332948,0.029881175123449823,0.030555759656292536,101
city,三明,1,direct_own_weather_holiday,1015093.670389586,1290565.7417995282,0.022752946838781925,0.023123417148617445,101
city,三明,2,direct_own_weather_holiday,1264514.898995759,1564304.623876772,0.028250597051210576,0.028832594720838076,101
city,三明,3,direct_own_weather_holiday,1453502.5948989103,1813855.9440203125,0.032382005424153294,0.033179273198030663,101
city,三明,4,direct_own_weather_holiday,1569619.1951395143,1972574.8600552978,0.03489669000867675,0.03584693021441982,101
city,三明,5,direct_own_weather_holiday,1656717.192665847,2082005.1670933373,0.03680318241433533,0.03786945386615888,101
city,三明,6,direct_own_weather_holiday,1720883.972885424,2151632.45893188,0.038208478447476484,0.039347285605670995,101
city,三明,7,direct_own_weather_holiday,1744521.131448725,2177586.8212847146,0.03871815046790105,0.039885277228736915,101
city,三明,8,direct_own_weather_holiday,1767620.9391927698,2214331.985501773,0.03921411428831637,0.04042430096682991,101
city,三明,9,direct_own_weather_holiday,1804572.0057517497,2265956.2548172944,0.04002410544061186,0.041295576144305166,101
city,三明,10,direct_own_weather_holiday,1828005.6608663045,2307054.0951640345,0.04051886790678282,0.0418382143040741,101
city,三明,11,direct_own_weather_holiday,1853722.6079196937,2334072.7818868216,0.041089713035972905,0.042440642650146916,101
city,三明,12,direct_own_weather_holiday,1895607.4376838538,2360923.8138657263,0.042053468564786436,0.04343357556669657,101
city,三明,13,direct_own_weather_holiday,1942543.3281501012,2401656.4840579364,0.04312482575985181,0.04455258815297281,101
city,三明,14,direct_own_weather_holiday,1984618.2411012726,2441603.2393883974,0.04408211572877571,0.04556105911975159,101
city,三明,15,direct_own_weather_holiday,2016743.381851067,2460038.8104253323,0.044817396428557345,0.046318946211594915,101
city,三明,16,direct_own_weather_holiday,2051758.723801802,2474929.8787503913,0.04562880491810958,0.04715304774092687,101
city,三明,17,direct_own_weather_holiday,2073219.5065160787,2492724.5196076115,0.046120463494435236,0.047674237758569715,101
city,三明,18,direct_own_weather_holiday,2118104.160380269,2521504.7115640016,0.0471642805359185,0.04875651609151783,101
city,三明,19,direct_own_weather_holiday,2170160.067194556,2566167.402180421,0.04835571990150302,0.05000908553499864,101
city,三明,20,direct_own_weather_holiday,2222056.8313033283,2624333.380634369,0.04953163822212751,0.05126467617438525,101
city,三明,21,direct_own_weather_holiday,2276697.062803918,2669547.715247359,0.050786813708164,0.05258448725797824,101
city,三明,22,direct_own_weather_holiday,2323068.4449389186,2699712.8988399087,0.05185456326354987,0.0536968857970169,101
city,三明,23,direct_own_weather_holiday,2374763.519255512,2744110.618271223,0.053027968081465586,0.0549341736362519,101
city,三明,24,direct_own_weather_holiday,2413757.2565939883,2781741.4671746255,0.05391296671819233,0.05587522197996098,101
city,三明,25,direct_own_weather_holiday,2442817.3922277666,2811411.730164523,0.05457594811489396,0.05658244373569617,101
city,三明,26,direct_own_weather_holiday,2452253.4715545895,2825534.7132008555,0.05479663871291025,0.05682500170567218,101
city,三明,27,direct_own_weather_holiday,2456516.423060335,2836069.569375394,0.05489281904566456,0.0569359447277071,101
city,三明,28,direct_own_weather_holiday,2462303.9706559135,2848119.2030162825,0.05501783936047442,0.05707809038806545,101
city,三明,29,direct_own_weather_holiday,2473227.8139944794,2851148.3379409076,0.05528123010983866,0.057347197012298554,101
city,三明,30,direct_own_weather_holiday,2466245.8114450336,2841625.0154863615,0.05513390794653561,0.05718622515810678,101
city,南平,1,direct_context_weather_holiday,1309130.6536570853,1723571.1104116396,0.03297848468038644,0.03309354291789365,101
city,南平,2,direct_context_weather_holiday,1543068.6255148018,1957577.446799647,0.03891861209717278,0.03907926649575932,101
city,南平,3,direct_context_weather_holiday,1699868.8791453242,2136501.8447340466,0.04297352077136348,0.04313158908262103,101
city,南平,4,direct_context_weather_holiday,1804711.6420748518,2299482.4163603736,0.04568413943086029,0.045787563713389774,101
city,南平,5,direct_context_weather_holiday,1936551.8136473738,2486911.7907232568,0.04889396235848834,0.049102231519794114,101
city,南平,6,direct_context_weather_holiday,2120434.153690523,2693892.9123840686,0.05348618380869101,0.05378440127980311,101
city,南平,7,direct_context_weather_holiday,2165402.1390472897,2748053.6823153766,0.05468532486778989,0.054865396707575384,101
city,南平,8,direct_context_weather_holiday,2233009.6574701467,2785082.1716566863,0.056345873940226575,0.05652799147830065,101
city,南平,9,direct_context_weather_holiday,2257493.816838214,2793769.7790329796,0.057034119416082274,0.05716471169951476,101
city,南平,10,direct_context_weather_holiday,2198848.5547993057,2727999.60679718,0.055783663699499324,0.05566965423161621,101
city,南平,11,direct_context_weather_holiday,2080960.7165868306,2662204.4543629475,0.05314948081707338,0.052720552730436535,101
city,南平,12,direct_context_weather_holiday,2065757.2995718475,2669654.342061746,0.05295244673528851,0.05234646672554231,101
city,南平,13,direct_context_weather_holiday,2079701.1252801283,2661149.8735229056,0.05325266782761639,0.05276491927199078,101
city,南平,14,direct_context_weather_holiday,2175904.1788159176,2729877.8977991175,0.055659900408828435,0.05523123608468618,101
city,南平,15,direct_context_weather_holiday,2278389.950341106,2844922.931958322,0.05830729592338078,0.05787368375227147,101
city,南平,16,direct_context_weather_holiday,2384484.3209646414,2967558.664820052,0.06087794248392436,0.06063410100537214,101
city,南平,17,direct_context_weather_holiday,2404168.7427049815,3048039.647558133,0.06127561915428934,0.06113034543837798,101
city,南平,18,direct_context_weather_holiday,2434240.1787981675,3077232.5456516426,0.06200261511972445,0.061848744798558425,101
city,南平,19,direct_context_weather_holiday,2442588.4445851804,3050938.210683723,0.06219299403626601,0.06201560307003718,101
city,南平,20,direct_context_weather_holiday,2343357.756000366,3003532.6723546158,0.05945899605573331,0.059639275964278295,101
city,南平,21,direct_context_weather_holiday,2211825.227216959,2886583.6044777,0.055727425415740384,0.05636478847553676,101
city,南平,22,direct_context_weather_holiday,2193361.8192986944,2815993.84428875,0.054850895963409134,0.055856973523727385,101
city,南平,23,direct_context_weather_holiday,2220525.3852529353,2809406.0757921776,0.055355015914733866,0.05650339292401794,101
city,南平,24,direct_context_weather_holiday,2127285.338646594,2719269.8240210633,0.05297117798613377,0.054152014113176494,101
city,南平,25,direct_context_weather_holiday,2006150.2979645827,2586867.187209073,0.04996260151569401,0.05101736818292587,101
city,南平,26,direct_context_weather_holiday,1917595.6779328112,2503034.5409917603,0.047930155017017695,0.04875888406486352,101
city,南平,27,direct_context_weather_holiday,1814820.2401292312,2400093.0715735867,0.04540178978281075,0.04621969841041459,101
city,南平,28,direct_context_weather_holiday,1862153.2104215932,2388767.389468375,0.04671585127453251,0.04739246815864413,101
city,南平,29,direct_context_weather_holiday,1873138.6276796036,2417235.8954395475,0.046796954801800766,0.04761146345467458,101
city,南平,30,direct_context_weather_holiday,1905304.8831186106,2489712.402968367,0.04730039301058234,0.04847230367437445,101
city,南平,1,direct_own_weather_holiday,1346175.8712429411,1796369.7099040698,0.03328780839786621,0.03389938939128806,101
city,南平,2,direct_own_weather_holiday,1651120.123529307,2061709.0849794045,0.04085482325838321,0.04170052428372404,101
city,南平,3,direct_own_weather_holiday,1872692.4466324772,2297121.7970846724,0.04629342622654667,0.04742508905288121,101
city,南平,4,direct_own_weather_holiday,2044276.7957837612,2520273.5990632027,0.05043347646473062,0.051865185206044356,101
city,南平,5,direct_own_weather_holiday,2184997.0819195076,2700587.786527802,0.05380799679170871,0.05551655512816059,101
city,南平,6,direct_own_weather_holiday,2322401.0992381577,2849738.9540914223,0.05715911142149015,0.05908507445555349,101
city,南平,7,direct_own_weather_holiday,2408866.3852383182,2928717.5646534665,0.05931887775984548,0.06133208250240207,101
city,南平,8,direct_own_weather_holiday,2477136.20657648,3007659.8196703494,0.06100664245401163,0.06314466550311836,101
city,南平,9,direct_own_weather_holiday,2544303.1592611964,3102468.1341900066,0.06259291475724402,0.06492476491982867,101
city,南平,10,direct_own_weather_holiday,2600108.2995502725,3177183.4320320752,0.0638858714840074,0.06638591183991936,101
city,南平,11,direct_own_weather_holiday,2637440.2439582422,3192069.41888443,0.06484473729727523,0.06736078081212558,101
city,南平,12,direct_own_weather_holiday,2682750.631220272,3214766.027564675,0.06602270237552003,0.06855357792345174,101
city,南平,13,direct_own_weather_holiday,2720721.7494274215,3243109.4177384945,0.06700195397412015,0.06956443575953311,101
city,南平,14,direct_own_weather_holiday,2773843.4758926765,3286912.417002876,0.06834381002923781,0.07098094365986873,101
city,南平,15,direct_own_weather_holiday,2798222.7547401264,3298031.8684881004,0.06896317312836094,0.07160755375524204,101
city,南平,16,direct_own_weather_holiday,2786947.992435543,3276426.80176881,0.06864657155256941,0.07128114705110647,101
city,南平,17,direct_own_weather_holiday,2766978.7573540285,3251330.4666471956,0.06808099789517932,0.07073642994416217,101
city,南平,18,direct_own_weather_holiday,2750021.2742344253,3243269.423660942,0.06756996572550182,0.07029394029417743,101
city,南平,19,direct_own_weather_holiday,2720686.465266766,3227005.9450191194,0.0667101486002993,0.06949692072050054,101
city,南平,20,direct_own_weather_holiday,2719571.8193024024,3251334.799237072,0.0665578797645815,0.06945118117538145,101
city,南平,21,direct_own_weather_holiday,2717277.7128770202,3264808.0489827036,0.06641090406086829,0.06938356597657384,101
city,南平,22,direct_own_weather_holiday,2703093.3866310194,3254546.1762949526,0.06600087481386943,0.06898287233727453,101
city,南平,23,direct_own_weather_holiday,2691089.6130195996,3248297.224496024,0.06568573767196395,0.06866472466613603,101
city,南平,24,direct_own_weather_holiday,2701966.0057445494,3257797.2639350323,0.0659516402083891,0.06897057389160069,101
city,南平,25,direct_own_weather_holiday,2726513.1399611784,3241908.651824648,0.0666615173339539,0.0696717648977248,101
city,南平,26,direct_own_weather_holiday,2739883.5014863475,3231740.2147051785,0.06705561920513309,0.07008319153038013,101
city,南平,27,direct_own_weather_holiday,2743585.670162863,3230969.3993577347,0.06716538422485371,0.07022489125579359,101
city,南平,28,direct_own_weather_holiday,2733746.831511618,3243667.60302591,0.06687398932382481,0.06997738896032757,101
city,南平,29,direct_own_weather_holiday,2730603.005278814,3254126.4796453915,0.06674397163133525,0.0698764634798395,101
city,南平,30,direct_own_weather_holiday,2723889.45670486,3254974.149609907,0.06654095233311881,0.06967063518349796,101
city,厦门,1,direct_context_weather_holiday,4116283.042685632,5771440.250187196,0.03638400391783855,0.036553991180594644,101
city,厦门,2,direct_context_weather_holiday,4709736.056846668,6041440.4186848095,0.04213337699746195,0.042294680788701855,101
city,厦门,3,direct_context_weather_holiday,5067524.063427856,6207109.928465079,0.045381008241892784,0.04569337887116459,101
city,厦门,4,direct_context_weather_holiday,5176628.654029888,6287457.337608049,0.046138948656531474,0.04653320781104331,101
city,厦门,5,direct_context_weather_holiday,5322699.536182568,6538340.518098912,0.04712495736641899,0.04770232256837585,101
city,厦门,6,direct_context_weather_holiday,5763682.67852581,7134926.760641391,0.05094445635183921,0.05162666265800693,101
city,厦门,7,direct_context_weather_holiday,5933530.2723696,7131937.166129145,0.052831969686919264,0.05298764596875762,101
city,厦门,8,direct_context_weather_holiday,5824966.501590194,6911359.070322052,0.05213650378332564,0.05205559857927215,101
city,厦门,9,direct_context_weather_holiday,6029504.455286628,7073362.1738954885,0.05394804283328274,0.05373093029523101,101
city,厦门,10,direct_context_weather_holiday,6052604.643128015,7240966.291813278,0.05370156555374803,0.05341925531475335,101
city,厦门,11,direct_context_weather_holiday,5906184.704572135,7146495.876749145,0.05235753356417892,0.052023761725677,101
city,厦门,12,direct_context_weather_holiday,5776410.590119561,7201880.039278653,0.05087944625711879,0.050656718849285576,101
city,厦门,13,direct_context_weather_holiday,6014313.672434371,7501238.156802037,0.05302403355030975,0.05291882340323622,101
city,厦门,14,direct_context_weather_holiday,5583746.53816895,7003067.286678749,0.049342447624280236,0.049358346676219085,101
city,厦门,15,direct_context_weather_holiday,5517387.982333036,6739930.999100425,0.04926026526047188,0.0490754259174648,101
city,厦门,16,direct_context_weather_holiday,5717092.219783355,6801735.906342276,0.05124887456325948,0.050954387174789846,101
city,厦门,17,direct_context_weather_holiday,5777700.681751767,6881248.359775691,0.05169801875997957,0.05142838459017933,101
city,厦门,18,direct_context_weather_holiday,5427612.372551846,6535165.910605879,0.04851743848583708,0.048334090018962834,101
city,厦门,19,direct_context_weather_holiday,5345006.48160339,6477187.758709713,0.04792794608832745,0.04776733878412404,101
city,厦门,20,direct_context_weather_holiday,5266836.629640656,6556507.505473639,0.04711301342794493,0.04714150587113698,101
city,厦门,21,direct_context_weather_holiday,5318375.125281303,6700149.586930333,0.047347186382736675,0.04750565079154407,101
city,厦门,22,direct_context_weather_holiday,5510243.301408521,6800073.1131863,0.049228043115846463,0.049183423570244265,101
city,厦门,23,direct_context_weather_holiday,5916322.393880128,7263138.437846229,0.05290816823436267,0.052784614721890256,101
city,厦门,24,direct_context_weather_holiday,6004184.795096393,7540532.490694775,0.053399177350266024,0.053374880851429524,101
city,厦门,25,direct_context_weather_holiday,6029131.4293522425,7580467.750192149,0.05368630532559911,0.05352609049675051,101
city,厦门,26,direct_context_weather_holiday,5867358.686952949,7333588.101043922,0.05240144175534615,0.052182625736741366,101
city,厦门,27,direct_context_weather_holiday,5731572.775572397,7259858.0239889035,0.051140578040591064,0.05094991440747992,101
city,厦门,28,direct_context_weather_holiday,5426262.682067444,7062141.490429863,0.04861777274720608,0.04822658474546519,101
city,厦门,29,direct_context_weather_holiday,5340634.803558009,6839717.733548774,0.04826355576928709,0.04788739741917234,101
city,厦门,30,direct_context_weather_holiday,5211844.336378699,6602484.90013634,0.04690769782584332,0.04676914347418505,101
city,厦门,1,direct_own_weather_holiday,4682491.306282709,6370445.241681347,0.0405134107727771,0.04156194590222281,101
city,厦门,2,direct_own_weather_holiday,5570276.052564172,7173668.8030665,0.04811235180770186,0.049449150631512416,101
city,厦门,3,direct_own_weather_holiday,5866092.454770998,7631596.266859099,0.05040170323753351,0.05200584728938198,101
city,厦门,4,direct_own_weather_holiday,5930795.212423138,7874045.88330026,0.050663543909557254,0.05246049647957352,101
city,厦门,5,direct_own_weather_holiday,5904017.329334929,7948107.890992313,0.05029275201250108,0.052156468343562135,101
city,厦门,6,direct_own_weather_holiday,5851595.970766861,7938534.73250792,0.04972719800745177,0.05159609829811898,101
city,厦门,7,direct_own_weather_holiday,5801649.538589154,7932154.813747981,0.04912880128035065,0.050982848007882546,101
city,厦门,8,direct_own_weather_holiday,5718993.443760983,7926889.067524291,0.04825916867995955,0.05011376705340508,101
city,厦门,9,direct_own_weather_holiday,5612525.089181542,7962732.091579889,0.047180134974908944,0.04905625995687477,101
city,厦门,10,direct_own_weather_holiday,5629212.878477946,8084348.693240576,0.047191131921934,0.04911542554457088,101
city,厦门,11,direct_own_weather_holiday,5739863.653189381,8139329.860669555,0.04815298967892225,0.0500799626780043,101
city,厦门,12,direct_own_weather_holiday,5760494.116480285,8189842.225055616,0.04835272044243038,0.05027177513078999,101
city,厦门,13,direct_own_weather_holiday,5790948.390459091,8289302.752737932,0.0486046398846699,0.05055961542532763,101
city,厦门,14,direct_own_weather_holiday,5812646.793349275,8306233.794942548,0.04894193599323409,0.05093356578030541,101
city,厦门,15,direct_own_weather_holiday,5852221.799850018,8265168.728174752,0.04950547865701449,0.051534614926242305,101
city,厦门,16,direct_own_weather_holiday,5929307.407634316,8227226.086887203,0.0503642408014008,0.05244539185657576,101
city,厦门,17,direct_own_weather_holiday,6090006.023343941,8153377.247220664,0.052066841296934875,0.05416081329164663,101
city,厦门,18,direct_own_weather_holiday,6181637.8507664995,8052240.7145031635,0.05303989927372786,0.05510054165625832,101
city,厦门,19,direct_own_weather_holiday,6122238.659017531,7887169.893511314,0.052637226803762024,0.054600191406493644,101
city,厦门,20,direct_own_weather_holiday,6000903.573252102,7797142.656227435,0.05156721308104364,0.05348339321716341,101
city,厦门,21,direct_own_weather_holiday,5906482.9775954755,7861467.740261909,0.05062844396364719,0.05258283433850087,101
city,厦门,22,direct_own_weather_holiday,5895334.936505552,7897621.835666488,0.050482724985011204,0.05244861930988527,101
city,厦门,23,direct_own_weather_holiday,6054268.4440496005,7996491.166270054,0.051973849378959325,0.05396368515111402,101
city,厦门,24,direct_own_weather_holiday,6138295.5249894075,8060767.785160283,0.05270732003685322,0.054724626816340896,101
city,厦门,25,direct_own_weather_holiday,6106279.12005534,8061544.382249571,0.052376832795025786,0.05439985603687611,101
city,厦门,26,direct_own_weather_holiday,6131397.717652661,8031608.089117909,0.05262809203936563,0.05462947418105225,101
city,厦门,27,direct_own_weather_holiday,6158446.654524826,8045608.972406716,0.052907423245060134,0.05491814105293845,101
city,厦门,28,direct_own_weather_holiday,6184666.786801759,8045815.542705102,0.05312590413643624,0.055137654344005256,101
city,厦门,29,direct_own_weather_holiday,6257360.899900683,8090727.641066199,0.05382487917148069,0.05586808073001413,101
city,厦门,30,direct_own_weather_holiday,6254212.646235304,8108859.271709448,0.053776863220820904,0.05583890652530867,101
city,宁德,1,direct_context_weather_holiday,3741964.938270681,4666998.980863276,0.036467534129064234,0.036607372827425724,101
city,宁德,2,direct_context_weather_holiday,4544688.819132761,5526692.2698271675,0.044259296147501334,0.0445158789461269,101
city,宁德,3,direct_context_weather_holiday,5155388.3586557675,6075902.021494227,0.05031797009107596,0.05061284871368642,101
city,宁德,4,direct_context_weather_holiday,5551293.97794915,6459175.355604355,0.05406472038117731,0.05435724257627141,101
city,宁德,5,direct_context_weather_holiday,5984362.563851316,6880652.883667158,0.05826879923630247,0.05856911562591817,101
city,宁德,6,direct_context_weather_holiday,6330386.744113319,7260425.774155705,0.06151653507523705,0.06197607096955978,101
city,宁德,7,direct_context_weather_holiday,6623903.724837246,7471827.064448766,0.06441347590342576,0.06473143900919849,101
city,宁德,8,direct_context_weather_holiday,6855461.263818277,7700471.549570407,0.06670700836171986,0.06691692692667943,101
city,宁德,9,direct_context_weather_holiday,6795030.519219609,7721777.826535802,0.06604611343139939,0.0662375562760785,101
city,宁德,10,direct_context_weather_holiday,6367522.897901137,7316151.268130006,0.06215314303458324,0.06196073957937237,101
city,宁德,11,direct_context_weather_holiday,6114758.035431305,7102004.441268304,0.060061959742703494,0.05943989422771948,101
city,宁德,12,direct_context_weather_holiday,6036398.678232337,7065997.7656123955,0.059296656387830014,0.05869024198795645,101
city,宁德,13,direct_context_weather_holiday,6214600.467847672,7141160.190973979,0.060650661280952395,0.060534430894244796,101
city,宁德,14,direct_context_weather_holiday,6131962.168453792,7149352.788939352,0.059759850262283705,0.05979150776116483,101
city,宁德,15,direct_context_weather_holiday,6157798.9119050065,7124370.637557605,0.060086902790714734,0.06011397029891054,101
city,宁德,16,direct_context_weather_holiday,6253253.422045558,7303283.233627528,0.06090011487860636,0.0610355633324843,101
city,宁德,17,direct_context_weather_holiday,6280662.948281226,7394781.297595951,0.06102704359044903,0.061340826384885354,101
city,宁德,18,direct_context_weather_holiday,6276923.866530269,7501979.1575694615,0.060933596041443085,0.06143674598081585,101
city,宁德,19,direct_context_weather_holiday,6189869.709366092,7389850.368414178,0.06011745326339659,0.06070526341155815,101
city,宁德,20,direct_context_weather_holiday,6332772.135628553,7498031.089211861,0.061168942185072725,0.062319670512121235,101
city,宁德,21,direct_context_weather_holiday,6628460.926846548,7834394.021709452,0.06371504503094685,0.06540746485656872,101
city,宁德,22,direct_context_weather_holiday,7007889.9737218805,8108438.398295073,0.0673299939762972,0.06940419816499331,101
city,宁德,23,direct_context_weather_holiday,7218055.982773468,8375459.318962559,0.06936405847170207,0.07162758640113023,101
city,宁德,24,direct_context_weather_holiday,7326220.599815165,8468485.103883801,0.070501030041667,0.07280417526723713,101
city,宁德,25,direct_context_weather_holiday,7081387.048625024,8235263.1801360585,0.06845904673839828,0.07024212283233791,101
city,宁德,26,direct_context_weather_holiday,6803513.072736325,7986810.919279646,0.06587524130744278,0.06740230725996059,101
city,宁德,27,direct_context_weather_holiday,6688674.982253864,7821254.457864702,0.06465732526557905,0.0664954668239343,101
city,宁德,28,direct_context_weather_holiday,6364150.129143146,7536625.260634403,0.06139409388362878,0.0631815658662344,101
city,宁德,29,direct_context_weather_holiday,6540388.0189413745,7751485.770841399,0.06284678948415856,0.0649393695692459,101
city,宁德,30,direct_context_weather_holiday,6776408.489139538,8111729.194917375,0.0648394429271495,0.06733954235119811,101
city,宁德,1,direct_own_weather_holiday,2949425.1104662595,4004658.7400047868,0.028575286313006567,0.028968938461148817,101
city,宁德,2,direct_own_weather_holiday,3730360.9850330944,4722807.964027654,0.036166276588186816,0.03676721946008976,101
city,宁德,3,direct_own_weather_holiday,4500762.449263208,5513926.84567991,0.04358264693498556,0.04453604401380671,101
city,宁德,4,direct_own_weather_holiday,5036341.143355207,6209526.702677668,0.04839615812271614,0.049712214457353666,101
city,宁德,5,direct_own_weather_holiday,5475583.938086814,6760482.8845911445,0.05221732443257536,0.053916431981778284,101
city,宁德,6,direct_own_weather_holiday,5754278.760226032,7191579.856567052,0.054527402375061707,0.05650810246009218,101
city,宁德,7,direct_own_weather_holiday,5888539.461841543,7452338.165670058,0.05550390429315927,0.05766184685174776,101
city,宁德,8,direct_own_weather_holiday,6080170.175227206,7879565.733827286,0.057121454856344615,0.05954216425092904,101
city,宁德,9,direct_own_weather_holiday,6193942.946652665,8250373.5336620165,0.0580095386876579,0.06074101003470922,101
city,宁德,10,direct_own_weather_holiday,6263386.732819557,8409754.255717954,0.05859895030056956,0.0614669855717712,101
city,宁德,11,direct_own_weather_holiday,6253637.628510215,8454203.700246453,0.058442394381947343,0.06137192668371205,101
city,宁德,12,direct_own_weather_holiday,6379627.294842327,8571064.212142177,0.05967180402174338,0.06268855529251575,101
city,宁德,13,direct_own_weather_holiday,6509059.426312452,8772809.039925395,0.06086928976831406,0.064068241418361,101
city,宁德,14,direct_own_weather_holiday,6678134.977073056,8916558.244338192,0.06250751455124655,0.06581280802946364,101
city,宁德,15,direct_own_weather_holiday,6798336.9114650935,8882226.385058476,0.06374690808315406,0.06699266576176122,101
city,宁德,16,direct_own_weather_holiday,6958066.5100748725,8931488.665349888,0.06532200550557171,0.06859765255832441,101
city,宁德,17,direct_own_weather_holiday,7083042.612949767,8969647.08514273,0.06652037700371614,0.06990415358672049,101
city,宁德,18,direct_own_weather_holiday,7131138.746653073,9005445.515046436,0.0669921100479246,0.07044096015209934,101
city,宁德,19,direct_own_weather_holiday,7075073.658868768,8937656.90258446,0.06641863134186111,0.06986127229870281,101
city,宁德,20,direct_own_weather_holiday,7108399.877044396,8960222.980713405,0.06672264239700676,0.07019741206789665,101
city,宁德,21,direct_own_weather_holiday,7203642.223962294,9077937.731062287,0.06769132307280153,0.07120509828199903,101
city,宁德,22,direct_own_weather_holiday,7429378.57414801,9176223.854537793,0.06991773958135546,0.07350725434218076,101
city,宁德,23,direct_own_weather_holiday,7605134.424009305,9298409.134759989,0.07161665398094508,0.07532949295976295,101
city,宁德,24,direct_own_weather_holiday,7687042.143762699,9305293.710439019,0.07246509749953944,0.07621024011404441,101
city,宁德,25,direct_own_weather_holiday,7662039.012761403,9263406.144431926,0.0721866970933243,0.07593845925274614,101
city,宁德,26,direct_own_weather_holiday,7637118.053341981,9338125.46683094,0.071854702702924,0.07573450971988775,101
city,宁德,27,direct_own_weather_holiday,7717548.241379595,9450091.778327253,0.07262779492302288,0.07661765936852918,101
city,宁德,28,direct_own_weather_holiday,7681535.634585783,9540610.973970521,0.07218728154781101,0.07627508801162625,101
city,宁德,29,direct_own_weather_holiday,7843742.442682228,9681327.478369623,0.07377085185729429,0.07798431220943518,101
city,宁德,30,direct_own_weather_holiday,8014914.213419985,9808641.024771206,0.07546058923982034,0.07978202096882145,101
city,泉州,1,direct_context_weather_holiday,4840712.234636913,6815531.740933615,0.028396772939549005,0.02822036803176948,101
city,泉州,2,direct_context_weather_holiday,5571169.258234358,7303120.778004172,0.03267833128713454,0.032464698652794485,101
city,泉州,3,direct_context_weather_holiday,6189385.528718243,7948016.087814597,0.03658614867263479,0.036302750595131,101
city,泉州,4,direct_context_weather_holiday,6709826.529994151,8237723.129812747,0.039430118827787936,0.03924398148451789,101
city,泉州,5,direct_context_weather_holiday,6862733.780703446,8595803.70775821,0.04004352333365183,0.04003774817249877,101
city,泉州,6,direct_context_weather_holiday,7395225.600816937,9257953.037026485,0.04289706989804396,0.04290293369693709,101
city,泉州,7,direct_context_weather_holiday,7969749.2776911445,9600245.404721992,0.04660722720473318,0.046249733959086034,101
city,泉州,8,direct_context_weather_holiday,8240216.9276148565,9797548.541144826,0.04841135060323433,0.047689278750334546,101
city,泉州,9,direct_context_weather_holiday,8336349.704440138,10054282.003290273,0.04922222294104069,0.048178803557742934,101
city,泉州,10,direct_context_weather_holiday,8259569.920522625,10432818.508126635,0.04885383977831684,0.04758293597753479,101
city,泉州,11,direct_context_weather_holiday,8135161.646738387,10578405.580659298,0.0482475309989594,0.04683866193824547,101
city,泉州,12,direct_context_weather_holiday,8062406.9408948235,10394048.015055582,0.04772368718415588,0.046389759244096135,101
city,泉州,13,direct_context_weather_holiday,7890871.854163082,9840301.368376208,0.04677717598978929,0.0456625672544406,101
city,泉州,14,direct_context_weather_holiday,7384232.479657121,9084278.618628405,0.04380947696131469,0.04294742589252123,101
city,泉州,15,direct_context_weather_holiday,7250662.21328673,8907997.582958562,0.0433437443584477,0.042464437967766,101
city,泉州,16,direct_context_weather_holiday,7452709.4703090275,9058244.760963526,0.04461604398906602,0.04381206349240698,101
city,泉州,17,direct_context_weather_holiday,7523200.441484987,9289180.145720936,0.04513513462244887,0.044257511508527726,101
city,泉州,18,direct_context_weather_holiday,7505604.360163174,9141404.85796029,0.04493147818468121,0.04418107104948239,101
city,泉州,19,direct_context_weather_holiday,7413041.060795942,9086103.581006357,0.0444232157004654,0.04377926538326268,101
city,泉州,20,direct_context_weather_holiday,7174731.345840794,8858860.344916286,0.04260560541798834,0.0424199176293108,101
city,泉州,21,direct_context_weather_holiday,7308975.570243793,8994800.784639297,0.04295553590486501,0.043277418870715255,101
city,泉州,22,direct_context_weather_holiday,7455051.929614857,8979319.352027081,0.04368190904131634,0.04409220458826816,101
city,泉州,23,direct_context_weather_holiday,7606124.831923931,9325862.079403022,0.04464878305600444,0.044900279674118915,101
city,泉州,24,direct_context_weather_holiday,8125586.600698367,10114913.683624076,0.048007553470534876,0.04800150846024956,101
city,泉州,25,direct_context_weather_holiday,8298231.14197218,10239910.10362955,0.04917878569672467,0.04900464150524653,101
city,泉州,26,direct_context_weather_holiday,7986409.510697758,9801945.59900016,0.047372530289416126,0.047073145569369035,101
city,泉州,27,direct_context_weather_holiday,7366866.464698598,9305922.95671176,0.04377841832599572,0.043506789473430035,101
city,泉州,28,direct_context_weather_holiday,6889883.136916762,8857296.474773321,0.04094492447602484,0.04069707310761149,101
city,泉州,29,direct_context_weather_holiday,6552685.327648267,8355075.2964248415,0.03895677980252549,0.03885775430514827,101
city,泉州,30,direct_context_weather_holiday,6682045.533178582,8505016.960399637,0.03958838069572337,0.03975512032175708,101
city,泉州,1,direct_own_weather_holiday,6216827.108045769,8169184.819990249,0.0361778382624927,0.03676348341701977,101
city,泉州,2,direct_own_weather_holiday,7146399.175120464,8858975.439676085,0.04142412848415965,0.04229441887138089,101
city,泉州,3,direct_own_weather_holiday,7828436.278531673,9565680.760446839,0.045300119174012755,0.046480969010218254,101
city,泉州,4,direct_own_weather_holiday,8060530.777932467,10075312.974798724,0.04634036893701213,0.047775796239633156,101
city,泉州,5,direct_own_weather_holiday,8329650.372476153,10489947.471502911,0.04763860415132288,0.049227960510539126,101
city,泉州,6,direct_own_weather_holiday,8490870.874322327,10695741.983652953,0.04830192284403452,0.049962866719807625,101
city,泉州,7,direct_own_weather_holiday,8505911.612959323,10735581.168859018,0.048102554219108515,0.04976719123928495,101
city,泉州,8,direct_own_weather_holiday,8583000.491756104,10931360.740399832,0.048332041841614236,0.05005412713174906,101
city,泉州,9,direct_own_weather_holiday,8791574.917379202,11404907.657997252,0.049357816645536984,0.051220989557282284,101
city,泉州,10,direct_own_weather_holiday,9117950.891667636,11855408.044376357,0.05116976852094142,0.05317272551055386,101
city,泉州,11,direct_own_weather_holiday,9403645.182087736,12105344.335684855,0.05282413674649607,0.05491656667315116,101
city,泉州,12,direct_own_weather_holiday,9683573.96926993,12253789.257825516,0.054513212683700185,0.05665195652972304,101
city,泉州,13,direct_own_weather_holiday,9970870.661190845,12396346.099520072,0.056249545409970736,0.05844846452297845,101
city,泉州,14,direct_own_weather_holiday,10212370.233336344,12636843.19443128,0.05765753851659154,0.059980789633577614,101
city,泉州,15,direct_own_weather_holiday,10541352.959051125,12920179.88081315,0.0595541478659403,0.06199812368192552,101
city,泉州,16,direct_own_weather_holiday,10741885.27572807,13089892.472942907,0.060754689989200056,0.06327495320262914,101
city,泉州,17,direct_own_weather_holiday,10986621.260008447,13147588.54964519,0.06233213550293715,0.06489433623568276,101
city,泉州,18,direct_own_weather_holiday,11106934.895323616,13151883.822948704,0.06314201731028497,0.06576078840160045,101
city,泉州,19,direct_own_weather_holiday,11292600.178649131,13194447.369704027,0.06435849884670584,0.06704273217684201,101
city,泉州,20,direct_own_weather_holiday,11514038.17955198,13389487.394272804,0.06568254957424952,0.06847420576262998,101
city,泉州,21,direct_own_weather_holiday,11809498.667161841,13665519.202312928,0.06743414890378589,0.07035973553761846,101
city,泉州,22,direct_own_weather_holiday,12020556.730585145,13763625.312136324,0.06871433527116207,0.0716950015123555,101
city,泉州,23,direct_own_weather_holiday,12131717.998349331,13866158.89084237,0.06937204660481688,0.07240707932440785,101
city,泉州,24,direct_own_weather_holiday,12378023.26786662,14056066.634914566,0.07088730539584497,0.07402790842338719,101
city,泉州,25,direct_own_weather_holiday,12587050.431985175,14245220.928853475,0.0721560537634411,0.07541139100513074,101
city,泉州,26,direct_own_weather_holiday,12867133.988694571,14432829.491181072,0.07393944437220525,0.07731326608817937,101
city,泉州,27,direct_own_weather_holiday,13143717.57440325,14618890.759037223,0.07569834522140241,0.07918530018815706,101
city,泉州,28,direct_own_weather_holiday,13274869.147055795,14693326.519758632,0.0765095217127572,0.08002454640036238,101
city,泉州,29,direct_own_weather_holiday,13137203.51290565,14622905.262277374,0.07562116950110918,0.07911841404102825,101
city,泉州,30,direct_own_weather_holiday,13072192.422598846,14530530.225533806,0.07529563937869915,0.07876431769274414,101
city,漳州,1,direct_context_weather_holiday,2147620.303973484,3002166.468919124,0.022952425053850586,0.022930328287012535,101
city,漳州,2,direct_context_weather_holiday,2590830.992358059,3273434.3682619133,0.027749835564990017,0.027719360140488074,101
city,漳州,3,direct_context_weather_holiday,2863806.75328866,3444698.596759445,0.03074301588964128,0.030767377690686118,101
city,漳州,4,direct_context_weather_holiday,2923041.4882720783,3556903.9694767124,0.03140628432130136,0.03145935489404665,101
city,漳州,5,direct_context_weather_holiday,3074059.795788326,3799387.5380035904,0.032883746202849395,0.03305303550203029,101
city,漳州,6,direct_context_weather_holiday,3403049.58073892,4153222.4267775184,0.03629002604559405,0.03650924252368736,101
city,漳州,7,direct_context_weather_holiday,3587791.6817924157,4273003.511419213,0.038394136832922345,0.038379437993422284,101
city,漳州,8,direct_context_weather_holiday,3741811.1837776764,4369162.71085956,0.04026618809794612,0.03999539035969976,101
city,漳州,9,direct_context_weather_holiday,3989083.358969403,4605979.403511738,0.04301850321841952,0.042567312767413844,101
city,漳州,10,direct_context_weather_holiday,4059111.2254033242,4782712.823107194,0.04390393341327621,0.04320574961363355,101
city,漳州,11,direct_context_weather_holiday,3897750.8371072523,4722316.303833576,0.04218238743472529,0.04138830285131612,101
city,漳州,12,direct_context_weather_holiday,3954144.2347218115,4872625.304435671,0.04293995266401898,0.0420465886036306,101
city,漳州,13,direct_context_weather_holiday,3988854.7797100483,4928160.508985035,0.043447432942980396,0.042518630379502084,101
city,漳州,14,direct_context_weather_holiday,3866262.427074454,4730035.173836282,0.04219605380981625,0.04141763938543458,101
city,漳州,15,direct_context_weather_holiday,3859379.9145744727,4777822.051133496,0.04237354579088897,0.0415703959574358,101
city,漳州,16,direct_context_weather_holiday,3915645.927207598,4787227.890222861,0.04293283131691318,0.042246281588438905,101
city,漳州,17,direct_context_weather_holiday,4017097.501440865,4899110.175330644,0.043970947075438714,0.043218858274970566,101
city,漳州,18,direct_context_weather_holiday,3830025.5379957305,4688051.14787709,0.041854276673226616,0.041215405364096326,101
city,漳州,19,direct_context_weather_holiday,3812940.8130620425,4588500.552841763,0.04157342428415613,0.04105031572442668,101
city,漳州,20,direct_context_weather_holiday,3626431.305908589,4312742.925564243,0.03936131644083246,0.039179054631028484,101
city,漳州,21,direct_context_weather_holiday,3398299.82012809,4176250.7553215306,0.036730849993078386,0.036815152657587946,101
city,漳州,22,direct_context_weather_holiday,3465004.9549506125,4196002.184504328,0.037333758286479425,0.03750118478534036,101
city,漳州,23,direct_context_weather_holiday,3922229.0937998933,4553616.66289293,0.04226093297038415,0.042247718547603764,101
city,漳州,24,direct_context_weather_holiday,4200969.951941248,4893707.587262033,0.04536358523797366,0.04506451510752709,101
city,漳州,25,direct_context_weather_holiday,4252124.577572289,5050564.3090073485,0.04602249154035467,0.045597941905107436,101
city,漳州,26,direct_context_weather_holiday,4197088.846932535,5040070.3838307,0.045491078668301044,0.04497382367304451,101
city,漳州,27,direct_context_weather_holiday,3744944.5233649546,4664577.8487206595,0.040574600507868985,0.040165322496014205,101
city,漳州,28,direct_context_weather_holiday,3458423.367893177,4473745.2330045365,0.03747043701343253,0.0371169591251179,101
city,漳州,29,direct_context_weather_holiday,3510199.330022097,4399329.409527546,0.037978140928141994,0.03777231091770465,101
city,漳州,30,direct_context_weather_holiday,3497985.9717232734,4241868.693542117,0.03787208522241751,0.03787327529507286,101
city,漳州,1,direct_own_weather_holiday,2381352.008901629,3039949.8832531776,0.02506207692873061,0.025445426485537135,101
city,漳州,2,direct_own_weather_holiday,2725928.731110856,3337576.3277303237,0.028656297574897082,0.02917304862657547,101
city,漳州,3,direct_own_weather_holiday,2897069.4259917345,3638172.475245499,0.030417635333950185,0.031050468264976462,101
city,漳州,4,direct_own_weather_holiday,3036854.840861696,3827176.2105467594,0.03183200763084564,0.032529293274382164,101
city,漳州,5,direct_own_weather_holiday,3166263.1296804035,3937376.087510837,0.03308054683472519,0.03381010993192967,101
city,漳州,6,direct_own_weather_holiday,3207990.7843799014,3947028.2507477836,0.03342050027577761,0.0341270220649675,101
city,漳州,7,direct_own_weather_holiday,3176862.87249556,3918979.5653779213,0.0330423527382935,0.03373064647198327,101
city,漳州,8,direct_own_weather_holiday,3200336.2478036857,3921743.9025123604,0.03325507050147623,0.03394001707481941,101
city,漳州,9,direct_own_weather_holiday,3256434.222166183,3988376.599515376,0.033804006095308835,0.034514071006416694,101
city,漳州,10,direct_own_weather_holiday,3246023.864106616,4048740.7514852495,0.033650655539342704,0.034375971825717264,101
city,漳州,11,direct_own_weather_holiday,3253930.992038687,4087112.215091626,0.03374777175101771,0.03449868545556669,101
city,漳州,12,direct_own_weather_holiday,3325461.4203488156,4172210.071542477,0.03454290665710202,0.03531532225038582,101
city,漳州,13,direct_own_weather_holiday,3340053.0321955695,4232390.258189704,0.034697602250744385,0.03548313225825633,101
city,漳州,14,direct_own_weather_holiday,3417884.48994578,4295832.510341198,0.0355271657537463,0.036341416328784744,101
city,漳州,15,direct_own_weather_holiday,3478132.4519675225,4358541.188462745,0.036168054812779564,0.03702024371259761,101
city,漳州,16,direct_own_weather_holiday,3511453.0726656546,4394794.690523329,0.036525741201811686,0.037406191559580554,101
city,漳州,17,direct_own_weather_holiday,3510417.2953075496,4403615.762885012,0.036529975656375516,0.03743793570840979,101
city,漳州,18,direct_own_weather_holiday,3451899.9917892953,4366746.006078279,0.035904535498779915,0.03682898768650265,101
city,漳州,19,direct_own_weather_holiday,3435907.557030332,4322204.827730176,0.035756427181808326,0.036677943327119614,101
city,漳州,20,direct_own_weather_holiday,3437155.424365483,4281873.939511798,0.035778907833360046,0.03668260336751027,101
city,漳州,21,direct_own_weather_holiday,3454604.585775236,4271517.742214131,0.03598058259099257,0.03687572140996364,101
city,漳州,22,direct_own_weather_holiday,3426653.4577183984,4236343.463672077,0.0356846221259585,0.0365584703565766,101
city,漳州,23,direct_own_weather_holiday,3436788.375313086,4259622.664520553,0.035802684891925375,0.03667510351867211,101
city,漳州,24,direct_own_weather_holiday,3399110.2709382935,4229628.983743711,0.03544130443479896,0.03631537641794876,101
city,漳州,25,direct_own_weather_holiday,3432379.428944434,4233162.368733818,0.035822550990518176,0.03671453485408832,101
city,漳州,26,direct_own_weather_holiday,3497456.3812219384,4299166.364061599,0.036542760845371704,0.03748447486540986,101
city,漳州,27,direct_own_weather_holiday,3544836.52474848,4345879.403432394,0.03706907317185545,0.03804559505461716,101
city,漳州,28,direct_own_weather_holiday,3534867.1427647094,4366362.4171832,0.0369501488606911,0.03794462922129505,101
city,漳州,29,direct_own_weather_holiday,3495941.01390183,4368739.337667678,0.036502811663528895,0.03750929794725764,101
city,漳州,30,direct_own_weather_holiday,3462440.446155584,4349574.034819582,0.03615229264735157,0.03715322762305233,101
city,福州,1,direct_context_weather_holiday,5348398.508011976,6705892.388603811,0.029196085205070773,0.029331451498610384,101
city,福州,2,direct_context_weather_holiday,6466114.079074325,8071797.228077642,0.03531954140640345,0.03551962300627236,101
city,福州,3,direct_context_weather_holiday,7621582.280788163,9451567.617315784,0.04161736712981637,0.04193719055853868,101
city,福州,4,direct_context_weather_holiday,8408699.237901151,10295948.475939557,0.045759213488365244,0.04624548627837411,101
city,福州,5,direct_context_weather_holiday,9159505.869917447,11200365.699437331,0.049750457515930935,0.05044111550905044,101
city,福州,6,direct_context_weather_holiday,9493996.432126101,11720814.46769168,0.05146522122618752,0.05222950900414781,101
city,福州,7,direct_context_weather_holiday,9647615.301174017,11575537.822432378,0.0524124874278277,0.05295887637496419,101
city,福州,8,direct_context_weather_holiday,10125370.290098758,11841598.0643613,0.0550690028148319,0.0555689065244385,101
city,福州,9,direct_context_weather_holiday,10355600.420154586,12071905.71851938,0.056325090262414654,0.056791309138733606,101
city,福州,10,direct_context_weather_holiday,9887341.464336198,11639316.009504922,0.05392546668932017,0.054315413646586694,101
city,福州,11,direct_context_weather_holiday,9529932.239210004,11373077.064599829,0.05202079621157163,0.052396980503992815,101
city,福州,12,direct_context_weather_holiday,9275135.76773292,11153128.468475059,0.05051613961072561,0.05098538494262233,101
city,福州,13,direct_context_weather_holiday,9339594.882305333,10995876.759991087,0.050784782298706574,0.051407436727366286,101
city,福州,14,direct_context_weather_holiday,9313219.932895672,10966190.487104112,0.05063740321880498,0.0513246496643071,101
city,福州,15,direct_context_weather_holiday,9401520.524214074,10957965.938148579,0.051218266342756356,0.051838238422332435,101
city,福州,16,direct_context_weather_holiday,9525263.065239446,11123464.568147846,0.05177014463197275,0.0524951665776498,101
city,福州,17,direct_context_weather_holiday,9455955.724623911,11198226.367352098,0.05125634657055402,0.052066246743802023,101
city,福州,18,direct_context_weather_holiday,9254473.79429459,11241978.496232964,0.04988841272178629,0.05095194789583114,101
city,福州,19,direct_context_weather_holiday,8960870.458255444,10936460.248281695,0.04831410970581301,0.04940526331059135,101
city,福州,20,direct_context_weather_holiday,8814420.652954653,10814730.32047503,0.04751596309161388,0.0487051813097507,101
city,福州,21,direct_context_weather_holiday,8675329.32265018,10785891.974266138,0.04663107151518403,0.047905115297142975,101
city,福州,22,direct_context_weather_holiday,8869796.613308357,10818771.235682031,0.04790292497127658,0.04914599146443164,101
city,福州,23,direct_context_weather_holiday,9277706.221485484,11067661.282147873,0.05025915875751261,0.0515963298115448,101
city,福州,24,direct_context_weather_holiday,9564289.639041914,11270488.529879179,0.051960652337823744,0.053411016332965126,101
city,福州,25,direct_context_weather_holiday,9483749.024625625,11149392.814213375,0.05152869979905897,0.05305310980125869,101
city,福州,26,direct_context_weather_holiday,9132939.369772362,10762921.879100619,0.04960938346347587,0.05094948221765157,101
city,福州,27,direct_context_weather_holiday,9234961.425751943,11047532.810216222,0.05015284203602133,0.051787963838934706,101
city,福州,28,direct_context_weather_holiday,8927477.609640878,10767585.884088587,0.048438003991716425,0.04999159550836262,101
city,福州,29,direct_context_weather_holiday,9114489.388018887,10976449.33740043,0.04942385226878485,0.05108163962283058,101
city,福州,30,direct_context_weather_holiday,10013521.588643394,12126637.82719077,0.05425986701085767,0.05640829224884833,101
city,福州,1,direct_own_weather_holiday,6724538.2932683965,8010536.631889802,0.036463974608448566,0.037233033765508704,101
city,福州,2,direct_own_weather_holiday,7905218.573832265,9452709.202994492,0.04282420922171915,0.0438862303760641,101
city,福州,3,direct_own_weather_holiday,8746240.781240128,10533431.229205418,0.04721353316675246,0.04852384432013018,101
city,福州,4,direct_own_weather_holiday,9422095.452249533,11402446.829988778,0.05060385340607038,0.052120257057151925,101
city,福州,5,direct_own_weather_holiday,9935280.13404988,12004069.249552675,0.05318208241529802,0.05487535793695113,101
city,福州,6,direct_own_weather_holiday,10229957.366176976,12333262.042332146,0.054622912572883965,0.05640518344659432,101
city,福州,7,direct_own_weather_holiday,10396873.886823988,12608671.368559549,0.055381876807617476,0.05721959224916938,101
city,福州,8,direct_own_weather_holiday,10512284.379787618,12921787.043169042,0.055838683246576724,0.057752394636613406,101
city,福州,9,direct_own_weather_holiday,10637278.678851657,13191693.064586584,0.05642568300661039,0.05843516142417972,101
city,福州,10,direct_own_weather_holiday,10682623.409558143,13269551.783216791,0.05669727131040676,0.05875691015094164,101
city,福州,11,direct_own_weather_holiday,10768645.175463803,13285454.456048293,0.05720863061791973,0.05931101446873486,101
city,福州,12,direct_own_weather_holiday,10826636.781364184,13307867.560566047,0.05753236673943656,0.05969218882710245,101
city,福州,13,direct_own_weather_holiday,10862619.182279486,13367402.624179533,0.057711737451327134,0.05993522053266251,101
city,福州,14,direct_own_weather_holiday,11026799.718467606,13557807.589489182,0.05859524413476119,0.06091893854597745,101
city,福州,15,direct_own_weather_holiday,11177610.150205344,13743285.437014759,0.05936148002235262,0.06178017542920563,101
city,福州,16,direct_own_weather_holiday,11174414.241670918,13735311.961620767,0.0593117039763854,0.06177297844506688,101
city,福州,17,direct_own_weather_holiday,11146409.083427683,13648693.969280414,0.05920347716606639,0.06167767790274493,101
city,福州,18,direct_own_weather_holiday,11098483.66738633,13539383.192728816,0.059012882041568904,0.06148628648784033,101
city,福州,19,direct_own_weather_holiday,10868217.65132419,13363084.74951344,0.057767935676035775,0.060207763355872586,101
city,福州,20,direct_own_weather_holiday,10682457.557284132,13244570.92217395,0.056742352923444594,0.05915282022727958,101
city,福州,21,direct_own_weather_holiday,10778399.197866837,13304926.744182223,0.0573125861605402,0.05974384249470791,101
city,福州,22,direct_own_weather_holiday,10967547.545616228,13329478.208015447,0.05846584127207822,0.06091191792219252,101
city,福州,23,direct_own_weather_holiday,11165826.516499627,13310016.337813279,0.05971930558391522,0.06216785824962363,101
city,福州,24,direct_own_weather_holiday,11245378.536711084,13240432.052719746,0.06029451954922148,0.06273626757630665,101
city,福州,25,direct_own_weather_holiday,11270162.960915497,13158401.670883339,0.0605206173862862,0.06295763980497528,101
city,福州,26,direct_own_weather_holiday,11234606.77038688,13086729.59588862,0.06037329913793802,0.06280592294483657,101
city,福州,27,direct_own_weather_holiday,11285381.012130976,13160478.579102779,0.060674927830084706,0.0631442736775811,101
city,福州,28,direct_own_weather_holiday,11258918.29125422,13223023.550758215,0.06048360165916646,0.06297073992183469,101
city,福州,29,direct_own_weather_holiday,11371753.771921972,13348451.45291081,0.0611102781887063,0.06364904495496168,101
city,福州,30,direct_own_weather_holiday,11555041.436935179,13536616.427743185,0.06212172232433872,0.06473238809726473,101
city,莆田,1,direct_context_weather_holiday,2436853.147837349,3042087.3862228077,0.0600537589090441,0.05818272443668137,101
city,莆田,2,direct_context_weather_holiday,2666179.3721215795,3373677.3315168745,0.06587479465881284,0.06351806975059858,101
city,莆田,3,direct_context_weather_holiday,2906209.78560547,3698981.799565567,0.07120100072505707,0.06850053143114118,101
city,莆田,4,direct_context_weather_holiday,2942549.486304311,3729378.536447187,0.07193075629218204,0.06910929221501383,101
city,莆田,5,direct_context_weather_holiday,3017778.1531969877,3824961.371220445,0.07281939720758632,0.07041352349985178,101
city,莆田,6,direct_context_weather_holiday,3185529.7899513757,3953194.2843242697,0.07616881392006185,0.07405515167566487,101
city,莆田,7,direct_context_weather_holiday,3243485.041452022,3984603.6032793173,0.07832410202042553,0.07554341498381877,101
city,莆田,8,direct_context_weather_holiday,3435755.1858256324,4181145.2570331693,0.0827855924076698,0.07985818456503631,101
city,莆田,9,direct_context_weather_holiday,3470060.795460436,4290963.294523058,0.0838370162769711,0.08051933871288029,101
city,莆田,10,direct_context_weather_holiday,3341435.1778018936,4173599.2023320165,0.0807018115574092,0.07752599487809632,101
city,莆田,11,direct_context_weather_holiday,3208608.690112451,3962624.7776665716,0.07720555266069279,0.07448889942950099,101
city,莆田,12,direct_context_weather_holiday,3228374.3502817876,4043586.561540409,0.07685417501705326,0.07448937316917631,101
city,莆田,13,direct_context_weather_holiday,3170586.4841070506,3910588.3301029373,0.07534099580398904,0.07330141069370925,101
city,莆田,14,direct_context_weather_holiday,3215996.1639369265,3960543.0933061508,0.0762689788452896,0.0743787658491802,101
city,莆田,15,direct_context_weather_holiday,3283686.5497735096,4088017.229604085,0.07794950898444493,0.07577056583162793,101
city,莆田,16,direct_context_weather_holiday,3353134.9892805857,4189633.6005621897,0.07951882265287545,0.07724485894889026,101
city,莆田,17,direct_context_weather_holiday,3396635.294625172,4260580.925250234,0.08074536187672336,0.07825004018173413,101
city,莆田,18,direct_context_weather_holiday,3301474.32212226,4166440.62692556,0.07833450523272191,0.07606191790629145,101
city,莆田,19,direct_context_weather_holiday,3226847.0050529754,3962106.9628619547,0.07636196381739115,0.07450001340003527,101
city,莆田,20,direct_context_weather_holiday,3013654.1607483854,3684668.4361461513,0.0705835366040526,0.06953834192639279,101
city,莆田,21,direct_context_weather_holiday,2864372.592467688,3530723.5687680314,0.06670447291439023,0.06605388529581425,101
city,莆田,22,direct_context_weather_holiday,2929700.7691093767,3585025.9726690934,0.0682453485623999,0.06752475475382705,101
city,莆田,23,direct_context_weather_holiday,2903609.2546428554,3551391.9232693072,0.06703856994847492,0.06678859840655213,101
city,莆田,24,direct_context_weather_holiday,2835677.1444638777,3618591.7051120717,0.065283897550847,0.06534974271700139,101
city,莆田,25,direct_context_weather_holiday,2715343.0559280342,3489644.8352340045,0.06288771436760646,0.06285952397600494,101
city,莆田,26,direct_context_weather_holiday,2735346.7792685004,3465795.5314666494,0.06382385926988658,0.063138219562199,101
city,莆田,27,direct_context_weather_holiday,2758790.579668623,3418597.0857699015,0.06394056631982091,0.06393938703581485,101
city,莆田,28,direct_context_weather_holiday,2803165.3989701895,3447268.2239919044,0.0651901374264829,0.06505095092781153,101
city,莆田,29,direct_context_weather_holiday,2870643.8363514063,3569182.1142404308,0.06668691761377059,0.066316574072006,101
city,莆田,30,direct_context_weather_holiday,2774890.9898427795,3540670.1364885382,0.06350862200910683,0.06367655718130098,101
city,莆田,1,direct_own_weather_holiday,2214182.1997843697,2942596.050337489,0.05099774808173177,0.05179328048803102,101
city,莆田,2,direct_own_weather_holiday,2465896.499090461,3160883.758196419,0.05688830787462221,0.057827576133440535,101
city,莆田,3,direct_own_weather_holiday,2703419.1783219976,3436772.62184502,0.06168034750217126,0.06298895641666735,101
city,莆田,4,direct_own_weather_holiday,2791479.1736494526,3561238.274140149,0.06316417344306649,0.06464176671460777,101
city,莆田,5,direct_own_weather_holiday,2931380.0202940553,3721059.498624782,0.0659882030534376,0.06772449303332123,101
city,莆田,6,direct_own_weather_holiday,2918959.7999209766,3835656.0326698557,0.06499280477939669,0.06691488094777218,101
city,莆田,7,direct_own_weather_holiday,2970335.575139574,3939254.2980480865,0.06576100137996689,0.06780397529437904,101
city,莆田,8,direct_own_weather_holiday,3023677.1409423132,4028687.4918054254,0.06673510365094179,0.06888521920154198,101
city,莆田,9,direct_own_weather_holiday,3081240.495031865,4097297.622983021,0.06816791094860207,0.07026017268333726,101
city,莆田,10,direct_own_weather_holiday,3139144.2862342303,4190360.993952105,0.0692379173917726,0.07151579144647005,101
city,莆田,11,direct_own_weather_holiday,3130126.204116152,4165757.3069686503,0.06916400184248046,0.07138804919022058,101
city,莆田,12,direct_own_weather_holiday,3165193.455928579,4226742.587271576,0.06970180121494296,0.07212225380042617,101
city,莆田,13,direct_own_weather_holiday,3187887.7375182374,4242547.141344515,0.07027286145468659,0.0726842272845665,101
city,莆田,14,direct_own_weather_holiday,3234030.954975312,4314791.150033757,0.070980216005761,0.07362132979162676,101
city,莆田,15,direct_own_weather_holiday,3264610.99592887,4349211.511444,0.07155877640618342,0.07427379606419023,101
city,莆田,16,direct_own_weather_holiday,3316525.867773091,4417633.046647489,0.07255443609776031,0.07541276875788999,101
city,莆田,17,direct_own_weather_holiday,3327262.821352597,4403745.462066196,0.07270965680634087,0.07564941536836085,101
city,莆田,18,direct_own_weather_holiday,3289984.8554250407,4350573.792608776,0.07180384993351423,0.07472197616626285,101
city,莆田,19,direct_own_weather_holiday,3237857.352300518,4293735.12585663,0.07053380527908525,0.07341943493406025,101
city,莆田,20,direct_own_weather_holiday,3192705.7010190315,4293761.75537487,0.06923824264934883,0.07223992096956901,101
city,莆田,21,direct_own_weather_holiday,3199993.218404902,4317965.1017408725,0.06933739224788624,0.07239062386590504,101
city,莆田,22,direct_own_weather_holiday,3171450.8624829627,4292170.449824818,0.06862934294414563,0.07164081427026629,101
city,莆田,23,direct_own_weather_holiday,3117584.044324608,4237719.493414506,0.06732916857879817,0.07033987015140382,101
city,莆田,24,direct_own_weather_holiday,3083863.76321787,4192526.411685943,0.06655902622771373,0.06959425424917044,101
city,莆田,25,direct_own_weather_holiday,3075290.3813043507,4160552.9632774997,0.06643227820134483,0.06948719593992662,101
city,莆田,26,direct_own_weather_holiday,3118006.013900285,4138068.285641342,0.06762740285353508,0.0706635971176494,101
city,莆田,27,direct_own_weather_holiday,3142700.9583882615,4151943.2564942753,0.06823052900235418,0.0714206773211082,101
city,莆田,28,direct_own_weather_holiday,3131933.283622523,4183954.1200964553,0.06777972438995242,0.07107699056887967,101
city,莆田,29,direct_own_weather_holiday,3181558.6472183033,4238424.335921851,0.06890196553556363,0.07219905810905823,101
city,莆田,30,direct_own_weather_holiday,3267164.0291646076,4329627.249367076,0.07091825715481131,0.0743054698155539,101
city,龙岩,1,direct_context_weather_holiday,840015.9126027421,1086885.1221447464,0.020420205135116148,0.020419232979457053,101
city,龙岩,2,direct_context_weather_holiday,900580.0196888132,1139859.0198855905,0.021830460876886944,0.021843238262600918,101
city,龙岩,3,direct_context_weather_holiday,933841.0272543973,1176867.232113126,0.02262108829491653,0.02267878657701785,101
city,龙岩,4,direct_context_weather_holiday,996065.1162249201,1262238.4212912675,0.02399909200565886,0.024138051715413965,101
city,龙岩,5,direct_context_weather_holiday,1044719.5252293327,1321396.5639818846,0.025142062143787423,0.02538955504620892,101
city,龙岩,6,direct_context_weather_holiday,1107071.2722615928,1442191.155279226,0.02655764543232955,0.02688970731532766,101
city,龙岩,7,direct_context_weather_holiday,1155923.7781086566,1458095.225201455,0.027751152750108966,0.027988504665484307,101
city,龙岩,8,direct_context_weather_holiday,1172063.1991120474,1421721.8360969827,0.028250980196864995,0.028351301953915452,101
city,龙岩,9,direct_context_weather_holiday,1228101.0589653288,1465308.9998917421,0.0296963478371885,0.02969960804492464,101
city,龙岩,10,direct_context_weather_holiday,1243829.6411083806,1499398.8326573025,0.030248711066460345,0.030032744696289967,101
city,龙岩,11,direct_context_weather_holiday,1254651.0764085655,1530349.0368084996,0.03067762827788505,0.030319506487262254,101
city,龙岩,12,direct_context_weather_holiday,1257031.9346362823,1570654.4265883956,0.030824215835607856,0.030401047127606003,101
city,龙岩,13,direct_context_weather_holiday,1227924.7875776992,1508115.8790715262,0.030060786691224018,0.029703084683209424,101
city,龙岩,14,direct_context_weather_holiday,1201746.9458789474,1453460.784296954,0.029442000871131826,0.029108957709419053,101
city,龙岩,15,direct_context_weather_holiday,1288367.4589875871,1514475.6523459095,0.03161660814721918,0.03125802512280027,101
city,龙岩,16,direct_context_weather_holiday,1329339.4012833484,1571516.046160738,0.0325870353254085,0.03223072856759971,101
city,龙岩,17,direct_context_weather_holiday,1316111.257939747,1581599.8758604128,0.03218797641374348,0.031885180515486874,101
city,龙岩,18,direct_context_weather_holiday,1313381.3589607247,1582566.0443185742,0.03203154904065703,0.031776078494244374,101
city,龙岩,19,direct_context_weather_holiday,1365533.641560196,1634264.3489250478,0.03331953919103025,0.03296936974009859,101
city,龙岩,20,direct_context_weather_holiday,1292309.8596938504,1568227.1626627455,0.03141712237328149,0.03124669829871186,101
city,龙岩,21,direct_context_weather_holiday,1200135.3973945298,1483692.8915360617,0.029061387921057107,0.029024040767432754,101
city,龙岩,22,direct_context_weather_holiday,1169753.783477236,1408925.4587430803,0.02836019738304925,0.028276033640515293,101
city,龙岩,23,direct_context_weather_holiday,1118836.6192564978,1392821.425526196,0.027132825854730303,0.02699711035075561,101
city,龙岩,24,direct_context_weather_holiday,1199854.327332704,1501630.7838104442,0.029192374308702064,0.02891070510616759,101
city,龙岩,25,direct_context_weather_holiday,1295399.356873622,1568366.361976558,0.03155251625428969,0.031183636747281068,101
city,龙岩,26,direct_context_weather_holiday,1330116.6915674957,1610846.5970385713,0.03240789695782735,0.03199994311772782,101
city,龙岩,27,direct_context_weather_holiday,1278011.1749731358,1577057.2747306512,0.031158865574307748,0.03075674535005098,101
city,龙岩,28,direct_context_weather_holiday,1264855.722127332,1579449.2246731992,0.03085942403899739,0.030446534579880648,101
city,龙岩,29,direct_context_weather_holiday,1265035.231877808,1580187.7568910755,0.030827971853643027,0.030458911317824012,101
city,龙岩,30,direct_context_weather_holiday,1258712.9931856268,1590169.88431735,0.030596052530893255,0.030318171181900177,101
city,龙岩,1,direct_own_weather_holiday,837794.0455175871,1148839.184860386,0.020222605964735976,0.020469250394997238,101
city,龙岩,2,direct_own_weather_holiday,887901.0223209737,1186538.443291149,0.021291350602387946,0.0215977045366053,101
city,龙岩,3,direct_own_weather_holiday,933700.9773080584,1251041.3372842877,0.02230635644111889,0.022675174673640355,101
city,龙岩,4,direct_own_weather_holiday,992527.569633937,1351840.0452674448,0.023675405359962015,0.024115468968335288,101
city,龙岩,5,direct_own_weather_holiday,1073890.4206509166,1455667.6737280868,0.02560939606526169,0.026136964134547223,101
city,龙岩,6,direct_own_weather_holiday,1133147.2341990448,1496980.5242743727,0.027037528759570006,0.027590955371311413,101
city,龙岩,7,direct_own_weather_holiday,1144092.729926968,1499472.5524672759,0.027312203372118662,0.027850832256548667,101
city,龙岩,8,direct_own_weather_holiday,1161149.2253970243,1522920.5982360344,0.02774080365121853,0.028290837358646487,101
city,龙岩,9,direct_own_weather_holiday,1163231.6512000056,1568405.8902549485,0.02776872751741058,0.0283606005081994,101
city,龙岩,10,direct_own_weather_holiday,1178634.6588051098,1608713.0136902966,0.028130751595555333,0.028753263686739423,101
city,龙岩,11,direct_own_weather_holiday,1196061.159087919,1632326.8978508906,0.028557502244721283,0.029203146278744898,101
city,龙岩,12,direct_own_weather_holiday,1196970.208195585,1628940.3751224694,0.028576506872609275,0.02921778942081634,101
city,龙岩,13,direct_own_weather_holiday,1214091.4253782746,1628264.4080114525,0.02901420905647899,0.02964567996626214,101
city,龙岩,14,direct_own_weather_holiday,1243000.5002471847,1654641.8616296982,0.029716237250752637,0.03037396868615835,101
city,龙岩,15,direct_own_weather_holiday,1281469.2673057988,1680233.1479074026,0.030658549388011946,0.031342560427969145,101
city,龙岩,16,direct_own_weather_holiday,1293246.033110595,1700110.299704284,0.030930924820498563,0.031627730789605756,101
city,龙岩,17,direct_own_weather_holiday,1302147.1746478723,1706180.4848985693,0.031150233894888676,0.03184643085381184,101
city,龙岩,18,direct_own_weather_holiday,1281338.97307801,1688905.6661593483,0.030633438704052333,0.03131775189897527,101
city,龙岩,19,direct_own_weather_holiday,1290878.3951979578,1706821.4817704035,0.03086026960478537,0.03156348152650246,101
city,龙岩,20,direct_own_weather_holiday,1313042.49984437,1722316.8487228549,0.03142374762140506,0.03212224007079131,101
city,龙岩,21,direct_own_weather_holiday,1304799.7922475964,1718648.1221482211,0.031222064559804495,0.0319233388745525,101
city,龙岩,22,direct_own_weather_holiday,1253771.4744119053,1677575.9461849816,0.0299707655524772,0.03064758785852536,101
city,龙岩,23,direct_own_weather_holiday,1216728.8820035302,1642469.3688681521,0.029071298002116653,0.029712730665555177,101
city,龙岩,24,direct_own_weather_holiday,1227873.5556383168,1634319.3572320468,0.02935302131106409,0.029989659659867322,101
city,龙岩,25,direct_own_weather_holiday,1219077.6131068317,1646375.142742172,0.029096132655313186,0.02976604770843287,101
city,龙岩,26,direct_own_weather_holiday,1242555.8469427165,1674340.7338439838,0.029633904044118586,0.030339547179254238,101
city,龙岩,27,direct_own_weather_holiday,1293998.4212837564,1705300.92346132,0.030911147126672645,0.03162937042184312,101
city,龙岩,28,direct_own_weather_holiday,1323304.8474866427,1728472.7962755917,0.031635650159539785,0.03237711552307841,101
city,龙岩,29,direct_own_weather_holiday,1329609.0719001116,1734899.380339761,0.03178087409054432,0.0325413421785988,101
city,龙岩,30,direct_own_weather_holiday,1333045.7099971394,1751056.9995910975,0.031836969642658086,0.03262543978602209,101
