cause,effect,lag_weeks,f_stat,p_value,n,q_value_fdr,pass_fdr_05,window_start,window_end
大工业电量,合计,1,1.28867656627041,0.25897877278435544,104,0.48600218571116116,False,2023-01-01,2024-12-31
非普工业,合计,1,1.941015959573697,0.16661695449642944,104,0.39219067750698006,False,2023-01-01,2024-12-31
居民生活,合计,1,0.7565986210801771,0.3864575990961011,104,0.5850638575666518,False,2023-01-01,2024-12-31
商业用电,合计,1,0.5879369942365181,0.4450065657042733,104,0.607910754935302,False,2023-01-01,2024-12-31
农业,合计,1,2.7861176528402956,0.09818127816747246,104,0.2756281754059319,False,2023-01-01,2024-12-31
制造业,合计,1,1.8346309316594973,0.17860394628190668,104,0.40785677285271227,False,2023-01-01,2024-12-31
工业,合计,1,1.6389259893389738,0.20340536494208483,104,0.4321129074481295,False,2023-01-01,2024-12-31
交通仓储和邮政业,合计,1,2.1426412389690053,0.1463604883296592,104,0.3641163368201278,False,2023-01-01,2024-12-31
信息传输,合计,1,2.4064898816767593,0.12396098934752142,104,0.32420566444736376,False,2023-01-01,2024-12-31
批发和零售业,合计,1,0.221483631069286,0.6389265559367118,104,0.710111040206861,False,2023-01-01,2024-12-31
住宿和餐饮业,合计,4,0.7306791380500367,0.5732906004131648,101,0.6721338073809519,False,2023-01-01,2024-12-31
黑色金属冶炼,合计,1,0.6026995270184957,0.4393641423919964,104,0.607910754935302,False,2023-01-01,2024-12-31
非金属矿物制品业,合计,1,2.114112276502692,0.1490471262156805,104,0.36780984372579223,False,2023-01-01,2024-12-31
化学制品制造业,合计,4,2.2246995992690244,0.07233955447149731,101,0.2300644572738659,False,2023-01-01,2024-12-31
纺织业,合计,1,3.618076121608512,0.06000391174950559,104,0.20304998997673093,False,2023-01-01,2024-12-31
电子,合计,1,0.10537451100727983,0.7461442977911376,104,0.7949184856511936,False,2023-01-01,2024-12-31
石化,合计,1,2.1539042745670534,0.14531510054837005,104,0.3641163368201278,False,2023-01-01,2024-12-31
合计,大工业电量,1,1.6358951674091484,0.20382043069274514,104,0.4321129074481295,False,2023-01-01,2024-12-31
非普工业,大工业电量,2,1.9238475990710855,0.15151954019243397,103,0.36797602618162534,False,2023-01-01,2024-12-31
居民生活,大工业电量,1,1.1139803348914636,0.2937365257508566,104,0.5165711314928858,False,2023-01-01,2024-12-31
商业用电,大工业电量,1,1.6541312169950277,0.20133818003918913,104,0.4321129074481295,False,2023-01-01,2024-12-31
农业,大工业电量,1,3.1719674656855448,0.07791840164121189,104,0.2355218039687648,False,2023-01-01,2024-12-31
制造业,大工业电量,1,3.284012280950504,0.07292892926655226,104,0.2300644572738659,False,2023-01-01,2024-12-31
工业,大工业电量,1,3.020875786525819,0.08524679234054,104,0.24843350910671658,False,2023-01-01,2024-12-31
交通仓储和邮政业,大工业电量,1,3.632762588993167,0.059495790595605835,104,0.20304998997673093,False,2023-01-01,2024-12-31
信息传输,大工业电量,1,4.554545608495982,0.035252111664981545,104,0.14382861559312468,False,2023-01-01,2024-12-31
批发和零售业,大工业电量,3,1.4315414229015342,0.23843761897973736,102,0.4677045603064079,False,2023-01-01,2024-12-31
住宿和餐饮业,大工业电量,3,2.1424204822705004,0.09999129182375599,102,0.275651669351976,False,2023-01-01,2024-12-31
黑色金属冶炼,大工业电量,2,2.40411486178979,0.09565585097144635,103,0.27102491108576465,False,2023-01-01,2024-12-31
非金属矿物制品业,大工业电量,2,1.4448852397575607,0.24075102309888852,103,0.4692344781417827,False,2023-01-01,2024-12-31
化学制品制造业,大工业电量,1,3.957665210872779,0.04936246294290891,104,0.177289610911746,False,2023-01-01,2024-12-31
纺织业,大工业电量,1,9.474885741028862,0.0026820537837565217,104,0.021597590995513043,True,2023-01-01,2024-12-31
电子,大工业电量,1,15.867623987812161,0.00012832933141038172,104,0.004688663962370221,True,2023-01-01,2024-12-31
石化,大工业电量,1,4.371500646020123,0.03905479728235528,104,0.15321497395385533,False,2023-01-01,2024-12-31
合计,非普工业,1,12.210346487973272,0.0007071145999468786,104,0.009974907713883261,True,2023-01-01,2024-12-31
大工业电量,非普工业,1,5.3242761649489,0.023070724214779847,104,0.11205780332893069,False,2023-01-01,2024-12-31
居民生活,非普工业,1,8.56084481749474,0.004242461887374871,104,0.02950439403492524,True,2023-01-01,2024-12-31
商业用电,非普工业,1,10.308808480607043,0.0017758553329485505,104,0.015526049482350184,True,2023-01-01,2024-12-31
农业,非普工业,1,13.953496023946641,0.0003104485849018124,104,0.005588074528232623,True,2023-01-01,2024-12-31
制造业,非普工业,2,3.389892049363647,0.03771205914003439,103,0.1498687025565003,False,2023-01-01,2024-12-31
工业,非普工业,2,3.2208668241878895,0.04418228509201583,103,0.16362409837751296,False,2023-01-01,2024-12-31
交通仓储和邮政业,非普工业,1,14.39727341166754,0.0002524901745097896,104,0.005150799559999708,True,2023-01-01,2024-12-31
信息传输,非普工业,1,15.227095428495735,0.000172080670247432,104,0.004688663962370221,True,2023-01-01,2024-12-31
批发和零售业,非普工业,1,9.30239856263309,0.0029228695207645927,104,0.022933283932152958,True,2023-01-01,2024-12-31
住宿和餐饮业,非普工业,1,7.116571195083104,0.008897573679273463,104,0.05792888395441872,False,2023-01-01,2024-12-31
黑色金属冶炼,非普工业,2,4.684018518611783,0.011407804339111483,103,0.07124057403608396,False,2023-01-01,2024-12-31
非金属矿物制品业,非普工业,2,1.813526223697734,0.1685080124628412,103,0.39361413598190387,False,2023-01-01,2024-12-31
化学制品制造业,非普工业,1,11.462977423019698,0.0010124147055911026,104,0.011915342304264515,True,2023-01-01,2024-12-31
纺织业,非普工业,2,8.17345471361916,0.0005212914372517696,103,0.007975758989952075,True,2023-01-01,2024-12-31
电子,非普工业,1,15.533046604727977,0.00014953963581298968,104,0.004688663962370221,True,2023-01-01,2024-12-31
石化,非普工业,1,12.087901696906464,0.000749747965422598,104,0.009974907713883261,True,2023-01-01,2024-12-31
合计,居民生活,2,0.7315260341684774,0.4837827840836961,103,0.6317225669999096,False,2023-01-01,2024-12-31
大工业电量,居民生活,2,0.6998687771850739,0.4991155036232571,103,0.6324192040772878,False,2023-01-01,2024-12-31
非普工业,居民生活,1,0.20096979320029185,0.6548994203181804,104,0.7208605130120979,False,2023-01-01,2024-12-31
商业用电,居民生活,2,1.3750580014997447,0.2576591210366772,103,0.48600218571116116,False,2023-01-01,2024-12-31
农业,居民生活,2,0.5783200351200508,0.5627420895943571,103,0.670035328466433,False,2023-01-01,2024-12-31
制造业,居民生活,2,0.6306605090287747,0.5343861878525403,103,0.6503437289019967,False,2023-01-01,2024-12-31
工业,居民生活,2,0.6289856233426963,0.5352705962947133,103,0.6503437289019967,False,2023-01-01,2024-12-31
交通仓储和邮政业,居民生活,2,0.6366006227748137,0.5312615676795905,103,0.6503437289019967,False,2023-01-01,2024-12-31
信息传输,居民生活,2,2.6059836550656583,0.07894142414143501,103,0.2355218039687648,False,2023-01-01,2024-12-31
批发和零售业,居民生活,2,1.1701538842192878,0.314616647237402,103,0.5461096091121957,False,2023-01-01,2024-12-31
住宿和餐饮业,居民生活,2,0.8468919820813035,0.4318587988436179,103,0.607910754935302,False,2023-01-01,2024-12-31
黑色金属冶炼,居民生活,2,1.046100826078957,0.35519418001012604,103,0.5733625097078815,False,2023-01-01,2024-12-31
非金属矿物制品业,居民生活,1,0.5299655739004189,0.4683057103064797,104,0.6257709491431562,False,2023-01-01,2024-12-31
化学制品制造业,居民生活,2,1.12749321507673,0.328008096875102,103,0.5504313467776841,False,2023-01-01,2024-12-31
纺织业,居民生活,2,0.5122273840335245,0.6007546992142155,103,0.6859363356699625,False,2023-01-01,2024-12-31
电子,居民生活,2,1.392614080110986,0.2532972218869194,103,0.48600218571116116,False,2023-01-01,2024-12-31
石化,居民生活,2,0.9685278205853077,0.38324522835814123,103,0.5850638575666518,False,2023-01-01,2024-12-31
合计,商业用电,3,1.4377998542174493,0.23665144890729672,102,0.4677045603064079,False,2023-01-01,2024-12-31
大工业电量,商业用电,1,0.6267385331635293,0.4304095119300618,104,0.607910754935302,False,2023-01-01,2024-12-31
非普工业,商业用电,2,1.154526263891357,0.3194562746113825,103,0.5461096091121957,False,2023-01-01,2024-12-31
居民生活,商业用电,4,0.5054166509523874,0.7318310186219008,101,0.785755409467725,False,2023-01-01,2024-12-31
农业,商业用电,3,1.0929931038231187,0.3560094014526062,102,0.5733625097078815,False,2023-01-01,2024-12-31
制造业,商业用电,1,0.7391964838921337,0.3919545451018419,104,0.5850638575666518,False,2023-01-01,2024-12-31
工业,商业用电,1,0.7194793119167958,0.39832051877901187,104,0.5888216364559306,False,2023-01-01,2024-12-31
交通仓储和邮政业,商业用电,1,0.6074824869153058,0.4375597793626814,104,0.607910754935302,False,2023-01-01,2024-12-31
信息传输,商业用电,4,1.0851921937005746,0.3685363947931297,101,0.5764504226287684,False,2023-01-01,2024-12-31
批发和零售业,商业用电,1,0.016166536912531553,0.899076297400506,104,0.9079780429193229,False,2023-01-01,2024-12-31
住宿和餐饮业,商业用电,4,0.7677397410864907,0.5489314664799125,101,0.6587177597758951,False,2023-01-01,2024-12-31
黑色金属冶炼,商业用电,1,0.24620154462322105,0.6208405844579413,104,0.6958872485132969,False,2023-01-01,2024-12-31
非金属矿物制品业,商业用电,2,0.949696249562319,0.3903895594922957,103,0.5850638575666518,False,2023-01-01,2024-12-31
化学制品制造业,商业用电,4,1.8540943055244536,0.1252367681659725,101,0.32476653439650494,False,2023-01-01,2024-12-31
纺织业,商业用电,1,0.8938729485199461,0.3466862919900079,104,0.5726900933487056,False,2023-01-01,2024-12-31
电子,商业用电,1,0.1621536740937151,0.6880324209659976,104,0.7492452698063888,False,2023-01-01,2024-12-31
石化,商业用电,4,1.444976718307729,0.22552685207229628,101,0.45402116272449117,False,2023-01-01,2024-12-31
合计,农业,1,0.5927481188335999,0.44315539093762213,104,0.607910754935302,False,2023-01-01,2024-12-31
大工业电量,农业,1,0.4639036263530321,0.497363877084924,104,0.6324192040772878,False,2023-01-01,2024-12-31
非普工业,农业,1,0.19719453794544856,0.657944899582273,104,0.721616986638622,False,2023-01-01,2024-12-31
居民生活,农业,2,0.619989260554158,0.5400466672954563,103,0.6531789730925281,False,2023-01-01,2024-12-31
商业用电,农业,3,0.15435634924662012,0.9266478016224386,102,0.929685991135955,False,2023-01-01,2024-12-31
制造业,农业,1,0.3266049214025035,0.5689347210819904,104,0.6721338073809519,False,2023-01-01,2024-12-31
工业,农业,1,0.4117300122936442,0.522546304246678,104,0.6503437289019967,False,2023-01-01,2024-12-31
交通仓储和邮政业,农业,2,0.10740492115996898,0.8982674913595494,103,0.9079780429193229,False,2023-01-01,2024-12-31
信息传输,农业,1,0.74407972694207,0.39040071525630526,104,0.5850638575666518,False,2023-01-01,2024-12-31
批发和零售业,农业,3,0.2360324473728395,0.8710459401801175,102,0.885515141844239,False,2023-01-01,2024-12-31
住宿和餐饮业,农业,2,0.18977280585689216,0.8274502742950413,103,0.8525245250312546,False,2023-01-01,2024-12-31
黑色金属冶炼,农业,1,0.2163807486655039,0.6428129350892173,104,0.710111040206861,False,2023-01-01,2024-12-31
非金属矿物制品业,农业,1,0.3899003096900462,0.5337597855261631,104,0.6503437289019967,False,2023-01-01,2024-12-31
化学制品制造业,农业,4,2.549671129232964,0.044381699886711035,101,0.16362409837751296,False,2023-01-01,2024-12-31
纺织业,农业,1,0.28126119385933157,0.5970398636515779,104,0.6859363356699625,False,2023-01-01,2024-12-31
电子,农业,1,0.1259805867521628,0.7233765483874409,104,0.7794127598822427,False,2023-01-01,2024-12-31
石化,农业,4,1.9468669710663118,0.10928079348061448,101,0.29333265618480725,False,2023-01-01,2024-12-31
合计,制造业,1,3.7054023175050026,0.05704998193955946,104,0.19837834628983175,False,2023-01-01,2024-12-31
大工业电量,制造业,1,4.80632744825973,0.030651540118232123,104,0.133991018231129,False,2023-01-01,2024-12-31
非普工业,制造业,2,2.2884055453976,0.10682360328923779,103,0.29185734470095326,False,2023-01-01,2024-12-31
居民生活,制造业,1,2.246924886126613,0.13699943587020091,104,0.34934856146901233,False,2023-01-01,2024-12-31
商业用电,制造业,1,3.1820868732584566,0.07745281480317967,104,0.2355218039687648,False,2023-01-01,2024-12-31
农业,制造业,1,5.11230262137441,0.025901246660183896,104,0.1200875981517617,False,2023-01-01,2024-12-31
工业,制造业,1,3.2036167745216666,0.0764723148262858,104,0.2355218039687648,False,2023-01-01,2024-12-31
交通仓储和邮政业,制造业,1,5.452624788338221,0.021517014683369418,104,0.1096004290391213,False,2023-01-01,2024-12-31
信息传输,制造业,1,6.997823564605265,0.009465476697621322,104,0.060342413947335936,False,2023-01-01,2024-12-31
批发和零售业,制造业,1,2.767292393070123,0.09930876337540684,104,0.275651669351976,False,2023-01-01,2024-12-31
住宿和餐饮业,制造业,3,2.867403720979861,0.04060962382660682,102,0.1553318111367711,False,2023-01-01,2024-12-31
黑色金属冶炼,制造业,2,3.5898292231109057,0.031291159488289755,103,0.13486049018896712,False,2023-01-01,2024-12-31
非金属矿物制品业,制造业,2,1.5842889980338084,0.21030087046657753,103,0.4321129074481295,False,2023-01-01,2024-12-31
化学制品制造业,制造业,1,5.8826410508879325,0.017065747169158207,104,0.09324481043151497,False,2023-01-01,2024-12-31
纺织业,制造业,1,15.08309026031127,0.00018386917499491062,104,0.004688663962370221,True,2023-01-01,2024-12-31
电子,制造业,1,20.52231335969965,1.6190858829867594e-05,104,0.002477201400969742,True,2023-01-01,2024-12-31
石化,制造业,1,6.355429148956913,0.013266643431674052,104,0.07954111788967325,False,2023-01-01,2024-12-31
合计,工业,1,2.8486051880764345,0.09453907366289227,104,0.27036407982098165,False,2023-01-01,2024-12-31
大工业电量,工业,1,4.071656068209074,0.04626061794187153,104,0.168520822502532,False,2023-01-01,2024-12-31
非普工业,工业,2,2.2021022774026457,0.11601284437055592,103,0.3073488753772964,False,2023-01-01,2024-12-31
居民生活,工业,1,1.7287973295824888,0.1915422187644178,104,0.424724050303709,False,2023-01-01,2024-12-31
商业用电,工业,1,2.5063967685321002,0.1165113383783215,104,0.3073488753772964,False,2023-01-01,2024-12-31
农业,工业,1,4.343663729460117,0.03967036151878134,104,0.15365988132591252,False,2023-01-01,2024-12-31
制造业,工业,1,3.1301730154779643,0.07987399778539106,104,0.2355218039687648,False,2023-01-01,2024-12-31
交通仓储和邮政业,工业,1,4.708730157922225,0.032354326826322555,104,0.13750588901187086,False,2023-01-01,2024-12-31
信息传输,工业,1,6.000884985559013,0.016019543102714473,104,0.09199116634110319,False,2023-01-01,2024-12-31
批发和零售业,工业,1,2.098860910905558,0.15050651797113324,104,0.36797602618162534,False,2023-01-01,2024-12-31
住宿和餐饮业,工业,3,2.4007264066810023,0.07258986733788486,102,0.2300644572738659,False,2023-01-01,2024-12-31
黑色金属冶炼,工业,2,2.861520612183892,0.061971334373385756,103,0.20390568084146282,False,2023-01-01,2024-12-31
非金属矿物制品业,工业,2,1.6055927759385615,0.20600635504436393,103,0.4321129074481295,False,2023-01-01,2024-12-31
化学制品制造业,工业,1,5.04430663289814,0.02688508574906634,104,0.12278860058528807,False,2023-01-01,2024-12-31
纺织业,工业,1,12.109565116267248,0.000742016896796982,104,0.009974907713883261,True,2023-01-01,2024-12-31
电子,工业,1,17.81020409748291,5.3406600561745066e-05,104,0.004293110830122626,True,2023-01-01,2024-12-31
石化,工业,1,5.4518694037153645,0.021525829413817643,104,0.1096004290391213,False,2023-01-01,2024-12-31
合计,交通仓储和邮政业,1,2.0728904994326554,0.15302947834284153,104,0.3687166958496812,False,2023-01-01,2024-12-31
大工业电量,交通仓储和邮政业,1,1.3697710655046624,0.24460538564677015,104,0.47372941777159283,False,2023-01-01,2024-12-31
非普工业,交通仓储和邮政业,1,0.6733361270817495,0.4138233831669299,104,0.5945068321553078,False,2023-01-01,2024-12-31
居民生活,交通仓储和邮政业,1,0.2573947750570296,0.6130216730176385,104,0.6896493821448434,False,2023-01-01,2024-12-31
商业用电,交通仓储和邮政业,1,0.987784513726891,0.32265961047651504,104,0.5485213378100755,False,2023-01-01,2024-12-31
农业,交通仓储和邮政业,1,0.5935964400569417,0.4428302253982944,104,0.607910754935302,False,2023-01-01,2024-12-31
制造业,交通仓储和邮政业,1,1.164054847194183,0.28319608328920465,104,0.5133853479192022,False,2023-01-01,2024-12-31
工业,交通仓储和邮政业,1,1.2805754228983972,0.26047175966219094,104,0.48600218571116116,False,2023-01-01,2024-12-31
信息传输,交通仓储和邮政业,1,2.3666084951070676,0.12708319183248873,104,0.3267853504263996,False,2023-01-01,2024-12-31
批发和零售业,交通仓储和邮政业,1,0.8030576416527864,0.37231166348829303,104,0.5783115179056735,False,2023-01-01,2024-12-31
住宿和餐饮业,交通仓储和邮政业,1,0.6548930901843247,0.4202710257529405,104,0.6009482891607467,False,2023-01-01,2024-12-31
黑色金属冶炼,交通仓储和邮政业,1,0.5362823160809361,0.4656735532034736,104,0.6257709491431562,False,2023-01-01,2024-12-31
非金属矿物制品业,交通仓储和邮政业,1,0.4884630745666174,0.4862199886357139,104,0.6317225669999096,False,2023-01-01,2024-12-31
化学制品制造业,交通仓储和邮政业,4,1.348294612500849,0.25811951951169276,101,0.48600218571116116,False,2023-01-01,2024-12-31
纺织业,交通仓储和邮政业,1,0.9493747063106318,0.3322063860357315,104,0.5524736637333361,False,2023-01-01,2024-12-31
电子,交通仓储和邮政业,1,1.2677258405306353,0.26286203064289404,104,0.4874895841013671,False,2023-01-01,2024-12-31
石化,交通仓储和邮政业,4,0.845125094674917,0.5001625313964939,101,0.6324192040772878,False,2023-01-01,2024-12-31
合计,信息传输,2,0.5319168403433066,0.5891641341729557,103,0.6803178304034885,False,2023-01-01,2024-12-31
大工业电量,信息传输,1,0.10364958431734189,0.7481585747305352,104,0.7949184856511936,False,2023-01-01,2024-12-31
非普工业,信息传输,1,0.056430264657634094,0.812710916852862,104,0.8457085263664246,False,2023-01-01,2024-12-31
居民生活,信息传输,4,0.9455053426776383,0.4414298098199718,101,0.607910754935302,False,2023-01-01,2024-12-31
商业用电,信息传输,2,0.34714878498425394,0.7075656620233131,103,0.7650709985128403,False,2023-01-01,2024-12-31
农业,信息传输,3,0.9780455373332719,0.40653065133613175,102,0.5923732348040777,False,2023-01-01,2024-12-31
制造业,信息传输,1,0.05484756112749738,0.8153072394708996,104,0.8457085263664246,False,2023-01-01,2024-12-31
工业,信息传输,1,0.0950473966103855,0.7584908556867062,104,0.8031079648447477,False,2023-01-01,2024-12-31
交通仓储和邮政业,信息传输,1,0.037383964274736795,0.847073690784935,104,0.8640151646006337,False,2023-01-01,2024-12-31
批发和零售业,信息传输,2,0.2277027964914318,0.7967810442247323,103,0.8378522320713679,False,2023-01-01,2024-12-31
住宿和餐饮业,信息传输,4,0.8493325071117134,0.4975960881986673,101,0.6324192040772878,False,2023-01-01,2024-12-31
黑色金属冶炼,信息传输,1,0.05246182531625977,0.8192967371927422,104,0.8469756810168213,False,2023-01-01,2024-12-31
非金属矿物制品业,信息传输,1,0.1465931356941209,0.7026171760640745,104,0.7624143825376127,False,2023-01-01,2024-12-31
化学制品制造业,信息传输,4,2.5978211371592224,0.041266692286356155,101,0.15589639308178993,False,2023-01-01,2024-12-31
纺织业,信息传输,1,0.06460089444947267,0.7998832303494892,104,0.8382337961881633,False,2023-01-01,2024-12-31
电子,信息传输,1,0.005581028309416986,0.94059617671583,104,0.9405961767158298,False,2023-01-01,2024-12-31
石化,信息传输,4,1.947832677433314,0.10912539268702826,101,0.29333265618480725,False,2023-01-01,2024-12-31
合计,批发和零售业,1,1.5804863633460104,0.2115900350196127,104,0.4321129074481295,False,2023-01-01,2024-12-31
大工业电量,批发和零售业,1,1.4155445909229276,0.23692743180389775,104,0.4677045603064079,False,2023-01-01,2024-12-31
非普工业,批发和零售业,2,1.661267424548001,0.19520073188475107,103,0.42972247450887646,False,2023-01-01,2024-12-31
居民生活,批发和零售业,4,0.3628834116815851,0.8344495294268537,101,0.8559883823944735,False,2023-01-01,2024-12-31
商业用电,批发和零售业,1,0.0428594551050757,0.8364069488102862,104,0.8559883823944735,False,2023-01-01,2024-12-31
农业,批发和零售业,3,1.021333224653363,0.386811263651647,102,0.5850638575666518,False,2023-01-01,2024-12-31
制造业,批发和零售业,1,1.593663316357936,0.2097106351551229,104,0.4321129074481295,False,2023-01-01,2024-12-31
工业,批发和零售业,1,1.5788833004284937,0.21182005267065174,104,0.4321129074481295,False,2023-01-01,2024-12-31
交通仓储和邮政业,批发和零售业,1,1.2448022324301775,0.2671950674285848,104,0.49254030501895746,False,2023-01-01,2024-12-31
信息传输,批发和零售业,4,0.8417704239948283,0.5022152502966697,101,0.6324192040772878,False,2023-01-01,2024-12-31
住宿和餐饮业,批发和零售业,4,0.4376269491359878,0.7811092364897829,101,0.8242049185030124,False,2023-01-01,2024-12-31
黑色金属冶炼,批发和零售业,1,0.7077126609057424,0.40219156614418694,104,0.5888546375125416,False,2023-01-01,2024-12-31
非金属矿物制品业,批发和零售业,2,1.2646955592747058,0.28689181207249537,103,0.5133853479192022,False,2023-01-01,2024-12-31
化学制品制造业,批发和零售业,4,1.6174563196135976,0.1765127445201624,101,0.4069695432573408,False,2023-01-01,2024-12-31
纺织业,批发和零售业,1,1.8493628475205106,0.17688545507590303,104,0.4069695432573408,False,2023-01-01,2024-12-31
电子,批发和零售业,1,0.48624117229854685,0.487210868666597,104,0.6317225669999096,False,2023-01-01,2024-12-31
石化,批发和零售业,4,1.2603704471023836,0.2913203114080789,101,0.5165711314928858,False,2023-01-01,2024-12-31
合计,住宿和餐饮业,1,1.1615533605709372,0.28371100021602924,104,0.5133853479192022,False,2023-01-01,2024-12-31
大工业电量,住宿和餐饮业,1,0.3108907817807046,0.5783677861304812,104,0.6726350615037816,False,2023-01-01,2024-12-31
非普工业,住宿和餐饮业,1,0.36697069039168023,0.5460191001860228,104,0.6578025380193818,False,2023-01-01,2024-12-31
居民生活,住宿和餐饮业,1,1.675675783660254,0.19845180263925621,104,0.4321129074481295,False,2023-01-01,2024-12-31
商业用电,住宿和餐饮业,3,1.258800506545636,0.2930163135727183,102,0.5165711314928858,False,2023-01-01,2024-12-31
农业,住宿和餐饮业,3,0.4205078774973359,0.738704915265948,102,0.7903626016481821,False,2023-01-01,2024-12-31
制造业,住宿和餐饮业,1,0.315263384878298,0.5757119451515377,104,0.6723963939556127,False,2023-01-01,2024-12-31
工业,住宿和餐饮业,1,0.33087162246920104,0.5664255473232449,104,0.6718070444996626,False,2023-01-01,2024-12-31
交通仓储和邮政业,住宿和餐饮业,1,0.01439201290089147,0.9047478288772309,104,0.9107001172251074,False,2023-01-01,2024-12-31
信息传输,住宿和餐饮业,4,2.3441002332222247,0.06048984266471091,101,0.20304998997673093,False,2023-01-01,2024-12-31
批发和零售业,住宿和餐饮业,1,0.3506026679185734,0.5550953817222978,104,0.6635124484649341,False,2023-01-01,2024-12-31
黑色金属冶炼,住宿和餐饮业,3,0.627595186520949,0.5989388756084884,102,0.6859363356699625,False,2023-01-01,2024-12-31
非金属矿物制品业,住宿和餐饮业,1,0.17881215403435916,0.6732950171720817,104,0.7358152687666322,False,2023-01-01,2024-12-31
化学制品制造业,住宿和餐饮业,4,1.4933803363671234,0.21064657004567233,101,0.4321129074481295,False,2023-01-01,2024-12-31
纺织业,住宿和餐饮业,1,0.21691034605328025,0.6424070087253896,104,0.710111040206861,False,2023-01-01,2024-12-31
电子,住宿和餐饮业,1,0.40687583062347527,0.5250030127995347,104,0.6503437289019967,False,2023-01-01,2024-12-31
石化,住宿和餐饮业,4,1.1931699350852418,0.3191398842277624,101,0.5461096091121957,False,2023-01-01,2024-12-31
合计,黑色金属冶炼,1,3.941275165045275,0.04982649195558875,104,0.177289610911746,False,2023-01-01,2024-12-31
大工业电量,黑色金属冶炼,1,1.304448223144578,0.256102714918375,104,0.48600218571116116,False,2023-01-01,2024-12-31
非普工业,黑色金属冶炼,2,0.8591527782730364,0.426685699476253,103,0.6072829025103881,False,2023-01-01,2024-12-31
居民生活,黑色金属冶炼,1,3.1691640372102805,0.07804792561539964,104,0.2355218039687648,False,2023-01-01,2024-12-31
商业用电,黑色金属冶炼,1,3.777424208984832,0.054731669992533316,104,0.19250449445649648,False,2023-01-01,2024-12-31
农业,黑色金属冶炼,1,5.424443895064847,0.02184845154047843,104,0.1096004290391213,False,2023-01-01,2024-12-31
制造业,黑色金属冶炼,1,0.5049745016102662,0.47896020616510415,104,0.6317225669999096,False,2023-01-01,2024-12-31
工业,黑色金属冶炼,1,0.8886022300777366,0.3481057430158798,104,0.5726900933487056,False,2023-01-01,2024-12-31
交通仓储和邮政业,黑色金属冶炼,1,4.896997726769297,0.029154554366400798,104,0.1311954946488036,False,2023-01-01,2024-12-31
信息传输,黑色金属冶炼,1,5.358570115777679,0.022644345242423425,104,0.11176080071260594,False,2023-01-01,2024-12-31
批发和零售业,黑色金属冶炼,1,3.5883237324367134,0.06104770940476878,104,0.20304998997673093,False,2023-01-01,2024-12-31
住宿和餐饮业,黑色金属冶炼,1,2.857766236529075,0.0940177647920567,104,0.27036407982098165,False,2023-01-01,2024-12-31
非金属矿物制品业,黑色金属冶炼,3,0.798352155809019,0.4977931511949124,102,0.6324192040772878,False,2023-01-01,2024-12-31
化学制品制造业,黑色金属冶炼,1,5.1817961816490765,0.024934934367025985,104,0.11738599871246079,False,2023-01-01,2024-12-31
纺织业,黑色金属冶炼,3,0.6177466968857289,0.6051922133138687,102,0.6864306073575225,False,2023-01-01,2024-12-31
电子,黑色金属冶炼,1,4.608738355911284,0.03420337392049677,104,0.14143557323881098,False,2023-01-01,2024-12-31
石化,黑色金属冶炼,1,5.196563176232847,0.024734544495873645,104,0.11738599871246079,False,2023-01-01,2024-12-31
合计,非金属矿物制品业,1,10.968589550033329,0.0012864228846725112,104,0.012747397668424011,True,2023-01-01,2024-12-31
大工业电量,非金属矿物制品业,1,5.849771040657847,0.017369131354890044,104,0.09324481043151497,False,2023-01-01,2024-12-31
非普工业,非金属矿物制品业,4,1.1209908699110347,0.351501760582256,101,0.5733625097078815,False,2023-01-01,2024-12-31
居民生活,非金属矿物制品业,1,11.032465398766599,0.0012470995134876706,104,0.012747397668424011,True,2023-01-01,2024-12-31
商业用电,非金属矿物制品业,1,11.756150282762164,0.0008790636629428805,104,0.010759739234420857,True,2023-01-01,2024-12-31
农业,非金属矿物制品业,1,15.428384937803742,0.00015688827109328063,104,0.004688663962370221,True,2023-01-01,2024-12-31
制造业,非金属矿物制品业,1,3.1265375129949446,0.08004662618546254,104,0.2355218039687648,False,2023-01-01,2024-12-31
工业,非金属矿物制品业,1,4.439759373700867,0.03758804168964658,104,0.1498687025565003,False,2023-01-01,2024-12-31
交通仓储和邮政业,非金属矿物制品业,1,16.222311334706227,0.00010919027899347622,104,0.004688663962370221,True,2023-01-01,2024-12-31
信息传输,非金属矿物制品业,1,17.699298348405232,5.611909581859642e-05,104,0.004293110830122626,True,2023-01-01,2024-12-31
批发和零售业,非金属矿物制品业,1,11.24630284447167,0.00112423538612616,104,0.012480255128802338,True,2023-01-01,2024-12-31
住宿和餐饮业,非金属矿物制品业,1,8.301029902216039,0.004839711825504911,104,0.0321946047522718,True,2023-01-01,2024-12-31
黑色金属冶炼,非金属矿物制品业,2,9.285347111965377,0.00020286071330710698,103,0.00477502909784421,True,2023-01-01,2024-12-31
化学制品制造业,非金属矿物制品业,1,14.561141553574812,0.0002340074091047306,104,0.005114733370431969,True,2023-01-01,2024-12-31
纺织业,非金属矿物制品业,2,5.720165494609771,0.004470799712067319,103,0.03040143804205777,True,2023-01-01,2024-12-31
电子,非金属矿物制品业,1,15.895861123360703,0.00012668677838700848,104,0.004688663962370221,True,2023-01-01,2024-12-31
石化,非金属矿物制品业,1,16.298848962746238,0.00010545948081042145,104,0.004688663962370221,True,2023-01-01,2024-12-31
合计,化学制品制造业,3,1.5090847751704104,0.21717832177177698,102,0.4401097116699587,False,2023-01-01,2024-12-31
大工业电量,化学制品制造业,1,0.8478543122567413,0.3593541787698893,104,0.5752494794005002,False,2023-01-01,2024-12-31
非普工业,化学制品制造业,2,1.1634292435902114,0.3166899254713782,103,0.5461096091121957,False,2023-01-01,2024-12-31
居民生活,化学制品制造业,2,0.5039875188273258,0.605674065315461,103,0.6864306073575225,False,2023-01-01,2024-12-31
商业用电,化学制品制造业,2,0.6404821515833476,0.5292298819648424,103,0.6503437289019967,False,2023-01-01,2024-12-31
农业,化学制品制造业,4,1.3088443942876922,0.2725806606545348,101,0.4994591746125009,False,2023-01-01,2024-12-31
制造业,化学制品制造业,2,0.9370743258207014,0.39525400868316707,103,0.5871248866847044,False,2023-01-01,2024-12-31
工业,化学制品制造业,3,1.0273500388969334,0.3841375566081745,102,0.5850638575666518,False,2023-01-01,2024-12-31
交通仓储和邮政业,化学制品制造业,4,0.4046942133326803,0.8048284903711178,101,0.8405376042783688,False,2023-01-01,2024-12-31
信息传输,化学制品制造业,3,1.6246608468384292,0.18880387473204374,102,0.42170792458398093,False,2023-01-01,2024-12-31
批发和零售业,化学制品制造业,1,0.38644022002754747,0.5355771885075267,104,0.6503437289019967,False,2023-01-01,2024-12-31
住宿和餐饮业,化学制品制造业,1,0.22924882899237822,0.633116304671762,104,0.7070568949983912,False,2023-01-01,2024-12-31
黑色金属冶炼,化学制品制造业,3,0.7953371221298763,0.49945699206038785,102,0.6324192040772878,False,2023-01-01,2024-12-31
非金属矿物制品业,化学制品制造业,3,1.662341052695651,0.18034568524014793,102,0.40878355321100196,False,2023-01-01,2024-12-31
纺织业,化学制品制造业,2,1.134872430491755,0.3256507819610198,103,0.5504313467776841,False,2023-01-01,2024-12-31
电子,化学制品制造业,3,0.8562930971251709,0.4666763975109963,102,0.6257709491431562,False,2023-01-01,2024-12-31
石化,化学制品制造业,1,1.4343621384057583,0.23385699925348813,104,0.4677045603064079,False,2023-01-01,2024-12-31
合计,纺织业,1,10.407764556815748,0.001691672971290581,104,0.015225056741615228,True,2023-01-01,2024-12-31
大工业电量,纺织业,1,12.975366038744246,0.0004915708703068233,104,0.007975758989952075,True,2023-01-01,2024-12-31
非普工业,纺织业,1,5.865265575819456,0.017225420666449942,104,0.09324481043151497,False,2023-01-01,2024-12-31
居民生活,纺织业,1,5.7666247571151255,0.018162099023046552,104,0.09582072932848698,False,2023-01-01,2024-12-31
商业用电,纺织业,1,8.65287839821738,0.004049679273754436,104,0.02881864785508971,True,2023-01-01,2024-12-31
农业,纺织业,1,10.005305119516576,0.002062049542168487,104,0.01752742110843214,True,2023-01-01,2024-12-31
制造业,纺织业,1,14.020667437375277,0.0003008664184380727,104,0.005588074528232623,True,2023-01-01,2024-12-31
工业,纺织业,1,12.888850239111642,0.0005121092456400467,104,0.007975758989952075,True,2023-01-01,2024-12-31
交通仓储和邮政业,纺织业,1,10.64875731165117,0.0015034397895098417,104,0.014376642987187861,True,2023-01-01,2024-12-31
信息传输,纺织业,1,11.974051450808497,0.0007917621479817116,104,0.010094967386766823,True,2023-01-01,2024-12-31
批发和零售业,纺织业,1,8.994569110320962,0.0034097618660142714,104,0.02544846660976505,True,2023-01-01,2024-12-31
住宿和餐饮业,纺织业,4,3.381074802957268,0.012548489463764967,101,0.0767967555182416,False,2023-01-01,2024-12-31
黑色金属冶炼,纺织业,2,4.298888499878362,0.01623373523666527,103,0.09199116634110319,False,2023-01-01,2024-12-31
非金属矿物制品业,纺织业,1,2.008639950175496,0.15948294206617075,104,0.37964209778218616,False,2023-01-01,2024-12-31
化学制品制造业,纺织业,1,10.558247971281812,0.0015714640375091848,104,0.014571757438721532,True,2023-01-01,2024-12-31
电子,纺织业,1,26.219783328543514,1.461896776522309e-06,104,0.00044734041361582655,True,2023-01-01,2024-12-31
石化,纺织业,1,10.960643814264131,0.0012914030317684455,104,0.012747397668424011,True,2023-01-01,2024-12-31
合计,电子,3,1.6260929548095755,0.18847556596309378,102,0.42170792458398093,False,2023-01-01,2024-12-31
大工业电量,电子,1,11.21396481353179,0.0011419841294328936,104,0.012480255128802338,True,2023-01-01,2024-12-31
非普工业,电子,3,3.0191028994392903,0.03361573121996031,102,0.14090977744257335,False,2023-01-01,2024-12-31
居民生活,电子,4,1.0924390017860754,0.365034555959897,101,0.5764504226287684,False,2023-01-01,2024-12-31
商业用电,电子,4,1.0646913934973754,0.3785909475904965,101,0.5850638575666518,False,2023-01-01,2024-12-31
农业,电子,4,1.0005593828278554,0.4114693349809665,101,0.5945068321553078,False,2023-01-01,2024-12-31
制造业,电子,1,8.688552508288874,0.003977413463976176,104,0.02881864785508971,True,2023-01-01,2024-12-31
工业,电子,1,9.725678286459281,0.002367901308224729,104,0.019583183792345058,True,2023-01-01,2024-12-31
交通仓储和邮政业,电子,4,0.8089840873606231,0.5225742969150746,101,0.6503437289019967,False,2023-01-01,2024-12-31
信息传输,电子,4,0.7201642132418976,0.580312602081694,101,0.6726350615037816,False,2023-01-01,2024-12-31
批发和零售业,电子,4,1.083764141529399,0.36922968246810006,101,0.5764504226287684,False,2023-01-01,2024-12-31
住宿和餐饮业,电子,4,1.7549996564102734,0.14471503016479448,101,0.3641163368201278,False,2023-01-01,2024-12-31
黑色金属冶炼,电子,1,6.320166073744686,0.013516791275369311,104,0.07954111788967325,False,2023-01-01,2024-12-31
非金属矿物制品业,电子,3,3.109137397333186,0.030048890529792538,102,0.13326029713212345,False,2023-01-01,2024-12-31
化学制品制造业,电子,4,2.2972095734425477,0.06489860979846696,101,0.21126568721628605,False,2023-01-01,2024-12-31
纺织业,电子,1,9.124226102048707,0.0031951900502291686,104,0.02444320388425314,True,2023-01-01,2024-12-31
石化,电子,4,1.6854947176242825,0.16004519808464712,101,0.37964209778218616,False,2023-01-01,2024-12-31
合计,石化,1,1.0793024743493713,0.301334361813101,104,0.5269046555131939,False,2023-01-01,2024-12-31
大工业电量,石化,1,0.8422484975328486,0.3609408498199217,104,0.5752494794005002,False,2023-01-01,2024-12-31
非普工业,石化,3,0.9043380925737334,0.442102994816726,102,0.607910754935302,False,2023-01-01,2024-12-31
居民生活,石化,1,0.3219136907994373,0.5717188154872546,104,0.6721338073809519,False,2023-01-01,2024-12-31
商业用电,石化,1,0.8700600998214951,0.3531631671598312,104,0.5733625097078815,False,2023-01-01,2024-12-31
农业,石化,4,0.916172127447263,0.4580481228962209,101,0.6228736254466404,False,2023-01-01,2024-12-31
制造业,石化,3,0.836074212559422,0.4773498666768553,102,0.6317225669999096,False,2023-01-01,2024-12-31
工业,石化,1,0.6780524257559736,0.4121982912619686,104,0.5945068321553078,False,2023-01-01,2024-12-31
交通仓储和邮政业,石化,1,0.26420177995443045,0.6083708344994997,104,0.6869427134939,False,2023-01-01,2024-12-31
信息传输,石化,3,1.5650431220297043,0.20296711209180385,102,0.4321129074481295,False,2023-01-01,2024-12-31
批发和零售业,石化,1,0.8154443869950392,0.36866414933153635,104,0.5764504226287684,False,2023-01-01,2024-12-31
住宿和餐饮业,石化,1,0.7133541895420983,0.40032875606826923,104,0.5888546375125416,False,2023-01-01,2024-12-31
黑色金属冶炼,石化,3,0.8476755165068571,0.4712014102454197,102,0.6269027458047758,False,2023-01-01,2024-12-31
非金属矿物制品业,石化,3,1.1600708877669281,0.329179530916066,102,0.5504313467776841,False,2023-01-01,2024-12-31
化学制品制造业,石化,1,1.1504396993202026,0.28601323567416526,104,0.5133853479192022,False,2023-01-01,2024-12-31
纺织业,石化,1,0.5500193234549416,0.4600308475520939,104,0.6228736254466404,False,2023-01-01,2024-12-31
电子,石化,3,0.8189306539559097,0.4865550373039974,102,0.6317225669999096,False,2023-01-01,2024-12-31
大工业电量,合计,1,3.4574521328789527,0.06587803733234276,104,0.17094876480352822,False,2023-07-01,2025-06-30
非普工业,合计,2,2.6591493966011273,0.07505724602504704,103,0.1766732098743415,False,2023-07-01,2025-06-30
居民生活,合计,1,2.935327651277939,0.08972903467411242,104,0.20271418440260522,False,2023-07-01,2025-06-30
商业用电,合计,1,1.3101885683576604,0.2550658281012569,104,0.3852625419324192,False,2023-07-01,2025-06-30
农业,合计,3,1.2619895251460262,0.29191140442180263,102,0.4097472007021633,False,2023-07-01,2025-06-30
制造业,合计,1,4.684292876646431,0.03279620347533441,104,0.111507091816137,False,2023-07-01,2025-06-30
工业,合计,1,3.2097480106744247,0.07619557510337405,104,0.17798355711169814,False,2023-07-01,2025-06-30
交通仓储和邮政业,合计,3,1.3004432967482957,0.2788875646307929,102,0.4025452583821822,False,2023-07-01,2025-06-30
信息传输,合计,3,1.675082150513645,0.1775688569788605,102,0.306983447658369,False,2023-07-01,2025-06-30
批发和零售业,合计,1,0.8967299859267647,0.3459201758517957,104,0.4642612886431995,False,2023-07-01,2025-06-30
住宿和餐饮业,合计,1,0.7117747096121216,0.400849018530972,104,0.4965983792327021,False,2023-07-01,2025-06-30
黑色金属冶炼,合计,1,8.451616983110796,0.004483658558820713,104,0.031181807249980417,True,2023-07-01,2025-06-30
非金属矿物制品业,合计,2,1.5445417965514219,0.2185591493583131,103,0.35199526159812533,False,2023-07-01,2025-06-30
化学制品制造业,合计,4,3.5993896708541526,0.008999128331346196,101,0.04723820992390696,True,2023-07-01,2025-06-30
纺织业,合计,1,5.423972798900635,0.021854037589017605,104,0.08464981648404288,False,2023-07-01,2025-06-30
电子,合计,1,1.7197731431327552,0.19269567281550748,104,0.3204612819649201,False,2023-07-01,2025-06-30
石化,合计,4,3.046443477629601,0.020887689188488046,101,0.08300821937243301,False,2023-07-01,2025-06-30
合计,大工业电量,4,2.2750007599124475,0.06709466172545508,101,0.17094876480352822,False,2023-07-01,2025-06-30
非普工业,大工业电量,4,2.0094734031460293,0.0996327659287366,101,0.2132001844349189,False,2023-07-01,2025-06-30
居民生活,大工业电量,1,2.7333772520925415,0.10137638973811514,104,0.21542482819349465,False,2023-07-01,2025-06-30
商业用电,大工业电量,1,3.494784942250799,0.06445926968713989,104,0.17094876480352822,False,2023-07-01,2025-06-30
农业,大工业电量,4,1.7673144153311833,0.14214723856238198,101,0.2752978164562588,False,2023-07-01,2025-06-30
制造业,大工业电量,2,5.841340534680283,0.004011556184811527,103,0.029939907135422612,True,2023-07-01,2025-06-30
工业,大工业电量,4,1.124061965140823,0.3500711147562937,101,0.46574678745837333,False,2023-07-01,2025-06-30
交通仓储和邮政业,大工业电量,1,2.329004774244089,0.1301085414378339,104,0.2561943655730475,False,2023-07-01,2025-06-30
信息传输,大工业电量,4,2.8464085816853553,0.028311624953922365,101,0.10073671204535166,False,2023-07-01,2025-06-30
批发和零售业,大工业电量,1,3.376952695327122,0.06905389297057718,104,0.17094876480352822,False,2023-07-01,2025-06-30
住宿和餐饮业,大工业电量,1,1.3073236515491833,0.25558266670680096,104,0.3852625419324192,False,2023-07-01,2025-06-30
黑色金属冶炼,大工业电量,1,10.502592992091378,0.0016148611440750527,104,0.02131808550821085,True,2023-07-01,2025-06-30
非金属矿物制品业,大工业电量,2,0.7090739140027477,0.4946066838000037,103,0.5564325192750041,False,2023-07-01,2025-06-30
化学制品制造业,大工业电量,4,1.9901001664824869,0.10252738830211539,101,0.2163681435892918,False,2023-07-01,2025-06-30
纺织业,大工业电量,1,8.9368869075587,0.003509961481869106,104,0.02902833009329585,True,2023-07-01,2025-06-30
电子,大工业电量,1,4.061045689876104,0.04654032816617171,104,0.14100337048364894,False,2023-07-01,2025-06-30
石化,大工业电量,4,1.3446448882250337,0.25942829510712484,101,0.3891424426606872,False,2023-07-01,2025-06-30
合计,非普工业,2,4.500918205118215,0.013486752124389989,103,0.05923963714975275,False,2023-07-01,2025-06-30
大工业电量,非普工业,4,2.3072077525858448,0.06393300230738386,101,0.17094876480352822,False,2023-07-01,2025-06-30
居民生活,非普工业,1,5.436643115995751,0.021704320916481,104,0.08464981648404288,False,2023-07-01,2025-06-30
商业用电,非普工业,1,5.697272057286214,0.018852578194275882,104,0.0779579584790327,False,2023-07-01,2025-06-30
农业,非普工业,2,2.993586273022208,0.05471028694667879,103,0.15646119444564213,False,2023-07-01,2025-06-30
制造业,非普工业,4,3.8750389852938953,0.005916911767021582,101,0.03695051021854294,True,2023-07-01,2025-06-30
工业,非普工业,4,2.603960442798338,0.040885332155676024,101,0.12637284484481678,False,2023-07-01,2025-06-30
交通仓储和邮政业,非普工业,1,4.237900587467918,0.04210515898803102,104,0.12884178650337494,False,2023-07-01,2025-06-30
信息传输,非普工业,2,6.044104294660259,0.003347944712683071,103,0.02902833009329585,True,2023-07-01,2025-06-30
批发和零售业,非普工业,1,5.073655721511615,0.026455674056633516,104,0.09747469521446364,False,2023-07-01,2025-06-30
住宿和餐饮业,非普工业,1,3.418564651061924,0.06739196854634355,104,0.17094876480352822,False,2023-07-01,2025-06-30
黑色金属冶炼,非普工业,2,7.993364703721426,0.0006084394497872792,103,0.02065237740221543,True,2023-07-01,2025-06-30
非金属矿物制品业,非普工业,2,0.48528899615373294,0.6169905140261882,103,0.6601367038182293,False,2023-07-01,2025-06-30
化学制品制造业,非普工业,4,1.8671941823605982,0.12285621497110177,101,0.24732895908656014,False,2023-07-01,2025-06-30
纺织业,非普工业,1,16.667803987729613,8.922520025012037e-05,104,0.009100970425512278,True,2023-07-01,2025-06-30
电子,非普工业,4,2.2536567154440856,0.06927335567201798,101,0.17094876480352822,False,2023-07-01,2025-06-30
石化,非普工业,1,1.4723469311634354,0.22780583933161824,104,0.3559109498137499,False,2023-07-01,2025-06-30
合计,居民生活,1,1.3387473133928436,0.2499841762734889,104,0.38077782555405965,False,2023-07-01,2025-06-30
大工业电量,居民生活,1,1.337981643252125,0.2501187677659019,104,0.38077782555405965,False,2023-07-01,2025-06-30
非普工业,居民生活,1,0.6815102881487453,0.41101283913550735,104,0.49961830326317297,False,2023-07-01,2025-06-30
商业用电,居民生活,1,1.9152168492010906,0.169435574435861,104,0.29797290676651417,False,2023-07-01,2025-06-30
农业,居民生活,1,1.4771610538960012,0.22705261937926757,104,0.3559109498137499,False,2023-07-01,2025-06-30
制造业,居民生活,1,1.510734720681337,0.22188291509080516,104,0.35547734040725854,False,2023-07-01,2025-06-30
工业,居民生活,1,1.2201372809246172,0.2719582638081046,104,0.3981781278721532,False,2023-07-01,2025-06-30
交通仓储和邮政业,居民生活,1,2.118095083313045,0.14866868807802414,104,0.28307655781528096,False,2023-07-01,2025-06-30
信息传输,居民生活,1,2.766011742144813,0.09938598352207395,104,0.2132001844349189,False,2023-07-01,2025-06-30
批发和零售业,居民生活,1,1.5756201111261778,0.21228920413907526,104,0.3473823340457595,False,2023-07-01,2025-06-30
住宿和餐饮业,居民生活,1,0.6687500356600452,0.41541278037120977,104,0.5024360110418584,False,2023-07-01,2025-06-30
黑色金属冶炼,居民生活,1,1.2581723936949079,0.26465701310107725,104,0.39441894914733416,False,2023-07-01,2025-06-30
非金属矿物制品业,居民生活,1,0.5535636743471049,0.4585926844603627,104,0.533571716520422,False,2023-07-01,2025-06-30
化学制品制造业,居民生活,4,2.1814882817236385,0.07716178720226718,101,0.1788750521507103,False,2023-07-01,2025-06-30
纺织业,居民生活,1,0.9976751951191651,0.32026073055504234,104,0.4454535615901953,False,2023-07-01,2025-06-30
电子,居民生活,1,2.8319923049599645,0.0954925904423426,104,0.2087195191096917,False,2023-07-01,2025-06-30
石化,居民生活,4,2.2423956661686573,0.0704504308986692,101,0.17246265483994222,False,2023-07-01,2025-06-30
合计,商业用电,1,0.9668047696766803,0.32782790367487125,104,0.44923250684149596,False,2023-07-01,2025-06-30
大工业电量,商业用电,1,1.5570929483557434,0.21497666939309357,104,0.3499088342249289,False,2023-07-01,2025-06-30
非普工业,商业用电,1,0.6802323330364642,0.4114503673932013,104,0.49961830326317297,False,2023-07-01,2025-06-30
居民生活,商业用电,1,0.6549717856030406,0.42024319499067686,104,0.5056728695763082,False,2023-07-01,2025-06-30
农业,商业用电,4,0.9064051803415978,0.4636819990268599,101,0.5374495897811331,False,2023-07-01,2025-06-30
制造业,商业用电,1,2.0170688460692916,0.15861871460862687,104,0.2872031163919516,False,2023-07-01,2025-06-30
工业,商业用电,1,1.4525973126275855,0.2309278933080825,104,0.3568885623852184,False,2023-07-01,2025-06-30
交通仓储和邮政业,商业用电,3,1.0475416916716505,0.3752832417634836,102,0.48454291974525726,False,2023-07-01,2025-06-30
信息传输,商业用电,1,0.8348139580069404,0.3630602016272446,104,0.4788638866290381,False,2023-07-01,2025-06-30
批发和零售业,商业用电,1,0.18149372576532685,0.6709992100529187,104,0.7047572004776176,False,2023-07-01,2025-06-30
住宿和餐饮业,商业用电,1,0.02599631796915245,0.8722313884492776,104,0.8779697528469703,False,2023-07-01,2025-06-30
黑色金属冶炼,商业用电,1,3.8141275062195166,0.05358942937603073,104,0.15611055308214877,False,2023-07-01,2025-06-30
非金属矿物制品业,商业用电,2,0.4347514845512087,0.6486680609719904,103,0.6868250057350487,False,2023-07-01,2025-06-30
化学制品制造业,商业用电,4,3.7098904147461518,0.0076060867262151,101,0.041588778617417395,True,2023-07-01,2025-06-30
纺织业,商业用电,1,1.988129416684717,0.16160871409493516,104,0.2891945410119892,False,2023-07-01,2025-06-30
电子,商业用电,1,2.203357593993793,0.1408247626401936,104,0.2744737411968105,False,2023-07-01,2025-06-30
石化,商业用电,4,3.7411681169036695,0.0072526293181808255,101,0.041588778617417395,True,2023-07-01,2025-06-30
合计,农业,3,0.2795415075028761,0.8400417077098621,102,0.8568425418640593,False,2023-07-01,2025-06-30
大工业电量,农业,1,0.7709840601221462,0.3819968075665704,104,0.4869189294751428,False,2023-07-01,2025-06-30
非普工业,农业,2,0.3983436695390446,0.6725134069917135,103,0.7047572004776176,False,2023-07-01,2025-06-30
居民生活,农业,1,1.9278977222320146,0.1680432965455243,104,0.29723265169323954,False,2023-07-01,2025-06-30
商业用电,农业,3,1.1451146175580773,0.3349987710498272,102,0.45358240681967754,False,2023-07-01,2025-06-30
制造业,农业,1,0.9779464671175641,0.32506952674813716,104,0.44923250684149596,False,2023-07-01,2025-06-30
工业,农业,1,0.6316108841802052,0.4286286058144281,104,0.5056728695763082,False,2023-07-01,2025-06-30
交通仓储和邮政业,农业,2,1.1220025146592556,0.3297734120328649,103,0.44923250684149596,False,2023-07-01,2025-06-30
信息传输,农业,1,0.8251677497013049,0.3658359972067008,104,0.4790483497337619,False,2023-07-01,2025-06-30
批发和零售业,农业,1,0.6976488601007911,0.4055463171683702,104,0.49961830326317297,False,2023-07-01,2025-06-30
住宿和餐饮业,农业,1,0.8528436913836475,0.3579501199113625,104,0.4741676913111555,False,2023-07-01,2025-06-30
黑色金属冶炼,农业,1,3.096293640870016,0.08149865606467088,104,0.18750818613375406,False,2023-07-01,2025-06-30
非金属矿物制品业,农业,2,0.39092061917656684,0.6774839024038333,103,0.7075429151384743,False,2023-07-01,2025-06-30
化学制品制造业,农业,4,4.887276614288572,0.0012823371589610888,101,0.02065237740221543,True,2023-07-01,2025-06-30
纺织业,农业,1,0.8234579937405508,0.36633109097287675,104,0.4790483497337619,False,2023-07-01,2025-06-30
电子,农业,1,1.2535878341568791,0.2655238677266367,104,0.39441894914733416,False,2023-07-01,2025-06-30
石化,农业,4,4.895262085038345,0.0012670761411931464,101,0.02065237740221543,True,2023-07-01,2025-06-30
合计,制造业,1,5.156321083151066,0.025284672662361563,104,0.09551987450225478,False,2023-07-01,2025-06-30
大工业电量,制造业,2,5.632468898957843,0.00483634628885643,103,0.032172216617175384,True,2023-07-01,2025-06-30
非普工业,制造业,4,3.000372578463481,0.022404271216137972,101,0.08569633740172775,False,2023-07-01,2025-06-30
居民生活,制造业,1,3.517647398671626,0.06360678891689908,104,0.17094876480352822,False,2023-07-01,2025-06-30
商业用电,制造业,1,4.854331580690906,0.029849098926351125,104,0.10498648587889016,False,2023-07-01,2025-06-30
农业,制造业,1,2.8437724376720785,0.09481536623192288,104,0.2087195191096917,False,2023-07-01,2025-06-30
工业,制造业,1,10.698338171540337,0.0014674706135501259,104,0.02131808550821085,True,2023-07-01,2025-06-30
交通仓储和邮政业,制造业,1,3.4489307667476123,0.0662065992587656,104,0.17094876480352822,False,2023-07-01,2025-06-30
信息传输,制造业,2,4.495685061439075,0.013551550981969585,103,0.05923963714975275,False,2023-07-01,2025-06-30
批发和零售业,制造业,1,4.63559729097489,0.03369593111397473,104,0.11330719693270624,False,2023-07-01,2025-06-30
住宿和餐饮业,制造业,1,1.929991011962562,0.16781474653054096,104,0.29723265169323954,False,2023-07-01,2025-06-30
黑色金属冶炼,制造业,2,6.188074676438674,0.002945716862299941,103,0.02902833009329585,True,2023-07-01,2025-06-30
非金属矿物制品业,制造业,2,1.7016256680894208,0.1877308210364882,103,0.31571205506991057,False,2023-07-01,2025-06-30
化学制品制造业,制造业,4,1.7110163749642968,0.1542471061479216,101,0.28307655781528096,False,2023-07-01,2025-06-30
纺织业,制造业,1,10.431614123324623,0.001672006706526341,104,0.02131808550821085,True,2023-07-01,2025-06-30
电子,制造业,2,7.191136699705967,0.0012186664611357756,103,0.02065237740221543,True,2023-07-01,2025-06-30
石化,制造业,1,1.9954307036013297,0.16084825866257824,104,0.2891945410119892,False,2023-07-01,2025-06-30
合计,工业,1,3.3828519300148887,0.0688156018520758,104,0.17094876480352822,False,2023-07-01,2025-06-30
大工业电量,工业,4,1.0716075707503359,0.37517441969171317,101,0.48454291974525726,False,2023-07-01,2025-06-30
非普工业,工业,4,2.207229296506328,0.07425285106954815,101,0.1766732098743415,False,2023-07-01,2025-06-30
居民生活,工业,1,2.9285477864879303,0.09009519306782454,104,0.20271418440260522,False,2023-07-01,2025-06-30
商业用电,工业,1,3.7615578815618065,0.055233533480388286,104,0.15649501152776682,False,2023-07-01,2025-06-30
农业,工业,4,1.7094120110407163,0.15460571180431748,101,0.28307655781528096,False,2023-07-01,2025-06-30
制造业,工业,1,11.39774089561226,0.0010448219580752038,104,0.02065237740221543,True,2023-07-01,2025-06-30
交通仓储和邮政业,工业,1,2.4876134996237833,0.1178726993585828,104,0.2404603066915089,False,2023-07-01,2025-06-30
信息传输,工业,4,2.856066047170917,0.027899401818302194,101,0.10043784654588789,False,2023-07-01,2025-06-30
批发和零售业,工业,1,3.5266301771102646,0.06327519192912123,104,0.17094876480352822,False,2023-07-01,2025-06-30
住宿和餐饮业,工业,1,1.4702306894538388,0.2281379091594029,104,0.3559109498137499,False,2023-07-01,2025-06-30
黑色金属冶炼,工业,2,6.9220858559141,0.001541782766040778,103,0.02131808550821085,True,2023-07-01,2025-06-30
非金属矿物制品业,工业,2,0.8640874747256597,0.4246215287629279,103,0.5056728695763082,False,2023-07-01,2025-06-30
化学制品制造业,工业,4,1.8791172590355738,0.12072699670932918,101,0.24465205955665384,False,2023-07-01,2025-06-30
纺织业,工业,1,12.148327595065398,0.000728387673990305,104,0.02065237740221543,True,2023-07-01,2025-06-30
电子,工业,1,4.5960368960475275,0.034446162186598905,104,0.11384521345726764,False,2023-07-01,2025-06-30
石化,工业,4,1.2739464999671248,0.28596191243204916,101,0.4051127092787363,False,2023-07-01,2025-06-30
合计,交通仓储和邮政业,3,0.5370210544348855,0.6580494390134308,102,0.6943556149589994,False,2023-07-01,2025-06-30
大工业电量,交通仓储和邮政业,1,0.7559166757825476,0.3866709145832017,104,0.4869189294751428,False,2023-07-01,2025-06-30
非普工业,交通仓储和邮政业,1,0.11244936219166216,0.7380681329927747,104,0.7681933629108472,False,2023-07-01,2025-06-30
居民生活,交通仓储和邮政业,3,1.660055986816403,0.18084809053400464,102,0.3108961556371091,False,2023-07-01,2025-06-30
商业用电,交通仓储和邮政业,3,1.50744137423431,0.21760964560109608,102,0.35199526159812533,False,2023-07-01,2025-06-30
农业,交通仓储和邮政业,2,1.7832365594273398,0.17350399769987068,103,0.30166035963727517,False,2023-07-01,2025-06-30
制造业,交通仓储和邮政业,1,1.0239406967624074,0.3140041144917255,104,0.43874547504323286,False,2023-07-01,2025-06-30
工业,交通仓储和邮政业,1,0.6450224341422267,0.42378392930690023,104,0.5056728695763082,False,2023-07-01,2025-06-30
信息传输,交通仓储和邮政业,1,0.8838247584930076,0.3493992485300461,104,0.46574678745837333,False,2023-07-01,2025-06-30
批发和零售业,交通仓储和邮政业,3,1.3347900120903324,0.2677120633381168,102,0.3957482675433031,False,2023-07-01,2025-06-30
住宿和餐饮业,交通仓储和邮政业,4,1.0588978881910311,0.3814721482501783,101,0.4869189294751428,False,2023-07-01,2025-06-30
黑色金属冶炼,交通仓储和邮政业,1,2.3920095150936205,0.12508451359987194,104,0.2501690271997439,False,2023-07-01,2025-06-30
非金属矿物制品业,交通仓储和邮政业,1,0.03300270518941155,0.8562085758032321,104,0.8646858884349472,False,2023-07-01,2025-06-30
化学制品制造业,交通仓储和邮政业,4,4.286567983366217,0.0031698392346428683,101,0.02902833009329585,True,2023-07-01,2025-06-30
纺织业,交通仓储和邮政业,1,0.9220680472032264,0.33922572534253603,104,0.45728225530755956,False,2023-07-01,2025-06-30
电子,交通仓储和邮政业,1,1.4801699079148094,0.22658339027571495,104,0.3559109498137499,False,2023-07-01,2025-06-30
石化,交通仓储和邮政业,4,4.2752527844361365,0.003224580478844774,101,0.02902833009329585,True,2023-07-01,2025-06-30
合计,信息传输,3,0.3905490785579548,0.7600694852044128,102,0.7854148583684165,False,2023-07-01,2025-06-30
大工业电量,信息传输,1,0.31767870009717497,0.5742553119745122,104,0.6244501464869433,False,2023-07-01,2025-06-30
非普工业,信息传输,2,0.251562704080579,0.778085275053228,103,0.7989734703566703,False,2023-07-01,2025-06-30
居民生活,信息传输,3,1.62016677242533,0.18983769551333163,102,0.3174335236452431,False,2023-07-01,2025-06-30
商业用电,信息传输,3,1.2941928988137636,0.28096725148696977,102,0.4036430936855059,False,2023-07-01,2025-06-30
农业,信息传输,1,0.28930167493707476,0.5918516208720824,104,0.639952635995962,False,2023-07-01,2025-06-30
制造业,信息传输,1,0.47719133194341284,0.49128185059604146,104,0.5564325192750041,False,2023-07-01,2025-06-30
工业,信息传输,1,0.24604894992986345,0.6209486998502725,104,0.6620568019309525,False,2023-07-01,2025-06-30
交通仓储和邮政业,信息传输,2,0.27214916217310725,0.7623144213575808,103,0.7854148583684165,False,2023-07-01,2025-06-30
批发和零售业,信息传输,1,0.4201569287431151,0.5183296678725255,104,0.5767595577054284,False,2023-07-01,2025-06-30
住宿和餐饮业,信息传输,3,0.7231391621629851,0.5406196865471586,102,0.5929377207291417,False,2023-07-01,2025-06-30
黑色金属冶炼,信息传输,1,2.5660060534128912,0.11230620765334098,104,0.23220067258055635,False,2023-07-01,2025-06-30
非金属矿物制品业,信息传输,2,0.29689879403987035,0.7437852468758567,103,0.7715196120136005,False,2023-07-01,2025-06-30
化学制品制造业,信息传输,4,3.690951766576084,0.00782845973140156,101,0.04202646803173469,True,2023-07-01,2025-06-30
纺织业,信息传输,1,0.3922066670004226,0.532554602860868,104,0.5861931959547684,False,2023-07-01,2025-06-30
电子,信息传输,1,0.6242887297701818,0.43130921228567465,104,0.5056728695763082,False,2023-07-01,2025-06-30
石化,信息传输,4,3.580380441621731,0.009263373037766587,101,0.04723820992390696,True,2023-07-01,2025-06-30
合计,批发和零售业,1,2.098532186898216,0.15053815311784813,104,0.28307655781528096,False,2023-07-01,2025-06-30
大工业电量,批发和零售业,1,2.8421031336894482,0.09491100889625126,104,0.2087195191096917,False,2023-07-01,2025-06-30
非普工业,批发和零售业,1,1.439465218023308,0.23303274371057991,104,0.3583317566604897,False,2023-07-01,2025-06-30
居民生活,批发和零售业,3,0.7766208963618202,0.5098844957086583,102,0.5694444362003979,False,2023-07-01,2025-06-30
商业用电,批发和零售业,1,0.5172035016806492,0.47369771794628945,104,0.5430033972783641,False,2023-07-01,2025-06-30
农业,批发和零售业,4,1.034184519722102,0.3939603982272265,101,0.49406508958004636,False,2023-07-01,2025-06-30
制造业,批发和零售业,1,3.4425356477851694,0.06645434571036535,104,0.17094876480352822,False,2023-07-01,2025-06-30
工业,批发和零售业,1,2.679188817496653,0.10477980423657807,104,0.21960698696159514,False,2023-07-01,2025-06-30
交通仓储和邮政业,批发和零售业,3,1.280671257104339,0.2855154994002299,102,0.4051127092787363,False,2023-07-01,2025-06-30
信息传输,批发和零售业,1,1.2013659332712348,0.27565548061431155,104,0.3997657680946888,False,2023-07-01,2025-06-30
住宿和餐饮业,批发和零售业,1,0.0067355062499189515,0.9347533695427442,104,0.9347533695427441,False,2023-07-01,2025-06-30
黑色金属冶炼,批发和零售业,1,5.5448880208540015,0.020468430079190525,104,0.0824123632135829,False,2023-07-01,2025-06-30
非金属矿物制品业,批发和零售业,2,0.7900509369503363,0.45669048495326714,103,0.5333865969301517,False,2023-07-01,2025-06-30
化学制品制造业,批发和零售业,4,3.794742578972864,0.00668509621385549,101,0.03933922002768808,True,2023-07-01,2025-06-30
纺织业,批发和零售业,1,3.4593004202316835,0.06580700570777842,104,0.17094876480352822,False,2023-07-01,2025-06-30
电子,批发和零售业,1,3.39889114733282,0.06817222404659762,104,0.17094876480352822,False,2023-07-01,2025-06-30
石化,批发和零售业,4,3.8124964096440404,0.006507041583360795,101,0.03904224950016477,True,2023-07-01,2025-06-30
合计,住宿和餐饮业,1,0.7150153616772562,0.39978265004053315,104,0.4965983792327021,False,2023-07-01,2025-06-30
大工业电量,住宿和餐饮业,1,0.7628645147095843,0.38450548103811166,104,0.4869189294751428,False,2023-07-01,2025-06-30
非普工业,住宿和餐饮业,1,0.25489757852983785,0.6147472899254435,104,0.660044458656792,False,2023-07-01,2025-06-30
居民生活,住宿和餐饮业,3,0.8139709161566885,0.48924476455082155,102,0.5564325192750041,False,2023-07-01,2025-06-30
商业用电,住宿和餐饮业,1,0.5037865009025067,0.47947654975342435,104,0.5474620306886114,False,2023-07-01,2025-06-30
农业,住宿和餐饮业,4,1.260684579066472,0.2911953462056752,101,0.4097472007021633,False,2023-07-01,2025-06-30
制造业,住宿和餐饮业,1,0.959739319702103,0.3295933722335097,104,0.44923250684149596,False,2023-07-01,2025-06-30
工业,住宿和餐饮业,1,0.6819164998813798,0.41087391072213963,104,0.49961830326317297,False,2023-07-01,2025-06-30
交通仓储和邮政业,住宿和餐饮业,1,0.8127827042845586,0.36944367784632837,104,0.48106283157862334,False,2023-07-01,2025-06-30
信息传输,住宿和餐饮业,1,2.0752887623454015,0.15279446995329626,104,0.28307655781528096,False,2023-07-01,2025-06-30
批发和零售业,住宿和餐饮业,2,0.2017075674552973,0.817672376276531,103,0.8368152078281555,False,2023-07-01,2025-06-30
黑色金属冶炼,住宿和餐饮业,1,1.6508584732557803,0.20178099502865,104,0.33375667285819943,False,2023-07-01,2025-06-30
非金属矿物制品业,住宿和餐饮业,1,0.03612320593188915,0.8496427550893867,104,0.8637564221174496,False,2023-07-01,2025-06-30
化学制品制造业,住宿和餐饮业,4,3.4536910263001555,0.011234555429375459,101,0.05371521814670141,False,2023-07-01,2025-06-30
纺织业,住宿和餐饮业,1,0.6325304382925074,0.42829375589072505,104,0.5056728695763082,False,2023-07-01,2025-06-30
电子,住宿和餐饮业,1,1.7876419646393291,0.18421736487394202,104,0.314919070678359,False,2023-07-01,2025-06-30
石化,住宿和餐饮业,4,3.709464415439501,0.00761101830906985,101,0.041588778617417395,True,2023-07-01,2025-06-30
合计,黑色金属冶炼,1,9.100820148476775,0.003232865853010747,104,0.02902833009329585,True,2023-07-01,2025-06-30
大工业电量,黑色金属冶炼,1,4.588037180855951,0.03460001585465977,104,0.11384521345726764,False,2023-07-01,2025-06-30
非普工业,黑色金属冶炼,4,2.9047726533091995,0.025909405121669504,101,0.09668631667354717,False,2023-07-01,2025-06-30
居民生活,黑色金属冶炼,1,6.473774000900958,0.012461928794602284,104,0.05859731454373186,False,2023-07-01,2025-06-30
商业用电,黑色金属冶炼,1,7.936679965637017,0.005827826105602063,104,0.03695051021854294,True,2023-07-01,2025-06-30
农业,黑色金属冶炼,1,6.921011166089909,0.009852837883819299,104,0.04862852245885008,True,2023-07-01,2025-06-30
制造业,黑色金属冶炼,3,1.6291505279009588,0.18777645105465268,102,0.31571205506991057,False,2023-07-01,2025-06-30
工业,黑色金属冶炼,1,3.9321306578776802,0.050087420518187264,104,0.1502622615545618,False,2023-07-01,2025-06-30
交通仓储和邮政业,黑色金属冶炼,1,6.418662295822494,0.012830130962189656,104,0.05859731454373186,False,2023-07-01,2025-06-30
信息传输,黑色金属冶炼,1,5.998199748354341,0.01604254008576833,104,0.06865632052394446,False,2023-07-01,2025-06-30
批发和零售业,黑色金属冶炼,1,8.706637693148505,0.00394128930376525,104,0.029939907135422612,True,2023-07-01,2025-06-30
住宿和餐饮业,黑色金属冶炼,1,5.6606531968196725,0.019228230246087663,104,0.07845117940403766,False,2023-07-01,2025-06-30
非金属矿物制品业,黑色金属冶炼,3,1.6364088529841825,0.18612677135539724,102,0.31571205506991057,False,2023-07-01,2025-06-30
化学制品制造业,黑色金属冶炼,1,3.8207559323140448,0.053385894720798466,104,0.15611055308214877,False,2023-07-01,2025-06-30
纺织业,黑色金属冶炼,3,0.7405951497325326,0.5304354410300385,102,0.5859683933400425,False,2023-07-01,2025-06-30
电子,黑色金属冶炼,1,4.424796062206699,0.03790447917276685,104,0.11835480231496587,False,2023-07-01,2025-06-30
石化,黑色金属冶炼,1,3.798342054563183,0.05407751185198617,104,0.15611055308214877,False,2023-07-01,2025-06-30
合计,非金属矿物制品业,1,1.6363290314684404,0.2037609518518234,104,0.33521963046590303,False,2023-07-01,2025-06-30
大工业电量,非金属矿物制品业,2,2.407302874031754,0.09536561145352507,103,0.2087195191096917,False,2023-07-01,2025-06-30
非普工业,非金属矿物制品业,2,1.9070060329454912,0.15399537741439473,103,0.28307655781528096,False,2023-07-01,2025-06-30
居民生活,非金属矿物制品业,1,4.452601790086912,0.03731869851429459,104,0.11772702830282623,False,2023-07-01,2025-06-30
商业用电,非金属矿物制品业,1,4.495235965463509,0.03643916499403421,104,0.11614983841848404,False,2023-07-01,2025-06-30
农业,非金属矿物制品业,1,3.2879110908839633,0.07276170175271757,104,0.17531559634906754,False,2023-07-01,2025-06-30
制造业,非金属矿物制品业,2,6.000462400151363,0.0034806249299810244,103,0.02902833009329585,True,2023-07-01,2025-06-30
工业,非金属矿物制品业,2,2.8316188889107834,0.0637476255716759,103,0.17094876480352822,False,2023-07-01,2025-06-30
交通仓储和邮政业,非金属矿物制品业,1,4.5330108967063145,0.035678292944167134,104,0.11614423022250153,False,2023-07-01,2025-06-30
信息传输,非金属矿物制品业,2,4.5278025456276945,0.013158809333849275,103,0.059214642002321745,False,2023-07-01,2025-06-30
批发和零售业,非金属矿物制品业,1,4.768666859061539,0.03129706956809408,104,0.10770207594937567,False,2023-07-01,2025-06-30
住宿和餐饮业,非金属矿物制品业,1,2.322880892688678,0.13060889225292616,104,0.2561943655730475,False,2023-07-01,2025-06-30
黑色金属冶炼,非金属矿物制品业,2,12.532290341790784,1.424154058127236e-05,103,0.002178955708934671,True,2023-07-01,2025-06-30
化学制品制造业,非金属矿物制品业,1,2.0892043451205264,0.1514390147286232,104,0.28307655781528096,False,2023-07-01,2025-06-30
纺织业,非金属矿物制品业,2,17.50664186805969,3.1566175517916406e-07,103,9.65924970848242e-05,True,2023-07-01,2025-06-30
电子,非金属矿物制品业,4,2.2051762999286395,0.07448089236616484,101,0.1766732098743415,False,2023-07-01,2025-06-30
石化,非金属矿物制品业,1,2.4963269707669595,0.11723896637967623,104,0.2404603066915089,False,2023-07-01,2025-06-30
合计,化学制品制造业,4,3.4903586297873446,0.010624352920614255,101,0.05160399990012638,False,2023-07-01,2025-06-30
大工业电量,化学制品制造业,4,0.7313243479811399,0.5728612773954775,101,0.6244501464869433,False,2023-07-01,2025-06-30
非普工业,化学制品制造业,4,1.0488669756465685,0.38650229241883505,101,0.4869189294751428,False,2023-07-01,2025-06-30
居民生活,化学制品制造业,4,5.124992920841902,0.0008985336181441816,101,0.02065237740221543,True,2023-07-01,2025-06-30
商业用电,化学制品制造业,4,5.256338948750686,0.0007387107339056342,101,0.02065237740221543,True,2023-07-01,2025-06-30
农业,化学制品制造业,4,5.343741254247783,0.0006486206098106351,101,0.02065237740221543,True,2023-07-01,2025-06-30
制造业,化学制品制造业,1,0.4733959423754064,0.4930062012090888,104,0.5564325192750041,False,2023-07-01,2025-06-30
工业,化学制品制造业,4,0.7274025069639226,0.575473664409536,101,0.6244501464869433,False,2023-07-01,2025-06-30
交通仓储和邮政业,化学制品制造业,4,3.909843961458073,0.00561212253355492,101,0.036538499899315006,True,2023-07-01,2025-06-30
信息传输,化学制品制造业,4,3.7231838421765047,0.007453796841899951,101,0.041588778617417395,True,2023-07-01,2025-06-30
批发和零售业,化学制品制造业,4,4.925370248509971,0.0012111699882689786,101,0.02065237740221543,True,2023-07-01,2025-06-30
住宿和餐饮业,化学制品制造业,4,4.197558305565851,0.0036271021146344617,101,0.029207717028372243,True,2023-07-01,2025-06-30
黑色金属冶炼,化学制品制造业,1,2.048787325891992,0.15541458076133075,104,0.28307655781528096,False,2023-07-01,2025-06-30
非金属矿物制品业,化学制品制造业,2,0.1570387470176447,0.8548855840576399,103,0.8646858884349472,False,2023-07-01,2025-06-30
纺织业,化学制品制造业,1,0.6286580506181209,0.4297065604011525,104,0.5056728695763082,False,2023-07-01,2025-06-30
电子,化学制品制造业,4,1.6382680884219782,0.1713152734090072,101,0.2995569923608926,False,2023-07-01,2025-06-30
石化,化学制品制造业,3,1.3232129860208337,0.27143156372344535,102,0.3981781278721532,False,2023-07-01,2025-06-30
合计,纺织业,1,8.517134892605714,0.004337327002841063,104,0.030865629369055004,True,2023-07-01,2025-06-30
大工业电量,纺织业,1,9.824134323699601,0.002255195110745012,104,0.0255588779217768,True,2023-07-01,2025-06-30
非普工业,纺织业,1,10.736540353042665,0.0014403621363148211,104,0.02131808550821085,True,2023-07-01,2025-06-30
居民生活,纺织业,1,5.0529570653230795,0.026757759470637077,104,0.09747469521446364,False,2023-07-01,2025-06-30
商业用电,纺织业,1,7.821631239930601,0.00618162453322435,104,0.03783154214333302,True,2023-07-01,2025-06-30
农业,纺织业,1,4.767049464297797,0.03132511359311907,104,0.10770207594937567,False,2023-07-01,2025-06-30
制造业,纺织业,1,9.263733751459114,0.002979853447687142,104,0.02902833009329585,True,2023-07-01,2025-06-30
工业,纺织业,1,11.280984272972285,0.001105515962350867,104,0.02065237740221543,True,2023-07-01,2025-06-30
交通仓储和邮政业,纺织业,1,5.914028044171329,0.016781236704146663,104,0.07034326618450519,False,2023-07-01,2025-06-30
信息传输,纺织业,2,6.512003726009768,0.0022113100688181397,103,0.0255588779217768,True,2023-07-01,2025-06-30
批发和零售业,纺织业,1,8.398388256756737,0.0046063053233469375,104,0.031322876198759175,True,2023-07-01,2025-06-30
住宿和餐饮业,纺织业,1,3.318162460105672,0.07147825896984006,104,0.173590057498183,False,2023-07-01,2025-06-30
黑色金属冶炼,纺织业,2,4.894571343260672,0.009416767337772303,103,0.04723820992390696,True,2023-07-01,2025-06-30
非金属矿物制品业,纺织业,2,6.248206763696468,0.00279265181077748,103,0.02902833009329585,True,2023-07-01,2025-06-30
化学制品制造业,纺织业,1,3.615835109734726,0.06008185738471605,104,0.1686701684378267,False,2023-07-01,2025-06-30
电子,纺织业,2,9.03988248733111,0.0002494641960842925,103,0.019084011000448375,True,2023-07-01,2025-06-30
石化,纺织业,1,3.8299275515539546,0.0531056379828615,104,0.15611055308214877,False,2023-07-01,2025-06-30
合计,电子,4,1.0288902897034367,0.39667752169263826,101,0.49544212913447877,False,2023-07-01,2025-06-30
大工业电量,电子,1,2.8039769362745273,0.09712472973167452,104,0.21078132835384683,False,2023-07-01,2025-06-30
非普工业,电子,3,1.0250232086959623,0.385169608100845,102,0.4869189294751428,False,2023-07-01,2025-06-30
居民生活,电子,4,1.7100347472328388,0.15446642572857372,101,0.28307655781528096,False,2023-07-01,2025-06-30
商业用电,电子,4,1.3035353877181193,0.27458027233259397,101,0.3997657680946888,False,2023-07-01,2025-06-30
农业,电子,4,1.0096404950259785,0.40668175871262735,101,0.49961830326317297,False,2023-07-01,2025-06-30
制造业,电子,2,4.3042157019254805,0.016154428358575168,103,0.06865632052394446,False,2023-07-01,2025-06-30
工业,电子,1,2.344198068964514,0.1288765025549664,104,0.25607928429753063,False,2023-07-01,2025-06-30
交通仓储和邮政业,电子,3,0.7528132434975229,0.5233949403210936,102,0.5802856947038212,False,2023-07-01,2025-06-30
信息传输,电子,4,2.0852945295181087,0.08904200969043619,101,0.20271418440260522,False,2023-07-01,2025-06-30
批发和零售业,电子,4,1.1675706053147907,0.3303180197363941,101,0.44923250684149596,False,2023-07-01,2025-06-30
住宿和餐饮业,电子,4,0.8973685300610985,0.46893914749700005,101,0.5414919967323849,False,2023-07-01,2025-06-30
黑色金属冶炼,电子,1,9.500039995747526,0.002648687974634578,104,0.028946375722792177,True,2023-07-01,2025-06-30
非金属矿物制品业,电子,2,1.272084088954503,0.28483301138370787,103,0.4051127092787363,False,2023-07-01,2025-06-30
化学制品制造业,电子,4,2.6833437090550936,0.03625639053519836,101,0.11614983841848404,False,2023-07-01,2025-06-30
纺织业,电子,2,4.91294752427543,0.009260771916021926,103,0.04723820992390696,True,2023-07-01,2025-06-30
石化,电子,4,1.9343230186044702,0.11131869733717048,101,0.23172463527329368,False,2023-07-01,2025-06-30
合计,石化,4,3.3671868272860657,0.01281677271470294,101,0.05859731454373186,False,2023-07-01,2025-06-30
大工业电量,石化,1,0.26307259803628025,0.6091370596430168,104,0.6563237332773351,False,2023-07-01,2025-06-30
非普工业,石化,4,0.9743166543262105,0.42555021703176943,101,0.5056728695763082,False,2023-07-01,2025-06-30
居民生活,石化,4,5.032988597945591,0.0010309567555308874,101,0.02065237740221543,True,2023-07-01,2025-06-30
商业用电,石化,4,5.4868659312841945,0.0005244521602929542,101,0.02065237740221543,True,2023-07-01,2025-06-30
农业,石化,4,5.648878001784599,0.00041263314651707184,101,0.02065237740221543,True,2023-07-01,2025-06-30
制造业,石化,1,0.4373819606794191,0.5098946912382647,104,0.5694444362003979,False,2023-07-01,2025-06-30
工业,石化,4,0.6457014108222379,0.631313199818008,101,0.6707702748066335,False,2023-07-01,2025-06-30
交通仓储和邮政业,石化,4,4.107005852273334,0.004160640927200476,101,0.03031324104103204,True,2023-07-01,2025-06-30
信息传输,石化,4,4.13808007921694,0.003969178723670197,101,0.029939907135422612,True,2023-07-01,2025-06-30
批发和零售业,石化,4,5.131873544453748,0.0008893510408273242,101,0.02065237740221543,True,2023-07-01,2025-06-30
住宿和餐饮业,石化,4,4.517773428910809,0.0022353368251234462,101,0.0255588779217768,True,2023-07-01,2025-06-30
黑色金属冶炼,石化,1,2.098619016629197,0.15052979621443763,104,0.28307655781528096,False,2023-07-01,2025-06-30
非金属矿物制品业,石化,2,0.10900190284786569,0.8968372751930859,103,0.8997777252756861,False,2023-07-01,2025-06-30
化学制品制造业,石化,3,1.4746750554958437,0.22638080966009844,102,0.3559109498137499,False,2023-07-01,2025-06-30
纺织业,石化,1,0.5169705412249249,0.47379708193896475,104,0.5430033972783641,False,2023-07-01,2025-06-30
电子,石化,4,1.4336856185596605,0.22913221278859064,101,0.3559109498137499,False,2023-07-01,2025-06-30
大工业电量,合计,1,1.2984007719785016,0.25722764711497914,103,0.550431188931354,False,2024-01-01,2025-12-31
非普工业,合计,2,1.870118902858258,0.15961914637487118,102,0.4804634614492817,False,2024-01-01,2025-12-31
居民生活,合计,1,0.8890683395281967,0.34800234072907954,103,0.6614205979074431,False,2024-01-01,2025-12-31
商业用电,合计,3,2.257342354488179,0.08680334150448321,101,0.4083888478292448,False,2024-01-01,2025-12-31
农业,合计,2,1.0071478622846037,0.36904627749699226,102,0.6715554534042197,False,2024-01-01,2025-12-31
制造业,合计,1,1.7079975545478128,0.19424278371545756,103,0.5121090173016031,False,2024-01-01,2025-12-31
工业,合计,1,1.4064268900485124,0.2384606675171218,103,0.5366785902158782,False,2024-01-01,2025-12-31
交通仓储和邮政业,合计,1,0.3858340089222614,0.5359107310715252,103,0.7698999235112052,False,2024-01-01,2025-12-31
信息传输,合计,3,2.576534008592651,0.05840486514845489,101,0.3708372828183065,False,2024-01-01,2025-12-31
批发和零售业,合计,3,0.9360293980866109,0.4265413708742508,101,0.7251203304862263,False,2024-01-01,2025-12-31
住宿和餐饮业,合计,1,0.5642866988134314,0.4543023701606681,103,0.7443436452076454,False,2024-01-01,2025-12-31
黑色金属冶炼,合计,1,2.964617458400666,0.08819650331341589,103,0.4083888478292448,False,2024-01-01,2025-12-31
非金属矿物制品业,合计,2,0.8277075105762282,0.44011291079317816,102,0.732127588825309,False,2024-01-01,2025-12-31
化学制品制造业,合计,1,0.03225139115141691,0.8578404194907092,103,0.9077231907856185,False,2024-01-01,2025-12-31
纺织业,合计,1,5.529868523831099,0.02065510942793014,103,0.1755684301374062,False,2024-01-01,2025-12-31
电子,合计,1,0.21598349699188296,0.6431278063816299,103,0.8165855134970074,False,2024-01-01,2025-12-31
石化,合计,1,0.021154621493525465,0.8846512912329636,103,0.9174027374832737,False,2024-01-01,2025-12-31
合计,大工业电量,2,0.6809697476647559,0.5085288072193914,102,0.7682088173205248,False,2024-01-01,2025-12-31
非普工业,大工业电量,2,2.4599664302720354,0.09075307729538773,102,0.4083888478292448,False,2024-01-01,2025-12-31
居民生活,大工业电量,2,0.9949438917790254,0.3734855151820018,102,0.6722739273276032,False,2024-01-01,2025-12-31
商业用电,大工业电量,3,1.438354659306018,0.23656810455363697,101,0.5366785902158782,False,2024-01-01,2025-12-31
农业,大工业电量,2,1.426540413076963,0.2451307914686487,102,0.5366785902158782,False,2024-01-01,2025-12-31
制造业,大工业电量,3,2.9227020150666965,0.03796382078828808,101,0.27659355145752745,False,2024-01-01,2025-12-31
工业,大工业电量,2,1.5850367321550047,0.21020182685540867,102,0.5235325264532812,False,2024-01-01,2025-12-31
交通仓储和邮政业,大工业电量,2,1.2624395937191604,0.28757004610407166,102,0.5866428940523062,False,2024-01-01,2025-12-31
信息传输,大工业电量,1,2.622787917864306,0.10848878694132669,103,0.42587936920828695,False,2024-01-01,2025-12-31
批发和零售业,大工业电量,2,1.3825720783250643,0.25583245720051184,102,0.550431188931354,False,2024-01-01,2025-12-31
住宿和餐饮业,大工业电量,2,1.7425119871084085,0.1805153340859178,102,0.49284490365894773,False,2024-01-01,2025-12-31
黑色金属冶炼,大工业电量,1,8.455321517456877,0.004484039213679125,103,0.04573719997952708,True,2024-01-01,2025-12-31
非金属矿物制品业,大工业电量,1,2.5920454729553333,0.11055388086127282,103,0.42822136131075295,False,2024-01-01,2025-12-31
化学制品制造业,大工业电量,4,0.3210318595783777,0.8632269559431862,100,0.9077231907856185,False,2024-01-01,2025-12-31
纺织业,大工业电量,1,22.011601303770398,8.611683655623814e-06,103,0.0001756783465747258,True,2024-01-01,2025-12-31
电子,大工业电量,3,10.04782848515166,8.330045047300061e-06,101,0.0001756783465747258,True,2024-01-01,2025-12-31
石化,大工业电量,4,0.4718871687231614,0.7562347233751762,100,0.8775676270957367,False,2024-01-01,2025-12-31
合计,非普工业,2,1.5273687747044993,0.22228120459000622,102,0.5235325264532812,False,2024-01-01,2025-12-31
大工业电量,非普工业,1,1.2396299009463607,0.26821150519494374,103,0.5621419218469369,False,2024-01-01,2025-12-31
居民生活,非普工业,3,1.0024949111833084,0.39533856291117475,101,0.6912777157189685,False,2024-01-01,2025-12-31
商业用电,非普工业,3,3.2434242267160056,0.025469295536698633,101,0.19484011085574454,False,2024-01-01,2025-12-31
农业,非普工业,2,1.961494622637061,0.14618708231465316,102,0.4758856083859986,False,2024-01-01,2025-12-31
制造业,非普工业,1,3.1862740940818486,0.07729108937962148,103,0.3916373860175933,False,2024-01-01,2025-12-31
工业,非普工业,1,1.51550398354174,0.22118867779225515,103,0.5235325264532812,False,2024-01-01,2025-12-31
交通仓储和邮政业,非普工业,2,2.2825718011651834,0.10747607488832489,102,0.42587936920828695,False,2024-01-01,2025-12-31
信息传输,非普工业,2,4.942207178220703,0.009038192472016537,102,0.08380869383142607,False,2024-01-01,2025-12-31
批发和零售业,非普工业,3,2.3720279648150893,0.07529752503224829,101,0.3916373860175933,False,2024-01-01,2025-12-31
住宿和餐饮业,非普工业,3,1.595000500205307,0.19580638896825997,101,0.5121090173016031,False,2024-01-01,2025-12-31
黑色金属冶炼,非普工业,1,9.675419089948422,0.0024336720975618453,103,0.027926744689055205,True,2024-01-01,2025-12-31
非金属矿物制品业,非普工业,1,1.8695254847083103,0.17459495357655574,103,0.49284490365894773,False,2024-01-01,2025-12-31
化学制品制造业,非普工业,1,0.08100138315963537,0.7765334707240115,103,0.8775676270957367,False,2024-01-01,2025-12-31
纺织业,非普工业,1,26.108834059697198,1.550713071174492e-06,103,5.272424441993273e-05,True,2024-01-01,2025-12-31
电子,非普工业,3,7.717041119318786,0.00011564260440710683,101,0.0017693318474287345,True,2024-01-01,2025-12-31
石化,非普工业,1,0.017669272704658262,0.8945191671263001,103,0.9185331044988181,False,2024-01-01,2025-12-31
合计,居民生活,1,0.08507648621437842,0.7711364731738006,103,0.8775676270957367,False,2024-01-01,2025-12-31
大工业电量,居民生活,1,0.11778053289506744,0.732174694970282,103,0.8736806075762342,False,2024-01-01,2025-12-31
非普工业,居民生活,1,0.06877524724134387,0.7936679090232509,103,0.8776578976360678,False,2024-01-01,2025-12-31
商业用电,居民生活,1,0.2632998349838087,0.6089938850197381,103,0.8094083226487078,False,2024-01-01,2025-12-31
农业,居民生活,3,0.49202308250293586,0.6886674390043463,101,0.8500256972442609,False,2024-01-01,2025-12-31
制造业,居民生活,1,0.062462403471519407,0.8031582082003386,103,0.8793752324457785,False,2024-01-01,2025-12-31
工业,居民生活,1,0.09790064586190182,0.7550152411196078,103,0.8775676270957367,False,2024-01-01,2025-12-31
交通仓储和邮政业,居民生活,1,1.8711316006056264,0.17441162375402408,103,0.49284490365894773,False,2024-01-01,2025-12-31
信息传输,居民生活,1,0.9536831260692968,0.33114009928552135,103,0.6413219644390477,False,2024-01-01,2025-12-31
批发和零售业,居民生活,1,0.7309384746785637,0.39462283991213776,103,0.6912777157189685,False,2024-01-01,2025-12-31
住宿和餐饮业,居民生活,2,0.7045700253620856,0.4968329953186732,102,0.7682088173205248,False,2024-01-01,2025-12-31
黑色金属冶炼,居民生活,1,0.4808534295671777,0.4896435357580976,103,0.7682088173205248,False,2024-01-01,2025-12-31
非金属矿物制品业,居民生活,1,0.04726206693480163,0.8283408289577117,103,0.8893764689861746,False,2024-01-01,2025-12-31
化学制品制造业,居民生活,1,0.1005069672789143,0.7518830250663284,103,0.8775676270957367,False,2024-01-01,2025-12-31
纺织业,居民生活,1,0.022893405499086042,0.8800394121026508,103,0.9174027374832737,False,2024-01-01,2025-12-31
电子,居民生活,1,0.36279706184586247,0.5483202807462424,103,0.7804000274806985,False,2024-01-01,2025-12-31
石化,居民生活,1,0.004004877075243323,0.9496666032702756,103,0.9559144098707378,False,2024-01-01,2025-12-31
合计,商业用电,3,3.290082855723876,0.024033275890336103,101,0.19353111638007495,False,2024-01-01,2025-12-31
大工业电量,商业用电,3,1.6793379917555145,0.17673041367110165,101,0.49284490365894773,False,2024-01-01,2025-12-31
非普工业,商业用电,3,2.3979031130506407,0.0729178915855363,101,0.3916373860175933,False,2024-01-01,2025-12-31
居民生活,商业用电,1,0.2397127141997572,0.6254859990811071,103,0.8094083226487078,False,2024-01-01,2025-12-31
农业,商业用电,3,1.7925684528939325,0.15391255213002852,101,0.4804634614492817,False,2024-01-01,2025-12-31
制造业,商业用电,3,1.6765714220168146,0.17732683730198495,101,0.49284490365894773,False,2024-01-01,2025-12-31
工业,商业用电,3,1.7780465477022769,0.156671358721147,101,0.4804634614492817,False,2024-01-01,2025-12-31
交通仓储和邮政业,商业用电,1,0.11805473969250851,0.7318752845211658,103,0.8736806075762342,False,2024-01-01,2025-12-31
信息传输,商业用电,3,0.745156674945907,0.5278279256962564,101,0.7682088173205248,False,2024-01-01,2025-12-31
批发和零售业,商业用电,3,0.5946930495580041,0.6200173670319378,101,0.8094083226487078,False,2024-01-01,2025-12-31
住宿和餐饮业,商业用电,1,0.06787810883827564,0.7949874135707184,103,0.8776578976360678,False,2024-01-01,2025-12-31
黑色金属冶炼,商业用电,1,1.0341380145486687,0.31164282509109087,103,0.6152432546959601,False,2024-01-01,2025-12-31
非金属矿物制品业,商业用电,3,0.76990658979151,0.5136984287347257,101,0.7682088173205248,False,2024-01-01,2025-12-31
化学制品制造业,商业用电,1,0.08549795655955662,0.7705863592626128,103,0.8775676270957367,False,2024-01-01,2025-12-31
纺织业,商业用电,3,1.7720773593042032,0.15781918513660442,101,0.4804634614492817,False,2024-01-01,2025-12-31
电子,商业用电,2,1.2701253551186698,0.285424135514179,102,0.586173056827777,False,2024-01-01,2025-12-31
石化,商业用电,1,0.06628792819820604,0.7973493318393035,103,0.8776578976360678,False,2024-01-01,2025-12-31
合计,农业,1,0.23702921122939558,0.6274254767322607,103,0.8094083226487078,False,2024-01-01,2025-12-31
大工业电量,农业,1,0.27959338672639,0.5981395228993226,103,0.8074063432992281,False,2024-01-01,2025-12-31
非普工业,农业,1,0.2783425054441843,0.5989583004213228,103,0.8074063432992281,False,2024-01-01,2025-12-31
居民生活,农业,1,0.006304070357833993,0.9368745907723591,103,0.9461505768196102,False,2024-01-01,2025-12-31
商业用电,农业,3,0.7658436817123544,0.5159974764403827,101,0.7682088173205248,False,2024-01-01,2025-12-31
制造业,农业,1,0.2847408870115802,0.5947946808100829,103,0.8074063432992281,False,2024-01-01,2025-12-31
工业,农业,1,0.2934310383469664,0.5892350917744233,103,0.8074063432992281,False,2024-01-01,2025-12-31
交通仓储和邮政业,农业,1,0.16892184448370406,0.6819512034081048,103,0.8500256972442609,False,2024-01-01,2025-12-31
信息传输,农业,3,0.9240192880368173,0.4323991652589224,101,0.72700079433643,False,2024-01-01,2025-12-31
批发和零售业,农业,2,0.32223595327209553,0.7252997966637222,102,0.8736806075762342,False,2024-01-01,2025-12-31
住宿和餐饮业,农业,3,0.9033776767418739,0.4426261566427522,101,0.732127588825309,False,2024-01-01,2025-12-31
黑色金属冶炼,农业,1,0.31412482933725105,0.5764135292013387,103,0.7980643201511867,False,2024-01-01,2025-12-31
非金属矿物制品业,农业,2,0.11958153866697158,0.8874222558661733,102,0.9174027374832737,False,2024-01-01,2025-12-31
化学制品制造业,农业,1,0.0008342782239592865,0.977014772321819,103,0.977014772321819,False,2024-01-01,2025-12-31
纺织业,农业,1,0.4781935574511877,0.4908440397797743,103,0.7682088173205248,False,2024-01-01,2025-12-31
电子,农业,2,0.31368009695321025,0.731491216523866,102,0.8736806075762342,False,2024-01-01,2025-12-31
石化,农业,1,0.009279946341845953,0.9234493122991227,103,0.9356804290183164,False,2024-01-01,2025-12-31
合计,制造业,2,0.7616989489743694,0.4696443590910385,102,0.7603765813854909,False,2024-01-01,2025-12-31
大工业电量,制造业,3,2.3075298347040905,0.08156884350997173,101,0.3951213019552723,False,2024-01-01,2025-12-31
非普工业,制造业,2,1.8565110192965637,0.16172462918064057,102,0.4804634614492817,False,2024-01-01,2025-12-31
居民生活,制造业,2,1.4248266788010706,0.24553922428177433,102,0.5366785902158782,False,2024-01-01,2025-12-31
商业用电,制造业,3,1.4896188778202526,0.22241577921217826,101,0.5235325264532812,False,2024-01-01,2025-12-31
农业,制造业,2,1.9629732672907014,0.14597947649674947,102,0.4758856083859986,False,2024-01-01,2025-12-31
工业,制造业,3,2.1158420259614767,0.1034111238082075,101,0.42587936920828695,False,2024-01-01,2025-12-31
交通仓储和邮政业,制造业,2,1.3641691218115573,0.26045209758777643,102,0.553460707374025,False,2024-01-01,2025-12-31
信息传输,制造业,1,2.670485586212685,0.10536926545641778,103,0.42587936920828695,False,2024-01-01,2025-12-31
批发和零售业,制造业,2,1.6386020378309554,0.1995821114203249,102,0.5175603906323679,False,2024-01-01,2025-12-31
住宿和餐饮业,制造业,2,2.466583029737377,0.09018341955200948,102,0.4083888478292448,False,2024-01-01,2025-12-31
黑色金属冶炼,制造业,1,8.622402231567152,0.004120844838144566,103,0.04348201794731853,True,2024-01-01,2025-12-31
非金属矿物制品业,制造业,1,6.163801535737375,0.014703776001281588,103,0.1323339840115343,False,2024-01-01,2025-12-31
化学制品制造业,制造业,4,0.37741654550329423,0.8242257674230751,100,0.8882523953040528,False,2024-01-01,2025-12-31
纺织业,制造业,1,26.860744177209515,1.1401453632320369e-06,103,4.361056014362541e-05,True,2024-01-01,2025-12-31
电子,制造业,2,21.88121057416071,1.4349038290895066e-08,102,1.4636019056712968e-06,True,2024-01-01,2025-12-31
石化,制造业,4,0.5604582604065539,0.6919289003447942,100,0.8500256972442609,False,2024-01-01,2025-12-31
合计,工业,2,0.674924451746869,0.5115696903828448,102,0.7682088173205248,False,2024-01-01,2025-12-31
大工业电量,工业,2,1.3833761254074721,0.2556325369546316,102,0.550431188931354,False,2024-01-01,2025-12-31
非普工业,工业,2,2.4165786384095123,0.09458068922094987,102,0.4194447956755168,False,2024-01-01,2025-12-31
居民生活,工业,2,1.0539363422678156,0.35251989355671787,102,0.6623722314474126,False,2024-01-01,2025-12-31
商业用电,工业,3,1.656855460381416,0.18163362926251714,101,0.49284490365894773,False,2024-01-01,2025-12-31
农业,工业,2,1.568491983233252,0.21359719071084848,102,0.5235325264532812,False,2024-01-01,2025-12-31
制造业,工业,3,2.462885189534346,0.06726522399873092,101,0.38836148195493697,False,2024-01-01,2025-12-31
交通仓储和邮政业,工业,2,1.3113384025259336,0.27419282246118926,102,0.5707687324702307,False,2024-01-01,2025-12-31
信息传输,工业,1,3.073553792004612,0.08263974942855368,103,0.3951213019552723,False,2024-01-01,2025-12-31
批发和零售业,工业,3,1.4914342337168867,0.22192961117538212,101,0.5235325264532812,False,2024-01-01,2025-12-31
住宿和餐饮业,工业,2,1.8621167414345827,0.16085387038772037,102,0.4804634614492817,False,2024-01-01,2025-12-31
黑色金属冶炼,工业,1,8.899050362630856,0.003585008194904926,103,0.039179018130032404,True,2024-01-01,2025-12-31
非金属矿物制品业,工业,1,3.3059694674237057,0.07202223930668183,103,0.3916373860175933,False,2024-01-01,2025-12-31
化学制品制造业,工业,4,0.31601912060021337,0.8665989846540123,100,0.9081482510415335,False,2024-01-01,2025-12-31
纺织业,工业,1,23.392084011771228,4.796985631272399e-06,103,0.00012232313359744618,True,2024-01-01,2025-12-31
电子,工业,3,12.590446875752113,5.456247846868933e-07,101,2.782686401903156e-05,True,2024-01-01,2025-12-31
石化,工业,4,0.46079129971436106,0.7643027745969759,100,0.8775676270957367,False,2024-01-01,2025-12-31
合计,交通仓储和邮政业,1,0.18950099392150077,0.6642703822711624,103,0.8364886295266489,False,2024-01-01,2025-12-31
大工业电量,交通仓储和邮政业,2,0.5283079495043871,0.5912884789597851,102,0.8074063432992281,False,2024-01-01,2025-12-31
非普工业,交通仓储和邮政业,2,0.6557048249806674,0.5213613474226242,102,0.7682088173205248,False,2024-01-01,2025-12-31
居民生活,交通仓储和邮政业,3,0.1851369080041405,0.9062676257861778,101,0.9240272530429067,False,2024-01-01,2025-12-31
商业用电,交通仓储和邮政业,3,0.6810247817032458,0.5658179120241031,101,0.7978814796284588,False,2024-01-01,2025-12-31
农业,交通仓储和邮政业,1,0.4500545531135901,0.5038556052678929,103,0.7682088173205248,False,2024-01-01,2025-12-31
制造业,交通仓储和邮政业,2,0.6348110988581278,0.5322231021959192,102,0.7682088173205248,False,2024-01-01,2025-12-31
工业,交通仓储和邮政业,2,0.5624050982909207,0.5716837816191653,102,0.7980643201511867,False,2024-01-01,2025-12-31
信息传输,交通仓储和邮政业,3,0.8179633686433672,0.48711434571518897,101,0.7682088173205248,False,2024-01-01,2025-12-31
批发和零售业,交通仓储和邮政业,3,0.30128445340328464,0.8243911119815391,101,0.8882523953040528,False,2024-01-01,2025-12-31
住宿和餐饮业,交通仓储和邮政业,4,1.258194421562265,0.29227567978159075,100,0.5922937616766011,False,2024-01-01,2025-12-31
黑色金属冶炼,交通仓储和邮政业,1,0.09322273617401514,0.760754033734431,103,0.8775676270957367,False,2024-01-01,2025-12-31
非金属矿物制品业,交通仓储和邮政业,2,0.3758725537078175,0.6876855886420201,102,0.8500256972442609,False,2024-01-01,2025-12-31
化学制品制造业,交通仓储和邮政业,1,0.0926837732013633,0.7614252686575715,103,0.8775676270957367,False,2024-01-01,2025-12-31
纺织业,交通仓储和邮政业,1,0.5997932572708204,0.4404842046220576,103,0.732127588825309,False,2024-01-01,2025-12-31
电子,交通仓储和邮政业,1,0.23628729044378693,0.6279640923665099,103,0.8094083226487078,False,2024-01-01,2025-12-31
石化,交通仓储和邮政业,1,0.15000347387467325,0.6993551096477503,103,0.852600253196062,False,2024-01-01,2025-12-31
合计,信息传输,3,0.664781494454842,0.575751866488307,101,0.7980643201511867,False,2024-01-01,2025-12-31
大工业电量,信息传输,1,0.09358523423436339,0.7603037649201201,103,0.8775676270957367,False,2024-01-01,2025-12-31
非普工业,信息传输,1,0.1024537587738577,0.749572488328613,103,0.8775676270957367,False,2024-01-01,2025-12-31
居民生活,信息传输,1,0.23184773952783846,0.6312091555643808,103,0.8094083226487078,False,2024-01-01,2025-12-31
商业用电,信息传输,1,0.23731879766907685,0.627215527669558,103,0.8094083226487078,False,2024-01-01,2025-12-31
农业,信息传输,3,0.7450397511330153,0.527895382516786,101,0.7682088173205248,False,2024-01-01,2025-12-31
制造业,信息传输,1,0.08051137382523203,0.7771922449115838,103,0.8775676270957367,False,2024-01-01,2025-12-31
工业,信息传输,1,0.09487676527487769,0.758707231091468,103,0.8775676270957367,False,2024-01-01,2025-12-31
交通仓储和邮政业,信息传输,1,0.4020697531019628,0.5274701167013391,103,0.7682088173205248,False,2024-01-01,2025-12-31
批发和零售业,信息传输,1,0.3965281217989949,0.5303238737883427,103,0.7682088173205248,False,2024-01-01,2025-12-31
住宿和餐饮业,信息传输,1,0.05408400575289821,0.8165786444618299,103,0.8882523953040528,False,2024-01-01,2025-12-31
黑色金属冶炼,信息传输,1,0.2572290630206397,0.6131468950332086,103,0.8094083226487078,False,2024-01-01,2025-12-31
非金属矿物制品业,信息传输,2,0.09560718824651612,0.9089064753245315,102,0.9240272530429067,False,2024-01-01,2025-12-31
化学制品制造业,信息传输,1,0.030603435320910054,0.8614817675164299,103,0.9077231907856185,False,2024-01-01,2025-12-31
纺织业,信息传输,1,0.17924735576684186,0.6729300354268029,103,0.843920454264761,False,2024-01-01,2025-12-31
电子,信息传输,2,0.21782678573014963,0.8046570754405817,102,0.8793752324457785,False,2024-01-01,2025-12-31
石化,信息传输,1,0.020262638826965912,0.8870924121686417,103,0.9174027374832737,False,2024-01-01,2025-12-31
合计,批发和零售业,3,3.2605891139236456,0.024931257139653606,101,0.19484011085574454,False,2024-01-01,2025-12-31
大工业电量,批发和零售业,2,2.6183637146682543,0.07807150505579474,102,0.3916373860175933,False,2024-01-01,2025-12-31
非普工业,批发和零售业,3,3.33359374229153,0.022767471204628964,101,0.18829314023287738,False,2024-01-01,2025-12-31
居民生活,批发和零售业,1,0.0722083271766721,0.7887017792882036,103,0.8776099798625102,False,2024-01-01,2025-12-31
商业用电,批发和零售业,3,0.8276602173916777,0.4818864035435234,101,0.7682088173205248,False,2024-01-01,2025-12-31
农业,批发和零售业,3,1.234488980467142,0.3016323904062329,101,0.6005257353560195,False,2024-01-01,2025-12-31
制造业,批发和零售业,2,2.8068139120199307,0.06531073539161691,102,0.3853090309554424,False,2024-01-01,2025-12-31
工业,批发和零售业,2,2.804118647704411,0.06547735166563073,102,0.3853090309554424,False,2024-01-01,2025-12-31
交通仓储和邮政业,批发和零售业,2,0.18006446199636703,0.8354949066554774,102,0.8939211239041123,False,2024-01-01,2025-12-31
信息传输,批发和零售业,3,1.2328263147182899,0.30222537008113404,101,0.6005257353560195,False,2024-01-01,2025-12-31
住宿和餐饮业,批发和零售业,4,0.4381055943923812,0.780758477069248,100,0.8776099798625102,False,2024-01-01,2025-12-31
黑色金属冶炼,批发和零售业,1,2.6466639853210188,0.1069145811953135,103,0.42587936920828695,False,2024-01-01,2025-12-31
非金属矿物制品业,批发和零售业,2,1.00205638289196,0.3708917373376246,102,0.6715554534042197,False,2024-01-01,2025-12-31
化学制品制造业,批发和零售业,4,0.2500764950424742,0.9089287685160619,100,0.9240272530429067,False,2024-01-01,2025-12-31
纺织业,批发和零售业,2,3.3120010061510263,0.040607065477489046,102,0.28897121014213134,False,2024-01-01,2025-12-31
电子,批发和零售业,2,1.5833479700439976,0.2105458607134867,102,0.5235325264532812,False,2024-01-01,2025-12-31
石化,批发和零售业,1,0.0011271623204884376,0.9732843848558435,103,0.9764754811996331,False,2024-01-01,2025-12-31
合计,住宿和餐饮业,3,1.430146805376165,0.23891147919587452,101,0.5366785902158782,False,2024-01-01,2025-12-31
大工业电量,住宿和餐饮业,3,0.5893727920889509,0.6234677496117877,101,0.8094083226487078,False,2024-01-01,2025-12-31
非普工业,住宿和餐饮业,3,1.0794105388586015,0.36173080683117786,101,0.666804981267111,False,2024-01-01,2025-12-31
居民生活,住宿和餐饮业,1,2.3006724777364727,0.13247294847908286,103,0.46338188942189595,False,2024-01-01,2025-12-31
商业用电,住宿和餐饮业,1,0.9217527984019083,0.3393308001473616,103,0.6530517285854884,False,2024-01-01,2025-12-31
农业,住宿和餐饮业,3,1.8778489847558912,0.13863730122664908,101,0.46559956980996725,False,2024-01-01,2025-12-31
制造业,住宿和餐饮业,3,0.6835280690910372,0.5642980738151433,101,0.7978814796284588,False,2024-01-01,2025-12-31
工业,住宿和餐饮业,3,0.6642608830763703,0.5760723156280785,101,0.7980643201511867,False,2024-01-01,2025-12-31
交通仓储和邮政业,住宿和餐饮业,1,0.6903431310198733,0.4080271001123843,103,0.7094107536044864,False,2024-01-01,2025-12-31
信息传输,住宿和餐饮业,1,2.3813536321153155,0.12594984458325997,103,0.4481471214241576,False,2024-01-01,2025-12-31
批发和零售业,住宿和餐饮业,1,0.11631870504106599,0.7337775037486673,103,0.8736806075762342,False,2024-01-01,2025-12-31
黑色金属冶炼,住宿和餐饮业,2,0.2585059372347379,0.7727347331807688,102,0.8775676270957367,False,2024-01-01,2025-12-31
非金属矿物制品业,住宿和餐饮业,1,0.20229084396579197,0.6538514851040391,103,0.8267708861232891,False,2024-01-01,2025-12-31
化学制品制造业,住宿和餐饮业,1,0.07402399440486179,0.7861264496438582,103,0.8776099798625102,False,2024-01-01,2025-12-31
纺织业,住宿和餐饮业,3,0.351549373171223,0.7881101853156508,101,0.8776099798625102,False,2024-01-01,2025-12-31
电子,住宿和餐饮业,3,0.7734473439273832,0.5117013977713691,101,0.7682088173205248,False,2024-01-01,2025-12-31
石化,住宿和餐饮业,2,0.16942571062450767,0.8443987279753116,102,0.9002996890607852,False,2024-01-01,2025-12-31
合计,黑色金属冶炼,3,2.1300121372091363,0.10161620447598518,101,0.42587936920828695,False,2024-01-01,2025-12-31
大工业电量,黑色金属冶炼,3,1.9782054537715734,0.12254531944145675,101,0.4481471214241576,False,2024-01-01,2025-12-31
非普工业,黑色金属冶炼,2,2.274187064058632,0.10834025514434098,102,0.42587936920828695,False,2024-01-01,2025-12-31
居民生活,黑色金属冶炼,2,1.6177595308122596,0.20364764562419624,102,0.5195700723035093,False,2024-01-01,2025-12-31
商业用电,黑色金属冶炼,1,3.389991226361042,0.06855780546802714,103,0.38849423098548713,False,2024-01-01,2025-12-31
农业,黑色金属冶炼,3,2.5631832262179794,0.05938244071273535,101,0.3708372828183065,False,2024-01-01,2025-12-31
制造业,黑色金属冶炼,2,1.5135428963930317,0.22528108410826564,102,0.5262290972299946,False,2024-01-01,2025-12-31
工业,黑色金属冶炼,3,1.869971393729867,0.13998418438731042,101,0.46559956980996725,False,2024-01-01,2025-12-31
交通仓储和邮政业,黑色金属冶炼,1,3.6464907873345345,0.05905347057902888,103,0.3708372828183065,False,2024-01-01,2025-12-31
信息传输,黑色金属冶炼,1,1.3891219976944391,0.24135031409159735,103,0.5366785902158782,False,2024-01-01,2025-12-31
批发和零售业,黑色金属冶炼,1,3.9733438082885364,0.0489499974818528,103,0.34042498248743086,False,2024-01-01,2025-12-31
住宿和餐饮业,黑色金属冶炼,1,2.2912406529727143,0.13326015120629686,103,0.46338188942189595,False,2024-01-01,2025-12-31
非金属矿物制品业,黑色金属冶炼,1,1.624270974557176,0.2054509109435445,103,0.5195700723035093,False,2024-01-01,2025-12-31
化学制品制造业,黑色金属冶炼,2,0.6440791604594327,0.5273768133583604,102,0.7682088173205248,False,2024-01-01,2025-12-31
纺织业,黑色金属冶炼,2,2.0193974507175594,0.13827811893418174,102,0.46559956980996725,False,2024-01-01,2025-12-31
电子,黑色金属冶炼,3,2.9534252094095605,0.03653925261879709,101,0.2727075927159002,False,2024-01-01,2025-12-31
石化,黑色金属冶炼,2,0.8628258182025639,0.4251808315039989,102,0.7251203304862263,False,2024-01-01,2025-12-31
合计,非金属矿物制品业,1,2.6217547547678497,0.10855748626877904,103,0.42587936920828695,False,2024-01-01,2025-12-31
大工业电量,非金属矿物制品业,1,15.249755885351044,0.00017121994041513489,103,0.0023815137166832397,True,2024-01-01,2025-12-31
非普工业,非金属矿物制品业,1,15.698064300446974,0.00013945200858211937,103,0.0020320149821965966,True,2024-01-01,2025-12-31
居民生活,非金属矿物制品业,2,0.7941608030784787,0.45487667207133886,102,0.7443436452076454,False,2024-01-01,2025-12-31
商业用电,非金属矿物制品业,2,1.7434704250135873,0.18034840060649038,102,0.49284490365894773,False,2024-01-01,2025-12-31
农业,非金属矿物制品业,2,1.3378916897007735,0.26719647162701365,102,0.5621419218469369,False,2024-01-01,2025-12-31
制造业,非金属矿物制品业,1,24.128736898395772,3.5216336488064215e-06,103,9.796544513952409e-05,True,2024-01-01,2025-12-31
工业,非金属矿物制品业,1,17.539726921838778,6.068647104928715e-05,103,0.00097737158637273,True,2024-01-01,2025-12-31
交通仓储和邮政业,非金属矿物制品业,2,2.634660339479451,0.07687384614526394,102,0.3916373860175933,False,2024-01-01,2025-12-31
信息传输,非金属矿物制品业,2,1.7340372390137049,0.1819982814165395,102,0.49284490365894773,False,2024-01-01,2025-12-31
批发和零售业,非金属矿物制品业,2,2.0456413732739205,0.13483862213518727,102,0.4636024536333405,False,2024-01-01,2025-12-31
住宿和餐饮业,非金属矿物制品业,2,2.5866045727148697,0.08046054103988631,102,0.3951213019552723,False,2024-01-01,2025-12-31
黑色金属冶炼,非金属矿物制品业,1,27.162848741001206,1.0082066751460061e-06,103,4.361056014362541e-05,True,2024-01-01,2025-12-31
化学制品制造业,非金属矿物制品业,1,0.26584867725194367,0.6072682634103246,103,0.8094083226487078,False,2024-01-01,2025-12-31
纺织业,非金属矿物制品业,1,72.68202640257687,1.6620038678638593e-13,103,5.0857318356634096e-11,True,2024-01-01,2025-12-31
电子,非金属矿物制品业,3,4.413473875121693,0.0059846714988460725,101,0.05722842120771557,False,2024-01-01,2025-12-31
石化,非金属矿物制品业,2,0.11199030142820565,0.8941683568354332,102,0.9185331044988181,False,2024-01-01,2025-12-31
合计,化学制品制造业,4,0.998079035917513,0.41284629143116836,100,0.7137342665420199,False,2024-01-01,2025-12-31
大工业电量,化学制品制造业,4,1.6167142046509209,0.1768064263289144,100,0.49284490365894773,False,2024-01-01,2025-12-31
非普工业,化学制品制造业,4,1.4361190619444464,0.22845065645182716,100,0.5295901581383267,False,2024-01-01,2025-12-31
居民生活,化学制品制造业,1,0.13703914298292394,0.712025331654047,103,0.864602188437057,False,2024-01-01,2025-12-31
商业用电,化学制品制造业,4,0.9080874986869014,0.4627582927104835,100,0.7532129657947232,False,2024-01-01,2025-12-31
农业,化学制品制造业,3,1.0723329637859524,0.36471413959748167,101,0.6682786030947867,False,2024-01-01,2025-12-31
制造业,化学制品制造业,4,1.6241291282930712,0.17493634835553873,100,0.49284490365894773,False,2024-01-01,2025-12-31
工业,化学制品制造业,4,1.5638368466514043,0.190689064192074,100,0.5073987273284751,False,2024-01-01,2025-12-31
交通仓储和邮政业,化学制品制造业,4,0.9647783189866154,0.4308162115105052,100,0.72700079433643,False,2024-01-01,2025-12-31
信息传输,化学制品制造业,1,0.3948143306452182,0.5312120690830928,103,0.7682088173205248,False,2024-01-01,2025-12-31
批发和零售业,化学制品制造业,4,1.118305177319443,0.3528322670781969,100,0.6623722314474126,False,2024-01-01,2025-12-31
住宿和餐饮业,化学制品制造业,4,0.9924782480147543,0.41582749482757786,100,0.7148495135799934,False,2024-01-01,2025-12-31
黑色金属冶炼,化学制品制造业,4,1.3901126305605862,0.24363494686426423,100,0.5366785902158782,False,2024-01-01,2025-12-31
非金属矿物制品业,化学制品制造业,4,1.5770043787700558,0.1871407954386508,100,0.5023252930195364,False,2024-01-01,2025-12-31
纺织业,化学制品制造业,4,2.0090080756172113,0.09980396650538681,100,0.42587936920828695,False,2024-01-01,2025-12-31
电子,化学制品制造业,2,1.9368589208463145,0.1496906832740521,102,0.4762217146022996,False,2024-01-01,2025-12-31
石化,化学制品制造业,4,1.8536352720084073,0.12542689916593242,100,0.4481471214241576,False,2024-01-01,2025-12-31
合计,纺织业,1,2.0944849028487527,0.15095917096870282,103,0.4762217146022996,False,2024-01-01,2025-12-31
大工业电量,纺织业,1,14.319043261981337,0.00026310878000468385,103,0.003354636945059719,True,2024-01-01,2025-12-31
非普工业,纺织业,1,9.650337235910236,0.002464124531387224,103,0.027926744689055205,True,2024-01-01,2025-12-31
居民生活,纺织业,2,1.1601049632934093,0.31776357581687253,102,0.6216710253192861,False,2024-01-01,2025-12-31
商业用电,纺织业,2,1.9451704018402587,0.1484991754357443,102,0.4762217146022996,False,2024-01-01,2025-12-31
农业,纺织业,2,2.1681553907656412,0.11990085320480393,102,0.4481471214241576,False,2024-01-01,2025-12-31
制造业,纺织业,1,17.603146353039044,5.8990507390221936e-05,103,0.00097737158637273,True,2024-01-01,2025-12-31
工业,纺织业,1,14.376935131880503,0.0002561341738156475,103,0.003354636945059719,True,2024-01-01,2025-12-31
交通仓储和邮政业,纺织业,2,2.155042331789805,0.12141552298089286,102,0.4481471214241576,False,2024-01-01,2025-12-31
信息传输,纺织业,1,3.21785636591585,0.07586121624691944,103,0.3916373860175933,False,2024-01-01,2025-12-31
批发和零售业,纺织业,2,2.219628626734692,0.1141392914825119,102,0.43658278992060795,False,2024-01-01,2025-12-31
住宿和餐饮业,纺织业,2,2.9277459141288804,0.058263434166249906,102,0.3708372828183065,False,2024-01-01,2025-12-31
黑色金属冶炼,纺织业,2,3.0872198008262823,0.05013965680414656,102,0.3409496662681966,False,2024-01-01,2025-12-31
非金属矿物制品业,纺织业,1,34.767263321825844,5.0622382619103234e-08,103,3.8726122703613974e-06,True,2024-01-01,2025-12-31
化学制品制造业,纺织业,1,0.30989579518829585,0.5789878401096845,103,0.7980643201511867,False,2024-01-01,2025-12-31
电子,纺织业,2,23.349062345148866,5.272914660459094e-09,102,8.067559430502413e-07,True,2024-01-01,2025-12-31
石化,纺织业,1,0.8500804834122969,0.3587486903560898,103,0.666804981267111,False,2024-01-01,2025-12-31
合计,电子,2,4.183927623534053,0.01807525014448108,102,0.15802932983460602,False,2024-01-01,2025-12-31
大工业电量,电子,3,9.376826060478672,1.7530903912765794e-05,101,0.0003352785373316458,True,2024-01-01,2025-12-31
非普工业,电子,3,8.560818791909853,4.3957557552487536e-05,101,0.0007912360359447757,True,2024-01-01,2025-12-31
居民生活,电子,2,1.0708728208060445,0.3467255770292287,102,0.6614205979074431,False,2024-01-01,2025-12-31
商业用电,电子,2,0.9804113452828522,0.37884294566047794,102,0.6739880312331759,False,2024-01-01,2025-12-31
农业,电子,2,1.5511530895791517,0.21721563790267517,102,0.5235325264532812,False,2024-01-01,2025-12-31
制造业,电子,2,14.813865985597568,2.4309775015218804e-06,102,7.438791154656954e-05,True,2024-01-01,2025-12-31
工业,电子,3,10.059633927306404,8.222480890385242e-06,101,0.0001756783465747258,True,2024-01-01,2025-12-31
交通仓储和邮政业,电子,2,0.7517218184883356,0.47428081429586155,102,0.7638417324975454,False,2024-01-01,2025-12-31
信息传输,电子,1,0.15518729591539968,0.6944654389250497,103,0.8500256972442609,False,2024-01-01,2025-12-31
批发和零售业,电子,2,1.4739667938441643,0.2340986252963937,102,0.5366785902158782,False,2024-01-01,2025-12-31
住宿和餐饮业,电子,2,2.136493277673573,0.12359151600630025,102,0.4481471214241576,False,2024-01-01,2025-12-31
黑色金属冶炼,电子,2,8.1432504808576,0.0005380073403691288,102,0.006585209846118136,True,2024-01-01,2025-12-31
非金属矿物制品业,电子,2,5.681114527439473,0.004643543343864853,102,0.045836266555569195,True,2024-01-01,2025-12-31
化学制品制造业,电子,1,0.1562942061043334,0.6934336138613711,103,0.8500256972442609,False,2024-01-01,2025-12-31
纺织业,电子,2,17.894337489564577,2.427273979588307e-07,102,1.4854916755080439e-05,True,2024-01-01,2025-12-31
石化,电子,2,0.19380433225573213,0.8241372948492911,102,0.8882523953040528,False,2024-01-01,2025-12-31
合计,石化,2,0.6519528559606674,0.5232950363060633,102,0.7682088173205248,False,2024-01-01,2025-12-31
大工业电量,石化,4,1.246145474025419,0.29711554903382287,100,0.5981405131865118,False,2024-01-01,2025-12-31
非普工业,石化,4,1.0518019335214144,0.38509315539283895,100,0.681147430926062,False,2024-01-01,2025-12-31
居民生活,石化,1,0.03013503014880116,0.8625351179673202,103,0.9077231907856185,False,2024-01-01,2025-12-31
商业用电,石化,4,0.6323392661752434,0.6406922522620314,100,0.8165855134970074,False,2024-01-01,2025-12-31
农业,石化,3,0.8062546984359875,0.49348782333001484,101,0.7682088173205248,False,2024-01-01,2025-12-31
制造业,石化,2,1.2880830098692397,0.280473724463447,102,0.5798983762555052,False,2024-01-01,2025-12-31
工业,石化,4,1.193776298291374,0.3189619312912677,100,0.6216710253192861,False,2024-01-01,2025-12-31
交通仓储和邮政业,石化,4,0.6444763257766094,0.6321849317419646,100,0.8094083226487078,False,2024-01-01,2025-12-31
信息传输,石化,1,0.4037787001491821,0.5265956358240931,103,0.7682088173205248,False,2024-01-01,2025-12-31
批发和零售业,石化,4,0.7758669937378552,0.5437062529518328,100,0.7774491280526208,False,2024-01-01,2025-12-31
住宿和餐饮业,石化,4,0.6622782919754405,0.6197967312916783,100,0.8094083226487078,False,2024-01-01,2025-12-31
黑色金属冶炼,石化,4,1.069943259261413,0.3760644628706816,100,0.6729574598738514,False,2024-01-01,2025-12-31
非金属矿物制品业,石化,4,1.1033366505481044,0.3598936127008642,100,0.666804981267111,False,2024-01-01,2025-12-31
化学制品制造业,石化,4,2.3404840965085936,0.06090900730691551,100,0.3727631247183229,False,2024-01-01,2025-12-31
纺织业,石化,2,1.6114180833170129,0.20490130255745131,102,0.5195700723035093,False,2024-01-01,2025-12-31
电子,石化,2,1.5416280258225359,0.21922998325885612,102,0.5235325264532812,False,2024-01-01,2025-12-31
大工业电量,合计,1,2.682462362218098,0.10351373889738791,156,0.19797002564125438,False,2023-01-01,2025-12-31
非普工业,合计,1,5.471498586311902,0.020622121341798638,156,0.0553541151806174,False,2023-01-01,2025-12-31
居民生活,合计,1,1.9151291856592745,0.16841010577616977,156,0.2834299225901764,False,2023-01-01,2025-12-31
商业用电,合计,3,2.3002347864213197,0.07972759042104283,154,0.16156716999231197,False,2023-01-01,2025-12-31
农业,合计,1,3.5832777085437706,0.06025225341371554,156,0.1298393629901194,False,2023-01-01,2025-12-31
制造业,合计,1,4.805472290828863,0.02988052331201252,156,0.07314752106780666,False,2023-01-01,2025-12-31
工业,合计,1,3.682957838159853,0.056832841684576474,156,0.12472045909821869,False,2023-01-01,2025-12-31
交通仓储和邮政业,合计,1,4.2033859773259294,0.042050169665009296,156,0.09897963013456033,False,2023-01-01,2025-12-31
信息传输,合计,1,6.208837113125707,0.01377794727210202,156,0.03977407420059639,True,2023-01-01,2025-12-31
批发和零售业,合计,1,1.293718019122297,0.25714202249237905,156,0.39106158775417044,False,2023-01-01,2025-12-31
住宿和餐饮业,合计,1,1.4523850767137547,0.23000631271969973,156,0.3609329830370673,False,2023-01-01,2025-12-31
黑色金属冶炼,合计,1,3.354376955227589,0.06897152029815556,156,0.14455674802216167,False,2023-01-01,2025-12-31
非金属矿物制品业,合计,2,1.8540123796841914,0.16017834606854975,155,0.276918496593086,False,2023-01-01,2025-12-31
化学制品制造业,合计,1,1.6130774335462699,0.20598787996701584,156,0.3367525209430794,False,2023-01-01,2025-12-31
纺织业,合计,1,11.726133322486975,0.0007911589637427108,156,0.0036681006500798407,True,2023-01-01,2025-12-31
电子,合计,1,0.25976317670465315,0.6110172705608348,156,0.6873944293809391,False,2023-01-01,2025-12-31
石化,合计,1,2.109085208317137,0.1484744706959289,156,0.2621079811355292,False,2023-01-01,2025-12-31
合计,大工业电量,1,2.7839412238018326,0.0972587642595909,156,0.19091228862398354,False,2023-01-01,2025-12-31
非普工业,大工业电量,2,4.617463277599959,0.011323209324945016,155,0.03396962797483505,True,2023-01-01,2025-12-31
居民生活,大工业电量,1,2.1242130596596116,0.1470366715872523,156,0.2621079811355292,False,2023-01-01,2025-12-31
商业用电,大工业电量,1,4.822365236898315,0.02959822378916921,156,0.07304077806036918,False,2023-01-01,2025-12-31
农业,大工业电量,1,5.194538445536974,0.024040830664122437,156,0.060797472588607154,False,2023-01-01,2025-12-31
制造业,大工业电量,1,12.785553459566833,0.0004678698925281166,156,0.0023091643082839303,True,2023-01-01,2025-12-31
工业,大工业电量,1,7.981991090815802,0.005355001522192704,156,0.01841157826731424,True,2023-01-01,2025-12-31
交通仓储和邮政业,大工业电量,1,7.909944050899056,0.005561370399780441,156,0.018700871893767197,True,2023-01-01,2025-12-31
信息传输,大工业电量,1,9.948897163223203,0.0019378204358635465,156,0.007802277018082174,True,2023-01-01,2025-12-31
批发和零售业,大工业电量,1,4.211608806597594,0.04185246820387223,156,0.09897963013456033,False,2023-01-01,2025-12-31
住宿和餐饮业,大工业电量,3,2.693941841207812,0.048252904672068664,154,0.11018946887800754,False,2023-01-01,2025-12-31
黑色金属冶炼,大工业电量,3,6.499754252909299,0.00036867411430729913,154,0.0019121064233565005,True,2023-01-01,2025-12-31
非金属矿物制品业,大工业电量,2,1.3959704941523943,0.25079035531162863,155,0.3837092436267918,False,2023-01-01,2025-12-31
化学制品制造业,大工业电量,1,5.268212276736903,0.02307711064152229,156,0.059341141649628754,False,2023-01-01,2025-12-31
纺织业,大工业电量,3,15.589782477596787,7.419988734547189e-09,154,2.27051655277144e-07,True,2023-01-01,2025-12-31
电子,大工业电量,1,32.33490039987565,6.394587170888144e-08,156,1.3976740530655514e-06,True,2023-01-01,2025-12-31
石化,大工业电量,1,5.992002962696823,0.015501731089474946,156,0.04351862122366361,True,2023-01-01,2025-12-31
合计,非普工业,1,21.984859126864272,6.039174375804812e-06,156,7.39194943598509e-05,True,2023-01-01,2025-12-31
大工业电量,非普工业,1,9.401997756083766,0.0025633580575629145,156,0.009683797106348788,True,2023-01-01,2025-12-31
居民生活,非普工业,1,14.505664823252026,0.00020185340402467666,156,0.0012476404771157856,True,2023-01-01,2025-12-31
商业用电,非普工业,1,22.340642640593778,5.136987478393529e-06,156,6.549659034951749e-05,True,2023-01-01,2025-12-31
农业,非普工业,1,23.180100139909857,3.5126523661999087e-06,156,4.8857801093507824e-05,True,2023-01-01,2025-12-31
制造业,非普工业,2,4.467987961359397,0.013037023719157603,155,0.037993611981545015,True,2023-01-01,2025-12-31
工业,非普工业,1,6.88110093095701,0.009592897265202738,156,0.029650773365172096,True,2023-01-01,2025-12-31
交通仓储和邮政业,非普工业,1,26.68158971420576,7.372050424558907e-07,156,1.0742130618642978e-05,True,2023-01-01,2025-12-31
信息传输,非普工业,1,29.121453821871867,2.5384727475596947e-07,156,4.7738558206500414e-06,True,2023-01-01,2025-12-31
批发和零售业,非普工业,1,20.21134362876882,1.3616504562219411e-05,156,0.00014880894271568357,True,2023-01-01,2025-12-31
住宿和餐饮业,非普工业,1,14.245318848102734,0.00022903112550742843,156,0.0013223306491560963,True,2023-01-01,2025-12-31
黑色金属冶炼,非普工业,2,9.21151475373536,0.00016855196016718477,155,0.0010973808470459263,True,2023-01-01,2025-12-31
非金属矿物制品业,非普工业,2,0.7643891962760079,0.46742321486730565,155,0.5830841370277166,False,2023-01-01,2025-12-31
化学制品制造业,非普工业,1,17.271521225644914,5.373913917350315e-05,156,0.00043274148913399903,True,2023-01-01,2025-12-31
纺织业,非普工业,2,17.88259438736162,1.0827281704539615e-07,155,2.2087654677260814e-06,True,2023-01-01,2025-12-31
电子,非普工业,1,29.02042965707631,2.6521421225833564e-07,156,4.7738558206500414e-06,True,2023-01-01,2025-12-31
石化,非普工业,1,18.685814797186215,2.7649317423050768e-05,156,0.00026518780689014065,True,2023-01-01,2025-12-31
合计,居民生活,2,0.2236501407375956,0.7998609814413723,155,0.838210480551575,False,2023-01-01,2025-12-31
大工业电量,居民生活,2,0.20180330162906795,0.8174771803775707,155,0.847959380323853,False,2023-01-01,2025-12-31
非普工业,居民生活,1,0.05623941041848016,0.8128588276604304,156,0.8460367389935092,False,2023-01-01,2025-12-31
商业用电,居民生活,2,1.1903706163080556,0.30696459985366176,155,0.43893068951037617,False,2023-01-01,2025-12-31
农业,居民生活,3,0.4479817020972095,0.7190966257227354,154,0.7690742211942063,False,2023-01-01,2025-12-31
制造业,居民生活,2,0.213901105605672,0.8076740867849928,155,0.8435094558232348,False,2023-01-01,2025-12-31
工业,居民生活,2,0.17518119062779144,0.8394763965110864,155,0.8620126756120552,False,2023-01-01,2025-12-31
交通仓储和邮政业,居民生活,2,0.9364295359149412,0.3943045321645894,155,0.5112592662812049,False,2023-01-01,2025-12-31
信息传输,居民生活,2,1.567846820930483,0.211890836423416,155,0.34125576813455416,False,2023-01-01,2025-12-31
批发和零售业,居民生活,2,1.112186916455074,0.3315352477708351,155,0.4632410311318518,False,2023-01-01,2025-12-31
住宿和餐饮业,居民生活,2,1.6349375310847927,0.19841941968994614,155,0.32643194852216945,False,2023-01-01,2025-12-31
黑色金属冶炼,居民生活,2,1.8210695784401005,0.16541258109941492,155,0.2827723453431339,False,2023-01-01,2025-12-31
非金属矿物制品业,居民生活,1,0.03741346316966324,0.8468822117845274,156,0.8667088856390147,False,2023-01-01,2025-12-31
化学制品制造业,居民生活,2,0.7686990895537862,0.4654333000056552,155,0.5830841370277166,False,2023-01-01,2025-12-31
纺织业,居民生活,2,0.3148690414206274,0.7303656824388625,155,0.7760135375912913,False,2023-01-01,2025-12-31
电子,居民生活,2,0.6345789277260756,0.5315758550598151,155,0.6263247611647845,False,2023-01-01,2025-12-31
石化,居民生活,2,0.780888374288233,0.45985174763248193,155,0.5814654329567747,False,2023-01-01,2025-12-31
合计,商业用电,3,4.000833721120705,0.008984014638490634,154,0.028052127340593206,True,2023-01-01,2025-12-31
大工业电量,商业用电,2,1.9803730602452747,0.14160999163168442,155,0.2579324847577109,False,2023-01-01,2025-12-31
非普工业,商业用电,2,4.126216564257503,0.01801211571538608,155,0.049211673293822686,True,2023-01-01,2025-12-31
居民生活,商业用电,1,0.2423681038238215,0.6232066340130588,156,0.6959898905401313,False,2023-01-01,2025-12-31
农业,商业用电,3,1.601624174201056,0.19153080855371496,154,0.31852406205128686,False,2023-01-01,2025-12-31
制造业,商业用电,2,2.343529089794958,0.09949377657643343,155,0.192690478686004,False,2023-01-01,2025-12-31
工业,商业用电,2,2.2849864789359944,0.1053075740851458,155,0.19891430660527537,False,2023-01-01,2025-12-31
交通仓储和邮政业,商业用电,4,0.6185294196123532,0.650005604014238,153,0.7154737943466073,False,2023-01-01,2025-12-31
信息传输,商业用电,4,0.7031948132188668,0.5909858841381889,153,0.6722739053765271,False,2023-01-01,2025-12-31
批发和零售业,商业用电,3,0.909266250863395,0.4382000716603984,154,0.5610427695735645,False,2023-01-01,2025-12-31
住宿和餐饮业,商业用电,1,0.03132745383162534,0.8597459084871765,156,0.8740274019836413,False,2023-01-01,2025-12-31
黑色金属冶炼,商业用电,1,0.8900440413205386,0.3469527240454384,156,0.47608759443006343,False,2023-01-01,2025-12-31
非金属矿物制品业,商业用电,2,1.4944030118482954,0.22770380324266015,155,0.3591616690322372,False,2023-01-01,2025-12-31
化学制品制造业,商业用电,4,0.4570304210859591,0.7671408137607741,153,0.812266743981996,False,2023-01-01,2025-12-31
纺织业,商业用电,2,2.3662302603551524,0.09732783341614848,155,0.19091228862398354,False,2023-01-01,2025-12-31
电子,商业用电,2,1.2398071380582416,0.29238869626153163,155,0.42605210026680324,False,2023-01-01,2025-12-31
石化,商业用电,1,0.04617929761869456,0.8301363731790259,156,0.8552920208511176,False,2023-01-01,2025-12-31
合计,农业,1,0.29955739119959723,0.5849574999436475,156,0.6704007302724949,False,2023-01-01,2025-12-31
大工业电量,农业,1,0.51545954272814,0.47387980106981387,156,0.5830841370277166,False,2023-01-01,2025-12-31
非普工业,农业,1,0.36441317487609515,0.5469593756778189,156,0.6412627163119256,False,2023-01-01,2025-12-31
居民生活,农业,1,0.17635532595292525,0.6751134411559465,156,0.730122174406624,False,2023-01-01,2025-12-31
商业用电,农业,1,0.7788754098891145,0.37886978880536315,156,0.5010685517753203,False,2023-01-01,2025-12-31
制造业,农业,1,0.5653264750195385,0.453277135104745,156,0.5779283472585498,False,2023-01-01,2025-12-31
工业,农业,1,0.5111228501431715,0.47574265182399245,156,0.5830841370277166,False,2023-01-01,2025-12-31
交通仓储和邮政业,农业,2,0.06918232462658253,0.9331862844499634,155,0.9362459116120944,False,2023-01-01,2025-12-31
信息传输,农业,3,0.8478485652600773,0.46983438086240314,154,0.5830841370277166,False,2023-01-01,2025-12-31
批发和零售业,农业,1,0.4022074417096112,0.5268985120402603,156,0.6263247611647845,False,2023-01-01,2025-12-31
住宿和餐饮业,农业,1,1.2622896820174094,0.2629779082569157,156,0.39254263378837173,False,2023-01-01,2025-12-31
黑色金属冶炼,农业,1,0.3920221126467877,0.5321713656955686,156,0.6263247611647845,False,2023-01-01,2025-12-31
非金属矿物制品业,农业,1,0.0350533048443907,0.8517320549487571,156,0.8687666960477323,False,2023-01-01,2025-12-31
化学制品制造业,农业,1,0.2131536470995276,0.6449625066602298,156,0.7124856571770048,False,2023-01-01,2025-12-31
纺织业,农业,1,0.738897903915492,0.3913589876583199,156,0.5095993626529612,False,2023-01-01,2025-12-31
电子,农业,1,0.2441199762177107,0.6219547622179378,156,0.6959898905401313,False,2023-01-01,2025-12-31
石化,农业,1,0.22728051386513076,0.6342278451310341,156,0.7031656543844074,False,2023-01-01,2025-12-31
合计,制造业,1,7.079627981671425,0.008628148443440842,156,0.027218695089617502,True,2023-01-01,2025-12-31
大工业电量,制造业,1,14.301700681373879,0.0002228447427914393,156,0.001311355601811162,True,2023-01-01,2025-12-31
非普工业,制造业,2,3.9345944696179047,0.02160434464955996,155,0.056503670621926044,False,2023-01-01,2025-12-31
居民生活,制造业,1,3.84538468628708,0.05169875087373588,156,0.11604956426224307,False,2023-01-01,2025-12-31
商业用电,制造业,1,7.92954400791449,0.005504429591598137,156,0.018700871893767197,True,2023-01-01,2025-12-31
农业,制造业,1,8.790476389868358,0.0035136689342559757,156,0.012649208163321513,True,2023-01-01,2025-12-31
工业,制造业,1,10.687819055274712,0.001332087034090268,156,0.005823123320451743,True,2023-01-01,2025-12-31
交通仓储和邮政业,制造业,1,11.5974801509475,0.0008436284382737913,156,0.0038529895837579125,True,2023-01-01,2025-12-31
信息传输,制造业,1,15.005140792685363,0.0001585515112600966,156,0.0010547122270780339,True,2023-01-01,2025-12-31
批发和零售业,制造业,1,7.207868221562972,0.00805886726555538,156,0.02568763940895778,True,2023-01-01,2025-12-31
住宿和餐饮业,制造业,3,3.472099811288154,0.017753244911593358,154,0.048941377864392496,True,2023-01-01,2025-12-31
黑色金属冶炼,制造业,2,8.638743898551411,0.00028121087590871063,155,0.0015096583864572886,True,2023-01-01,2025-12-31
非金属矿物制品业,制造业,4,1.7360953438896494,0.1452120975148523,153,0.26138177552673414,False,2023-01-01,2025-12-31
化学制品制造业,制造业,1,9.560841599220137,0.002362809511219921,156,0.009152148233332859,True,2023-01-01,2025-12-31
纺织业,制造业,1,47.491444444890206,1.353885892285689e-10,156,1.035722707598552e-08,True,2023-01-01,2025-12-31
电子,制造业,3,22.18203469434921,6.623812609518609e-12,154,1.0134433292563472e-09,True,2023-01-01,2025-12-31
石化,制造业,1,10.491105430719474,0.0014713613508614554,156,0.006253285741161185,True,2023-01-01,2025-12-31
合计,工业,1,5.239152901137835,0.02345230469997328,156,0.05980337698493187,False,2023-01-01,2025-12-31
大工业电量,工业,1,9.746115086934203,0.002149106769050002,156,0.00843111117088847,True,2023-01-01,2025-12-31
非普工业,工业,2,4.587423486376419,0.01164826796945373,155,0.034605533967503314,True,2023-01-01,2025-12-31
居民生活,工业,1,3.208673890237218,0.07522557846124889,156,0.15553396627798757,False,2023-01-01,2025-12-31
商业用电,工业,1,6.817001745160086,0.009927729254059159,156,0.030206028759124103,True,2023-01-01,2025-12-31
农业,工业,1,7.319186378951547,0.007596239584866771,156,0.024728184180523742,True,2023-01-01,2025-12-31
制造业,工业,1,11.808685362208273,0.0007592605039876688,156,0.003574364834157333,True,2023-01-01,2025-12-31
交通仓储和邮政业,工业,1,10.059264236579674,0.001831902206210323,156,0.007474161001338118,True,2023-01-01,2025-12-31
信息传输,工业,1,12.871029925436464,0.00044857142799670235,156,0.002250210769950671,True,2023-01-01,2025-12-31
批发和零售业,工业,1,5.96590509797929,0.01572384985341435,156,0.04374089141040719,True,2023-01-01,2025-12-31
住宿和餐饮业,工业,3,3.0170815644576376,0.03188090125502818,154,0.07742504590506843,False,2023-01-01,2025-12-31
黑色金属冶炼,工业,3,6.954269151756626,0.0002079400795192976,154,0.0012476404771157856,True,2023-01-01,2025-12-31
非金属矿物制品业,工业,2,1.4231542570834461,0.2441871795496039,155,0.37738018657666056,False,2023-01-01,2025-12-31
化学制品制造业,工业,1,7.2974760438630595,0.007684259617714573,156,0.024751404663375363,True,2023-01-01,2025-12-31
纺织业,工业,1,43.616755486905774,6.215268300024945e-10,156,3.8037441996152664e-08,True,2023-01-01,2025-12-31
电子,工业,3,17.137072199002812,1.3469935167265135e-09,154,5.8882859445473305e-08,True,2023-01-01,2025-12-31
石化,工业,1,8.102715980886604,0.005026726923510583,156,0.01747930043857089,True,2023-01-01,2025-12-31
合计,交通仓储和邮政业,1,2.4177643628448333,0.12203212942931141,156,0.2276940951546908,False,2023-01-01,2025-12-31
大工业电量,交通仓储和邮政业,1,1.5873190062223708,0.2096279501870606,156,0.33939763363619335,False,2023-01-01,2025-12-31
非普工业,交通仓储和邮政业,2,1.213199368361308,0.30014440625701944,155,0.4332273033709809,False,2023-01-01,2025-12-31
居民生活,交通仓储和邮政业,1,0.13558862082392112,0.7132154690848613,156,0.7657681878595354,False,2023-01-01,2025-12-31
商业用电,交通仓储和邮政业,4,1.6816958420377732,0.15740170450086466,153,0.27366432714354877,False,2023-01-01,2025-12-31
农业,交通仓储和邮政业,1,1.4299035568901068,0.23363015659915576,156,0.3647491220374575,False,2023-01-01,2025-12-31
制造业,交通仓储和邮政业,1,1.7708799573031606,0.1852530350009114,156,0.309767370001524,False,2023-01-01,2025-12-31
工业,交通仓储和邮政业,1,1.560213417637382,0.21354162910161156,156,0.3421138141627913,False,2023-01-01,2025-12-31
信息传输,交通仓储和邮政业,1,3.17041440771606,0.07696789574320828,156,0.1570145073161449,False,2023-01-01,2025-12-31
批发和零售业,交通仓储和邮政业,4,0.885338941970285,0.47443921840283243,153,0.5830841370277166,False,2023-01-01,2025-12-31
住宿和餐饮业,交通仓储和邮政业,4,1.8152346840525309,0.12904311205800423,153,0.2393163169075715,False,2023-01-01,2025-12-31
黑色金属冶炼,交通仓储和邮政业,1,0.8460989306963882,0.35910623953304155,156,0.48741641528981067,False,2023-01-01,2025-12-31
非金属矿物制品业,交通仓储和邮政业,2,0.656537855397014,0.520127709109471,155,0.6217151522949146,False,2023-01-01,2025-12-31
化学制品制造业,交通仓储和邮政业,1,1.4681024554465756,0.227513296237438,156,0.3591616690322372,False,2023-01-01,2025-12-31
纺织业,交通仓储和邮政业,1,1.9247004997415502,0.1673568977500035,156,0.2834299225901764,False,2023-01-01,2025-12-31
电子,交通仓储和邮政业,1,2.072676083798878,0.15200110033148317,156,0.2657847811510506,False,2023-01-01,2025-12-31
石化,交通仓储和邮政业,1,1.7018873884091823,0.19400024814187544,156,0.3208868969265615,False,2023-01-01,2025-12-31
合计,信息传输,2,1.3665073948703186,0.25815176707955045,155,0.39106158775417044,False,2023-01-01,2025-12-31
大工业电量,信息传输,2,0.542536087650938,0.5824084943166403,155,0.6699887190259096,False,2023-01-01,2025-12-31
非普工业,信息传输,2,0.9686382669792827,0.3819610877018781,155,0.5016312997286467,False,2023-01-01,2025-12-31
居民生活,信息传输,2,0.39371138967227715,0.6752437103172372,155,0.730122174406624,False,2023-01-01,2025-12-31
商业用电,信息传输,2,0.39732573707751295,0.6728203071120881,155,0.730122174406624,False,2023-01-01,2025-12-31
农业,信息传输,3,1.1630902606316742,0.325963932339537,154,0.46178223748101077,False,2023-01-01,2025-12-31
制造业,信息传输,1,0.2911204984728376,0.5902877455985556,156,0.6722739053765271,False,2023-01-01,2025-12-31
工业,信息传输,2,0.5974836680750061,0.5514984112319539,155,0.6416673529923114,False,2023-01-01,2025-12-31
交通仓储和邮政业,信息传输,1,0.2624841688726818,0.6091574025135222,156,0.6873944293809391,False,2023-01-01,2025-12-31
批发和零售业,信息传输,1,0.2865035687590046,0.5932470195106698,156,0.6723466221120924,False,2023-01-01,2025-12-31
住宿和餐饮业,信息传输,1,0.06603951656212804,0.7975382778959696,156,0.838210480551575,False,2023-01-01,2025-12-31
黑色金属冶炼,信息传输,1,0.4449498006551817,0.5057477663329433,156,0.6092866791255144,False,2023-01-01,2025-12-31
非金属矿物制品业,信息传输,2,0.3955914093033646,0.6739820640219158,155,0.730122174406624,False,2023-01-01,2025-12-31
化学制品制造业,信息传输,1,0.007882124241399925,0.9293718014080581,156,0.9362459116120944,False,2023-01-01,2025-12-31
纺织业,信息传输,1,0.3945202405388202,0.5308693262394732,156,0.6263247611647845,False,2023-01-01,2025-12-31
电子,信息传输,2,0.4207062537565966,0.657355251146412,155,0.7209702754509034,False,2023-01-01,2025-12-31
石化,信息传输,2,0.05905909101486421,0.9426729736875132,155,0.9426729736875132,False,2023-01-01,2025-12-31
合计,批发和零售业,3,3.9199918260328417,0.009969963740756649,154,0.030206028759124103,True,2023-01-01,2025-12-31
大工业电量,批发和零售业,2,3.344320046721786,0.037934213185519594,155,0.09068647839663278,False,2023-01-01,2025-12-31
非普工业,批发和零售业,2,5.901613753128184,0.0034104046210051697,155,0.01242361683366169,True,2023-01-01,2025-12-31
居民生活,批发和零售业,1,0.04706894937760385,0.8285333813028605,156,0.8552920208511176,False,2023-01-01,2025-12-31
商业用电,批发和零售业,3,1.3849366607842821,0.24972056959567446,154,0.3837092436267918,False,2023-01-01,2025-12-31
农业,批发和零售业,3,1.0760227399548967,0.36123689587340635,154,0.48741641528981067,False,2023-01-01,2025-12-31
制造业,批发和零售业,2,3.9394629539794996,0.021504640943576625,155,0.056503670621926044,False,2023-01-01,2025-12-31
工业,批发和零售业,2,3.742060508195132,0.02594696814337194,155,0.06455099391765702,False,2023-01-01,2025-12-31
交通仓储和邮政业,批发和零售业,1,0.44521982053379383,0.505618871535157,156,0.6092866791255144,False,2023-01-01,2025-12-31
信息传输,批发和零售业,4,1.3264629352017554,0.262937735620984,153,0.39254263378837173,False,2023-01-01,2025-12-31
住宿和餐饮业,批发和零售业,2,0.2446225362918728,0.7833117868343153,155,0.8265289888665535,False,2023-01-01,2025-12-31
黑色金属冶炼,批发和零售业,1,2.9582266670128083,0.08746360524882657,156,0.17389273402428151,False,2023-01-01,2025-12-31
非金属矿物制品业,批发和零售业,2,2.0005990463381034,0.13884714763416617,155,0.25441453398835234,False,2023-01-01,2025-12-31
化学制品制造业,批发和零售业,1,0.02965554058814453,0.8635017106688537,156,0.8749388194194345,False,2023-01-01,2025-12-31
纺织业,批发和零售业,1,6.493565254760179,0.011812019386601924,156,0.03475459550288643,True,2023-01-01,2025-12-31
电子,批发和零售业,2,1.97303941256425,0.1426254646542151,155,0.25824492416680367,False,2023-01-01,2025-12-31
石化,批发和零售业,1,0.007380259246251082,0.9316515255776784,156,0.9362459116120944,False,2023-01-01,2025-12-31
合计,住宿和餐饮业,1,2.2666504216825176,0.13424703010914418,156,0.24746741694818142,False,2023-01-01,2025-12-31
大工业电量,住宿和餐饮业,1,0.45889508834088594,0.4991638519621783,156,0.6061275345255023,False,2023-01-01,2025-12-31
非普工业,住宿和餐饮业,2,1.1238012459460218,0.32776287003915927,155,0.4621909595943905,False,2023-01-01,2025-12-31
居民生活,住宿和餐饮业,1,3.978433541465447,0.04786268016247208,156,0.11012015135125157,False,2023-01-01,2025-12-31
商业用电,住宿和餐饮业,1,2.103161964632764,0.14904179319471267,156,0.2621079811355292,False,2023-01-01,2025-12-31
农业,住宿和餐饮业,3,1.4781465129170186,0.22290611133992566,154,0.35525661494800653,False,2023-01-01,2025-12-31
制造业,住宿和餐饮业,1,0.5540193838122129,0.4578216739461418,156,0.5813005486619063,False,2023-01-01,2025-12-31
工业,住宿和餐饮业,1,0.4784349708793605,0.49018034397408283,156,0.5975903795062524,False,2023-01-01,2025-12-31
交通仓储和邮政业,住宿和餐饮业,1,0.8916858257538591,0.34650966442123277,156,0.47608759443006343,False,2023-01-01,2025-12-31
信息传输,住宿和餐饮业,1,2.7597899647790243,0.0987086881096525,156,0.19238763415002333,False,2023-01-01,2025-12-31
批发和零售业,住宿和餐饮业,1,0.6567227598644634,0.4189780117039257,156,0.5386860150479044,False,2023-01-01,2025-12-31
黑色金属冶炼,住宿和餐饮业,2,0.5935571773823908,0.5536509958112736,155,0.6417318360539763,False,2023-01-01,2025-12-31
非金属矿物制品业,住宿和餐饮业,2,0.3611228315634911,0.6974975943323807,155,0.7515290981186918,False,2023-01-01,2025-12-31
化学制品制造业,住宿和餐饮业,1,0.42383212624221245,0.5160076116643022,156,0.6192091339971627,False,2023-01-01,2025-12-31
纺织业,住宿和餐饮业,1,0.3440766028189845,0.5583499883517387,156,0.6447362129646491,False,2023-01-01,2025-12-31
电子,住宿和餐饮业,1,1.278230940415401,0.25999739125130783,156,0.39191724986650345,False,2023-01-01,2025-12-31
石化,住宿和餐饮业,1,0.5096548974618613,0.4763759289442129,156,0.5830841370277166,False,2023-01-01,2025-12-31
合计,黑色金属冶炼,1,10.390549197261246,0.0015482337270178448,156,0.006489856444759733,True,2023-01-01,2025-12-31
大工业电量,黑色金属冶炼,1,4.479928002263795,0.03591319474228416,156,0.08653100465463742,False,2023-01-01,2025-12-31
非普工业,黑色金属冶炼,2,3.964533581139829,0.020998543335535746,155,0.05587438487542555,False,2023-01-01,2025-12-31
居民生活,黑色金属冶炼,1,7.749481150853492,0.006051014693838286,156,0.020126201046896906,True,2023-01-01,2025-12-31
商业用电,黑色金属冶炼,1,13.29878770700703,0.00036351984998894693,156,0.0019121064233565005,True,2023-01-01,2025-12-31
农业,黑色金属冶炼,1,15.302900182645265,0.00013736897770533218,156,0.0009553387994961738,True,2023-01-01,2025-12-31
制造业,黑色金属冶炼,3,2.3541468669476693,0.0744477354324331,154,0.15497283702261583,False,2023-01-01,2025-12-31
工业,黑色金属冶炼,3,2.5628069206249258,0.05706164795343338,154,0.12472045909821869,False,2023-01-01,2025-12-31
交通仓储和邮政业,黑色金属冶炼,1,16.18435733000984,9.005474921153223e-05,156,0.0006721159331397283,True,2023-01-01,2025-12-31
信息传输,黑色金属冶炼,1,15.823913968479149,0.00010698389270968889,156,0.0007613272364922046,True,2023-01-01,2025-12-31
批发和零售业,黑色金属冶炼,1,14.46137793113876,0.00020623303139399862,156,0.0012476404771157856,True,2023-01-01,2025-12-31
住宿和餐饮业,黑色金属冶炼,1,10.299162100874074,0.0016216656170463528,156,0.006705806470488972,True,2023-01-01,2025-12-31
非金属矿物制品业,黑色金属冶炼,3,1.9822207186163392,0.11918010462523887,154,0.2237368835295895,False,2023-01-01,2025-12-31
化学制品制造业,黑色金属冶炼,1,10.566772665151285,0.0014161028499185546,156,0.006103203832043348,True,2023-01-01,2025-12-31
纺织业,黑色金属冶炼,3,2.7097330266695185,0.04728728346979427,154,0.10962052077088671,False,2023-01-01,2025-12-31
电子,黑色金属冶炼,1,11.895457759033258,0.0007271466969491769,156,0.0035318553851817164,True,2023-01-01,2025-12-31
石化,黑色金属冶炼,1,10.863088321065035,0.0012193874158109574,156,0.0054077181049007675,True,2023-01-01,2025-12-31
合计,非金属矿物制品业,1,8.455065913456465,0.004182164455900139,156,0.01478201345710358,True,2023-01-01,2025-12-31
大工业电量,非金属矿物制品业,4,3.2238919160129313,0.014391317593353548,153,0.04115647835108585,True,2023-01-01,2025-12-31
非普工业,非金属矿物制品业,2,6.26000029546773,0.00244812329633326,155,0.00936407160847472,True,2023-01-01,2025-12-31
居民生活,非金属矿物制品业,1,11.057362257806309,0.001105816658851011,156,0.0049761749648295495,True,2023-01-01,2025-12-31
商业用电,非金属矿物制品业,1,14.156557211963358,0.00023912743230258826,156,0.0013304180779016728,True,2023-01-01,2025-12-31
农业,非金属矿物制品业,1,16.358179230526467,8.289239619263533e-05,156,0.0006480847274366152,True,2023-01-01,2025-12-31
制造业,非金属矿物制品业,4,5.436518979905312,0.0004179796665143565,153,0.002131696299223218,True,2023-01-01,2025-12-31
工业,非金属矿物制品业,4,3.7503139432708967,0.0062081528614886805,153,0.02042682554425308,True,2023-01-01,2025-12-31
交通仓储和邮政业,非金属矿物制品业,1,19.902160863602894,1.57077054327992e-05,156,0.00016021859541455187,True,2023-01-01,2025-12-31
信息传输,非金属矿物制品业,1,20.43380053562536,1.2288948881833406e-05,156,0.00014066704469883895,True,2023-01-01,2025-12-31
批发和零售业,非金属矿物制品业,1,14.158918948319336,0.00023885299969639284,156,0.0013304180779016728,True,2023-01-01,2025-12-31
住宿和餐饮业,非金属矿物制品业,1,9.36008179564957,0.002619138785718733,156,0.009773859371096736,True,2023-01-01,2025-12-31
黑色金属冶炼,非金属矿物制品业,3,11.677136101068642,6.588465586432335e-07,154,1.0080352347241473e-05,True,2023-01-01,2025-12-31
化学制品制造业,非金属矿物制品业,1,13.863985495292793,0.000275738724191954,156,0.001506715171477463,True,2023-01-01,2025-12-31
纺织业,非金属矿物制品业,4,16.113961557832024,6.305922450877688e-11,153,6.432040899895242e-09,True,2023-01-01,2025-12-31
电子,非金属矿物制品业,1,14.57776636719414,0.0001949250031931804,156,0.001242646895356525,True,2023-01-01,2025-12-31
石化,非金属矿物制品业,1,16.04746459342818,9.613709656930425e-05,156,0.0007004274178620738,True,2023-01-01,2025-12-31
合计,化学制品制造业,4,2.1576752154181174,0.0767370148155212,153,0.1570145073161449,False,2023-01-01,2025-12-31
大工业电量,化学制品制造业,4,2.4026891198639744,0.05253853738172398,153,0.11649849593338794,False,2023-01-01,2025-12-31
非普工业,化学制品制造业,4,2.0939365132902488,0.08461291639172863,153,0.17033916063071686,False,2023-01-01,2025-12-31
居民生活,化学制品制造业,3,0.5789905771382337,0.6297015446915024,154,0.7006860824567264,False,2023-01-01,2025-12-31
商业用电,化学制品制造业,4,1.9647884519875478,0.1030059212748885,153,0.19797002564125438,False,2023-01-01,2025-12-31
农业,化学制品制造业,4,2.515009461673214,0.044097423944179925,153,0.1030061963886951,False,2023-01-01,2025-12-31
制造业,化学制品制造业,4,2.2679576554450307,0.06474564739399868,153,0.1366356420866455,False,2023-01-01,2025-12-31
工业,化学制品制造业,4,2.2859630531769395,0.06296804294703084,153,0.13474280518735274,False,2023-01-01,2025-12-31
交通仓储和邮政业,化学制品制造业,4,2.409845243537756,0.05195683105858595,153,0.11604956426224307,False,2023-01-01,2025-12-31
信息传输,化学制品制造业,4,1.1983176211798638,0.3141709311374844,153,0.4471456043166057,False,2023-01-01,2025-12-31
批发和零售业,化学制品制造业,4,2.32002462769204,0.05973347875262536,153,0.12963435814399546,False,2023-01-01,2025-12-31
住宿和餐饮业,化学制品制造业,4,2.071878758776366,0.08751464392071684,153,0.17389273402428151,False,2023-01-01,2025-12-31
黑色金属冶炼,化学制品制造业,4,1.956440487509859,0.10431736983103201,153,0.1982677960763714,False,2023-01-01,2025-12-31
非金属矿物制品业,化学制品制造业,4,2.2781101692297754,0.06373745148059573,153,0.13544208439626593,False,2023-01-01,2025-12-31
纺织业,化学制品制造业,4,2.862383547926152,0.025539708176247067,153,0.06405861231091478,False,2023-01-01,2025-12-31
电子,化学制品制造业,4,1.7186285649736774,0.14902683020650376,153,0.2621079811355292,False,2023-01-01,2025-12-31
石化,化学制品制造业,4,2.9307116073237305,0.02292335738405793,153,0.059341141649628754,False,2023-01-01,2025-12-31
合计,纺织业,1,20.07750471744189,1.4484591000174518e-05,156,0.00015283740848460008,True,2023-01-01,2025-12-31
大工业电量,纺织业,1,36.49913921671127,1.1154193124696121e-08,156,2.9356216657561163e-07,True,2023-01-01,2025-12-31
非普工业,纺织业,1,15.118419949961963,0.00015012593222962778,156,0.001020856339161469,True,2023-01-01,2025-12-31
居民生活,纺织业,1,8.445644295148085,0.004202729316235332,156,0.01478201345710358,True,2023-01-01,2025-12-31
商业用电,纺织业,1,17.296865635502144,5.309929081687148e-05,156,0.00043274148913399903,True,2023-01-01,2025-12-31
农业,纺织业,1,16.312487556550057,8.471695783485167e-05,156,0.0006480847274366152,True,2023-01-01,2025-12-31
制造业,纺织业,1,39.31621778278,3.507396484359049e-09,156,1.3415791552673362e-07,True,2023-01-01,2025-12-31
工业,纺织业,1,37.49402867528495,7.396767753853339e-09,156,2.27051655277144e-07,True,2023-01-01,2025-12-31
交通仓储和邮政业,纺织业,1,20.412212834970934,1.241179806166226e-05,156,0.00014066704469883895,True,2023-01-01,2025-12-31
信息传输,纺织业,1,22.54016793534446,4.692255806570955e-06,156,6.242740333959618e-05,True,2023-01-01,2025-12-31
批发和零售业,纺织业,1,18.613567610390884,2.859868505677987e-05,156,0.00026518780689014065,True,2023-01-01,2025-12-31
住宿和餐饮业,纺织业,4,5.0743449744163325,0.0007449131146050059,153,0.0035616158292051843,True,2023-01-01,2025-12-31
黑色金属冶炼,纺织业,2,6.11637278948654,0.002795474727395053,155,0.010306208031119111,True,2023-01-01,2025-12-31
非金属矿物制品业,纺织业,4,6.888804640563772,4.2088800850104136e-05,153,0.0003679763731466247,True,2023-01-01,2025-12-31
化学制品制造业,纺织业,1,17.592296295126193,4.618844968118374e-05,156,0.0003926018222900618,True,2023-01-01,2025-12-31
电子,纺织业,3,24.471862044741073,6.672440377997191e-13,154,2.0417667556671404e-10,True,2023-01-01,2025-12-31
石化,纺织业,1,18.45814400177675,3.0755057098930116e-05,156,0.00027679551389037105,True,2023-01-01,2025-12-31
合计,电子,3,3.602033248471332,0.015017275989975709,154,0.04254894863826451,True,2023-01-01,2025-12-31
大工业电量,电子,3,12.18202455536524,3.640804332460945e-07,154,6.189367365183607e-06,True,2023-01-01,2025-12-31
非普工业,电子,3,11.696841108985797,6.43718865211973e-07,154,1.0080352347241473e-05,True,2023-01-01,2025-12-31
居民生活,电子,4,1.085596218533557,0.3659578328809461,153,0.49115393360337495,False,2023-01-01,2025-12-31
商业用电,电子,4,1.159454881211348,0.3312918225272231,153,0.4632410311318518,False,2023-01-01,2025-12-31
农业,电子,3,1.7047785015725851,0.1685759670307585,154,0.2834299225901764,False,2023-01-01,2025-12-31
制造业,电子,3,15.196913222922731,1.1512241826494574e-08,154,2.9356216657561163e-07,True,2023-01-01,2025-12-31
工业,电子,3,13.821630964624998,5.4626668077872864e-08,154,1.2858277255253151e-06,True,2023-01-01,2025-12-31
交通仓储和邮政业,电子,4,1.0946001742016302,0.36158015121172227,153,0.48741641528981067,False,2023-01-01,2025-12-31
信息传输,电子,3,1.018296734556746,0.3864404164545202,154,0.505345159978988,False,2023-01-01,2025-12-31
批发和零售业,电子,3,1.4264812154436797,0.23741734202796672,154,0.3687802368556234,False,2023-01-01,2025-12-31
住宿和餐饮业,电子,4,2.4294555450102497,0.05039463638731001,153,0.11422784247790269,False,2023-01-01,2025-12-31
黑色金属冶炼,电子,1,18.67768065601544,2.775458294701494e-05,156,0.00026518780689014065,True,2023-01-01,2025-12-31
非金属矿物制品业,电子,3,5.1368872998709305,0.0020873758086026317,154,0.008295285680940328,True,2023-01-01,2025-12-31
化学制品制造业,电子,2,0.7725730937955296,0.46365196555549903,155,0.5830841370277166,False,2023-01-01,2025-12-31
纺织业,电子,3,17.50347179804279,9.041528636899443e-10,154,4.611179604818716e-08,True,2023-01-01,2025-12-31
石化,电子,2,0.9741320591242878,0.37989511114991603,155,0.5010685517753203,False,2023-01-01,2025-12-31
合计,石化,4,1.0797629373580335,0.36881665050943335,153,0.49282923605190654,False,2023-01-01,2025-12-31
大工业电量,石化,4,1.280426359059558,0.28044611306616496,153,0.4145725149673743,False,2023-01-01,2025-12-31
非普工业,石化,4,1.1316551295170312,0.34400906233883066,153,0.47608759443006343,False,2023-01-01,2025-12-31
居民生活,石化,3,0.44482675434774427,0.7213212466756118,154,0.7690742211942063,False,2023-01-01,2025-12-31
商业用电,石化,4,1.0187328228035202,0.3998049868893476,153,0.5162039071229552,False,2023-01-01,2025-12-31
农业,石化,3,1.53895506739254,0.20689370567744747,154,0.3367525209430794,False,2023-01-01,2025-12-31
制造业,石化,2,1.3062590244500925,0.273894033247989,155,0.40685230181497395,False,2023-01-01,2025-12-31
工业,石化,4,1.2254780217343817,0.3026525189352962,153,0.43479657649859454,False,2023-01-01,2025-12-31
交通仓储和邮政业,石化,4,1.2579672422613162,0.28934759891370676,153,0.4236381113282022,False,2023-01-01,2025-12-31
信息传输,石化,2,0.599106194191672,0.5506113864919338,155,0.6416673529923114,False,2023-01-01,2025-12-31
批发和零售业,石化,4,1.2363194983543828,0.2981558871138522,153,0.4323966893689042,False,2023-01-01,2025-12-31
住宿和餐饮业,石化,4,1.125890793501881,0.34669568968630426,153,0.47608759443006343,False,2023-01-01,2025-12-31
黑色金属冶炼,石化,4,1.1201836001980936,0.3493725972713755,153,0.4772679230582183,False,2023-01-01,2025-12-31
非金属矿物制品业,石化,4,1.2580921325209833,0.2892974359227116,153,0.4236381113282022,False,2023-01-01,2025-12-31
化学制品制造业,石化,4,3.0486633320134477,0.01901420169671786,153,0.051489785125625354,False,2023-01-01,2025-12-31
纺织业,石化,4,1.6627320464482143,0.16186954883896698,153,0.2782701232849657,False,2023-01-01,2025-12-31
电子,石化,3,1.0389086979119577,0.3772703301779595,154,0.5010685517753203,False,2023-01-01,2025-12-31
