date,manufacturing_total,industry_sum,closure_error,abs_error,relative_abs_error
2022-01-01,323832545.0,323832545.0185,-0.01849997043609619,0.01849997043609619,5.712820011989898e-11
2022-01-02,358241767.1,358241767.06049997,0.03950005769729614,0.03950005769729614,1.1026089452676814e-10
2022-01-03,383195607.4,383195607.3814,0.018599987030029297,0.018599987030029297,4.853914468443695e-11
2022-01-04,395232353.8,395232353.8187001,-0.018700063228607178,0.018700063228607178,4.731410029774535e-11
2022-01-05,394823827.4,394823827.40639997,-0.006399989128112793,0.006399989128112793,1.6209733769762836e-11
2022-01-06,390987909.8,390987909.84090006,-0.04090005159378052,0.04090005159378052,1.046069470912845e-10
2022-01-07,391364996.3,391364996.2812,0.018800020217895508,0.018800020217895508,4.803705082373895e-11
2022-01-08,387119482.8,387119482.7995,0.000500023365020752,0.000500023365020752,1.291651253003668e-12
2022-01-09,378043354.4,378043354.3806001,0.01939988136291504,0.01939988136291504,5.13165517582103e-11
2022-01-10,382109202.2,382109202.1753,0.02469998598098755,0.02469998598098755,6.464117021724935e-11
2022-01-11,372177316.6,372177316.6329,-0.03289997577667236,0.03289997577667236,8.839865921230182e-11
2022-01-12,363051426.3,363051426.2939999,0.006000101566314697,0.006000101566314697,1.6526864051917092e-11
2022-01-13,360673720.5,360673720.5279,-0.027899980545043945,0.027899980545043945,7.735517992928998e-11
2022-01-14,358592568.7,358592568.701,-0.0009999871253967285,0.0009999871253967285,2.7886443074433086e-12
2022-01-15,349420201.2,349420201.1560999,0.04390007257461548,0.04390007257461548,1.2563690486082715e-10
2022-01-16,333895503.7,333895503.66889995,0.031100034713745117,0.031100034713745117,9.314301740848844e-11
2022-01-17,337193517.4,337193517.3606,0.03939998149871826,0.03939998149871826,1.168467940977037e-10
2022-01-18,329117956.8,329117956.84669995,-0.04669994115829468,0.04669994115829468,1.418942363776083e-10
2022-01-19,321123707.8,321123707.8142,-0.014199972152709961,0.014199972152709961,4.421963189822748e-11
2022-01-20,314241503.7,314241503.67689997,0.02310001850128174,0.02310001850128174,7.351039957896478e-11
2022-01-21,307179648.9,307179648.87210006,0.02789992094039917,0.02789992094039917,9.082607210571355e-11
2022-01-22,296050971.6,296050971.54749995,0.05250006914138794,0.05250006914138794,1.7733456119955506e-10
2022-01-23,278980263.2,278980263.2587,-0.05870002508163452,0.05870002508163452,2.1040923973733826e-10
2022-01-24,270385348.7,270385348.70140004,-0.0014000535011291504,0.0014000535011291504,5.177993215462826e-12
2022-01-25,246743124.4,246743124.36089998,0.03910002112388611,0.03910002112388611,1.5846448090079427e-10
2022-01-26,229755104.1,229755104.07520002,0.024799972772598267,0.024799972772598267,1.079409002456989e-10
2022-01-27,215347153.0,215347153.0402,-0.040199995040893555,0.040199995040893555,1.8667530302057698e-10
2022-01-28,197773353.4,197773353.431,-0.030999988317489624,0.030999988317489624,1.567450204213892e-10
2022-01-29,184805195.0,184805194.9823,0.017699986696243286,0.017699986696243286,9.577645637203698e-11
2022-01-30,175938027.5,175938027.5458,-0.04580000042915344,0.04580000042915344,2.603189377529735e-10
2022-01-31,167203207.2,167203207.23890004,-0.03890004754066467,0.03890004754066467,2.3265132405106567e-10
2022-02-01,163366579.3,163366579.345,-0.04499998688697815,0.04499998688697815,2.754540560241635e-10
2022-02-02,163418594.9,163418594.90410003,-0.004100024700164795,0.004100024700164795,2.5089095293431597e-11
2022-02-03,168164172.6,168164172.564,0.03599998354911804,0.03599998354911804,2.1407641706624757e-10
2022-02-04,176061491.3,176061491.2764,0.023600012063980103,0.023600012063980103,1.3404414497300182e-10
2022-02-05,178340224.9,178340224.85939997,0.04060003161430359,0.04060003161430359,2.276549311130962e-10
2022-02-06,190581814.7,190581814.68429998,0.01570001244544983,0.01570001244544983,8.237938373167264e-11
2022-02-07,210024459.9,210024459.90670002,-0.006700009107589722,0.006700009107589722,3.190108957204237e-11
2022-02-08,229558733.0,229558732.99939996,0.0006000399589538574,0.0006000399589538574,2.613884260085446e-12
2022-02-09,245259600.9,245259600.90719995,-0.0071999430656433105,0.0071999430656433105,2.935641678948565e-11
2022-02-10,259101827.5,259101827.5433,-0.04330000281333923,0.04330000281333923,1.6711577541204041e-10
2022-02-11,272195866.0,272195866.0403,-0.04030001163482666,0.04030001163482666,1.480551935892614e-10
2022-02-12,279024339.7,279024339.69009995,0.009900033473968506,0.009900033473968506,3.5480895625853914e-11
2022-02-13,282458240.2,282458240.20960003,-0.009600043296813965,0.009600043296813965,3.398747825525101e-11
2022-02-14,295450310.6,295450310.6252,-0.025199949741363525,0.025199949741363525,8.529336012606488e-11
2022-02-15,289681589.6,289681589.6353,-0.03529995679855347,0.03529995679855347,1.2185778477429848e-10
2022-02-16,311988353.7,311988353.71050006,-0.010500073432922363,0.010500073432922363,3.3655337798342834e-11
2022-02-17,334303425.3,334303425.29779994,0.0022000670433044434,0.0022000670433044434,6.581048463174222e-12
2022-02-18,346685401.9,346685401.95049995,-0.05049997568130493,0.05049997568130493,1.4566513445487228e-10
2022-02-19,350407327.8,350407327.76830006,0.031699955463409424,0.031699955463409424,9.046601754145571e-11
2022-02-20,343966503.3,343966503.2801,0.019900023937225342,0.019900023937225342,5.785454032966977e-11
2022-02-21,359918427.8,359918427.7583,0.041700005531311035,0.041700005531311035,1.1585960126076943e-10
2022-02-22,373217370.9,373217370.8518999,0.048100054264068604,0.048100054264068604,1.2887946278619638e-10
2022-02-23,380380508.6,380380508.6336001,-0.0336000919342041,0.0336000919342041,8.833284349366396e-11
2022-02-24,380627186.7,380627186.6672,0.03279995918273926,0.03279995918273926,8.617345352314862e-11
2022-02-25,386870799.1,386870799.1320999,-0.032099902629852295,0.032099902629852295,8.297318563336432e-11
2022-02-26,384903291.4,384903291.3992,0.0007999539375305176,0.0007999539375305176,2.0783244919025332e-12
2022-02-27,376390054.5,376390054.54059994,-0.040599942207336426,0.040599942207336426,1.0786667108212984e-10
2022-02-28,389919814.5,389919814.4868,0.013199985027313232,0.013199985027313232,3.385307577723325e-11
2022-03-01,382240545.2,382240545.2415999,-0.041599929332733154,0.041599929332733154,1.088318072353282e-10
2022-03-02,396720571.7,396720571.6806,0.01940000057220459,0.01940000057220459,4.8900919075290265e-11
2022-03-03,404544442.0,404544442.0113,-0.01130002737045288,0.01130002737045288,2.793272184036799e-11
2022-03-04,406812644.0,406812644.0023,-0.0023000240325927734,0.0023000240325927734,5.65376732143255e-12
2022-03-05,406498953.0,406498953.0112001,-0.01120007038116455,0.01120007038116455,2.7552519627681675e-11
2022-03-06,391981024.8,391981024.8025,-0.002499997615814209,0.002499997615814209,6.3778536654670456e-12
2022-03-07,409505778.5,409505778.4595999,0.04040008783340454,0.04040008783340454,9.865572100444619e-11
2022-03-08,415969288.4,415969288.38350004,0.01649993658065796,0.01649993658065796,3.966623748624313e-11
2022-03-09,416992799.5,416992799.53720003,-0.03720003366470337,0.03720003366470337,8.921025425213216e-11
2022-03-10,417672782.0,417672782.06099993,-0.060999929904937744,0.060999929904937744,1.4604717504656012e-10
2022-03-11,419903496.7,419903496.6869,0.013099968433380127,0.013099968433380127,3.11975692899252e-11
2022-03-12,415421438.7,415421438.7485001,-0.048500120639801025,0.048500120639801025,1.1674920002100756e-10
2022-03-13,403736894.0,403736894.0454001,-0.04540008306503296,0.04540008306503296,1.1244967636035006e-10
2022-03-14,422559956.5,422559956.4728,0.027199983596801758,0.027199983596801758,6.436952479381883e-11
2022-03-15,418989462.5,418989462.49920005,0.0007999539375305176,0.0007999539375305176,1.909245957541277e-12
2022-03-16,415580116.4,415580116.41910005,-0.019100069999694824,0.019100069999694824,4.596001888913958e-11
2022-03-17,424669529.7,424669529.7106,-0.010600030422210693,0.010600030422210693,2.496065688936734e-11
2022-03-18,426386799.9,426386799.89479995,0.005200028419494629,0.005200028419494629,1.219556614021397e-11
2022-03-19,417923433.4,417923433.4399,-0.039900004863739014,0.039900004863739014,9.547204505651684e-11
2022-03-20,392144123.1,392144123.119,-0.018999993801116943,0.018999993801116943,4.8451558194770615e-11
2022-03-21,399211096.1,399211096.06400007,0.035999953746795654,0.035999953746795654,9.017773829056565e-11
2022-03-22,396638211.2,396638211.231,-0.03100001811981201,0.03100001811981201,7.81569128854825e-11
2022-03-23,391787862.1,391787862.14250004,-0.04250001907348633,0.04250001907348633,1.0847712036223984e-10
2022-03-24,415032977.4,415032977.45539993,-0.055399954319000244,0.055399954319000244,1.3348325876670504e-10
2022-03-25,409214888.8,409214888.78080004,0.01919996738433838,0.01919996738433838,4.691903425273997e-11
2022-03-26,376790224.0,376790224.0181,-0.01810002326965332,0.01810002326965332,4.803740149493189e-11
2022-03-27,360456117.6,360456117.56820005,0.03179997205734253,0.03179997205734253,8.822147968821857e-11
2022-03-28,376572008.7,376572008.7011,-0.001100003719329834,0.001100003719329834,2.9210979412072112e-12
2022-03-29,381975097.3,381975097.31149995,-0.011499941349029541,0.011499941349029541,3.010652115888483e-11
2022-03-30,386759606.1,386759606.12249994,-0.022499918937683105,0.022499918937683105,5.817546243923301e-11
2022-03-31,368773982.6,368773982.56640005,0.03359997272491455,0.03359997272491455,9.11126443574508e-11
2022-04-01,389990231.3,389990231.2470999,0.05290013551712036,0.05290013551712036,1.3564477074408289e-10
2022-04-02,402920426.4,402920426.35260004,0.047399938106536865,0.047399938106536865,1.1764094099185851e-10
2022-04-03,373727161.6,373727161.5746,0.02540004253387451,0.02540004253387451,6.796413304596834e-11
2022-04-04,360348670.4,360348670.4283,-0.028300046920776367,0.028300046920776367,7.853517785805148e-11
2022-04-05,327709392.4,327709392.433,-0.033000051975250244,0.033000051975250244,1.0069913386849343e-10
2022-04-06,367648231.2,367648231.19659996,0.0034000277519226074,0.0034000277519226074,9.24804599446855e-12
2022-04-07,396319869.4,396319869.36460006,0.0353999137878418,0.0353999137878418,8.932157209638453e-11
2022-04-08,399787429.3,399787429.3291999,-0.02919989824295044,0.02919989824295044,7.303856025207553e-11
2022-04-09,397699302.0,397699302.01040006,-0.010400056838989258,0.010400056838989258,2.6150553412309628e-11
2022-04-10,383637236.0,383637235.9797001,0.020299911499023438,0.020299911499023438,5.291434092967826e-11
2022-04-11,398592352.7,398592352.7121,-0.012100040912628174,0.012100040912628174,3.035693191468541e-11
2022-04-12,404567538.8,404567538.75400007,0.04599994421005249,0.04599994421005249,1.1370152026159665e-10
2022-04-13,408649519.3,408649519.28309995,0.016900062561035156,0.016900062561035156,4.135588508701607e-11
2022-04-14,406753479.3,406753479.3054999,-0.005499899387359619,0.005499899387359619,1.3521456280655887e-11
2022-04-15,401804478.3,401804478.30579996,-0.0057999491691589355,0.0057999491691589355,1.4434754917859599e-11
2022-04-16,395834089.0,395834089.0444,-0.04439997673034668,0.04439997673034668,1.1216814813124061e-10
2022-04-17,381768681.5,381768681.54080003,-0.04080003499984741,0.04080003499984741,1.0687108968588197e-10
2022-04-18,404010273.2,404010273.23219997,-0.032199978828430176,0.032199978828430176,7.970089120107596e-11
2022-04-19,411554446.9,411554446.8632,0.03679996728897095,0.03679996728897095,8.941700804392632e-11
2022-04-20,409679874.5,409679874.4998999,0.00010007619857788086,0.00010007619857788086,2.4427902078426567e-13
2022-04-21,418130389.5,418130389.4545,0.045499980449676514,0.045499980449676514,1.08817683651469e-10
2022-04-22,420148297.3,420148297.2532,0.04680001735687256,0.04680001735687256,1.1138928244532614e-10
2022-04-23,419332302.7,419332302.7271,-0.027100026607513428,0.027100026607513428,6.462661338757251e-11
2022-04-24,415677970.7,415677970.70159996,-0.0015999674797058105,0.0015999674797058105,3.849055260281106e-12
2022-04-25,424921884.6,424921884.6517,-0.05169999599456787,0.05169999599456787,1.2166941235148582e-10
2022-04-26,432910854.9,432910854.86950004,0.030499935150146484,0.030499935150146484,7.045315404990665e-11
2022-04-27,433083904.6,433083904.6132999,-0.013299882411956787,0.013299882411956787,3.070971299254511e-11
2022-04-28,428072925.7,428072925.72170013,-0.021700143814086914,0.021700143814086914,5.0692633220384286e-11
2022-04-29,425936108.7,425936108.7243001,-0.024300098419189453,0.024300098419189453,5.705104104311749e-11
2022-04-30,391570291.5,391570291.4700999,0.029900074005126953,0.029900074005126953,7.635940380100811e-11
2022-05-01,322312267.9,322312267.8604001,0.03959989547729492,0.03959989547729492,1.228618933288047e-10
2022-05-02,342340625.1,342340625.1068,-0.0067999958992004395,0.0067999958992004395,1.986324555320922e-11
2022-05-03,372926999.9,372926999.91650003,-0.01650005578994751,0.01650005578994751,4.424473367273484e-11
2022-05-04,398500294.4,398500294.4528,-0.052799999713897705,0.052799999713897705,1.324967646345049e-10
2022-05-05,414928293.4,414928293.4398,-0.039800047874450684,0.039800047874450684,9.592030359829563e-11
2022-05-06,422458853.0,422458852.9876999,0.012300074100494385,0.012300074100494385,2.911543695474263e-11
2022-05-07,423047781.8,423047781.80509996,-0.005099952220916748,0.005099952220916748,1.2055262881221773e-11
2022-05-08,407312978.8,407312978.78209996,0.017900049686431885,0.017900049686431885,4.394667152313165e-11
2022-05-09,419530246.4,419530246.4222,-0.022200047969818115,0.022200047969818115,5.291644204516196e-11
2022-05-10,422683983.6,422683983.56039995,0.03960007429122925,0.03960007429122925,9.368718907670777e-11
2022-05-11,417337911.6,417337911.60950005,-0.00950002670288086,0.00950002670288086,2.276339253833765e-11
2022-05-12,415654630.9,415654630.9150999,-0.015099942684173584,0.015099942684173584,3.632809924787388e-11
2022-05-13,411488311.5,411488311.47179997,0.02820003032684326,0.02820003032684326,6.853178945483428e-11
2022-05-14,401234454.6,401234454.5611,0.038900017738342285,0.038900017738342285,9.695084081730373e-11
2022-05-15,378059753.5,378059753.4706,0.029399991035461426,0.029399991035461426,7.776546105022371e-11
2022-05-16,390245648.3,390245648.33119994,-0.031199932098388672,0.031199932098388672,7.994946832668799e-11
2022-05-17,401270369.8,401270369.74959993,0.05040007829666138,0.05040007829666138,1.2560129551001146e-10
2022-05-18,409448767.9,409448767.8798,0.020199954509735107,0.020199954509735107,4.933451042809966e-11
2022-05-19,418839473.2,418839473.2056,-0.005600035190582275,0.005600035190582275,1.3370361555937215e-11
2022-05-20,415968159.8,415968159.78809994,0.011900067329406738,0.011900067329406738,2.860812071560564e-11
2022-05-21,411909131.3,411909131.252,0.0480000376701355,0.0480000376701355,1.165306472295131e-10
2022-05-22,393436063.3,393436063.3161,-0.016099989414215088,0.016099989414215088,4.092148868910027e-11
2022-05-23,411017982.2,411017982.2351001,-0.03510010242462158,0.03510010242462158,8.539797270364193e-11
2022-05-24,415223949.3,415223949.26759994,0.03240007162094116,0.03240007162094116,7.803035368157933e-11
2022-05-25,415337067.5,415337067.4865999,0.013400077819824219,0.013400077819824219,3.226313967227165e-11
2022-05-26,414942869.1,414942869.1035999,-0.003599882125854492,0.003599882125854492,8.675609087252277e-12
2022-05-27,413068104.0,413068103.95480007,0.0451999306678772,0.0451999306678772,1.09424887155841e-10
2022-05-28,410250307.7,410250307.71959996,-0.019599974155426025,0.019599974155426025,4.777564766571417e-11
2022-05-29,400484411.0,400484411.02970004,-0.029700040817260742,0.029700040817260742,7.416029189026471e-11
2022-05-30,421624979.0,421624978.9793001,0.020699918270111084,0.020699918270111084,4.909556905097666e-11
2022-05-31,421990251.1,421990251.1097999,-0.00979989767074585,0.00979989767074585,2.32230428195924e-11
2022-06-01,410465774.0,410465773.952,0.04799997806549072,0.04799997806549072,1.169402690941309e-10
2022-06-02,400664138.8,400664138.7987,0.001300036907196045,0.001300036907196045,3.2447049318905624e-12
2022-06-03,316100935.4,316100935.43710005,-0.03710007667541504,0.03710007667541504,1.1736781679708702e-10
2022-06-04,350265166.1,350265166.0903,0.009700000286102295,0.009700000286102295,2.7693305600742962e-11
2022-06-05,384324367.9,384324367.93870014,-0.0387001633644104,0.0387001633644104,1.0069661618354646e-10
2022-06-06,404460325.3,404460325.27260005,0.027399957180023193,0.027399957180023193,6.77444868287139e-11
2022-06-07,403405382.7,403405382.669,0.030999958515167236,0.030999958515167236,7.68456739661824e-11
2022-06-08,402853081.6,402853081.6324,-0.03239995241165161,0.03239995241165161,8.04262245753952e-11
2022-06-09,396463786.7,396463786.6901999,0.009800076484680176,0.009800076484680176,2.4718717858828784e-11
2022-06-10,395863169.7,395863169.7380001,-0.03800010681152344,0.03800010681152344,9.599303426060411e-11
2022-06-11,390761618.1,390761618.11149997,-0.011499941349029541,0.011499941349029541,2.942955709147101e-11
2022-06-12,374624941.4,374624941.37409997,0.02590000629425049,0.02590000629425049,6.91358300850454e-11
2022-06-13,392534533.8,392534533.8071999,-0.007199883460998535,0.007199883460998535,1.8342038320294497e-11
2022-06-14,394979505.7,394979505.67300004,0.026999950408935547,0.026999950408935547,6.835785153228406e-11
2022-06-15,390342434.0,390342434.04199994,-0.0419999361038208,0.0419999361038208,1.0759766923987773e-10
2022-06-16,387939913.6,387939913.6379999,-0.037999868392944336,0.037999868392944336,9.795297431582542e-11
2022-06-17,393276564.6,393276564.58699995,0.013000071048736572,0.013000071048736572,3.305579894382695e-11
2022-06-18,392805996.1,392805996.0624,0.037600040435791016,0.037600040435791016,9.572165600603217e-11
2022-06-19,376907276.7,376907276.6838,0.016200006008148193,0.016200006008148193,4.298140951267072e-11
2022-06-20,399840284.8,399840284.86499995,-0.06499993801116943,0.06499993801116943,1.6256475518389144e-10
2022-06-21,407598283.7,407598283.66700006,0.03299993276596069,0.03299993276596069,8.096190314248052e-11
2022-06-22,410507904.6,410507904.65000004,-0.050000011920928955,0.050000011920928955,1.2180036330761792e-10
2022-06-23,415823182.3,415823182.337,-0.03700000047683716,0.03700000047683716,8.898012917938548e-11
2022-06-24,420873090.0,420873090.00000006,-5.960464477539063e-08,5.960464477539063e-08,1.4162142030841322e-16
2022-06-25,410431717.7,410431717.66599995,0.03400003910064697,0.03400003910064697,8.283969692005842e-11
2022-06-26,383906964.6,383906964.5786,0.021400034427642822,0.021400034427642822,5.574276166086209e-11
2022-06-27,412787292.9,412787292.8920001,0.007999897003173828,0.007999897003173828,1.938019202812972e-11
2022-06-28,418554671.1,418554671.0909999,0.009000122547149658,0.009000122547149658,2.1502860124572285e-11
2022-06-29,417428004.5,417428004.53400004,-0.03400003910064697,0.03400003910064697,8.14512652100872e-11
2022-06-30,407939783.2,407939783.2439999,-0.04399991035461426,0.04399991035461426,1.0785883644263862e-10
2022-07-01,395418414.6,395418414.652,-0.05199998617172241,0.05199998617172241,1.3150623302236672e-10
2022-07-02,393325866.0,393325866.0,0.0,0.0,0.0
2022-07-03,376860328.0,376860328.0,0.0,0.0,0.0
2022-07-04,402552032.0,402552032.0,0.0,0.0,0.0
2022-07-05,412086075.0,412086075.0,0.0,0.0,0.0
2022-07-06,409052900.0,409052900.0,0.0,0.0,0.0
2022-07-07,415858552.0,415858552.0,0.0,0.0,0.0
2022-07-08,420505481.0,420505481.0,0.0,0.0,0.0
2022-07-09,415101679.0,415101679.0,0.0,0.0,0.0
2022-07-10,397482169.0,397482169.0,0.0,0.0,0.0
2022-07-11,422263266.0,422263266.0,0.0,0.0,0.0
2022-07-12,427158090.0,427158090.0,0.0,0.0,0.0
2022-07-13,426601874.0,426601874.0,0.0,0.0,0.0
2022-07-14,426445268.0,426445268.0,0.0,0.0,0.0
2022-07-15,417718616.0,417718616.0,0.0,0.0,0.0
2022-07-16,404249672.0,404249672.0,0.0,0.0,0.0
2022-07-17,389742910.0,389742910.0,0.0,0.0,0.0
2022-07-18,418707293.0,418707293.0,0.0,0.0,0.0
2022-07-19,423432201.0,423432201.0,0.0,0.0,0.0
2022-07-20,426728636.0,426728636.0,0.0,0.0,0.0
2022-07-21,430175457.0,430175457.0,0.0,0.0,0.0
2022-07-22,429062641.0,429062641.0,0.0,0.0,0.0
2022-07-23,418969750.0,418969750.0,0.0,0.0,0.0
2022-07-24,396877783.0,396877783.0,0.0,0.0,0.0
2022-07-25,420186647.0,420186647.0,0.0,0.0,0.0
2022-07-26,424440003.0,424440003.0,0.0,0.0,0.0
2022-07-27,424648235.0,424648235.0,0.0,0.0,0.0
2022-07-28,422074783.0,422074783.0,0.0,0.0,0.0
2022-07-29,419530197.0,419530197.0,0.0,0.0,0.0
2022-07-30,403539634.0,403539634.0,0.0,0.0,0.0
2022-07-31,376624014.0,376624014.0,0.0,0.0,0.0
2022-08-01,391869121.0,391869121.0,0.0,0.0,0.0
2022-08-02,409225461.0,409225461.0,0.0,0.0,0.0
2022-08-03,412805563.0,412805563.0,0.0,0.0,0.0
2022-08-04,413358997.0,413358997.0,0.0,0.0,0.0
2022-08-05,416037098.0,416037098.0,0.0,0.0,0.0
2022-08-06,412745182.0,412745182.0,0.0,0.0,0.0
2022-08-07,390538146.0,390538146.0,0.0,0.0,0.0
2022-08-08,414089687.0,414089687.0,0.0,0.0,0.0
2022-08-09,423683177.0,423683177.0,0.0,0.0,0.0
2022-08-10,426547865.0,426547865.0,0.0,0.0,0.0
2022-08-11,428236676.0,428236676.0,0.0,0.0,0.0
2022-08-12,425475570.0,425475570.0,0.0,0.0,0.0
2022-08-13,419148008.0,419148008.0,0.0,0.0,0.0
2022-08-14,405476699.0,405476699.0,0.0,0.0,0.0
2022-08-15,428261280.0,428261280.0,0.0,0.0,0.0
2022-08-16,427909886.0,427909886.0,0.0,0.0,0.0
2022-08-17,435255375.0,435255375.0,0.0,0.0,0.0
2022-08-18,433959650.0,433959650.0,0.0,0.0,0.0
2022-08-19,431777875.0,431777875.0,0.0,0.0,0.0
2022-08-20,420983096.0,420983096.0,0.0,0.0,0.0
2022-08-21,403835418.0,403835418.0,0.0,0.0,0.0
2022-08-22,430381297.0,430381297.0,0.0,0.0,0.0
2022-08-23,438398538.0,438398538.0,0.0,0.0,0.0
2022-08-24,434918363.0,434918363.0,0.0,0.0,0.0
2022-08-25,435914627.0,435914627.0,0.0,0.0,0.0
2022-08-26,433166811.0,433166811.0,0.0,0.0,0.0
2022-08-27,425955859.0,425955859.0,0.0,0.0,0.0
2022-08-28,404878265.0,404878265.0,0.0,0.0,0.0
2022-08-29,428740195.0,428740195.0,0.0,0.0,0.0
2022-08-30,434357355.0,434357355.0,0.0,0.0,0.0
2022-08-31,421588079.0,421588079.0,0.0,0.0,0.0
2022-09-01,401626154.0,401626154.0,0.0,0.0,0.0
2022-09-02,412680327.0,412680327.0,0.0,0.0,0.0
2022-09-03,415143183.0,415143183.0,0.0,0.0,0.0
2022-09-04,403294993.0,403294993.0,0.0,0.0,0.0
2022-09-05,427067332.0,427067332.0,0.0,0.0,0.0
2022-09-06,428842279.0,428842279.0,0.0,0.0,0.0
2022-09-07,424719707.0,424719707.0,0.0,0.0,0.0
2022-09-08,423028694.0,423028694.0,0.0,0.0,0.0
2022-09-09,413565767.0,413565767.0,0.0,0.0,0.0
2022-09-10,324172279.0,324172279.0,0.0,0.0,0.0
2022-09-11,354817583.0,354817583.0,0.0,0.0,0.0
2022-09-12,399494374.0,399494374.0,0.0,0.0,0.0
2022-09-13,418611191.0,418611191.0,0.0,0.0,0.0
2022-09-14,425116534.0,425116534.0,0.0,0.0,0.0
2022-09-15,424978041.0,424978041.0,0.0,0.0,0.0
2022-09-16,422123826.0,422123826.0,0.0,0.0,0.0
2022-09-17,418201600.0,418201600.0,0.0,0.0,0.0
2022-09-18,404287871.0,404287871.0,0.0,0.0,0.0
2022-09-19,425727073.0,425727073.0,0.0,0.0,0.0
2022-09-20,421775414.0,421775414.0,0.0,0.0,0.0
2022-09-21,417279886.0,417279886.0,0.0,0.0,0.0
2022-09-22,418871692.0,418871692.0,0.0,0.0,0.0
2022-09-23,418410172.0,418410172.0,0.0,0.0,0.0
2022-09-24,407676715.0,407676715.0,0.0,0.0,0.0
2022-09-25,395164147.0,395164147.0,0.0,0.0,0.0
2022-09-26,413985059.0,413985059.0,0.0,0.0,0.0
2022-09-27,417008855.0,417008855.0,0.0,0.0,0.0
2022-09-28,419486670.0,419486670.0,0.0,0.0,0.0
2022-09-29,417338437.0,417338437.0,0.0,0.0,0.0
2022-09-30,405156263.0,405156263.0,0.0,0.0,0.0
2022-10-01,306570544.0,306570544.0,0.0,0.0,0.0
2022-10-02,315862011.0,315862011.0,0.0,0.0,0.0
2022-10-03,346255554.0,346255554.0,0.0,0.0,0.0
2022-10-04,377376570.0,377376570.0,0.0,0.0,0.0
2022-10-05,389656454.0,389656454.0,0.0,0.0,0.0
2022-10-06,400320772.0,400320772.0,0.0,0.0,0.0
2022-10-07,406000428.0,406000428.0,0.0,0.0,0.0
2022-10-08,409038946.0,409038946.0,0.0,0.0,0.0
2022-10-09,401793428.0,401793428.0,0.0,0.0,0.0
2022-10-10,409772202.0,409772202.0,0.0,0.0,0.0
2022-10-11,408592242.0,408592242.0,0.0,0.0,0.0
2022-10-12,407196725.0,407196725.0,0.0,0.0,0.0
2022-10-13,406503905.0,406503905.0,0.0,0.0,0.0
2022-10-14,414080729.0,414080729.0,0.0,0.0,0.0
2022-10-15,407686337.0,407686337.0,0.0,0.0,0.0
2022-10-16,383162171.0,383162171.0,0.0,0.0,0.0
2022-10-17,404231196.0,404231196.0,0.0,0.0,0.0
2022-10-18,404927923.0,404927923.0,0.0,0.0,0.0
2022-10-19,404321648.0,404321648.0,0.0,0.0,0.0
2022-10-20,407668100.0,407668100.0,0.0,0.0,0.0
2022-10-21,407996603.0,407996603.0,0.0,0.0,0.0
2022-10-22,404474571.0,404474571.0,0.0,0.0,0.0
2022-10-23,386439789.0,386439789.0,0.0,0.0,0.0
2022-10-24,398118731.0,398118731.0,0.0,0.0,0.0
2022-10-25,401622399.0,401622399.0,0.0,0.0,0.0
2022-10-26,399673477.0,399673477.0,0.0,0.0,0.0
2022-10-27,401310450.0,401310450.0,0.0,0.0,0.0
2022-10-28,400274329.0,400274329.0,0.0,0.0,0.0
2022-10-29,393780335.0,393780335.0,0.0,0.0,0.0
2022-10-30,372506593.0,372506593.0,0.0,0.0,0.0
2022-10-31,380589824.0,380589824.0,0.0,0.0,0.0
2022-11-01,379502340.9,379502340.9182,-0.018200039863586426,0.018200039863586426,4.795764848360235e-11
2022-11-02,385090014.3,385090014.29039997,0.009600043296813965,0.009600043296813965,2.4929348828388887e-11
2022-11-03,390003023.0,390003023.0555001,-0.0555000901222229,0.0555000901222229,1.4230682033001293e-10
2022-11-04,389875406.5,389875406.46800005,0.031999945640563965,0.031999945640563965,8.20773639656698e-11
2022-11-05,389000432.7,389000432.68859994,0.011400043964385986,0.011400043964385986,2.9305993017179456e-11
2022-11-06,382087403.7,382087403.7483999,-0.048399925231933594,0.048399925231933594,1.2667239161313812e-10
2022-11-07,387262705.1,387262705.0714,0.028600037097930908,0.028600037097930908,7.385177224991425e-11
2022-11-08,390185886.7,390185886.74139994,-0.04139995574951172,0.04139995574951172,1.0610316046962168e-10
2022-11-09,402408663.2,402408663.2006,-0.0006000399589538574,0.0006000399589538574,1.4911208774241355e-12
2022-11-10,400766838.1,400766838.1083,-0.008299946784973145,0.008299946784973145,2.0710163606156773e-11
2022-11-11,406439265.9,406439265.8892001,0.010799884796142578,0.010799884796142578,2.6571952324113718e-11
2022-11-12,404725115.0,404725114.97309995,0.026900053024291992,0.026900053024291992,6.646499569045027e-11
2022-11-13,388356858.8,388356858.7828,0.017199993133544922,0.017199993133544922,4.428914474870328e-11
2022-11-14,403688009.5,403688009.5454999,-0.04549992084503174,0.04549992084503174,1.1271060763332317e-10
2022-11-15,402516182.7,402516182.7205,-0.020500004291534424,0.020500004291534424,5.0929640030928436e-11
2022-11-16,397865529.6,397865529.6358,-0.03579998016357422,0.03579998016357422,8.998010005934985e-11
2022-11-17,400292756.9,400292756.9047,-0.004700005054473877,0.004700005054473877,1.1741419182481033e-11
2022-11-18,402879294.6,402879294.5912,0.008800029754638672,0.008800029754638672,2.184284442658144e-11
2022-11-19,397825855.5,397825855.51200014,-0.01200014352798462,0.01200014352798462,3.0164312756651934e-11
2022-11-20,385987613.4,385987613.36010003,0.03989994525909424,0.03989994525909424,1.0337105097138395e-10
2022-11-21,402926552.4,402926552.38920003,0.010799944400787354,0.010799944400787354,2.6803754521657465e-11
2022-11-22,394840717.6,394840717.667,-0.06699997186660767,0.06699997186660767,1.6968860829212427e-10
2022-11-23,395769229.9,395769229.87709993,0.022900044918060303,0.022900044918060303,5.78621155663024e-11
2022-11-24,389969546.4,389969546.4425,-0.04250001907348633,0.04250001907348633,1.0898291793763087e-10
2022-11-25,380042485.2,380042485.1771,0.022899985313415527,0.022899985313415527,6.02563823919956e-11
2022-11-26,385710120.5,385710120.5106,-0.010599970817565918,0.010599970817565918,2.748170259008259e-11
2022-11-27,376278477.9,376278477.8921,0.007899999618530273,0.007899999618530273,2.0995087634615612e-11
2022-11-28,388776896.5,388776896.52059996,-0.020599961280822754,0.020599961280822754,5.298658810818187e-11
2022-11-29,398106790.8,398106790.8411,-0.04109996557235718,0.04109996557235718,1.0323854433572042e-10
2022-11-30,382781585.1,382781585.11239994,-0.012399911880493164,0.012399911880493164,3.239422261458513e-11
2022-12-01,358845330.3,358845330.3190001,-0.019000113010406494,0.019000113010406494,5.294791768509881e-11
2022-12-02,363941543.8,363941543.81100005,-0.01100003719329834,0.01100003719329834,3.022473630914553e-11
2022-12-03,365692607.0,365692607.0149,-0.014900028705596924,0.014900028705596924,4.074468124425858e-11
2022-12-04,356130910.6,356130910.5928001,0.0071999430656433105,0.0071999430656433105,2.021712480254251e-11
2022-12-05,379226935.0,379226934.9628001,0.03719991445541382,0.03719991445541382,9.809407249886883e-11
2022-12-06,388075686.4,388075686.38879997,0.011200010776519775,0.011200010776519775,2.8860377418686378e-11
2022-12-07,388922119.5,388922119.50879997,-0.008799970149993896,0.008799970149993896,2.2626561228523533e-11
2022-12-08,384087014.1,384087014.0733999,0.026600122451782227,0.026600122451782227,6.925545898528265e-11
2022-12-09,381480034.9,381480034.9188999,-0.018899917602539062,0.018899917602539062,4.954366119708841e-11
2022-12-10,379914165.1,379914165.14579993,-0.04579991102218628,0.04579991102218628,1.2055331237815506e-10
2022-12-11,368550108.0,368550108.0034,-0.0034000277519226074,0.0034000277519226074,9.225415155549506e-12
2022-12-12,385067078.9,385067078.8444,0.055599987506866455,0.055599987506866455,1.44390394696155e-10
2022-12-13,389751395.6,389751395.5909999,0.009000122547149658,0.009000122547149658,2.3091957203371866e-11
2022-12-14,390915269.9,390915269.907,-0.00700002908706665,0.00700002908706665,1.790676810567499e-11
2022-12-15,389108342.0,389108341.964,0.03600001335144043,0.03600001335144043,9.251925354877236e-11
2022-12-16,377720545.1,377720545.06859994,0.031400084495544434,0.031400084495544434,8.313046484466813e-11
2022-12-17,374656834.9,374656834.8681,0.031899988651275635,0.031899988651275635,8.514455277398073e-11
2022-12-18,362715320.1,362715320.12729996,-0.027299940586090088,0.027299940586090088,7.526547425282048e-11
2022-12-19,374032667.1,374032667.1165999,-0.01659989356994629,0.01659989356994629,4.4380865710609714e-11
2022-12-20,375232758.0,375232757.974,0.026000022888183594,0.026000022888183594,6.929038665697624e-11
2022-12-21,371250378.2,371250378.2525999,-0.05259990692138672,0.05259990692138672,1.4168310663120753e-10
2022-12-22,363170200.7,363170200.6616,0.03839999437332153,0.03839999437332153,1.0573553198832575e-10
2022-12-23,370460166.6,370460166.59950006,0.0004999637603759766,0.0004999637603759766,1.3495749488117206e-12
2022-12-24,361019154.7,361019154.7189001,-0.01890009641647339,0.01890009641647339,5.2352059912663103e-11
2022-12-25,345030638.4,345030638.44070005,-0.04070007801055908,0.04070007801055908,1.1796076487379878e-10
2022-12-26,346051892.1,346051892.1126,-0.01260000467300415,0.01260000467300415,3.64107376975794e-11
2022-12-27,340997545.7,340997545.73690003,-0.03690004348754883,0.03690004348754883,1.082120500656402e-10
2022-12-28,329847100.2,329847100.16899997,0.03100001811981201,0.03100001811981201,9.398299424495596e-11
2022-12-29,327478659.6,327478659.59499997,0.005000054836273193,0.005000054836273193,1.526833791973049e-11
2022-12-30,327835897.4,327835897.42329997,-0.023299992084503174,0.023299992084503174,7.107211952470943e-11
2022-12-31,313795026.5,313795026.51979995,-0.01979994773864746,0.01979994773864746,6.309834785940261e-11
2023-01-01,263978839.5,263978839.4509,0.049100011587142944,0.049100011587142944,1.859998008936733e-10
2023-01-02,286625495.9,286625495.8715,0.028499960899353027,0.028499960899353027,9.94327486808651e-11
2023-01-03,300607859.8,300607859.80489993,-0.004899919033050537,0.004899919033050537,1.6300036320775326e-11
2023-01-04,301156547.5,301156547.4639,0.03609997034072876,0.03609997034072876,1.1987111235138849e-10
2023-01-05,298375021.1,298375021.06549996,0.034500062465667725,0.034500062465667725,1.1562651035089519e-10
2023-01-06,294766927.5,294766927.5418,-0.04180002212524414,0.04180002212524414,1.4180702862346773e-10
2023-01-07,292136899.9,292136899.8584,0.04159998893737793,0.04159998893737793,1.4239895388640677e-10
2023-01-08,279484857.5,279484857.51579994,-0.01579993963241577,0.01579993963241577,5.653236377006855e-11
2023-01-09,281838847.7,281838847.71239996,-0.01239997148513794,0.01239997148513794,4.399667251810844e-11
2023-01-10,271660840.7,271660840.70189995,-0.0018999576568603516,0.0018999576568603516,6.993859151597449e-12
2023-01-11,259633299.5,259633299.5386,-0.038599997758865356,0.038599997758865356,1.4867121372027766e-10
2023-01-12,249560346.1,249560346.0828,0.017199993133544922,0.017199993133544922,6.892117839367318e-11
2023-01-13,246412436.0,246412435.9761,0.023900002241134644,0.023900002241134644,9.699186708715726e-11
2023-01-14,232043758.3,232043758.32210004,-0.02210003137588501,0.02210003137588501,9.524079224450748e-11
2023-01-15,215560863.8,215560863.77699998,0.02300003170967102,0.02300003170967102,1.0669855048925175e-10
2023-01-16,201621354.0,201621353.97079995,0.029200047254562378,0.029200047254562378,1.448261638723167e-10
2023-01-17,191811769.9,191811769.87330002,0.026699990034103394,0.026699990034103394,1.3919891385196688e-10
2023-01-18,180450574.2,180450574.15769997,0.042300015687942505,0.042300015687942505,2.344133061115109e-10
2023-01-19,170225501.2,170225501.21440002,-0.01440003514289856,0.01440003514289856,8.459387718870503e-11
2023-01-20,161934491.7,161934491.66099998,0.039000004529953,0.039000004529953,2.408381569641411e-10
2023-01-21,154640962.1,154640962.09599996,0.004000037908554077,0.004000037908554077,2.5866612922179158e-11
2023-01-22,152591519.8,152591519.7488,0.05120000243186951,0.05120000243186951,3.355363554867058e-10
2023-01-23,154297853.0,154297852.97230002,0.027699977159500122,0.027699977159500122,1.7952276471079685e-10
2023-01-24,158626624.8,158626624.7866,0.013400018215179443,0.013400018215179443,8.447521487691291e-11
2023-01-25,166469522.2,166469522.2225,-0.02250000834465027,0.02250000834465027,1.351599262573619e-10
2023-01-26,171818190.9,171818190.94369996,-0.043699949979782104,0.043699949979782104,2.5433831977206613e-10
2023-01-27,179084289.9,179084289.9385999,-0.03859990835189819,0.03859990835189819,2.15540449547262e-10
2023-01-28,191042842.6,191042842.64350003,-0.043500036001205444,0.043500036001205444,2.2769780541993172e-10
2023-01-29,206447842.2,206447842.156,0.04399999976158142,0.04399999976158142,2.131288915044975e-10
2023-01-30,224030150.8,224030150.84170002,-0.041700005531311035,0.041700005531311035,1.861356847835101e-10
2023-01-31,238470721.1,238470721.0679,0.03209999203681946,0.03209999203681946,1.3460768638074732e-10
2023-02-01,251964791.6,251964791.5935,0.0065000057220458984,0.0065000057220458984,2.579727778936991e-11
2023-02-02,271023492.3,271023492.2749,0.025099992752075195,0.025099992752075195,9.2611871166842e-11
2023-02-03,280642929.0,280642929.0167,-0.016700029373168945,0.016700029373168945,5.950632511097026e-11
2023-02-04,288368202.3,288368202.2664,0.033600032329559326,0.033600032329559326,1.1651781320398142e-10
2023-02-05,277507737.4,277507737.3934001,0.006599903106689453,0.006599903106689453,2.3782771495038876e-11
2023-02-06,298532627.4,298532627.3882,0.011799991130828857,0.011799991130828857,3.9526638121930315e-11
2023-02-07,319234072.7,319234072.6822,0.017799973487854004,0.017799973487854004,5.575837609471442e-11
2023-02-08,330166190.4,330166190.4118001,-0.011800110340118408,0.011800110340118408,3.573991124234266e-11
2023-02-09,339096573.5,339096573.47070014,0.02929985523223877,0.02929985523223877,8.640563639384215e-11
2023-02-10,347967095.6,347967095.62020004,-0.020200014114379883,0.020200014114379883,5.805150650681202e-11
2023-02-11,350477495.4,350477495.41990006,-0.019900083541870117,0.019900083541870117,5.6779918263106024e-11
2023-02-12,344589414.6,344589414.5597001,0.040299952030181885,0.040299952030181885,1.1695063841981953e-10
2023-02-13,361810944.6,361810944.5821001,0.017899930477142334,0.017899930477142334,4.94731592404746e-11
2023-02-14,370384074.2,370384074.17230004,0.027699947357177734,0.027699947357177734,7.478709071659576e-11
2023-02-15,375248989.2,375248989.1876,0.01239997148513794,0.01239997148513794,3.304464993116613e-11
2023-02-16,379266595.1,379266595.10789996,-0.007899940013885498,0.007899940013885498,2.0829517062536305e-11
2023-02-17,379195496.0,379195496.04059994,-0.040599942207336426,0.040599942207336426,1.070686298640436e-10
2023-02-18,384165985.7,384165985.73870003,-0.03870004415512085,0.03870004415512085,1.0073782061835686e-10
2023-02-19,374528776.4,374528776.4449,-0.04490000009536743,0.04490000009536743,1.19883979348529e-10
2023-02-20,385321619.4,385321619.4441999,-0.04419994354248047,0.04419994354248047,1.1470922293772668e-10
2023-02-21,396985659.4,396985659.3384001,0.06159985065460205,0.06159985065460205,1.5516895685275744e-10
2023-02-22,400984751.8,400984751.8082,-0.008199989795684814,0.008199989795684814,2.0449629964420045e-11
2023-02-23,405478668.7,405478668.6601,0.039900004863739014,0.039900004863739014,9.840222912751962e-11
2023-02-24,407011196.6,407011196.59519994,0.004800081253051758,0.004800081253051758,1.1793486992863128e-11
2023-02-25,404094555.2,404094555.2378,-0.03780001401901245,0.03780001401901245,9.35424977461128e-11
2023-02-26,394262097.5,394262097.46819997,0.031800031661987305,0.031800031661987305,8.065708538464646e-11
2023-02-27,405138283.4,405138283.441,-0.04100000858306885,0.04100000858306885,1.0120003530396765e-10
2023-02-28,408361630.2,408361630.20860004,-0.008600056171417236,0.008600056171417236,2.1059902633862188e-11
2023-03-01,392368516.0,392368515.9712,0.028800010681152344,0.028800010681152344,7.340041187492307e-11
2023-03-02,406534400.1,406534400.0963999,0.0036001205444335938,0.0036001205444335938,8.855635694170112e-12
2023-03-03,413606546.9,413606546.9107,-0.010700047016143799,0.010700047016143799,2.5870110365372943e-11
2023-03-04,410353770.7,410353770.6947,0.005299985408782959,0.005299985408782959,1.2915649342619673e-11
2023-03-05,395260149.6,395260149.57260007,0.027399957180023193,0.027399957180023193,6.932132472183629e-11
2023-03-06,412265310.1,412265310.12299997,-0.022999942302703857,0.022999942302703857,5.5789176870411286e-11
2023-03-07,417919500.1,417919500.0671,0.03290003538131714,0.03290003538131714,7.872337943897042e-11
2023-03-08,417696401.0,417696401.0387,-0.038699984550476074,0.038699984550476074,9.265098875122e-11
2023-03-09,419501420.9,419501420.85340005,0.04659992456436157,0.04659992456436157,1.1108406847439495e-10
2023-03-10,417064754.0,417064753.9466999,0.05330008268356323,0.05330008268356323,1.277980989099914e-10
2023-03-11,414143559.2,414143559.2138,-0.01380002498626709,0.01380002498626709,3.332183896068446e-11
2023-03-12,398574940.3,398574940.2354,0.06459999084472656,0.06459999084472656,1.6207740204665987e-10
2023-03-13,416373151.3,416373151.25549996,0.04450005292892456,0.04450005292892456,1.068754140126147e-10
2023-03-14,420034365.5,420034365.481,0.018999993801116943,0.018999993801116943,4.52343792834659e-11
2023-03-15,416959291.4,416959291.40449995,-0.004499971866607666,0.004499971866607666,1.0792353017241496e-11
2023-03-16,414657160.3,414657160.2755,0.024500012397766113,0.024500012397766113,5.908498572661959e-11
2023-03-17,420039292.7,420039292.7282,-0.02820003032684326,0.02820003032684326,6.713664844442126e-11
2023-03-18,418431638.5,418431638.53919995,-0.03919994831085205,0.03919994831085205,9.368304091769115e-11
2023-03-19,402258448.7,402258448.7318,-0.031800031661987305,0.031800031661987305,7.905373215841e-11
2023-03-20,416213605.7,416213605.73130006,-0.03130006790161133,0.03130006790161133,7.520193350952566e-11
2023-03-21,417926203.0,417926203.0353,-0.03530001640319824,0.03530001640319824,8.446471207070555e-11
2023-03-22,422936622.9,422936622.9170999,-0.01709991693496704,0.01709991693496704,4.043139328468649e-11
2023-03-23,424153346.0,424153345.99319994,0.006800055503845215,0.006800055503845215,1.6032068514780063e-11
2023-03-24,420011401.3,420011401.273,0.027000010013580322,0.027000010013580322,6.428399307735725e-11
2023-03-25,409549411.1,409549411.0567,0.04330003261566162,0.04330003261566162,1.0572602826936801e-10
2023-03-26,390950533.5,390950533.48660004,0.013399958610534668,0.013399958610534668,3.427533015640371e-11
2023-03-27,411224735.7,411224735.6719,0.028100013732910156,0.028100013732910156,6.833249873716231e-11
2023-03-28,416550973.5,416550973.51879996,-0.018799960613250732,0.018799960613250732,4.51324371067656e-11
2023-03-29,419826891.9,419826891.9018998,-0.0018998384475708008,0.0018998384475708008,4.525290028403731e-12
2023-03-30,415406836.3,415406836.332,-0.03200000524520874,0.03200000524520874,7.703292880355696e-11
2023-03-31,407822065.8,407822065.806,-0.0059999823570251465,0.0059999823570251465,1.4712255319621664e-11
2023-04-01,396081386.5,396081386.4902,0.0098000168800354,0.0098000168800354,2.4742432272907126e-11
2023-04-02,395215030.4,395215030.38189995,0.01810002326965332,0.01810002326965332,4.579791221840464e-11
2023-04-03,409597860.1,409597860.1674,-0.06739997863769531,0.06739997863769531,1.6455158877353547e-10
2023-04-04,404309263.8,404309263.7808,0.019200026988983154,0.019200026988983154,4.7488466646860825e-11
2023-04-05,343657511.4,343657511.4328,-0.03280001878738403,0.03280001878738403,9.544391639735315e-11
2023-04-06,388988134.6,388988134.55539995,0.044600069522857666,0.044600069522857666,1.146566323127576e-10
2023-04-07,408661346.3,408661346.348,-0.04799997806549072,0.04799997806549072,1.1745661413803923e-10
2023-04-08,408098763.7,408098763.6426,0.05739998817443848,0.05739998817443848,1.4065219814445245e-10
2023-04-09,398691628.3,398691628.2867999,0.013200104236602783,0.013200104236602783,3.310855633685445e-11
2023-04-10,415902530.5,415902530.5008,-0.000800013542175293,0.000800013542175293,1.923560169767452e-12
2023-04-11,424759814.5,424759814.5201,-0.020099997520446777,0.020099997520446777,4.732085483205892e-11
2023-04-12,424172831.3,424172831.3198,-0.019800007343292236,0.019800007343292236,4.667910314437019e-11
2023-04-13,424291536.6,424291536.60330003,-0.003300011157989502,0.003300011157989502,7.777697345635675e-12
2023-04-14,426431466.7,426431466.68960005,0.010399937629699707,0.010399937629699707,2.4388297866902483e-11
2023-04-15,419934326.2,419934326.1931,0.006900012493133545,0.006900012493133545,1.643117045365639e-11
2023-04-16,399610124.5,399610124.47499985,0.025000154972076416,0.025000154972076416,6.256136528912299e-11
2023-04-17,426481299.0,426481298.9979999,0.002000093460083008,0.002000093460083008,4.689756537444349e-12
2023-04-18,432861728.1,432861728.08449996,0.015500068664550781,0.015500068664550781,3.580836017216552e-11
2023-04-19,420323515.0,420323515.0501999,-0.050199925899505615,0.050199925899505615,1.1943163803125698e-10
2023-04-20,426133327.4,426133327.3843,0.01569998264312744,0.01569998264312744,3.684288844272977e-11
2023-04-21,421731620.7,421731620.6984,0.0015999674797058105,0.0015999674797058105,3.79380487773278e-12
2023-04-22,416005244.2,416005244.2224,-0.02240002155303955,0.02240002155303955,5.384552686617202e-11
2023-04-23,414830712.4,414830712.4083,-0.00830000638961792,0.00830000638961792,2.0008177170871208e-11
2023-04-24,427735395.8,427735395.8108,-0.010800004005432129,0.010800004005432129,2.5249264174718852e-11
2023-04-25,428730350.2,428730350.15849996,0.0415000319480896,0.0415000319480896,9.679751370233084e-11
2023-04-26,422075702.7,422075702.73050004,-0.030500054359436035,0.030500054359436035,7.226204722121768e-11
2023-04-27,425117912.1,425117912.0639001,0.036099910736083984,0.036099910736083984,8.491740693248475e-11
2023-04-28,428557358.0,428557358.0151999,-0.015199899673461914,0.015199899673461914,3.5467597019911424e-11
2023-04-29,412196117.7,412196117.67410004,0.025899946689605713,0.025899946689605713,6.283403840415578e-11
2023-04-30,373076350.7,373076350.75579995,-0.05579996109008789,0.05579996109008789,1.4956713548149298e-10
2023-05-01,311663104.7,311663104.7264001,-0.026400089263916016,0.026400089263916016,8.470713685961692e-11
2023-05-02,341301575.9,341301575.8999,9.995698928833008e-05,9.995698928833008e-05,2.9286999049080594e-13
2023-05-03,393005881.1,393005881.0874999,0.012500107288360596,0.012500107288360596,3.180641280322203e-11
2023-05-04,424122434.9,424122434.96440005,-0.0644000768661499,0.0644000768661499,1.5184312728312572e-10
2023-05-05,434585429.1,434585429.09480006,0.0051999688148498535,0.0051999688148498535,1.1965354718906873e-11
2023-05-06,430514385.2,430514385.14689994,0.05310004949569702,0.05310004949569702,1.2334094125804608e-10
2023-05-07,411027157.4,411027157.3734,0.026600003242492676,0.026600003242492676,6.471592634110624e-11
2023-05-08,415647485.4,415647485.3634,0.03659999370574951,0.03659999370574951,8.805537141774685e-11
2023-05-09,419210062.0,419210061.96520007,0.034799933433532715,0.034799933433532715,8.301311582910602e-11
2023-05-10,419490869.5,419490869.4868,0.013199985027313232,0.013199985027313232,3.1466680176010914e-11
2023-05-11,426471630.0,426471629.9525,0.047500014305114746,0.047500014305114746,1.1137907181566743e-10
2023-05-12,428881847.3,428881847.31829995,-0.01829993724822998,0.01829993724822998,4.266894801781922e-11
2023-05-13,425820111.0,425820111.0458999,-0.045899927616119385,0.045899927616119385,1.0779182671369738e-10
2023-05-14,405118084.0,405118083.9612,0.03880000114440918,0.03880000114440918,9.577454741420326e-11
2023-05-15,419428488.5,419428488.5072,-0.007200002670288086,0.007200002670288086,1.7166222294621472e-11
2023-05-16,420846869.0,420846868.98410004,0.015899956226348877,0.015899956226348877,3.778085901917183e-11
2023-05-17,430203723.9,430203723.9396,-0.03960001468658447,0.03960001468658447,9.20494465449802e-11
2023-05-18,441937817.8,441937817.826,-0.02599996328353882,0.02599996328353882,5.883172300793041e-11
2023-05-19,442219069.8,442219069.838,-0.03799998760223389,0.03799998760223389,8.59302327677093e-11
2023-05-20,429168855.7,429168855.71189994,-0.011899948120117188,0.011899948120117188,2.7727893024081773e-11
2023-05-21,418162163.6,418162163.6054001,-0.00540006160736084,0.00540006160736084,1.2913797749827884e-11
2023-05-22,438119045.0,438119045.012,-0.012000024318695068,0.012000024318695068,2.7389871441665057e-11
2023-05-23,431481015.7,431481015.7368999,-0.03689992427825928,0.03689992427825928,8.55192301297331e-11
2023-05-24,427636163.9,427636163.8982,0.0018000006675720215,0.0018000006675720215,4.209187200530918e-12
2023-05-25,435509343.3,435509343.329,-0.02899998426437378,0.02899998426437378,6.658866155346105e-11
2023-05-26,437113367.4,437113367.43799996,-0.03799998760223389,0.03799998760223389,8.693394079495243e-11
2023-05-27,432833675.3,432833675.26000005,0.039999961853027344,0.039999961853027344,9.241416307384838e-11
2023-05-28,417281793.9,417281793.94329995,-0.043299973011016846,0.043299973011016846,1.0376674382633987e-10
2023-05-29,441703174.2,441703174.22299993,-0.022999942302703857,0.022999942302703857,5.2071036945479704e-11
2023-05-30,446004844.4,446004844.43900007,-0.039000093936920166,0.039000093936920166,8.744320701131866e-11
2023-05-31,436838052.0,436838051.95799994,0.04200005531311035,0.04200005531311035,9.614559702576082e-11
2023-06-01,425321275.8,425321275.798,0.0020000338554382324,0.0020000338554382324,4.702407260667378e-12
2023-06-02,443653122.9,443653122.90700006,-0.007000088691711426,0.007000088691711426,1.577829238742732e-11
2023-06-03,435358570.5,435358570.49929994,0.0007000565528869629,0.0007000565528869629,1.6079999345894648e-12
2023-06-04,416443608.9,416443608.9549,-0.05490005016326904,0.05490005016326904,1.3183069445652633e-10
2023-06-05,448100103.4,448100103.42399997,-0.02399998903274536,0.02399998903274536,5.355943649787911e-11
2023-06-06,455146813.4,455146813.387,0.012999951839447021,0.012999951839447021,2.8562106680119015e-11
2023-06-07,456654819.5,456654819.472,0.02799999713897705,0.02799999713897705,6.131545303657318e-11
2023-06-08,453640811.0,453640811.01399994,-0.01399993896484375,0.01399993896484375,3.0861286342343104e-11
2023-06-09,447419804.2,447419804.22599995,-0.02599996328353882,0.02599996328353882,5.811089057630681e-11
2023-06-10,427480911.6,427480911.6027,-0.0026999711990356445,0.0026999711990356445,6.316004120347825e-12
2023-06-11,412924028.8,412924028.84679997,-0.04679995775222778,0.04679995775222778,1.1333793746087701e-10
2023-06-12,443031768.2,443031768.15300006,0.04699993133544922,0.04699993133544922,1.0608704546494691e-10
2023-06-13,447776626.4,447776626.36899996,0.03100001811981201,0.03100001811981201,6.923098771153727e-11
2023-06-14,444809077.2,444809077.224,-0.02399998903274536,0.02399998903274536,5.395570878144247e-11
2023-06-15,437064405.9,437064405.9262,-0.02619999647140503,0.02619999647140503,5.994539046814891e-11
2023-06-16,432368583.6,432368583.5808,0.019200026988983154,0.019200026988983154,4.4406619068201776e-11
2023-06-17,436361017.7,436361017.67200005,0.027999937534332275,0.027999937534332275,6.416690858848062e-11
2023-06-18,434257164.0,434257163.96819997,0.031800031661987305,0.031800031661987305,7.32285712205022e-11
2023-06-19,453622503.0,453622503.038,-0.03799998760223389,0.03799998760223389,8.377006729367191e-11
2023-06-20,463307354.6,463307354.604,-0.003999948501586914,0.003999948501586914,8.633466449157279e-12
2023-06-21,454461746.5,454461746.4860001,0.013999879360198975,0.013999879360198975,3.08054076454573e-11
2023-06-22,353595251.1,353595251.1335,-0.033499956130981445,0.033499956130981445,9.474096732568206e-11
2023-06-23,395899391.5,395899391.4825,0.017499983310699463,0.017499983310699463,4.420310737128138e-11
2023-06-24,431600705.3,431600705.287,0.013000011444091797,0.013000011444091797,3.0120459221807016e-11
2023-06-25,443616708.8,443616708.82500005,-0.025000035762786865,0.025000035762786865,5.635503637906901e-11
2023-06-26,457328349.4,457328349.411,-0.01100003719329834,0.01100003719329834,2.4052821583726515e-11
2023-06-27,460965593.5,460965593.48700005,0.012999951839447021,0.012999951839447021,2.820156650031413e-11
2023-06-28,462299948.7,462299948.757,-0.057000041007995605,0.057000041007995605,1.2329666306103055e-10
2023-06-29,462482220.4,462482220.3989999,0.001000046730041504,0.001000046730041504,2.1623463258253807e-12
2023-06-30,454847554.3,454847554.298,0.0020000338554382324,0.0020000338554382324,4.3971520491436714e-12
2023-07-01,429139502.3,429139502.30280006,-0.0028000473976135254,0.0028000473976135254,6.524795276609346e-12
2023-07-02,423423196.0,423423195.96150005,0.03849995136260986,0.03849995136260986,9.092546588451395e-11
2023-07-03,449960176.9,449960176.9169,-0.01690000295639038,0.01690000295639038,3.755888592813464e-11
2023-07-04,451970039.9,451970039.8614,0.03859996795654297,0.03859996795654297,8.54038200520622e-11
2023-07-05,454870420.0,454870419.9921,0.007899999618530273,0.007899999618530273,1.7367582659101626e-11
2023-07-06,460915536.7,460915536.72319996,-0.02319997549057007,0.02319997549057007,5.033454861746271e-11
2023-07-07,463423299.2,463423299.2174,-0.017400026321411133,0.017400026321411133,3.754672316098157e-11
2023-07-08,453618305.1,453618305.06560004,0.034399986267089844,0.034399986267089844,7.583465190961898e-11
2023-07-09,435789341.0,435789341.04440004,-0.044400036334991455,0.044400036334991455,1.0188417236894157e-10
2023-07-10,457159736.0,457159735.99500006,0.004999935626983643,0.004999935626983643,1.093695536429228e-11
2023-07-11,461176745.1,461176745.0703,0.029700040817260742,0.029700040817260742,6.440056037695632e-11
2023-07-12,464833738.2,464833738.1783999,0.021600067615509033,0.021600067615509033,4.646837318468342e-11
2023-07-13,463627065.3,463627065.3296001,-0.029600083827972412,0.029600083827972412,6.38445984787774e-11
2023-07-14,464219710.9,464219710.8839,0.016099989414215088,0.016099989414215088,3.4681830685305114e-11
2023-07-15,451102459.3,451102459.27320004,0.02679997682571411,0.02679997682571411,5.94099550405934e-11
2023-07-16,425954059.5,425954059.47429997,0.025700032711029053,0.025700032711029053,6.033522192791557e-11
2023-07-17,451836450.5,451836450.51679987,-0.016799867153167725,0.016799867153167725,3.718130118669504e-11
2023-07-18,459236360.8,459236360.7746,0.025399982929229736,0.025399982929229736,5.530917213302187e-11
2023-07-19,458085632.5,458085632.4664,0.03359997272491455,0.03359997272491455,7.334867182265217e-11
2023-07-20,458446962.3,458446962.3464001,-0.04640007019042969,0.04640007019042969,1.0121142467090067e-10
2023-07-21,460826099.2,460826099.2561001,-0.05610013008117676,0.05610013008117676,1.217381788457019e-10
2023-07-22,453114842.0,453114841.9563999,0.04360008239746094,0.04360008239746094,9.622302859251946e-11
2023-07-23,434086817.3,434086817.3253,-0.02529996633529663,0.02529996633529663,5.82831943449959e-11
2023-07-24,458027081.0,458027081.0103,-0.010299980640411377,0.010299980640411377,2.2487711027748984e-11
2023-07-25,461734800.0,461734800.0399,-0.039900004863739014,0.039900004863739014,8.641325034140597e-11
2023-07-26,458833609.1,458833609.1386,-0.03859996795654297,0.03859996795654297,8.412628715724775e-11
2023-07-27,424520164.1,424520164.079,0.021000027656555176,0.021000027656555176,4.946768005961763e-11
2023-07-28,317780352.6,317780352.55399996,0.04600006341934204,0.04600006341934204,1.447542714424631e-10
2023-07-29,362565008.9,362565008.88229996,0.017700016498565674,0.017700016498565674,4.8818876791961915e-11
2023-07-30,406768596.8,406768596.8102,-0.010199964046478271,0.010199964046478271,2.5075593658704657e-11
2023-07-31,421797000.6,421797000.5356,0.06440001726150513,0.06440001726150513,1.526801214088698e-10
2023-08-01,424651833.1,424651833.0879,0.012100040912628174,0.012100040912628174,2.849402727005012e-11
2023-08-02,443193333.1,443193333.0760999,0.023900151252746582,0.023900151252746582,5.392714526090099e-11
2023-08-03,453240409.2,453240409.2278001,-0.02780008316040039,0.02780008316040039,6.133628554759585e-11
2023-08-04,459994219.8,459994219.7514,0.04860001802444458,0.04860001802444458,1.0565354070226205e-10
2023-08-05,461437940.0,461437940.00450015,-0.004500150680541992,0.004500150680541992,9.752450525723984e-12
2023-08-06,447680686.6,447680686.6512999,-0.051299870014190674,0.051299870014190674,1.1459031302823835e-10
2023-08-07,468900116.2,468900116.2019001,-0.0019001364707946777,0.0019001364707946777,4.052326721932849e-12
2023-08-08,469947269.4,469947269.4448,-0.0448000431060791,0.0448000431060791,9.532993598042832e-11
2023-08-09,473404855.1,473404855.13879997,-0.038799941539764404,0.038799941539764404,8.195932323416596e-11
2023-08-10,466494750.7,466494750.65260005,0.047399938106536865,0.047399938106536865,1.0160872771968121e-10
2023-08-11,462109847.1,462109847.13629997,-0.036299943923950195,0.036299943923950195,7.855263018469054e-11
2023-08-12,454332793.5,454332793.5464,-0.04640001058578491,0.04640001058578491,1.021278042210812e-10
2023-08-13,441033063.8,441033063.7663,0.033699989318847656,0.033699989318847656,7.641148041936817e-11
2023-08-14,466208880.2,466208880.2289001,-0.028900086879730225,0.028900086879730225,6.198956756750818e-11
2023-08-15,466272828.1,466272828.1415,-0.041499972343444824,0.041499972343444824,8.900362586546532e-11
2023-08-16,459970067.4,459970067.3856,0.014400005340576172,0.014400005340576172,3.130639657048295e-11
2023-08-17,462036950.6,462036950.5768,0.023200035095214844,0.023200035095214844,5.021251020094245e-11
2023-08-18,463136541.0,463136541.0346001,-0.03460007905960083,0.03460007905960083,7.470816054568415e-11
2023-08-19,455938597.1,455938597.0926,0.007400035858154297,0.007400035858154297,1.623033431523952e-11
2023-08-20,429796035.4,429796035.3739,0.026099979877471924,0.026099979877471924,6.072643237200025e-11
2023-08-21,458548682.8,458548682.83879995,-0.038799941539764404,0.038799941539764404,8.461466142012087e-11
2023-08-22,467245792.1,467245792.1125,-0.012499988079071045,0.012499988079071045,2.6752489354459068e-11
2023-08-23,464895394.8,464895394.8233999,-0.02339988946914673,0.02339988946914673,5.03336658759837e-11
2023-08-24,471200135.5,471200135.5635,-0.06349998712539673,0.06349998712539673,1.347622429225654e-10
2023-08-25,469063427.0,469063298.92820007,128.07179993391037,128.07179993391037,2.7303727505046e-07
2023-08-26,465773593.9,465773498.9832001,94.91679990291595,94.91679990291595,2.0378312799607586e-07
2023-08-27,445260816.9,445260746.6266,70.27339994907379,70.27339994907379,1.5782525046405852e-07
2023-08-28,467113064.6,467112956.03690004,108.56309998035431,108.56309998035431,2.3241289573717973e-07
2023-08-29,471089380.9,471089282.6279,98.27209997177124,98.27209997177124,2.0860606066735316e-07
2023-08-30,464275761.1,464275712.3438,48.75620001554489,48.75620001554489,1.0501560516540369e-07
2023-08-31,453583178.8,453583075.39449996,103.40550005435944,103.40550005435944,2.2797472412431408e-07
2023-09-01,433618386.2,433618300.2835,85.91649997234344,85.91649997234344,1.9813850774472406e-07
2023-09-02,441768790.1,441768707.0127001,83.08729994297028,83.08729994297028,1.8807870045360697e-07
2023-09-03,435618285.3,435618231.83169997,53.46830004453659,53.46830004453659,1.2274117466789585e-07
2023-09-04,450775526.8,450775525.9324,0.8676000237464905,0.8676000237464905,1.9246830676578123e-09
2023-09-05,446185346.0,446185345.87689996,0.12310004234313965,0.12310004234313965,2.758944090089854e-10
2023-09-06,436231081.8,436231081.6545,0.14550000429153442,0.14550000429153442,3.33538829216764e-10
2023-09-07,445596475.4,445596475.2892,0.11079996824264526,0.11079996824264526,2.4865539643953224e-10
2023-09-08,454148640.1,454148639.9651,0.1349000334739685,0.1349000334739685,2.970393865855561e-10
2023-09-09,452745753.8,452745753.6844999,0.11550009250640869,0.11550009250640869,2.551102722377618e-10
2023-09-10,433296428.7,433296428.52529997,0.17470002174377441,0.17470002174377441,4.031882336716209e-10
2023-09-11,453029146.3,453029146.1116,0.1884000301361084,0.1884000301361084,4.158673490984357e-10
2023-09-12,463797623.6,463797623.4473999,0.15260010957717896,0.15260010957717896,3.290230518921075e-10
2023-09-13,466833156.8,466833156.6805001,0.11949992179870605,0.11949992179870605,2.559799364249143e-10
2023-09-14,470804425.6,470804425.4271,0.1729000210762024,0.1729000210762024,3.6724383135493277e-10
2023-09-15,467231990.5,467231990.3642,0.13580000400543213,0.13580000400543213,2.9064791531099607e-10
2023-09-16,455793586.9,455793586.7277,0.17229998111724854,0.17229998111724854,3.7802195131598186e-10
2023-09-17,445849044.3,445849044.11489993,0.18510007858276367,0.18510007858276367,4.151631161918892e-10
2023-09-18,468276939.4,468276939.22720003,0.1727999448776245,0.1727999448776245,3.6901228811103083e-10
2023-09-19,473604610.5,473604610.3852,0.11479997634887695,0.11479997634887695,2.423962389801882e-10
2023-09-20,472146229.9,472146229.8213,0.07869994640350342,0.07869994640350342,1.6668553388676212e-10
2023-09-21,475298423.3,475298423.2102,0.08980000019073486,0.08980000019073486,1.8893393242765856e-10
2023-09-22,480967045.2,480967045.0373,0.16269999742507935,0.16269999742507935,3.38276809292462e-10
2023-09-23,477241457.7,477241457.51710004,0.18289995193481445,0.18289995193481445,3.832440559885048e-10
2023-09-24,466201493.5,466201493.42139995,0.07860004901885986,0.07860004901885986,1.6859673363285755e-10
2023-09-25,478472282.3,478472282.1467999,0.15320008993148804,0.15320008993148804,3.201859242400843e-10
2023-09-26,478403999.7,478403999.7424001,-0.04240012168884277,0.04240012168884277,8.862827592459774e-11
2023-09-27,473551204.3,473551204.3602,-0.06019997596740723,0.06019997596740723,1.27124533568433e-10
2023-09-28,452368705.0,452368705.00579995,-0.0057999491691589355,0.0057999491691589355,1.2821287381404811e-11
2023-09-29,371922364.7,371922364.7369,-0.03689998388290405,0.03689998388290405,9.921421077398322e-11
2023-09-30,352272198.4,352272198.4049,-0.004900038242340088,0.004900038242340088,1.3909806861273126e-11
2023-10-01,330580541.3,330580541.2852,0.014800012111663818,0.014800012111663818,4.4769761866391554e-11
2023-10-02,366819795.1,366819795.09889996,0.0011000633239746094,0.0011000633239746094,2.9989202836633102e-12
2023-10-03,404836529.4,404836529.45059997,-0.05059999227523804,0.05059999227523804,1.2498870186006005e-10
2023-10-04,436823365.4,436823365.3911999,0.008800089359283447,0.008800089359283447,2.0145647088326398e-11
2023-10-05,445509040.7,445509040.6538001,0.046199917793273926,0.046199917793273926,1.0370141472478973e-10
2023-10-06,441297570.7,441297570.71209997,-0.012099981307983398,0.012099981307983398,2.7419097931561306e-11
2023-10-07,447169542.0,447169542.02030003,-0.02030003070831299,0.02030003070831299,4.5396720486640364e-11
2023-10-08,439583301.6,439583301.61149997,-0.011499941349029541,0.011499941349029541,2.6161005905301522e-11
2023-10-09,454531727.4,454531727.3523,0.04769998788833618,0.04769998788833618,1.0494314260786229e-10
2023-10-10,443487391.5,443487391.4711999,0.02880007028579712,0.02880007028579712,6.493999792956261e-11
2023-10-11,445536581.2,445536581.1825,0.017499983310699463,0.017499983310699463,3.9278443228085404e-11
2023-10-12,449281436.6,449281436.6266,-0.026600003242492676,0.026600003242492676,5.920565835925008e-11
2023-10-13,454476959.7,454476959.7200001,-0.020000100135803223,0.020000100135803223,4.4006851632270374e-11
2023-10-14,441796398.6,441796398.64699996,-0.04699993133544922,0.04699993133544922,1.0638369050627479e-10
2023-10-15,422577369.4,422577369.41319996,-0.013199985027313232,0.013199985027313232,3.12368479316707e-11
2023-10-16,428514166.9,428514166.87890005,0.02109992504119873,0.02109992504119873,4.923973737867739e-11
2023-10-17,441217600.2,441217600.2293001,-0.02930009365081787,0.02930009365081787,6.64073546421004e-11
2023-10-18,449012016.8,449012016.84580004,-0.04580003023147583,0.04580003023147583,1.0200179175132452e-10
2023-10-19,449638755.9,449638755.89439994,0.005600035190582275,0.005600035190582275,1.2454520694892519e-11
2023-10-20,450332899.0,450332898.9837,0.0163000226020813,0.0163000226020813,3.61954959059771e-11
2023-10-21,443158882.0,443158882.0100999,-0.01009988784790039,0.01009988784790039,2.2790670024075905e-11
2023-10-22,425818793.7,425818793.7483,-0.04830002784729004,0.04830002784729004,1.1342859582970549e-10
2023-10-23,444647014.8,444647014.84920007,-0.04920005798339844,0.04920005798339844,1.1064969817806688e-10
2023-10-24,461065573.5,461065573.5572001,-0.057200074195861816,0.057200074195861816,1.2406060543980696e-10
2023-10-25,464990353.1,464990353.1542,-0.05419999361038208,0.05419999361038208,1.1656154423213578e-10
2023-10-26,471634678.7,471634678.7048999,-0.004899919033050537,0.004899919033050537,1.0389225505123012e-11
2023-10-27,467406268.2,467406268.1577,0.04229998588562012,0.04229998588562012,9.049939798308447e-11
2023-10-28,456206079.1,456206079.062,0.03800004720687866,0.03800004720687866,8.329579316839634e-11
2023-10-29,441056794.8,441056794.84870005,-0.048700034618377686,0.048700034618377686,1.1041669733364164e-10
2023-10-30,455912985.9,455912985.8943,0.0056999921798706055,0.0056999921798706055,1.2502368557496721e-11
2023-10-31,455953523.5,455953523.5001,-0.00010001659393310547,0.00010001659393310547,2.1935699315438116e-13
2023-11-01,440148311.0,440148311.006,-0.0059999823570251465,0.0059999823570251465,1.3631728685709182e-11
2023-11-02,454236251.9,454236251.8703,0.029699981212615967,0.029699981212615967,6.538443615714409e-11
2023-11-03,465980940.4,465980940.4173,-0.017300009727478027,0.017300009727478027,3.712600286318069e-11
2023-11-04,463252778.0,463252778.0388,-0.03880000114440918,0.03880000114440918,8.37555714439972e-11
2023-11-05,446295041.7,446295041.6887001,0.01129990816116333,0.01129990816116333,2.5319367470721622e-11
2023-11-06,464091772.5,464091772.4884,0.011600017547607422,0.011600017547607422,2.499509414941723e-11
2023-11-07,462469002.9,462469002.93149996,-0.03149998188018799,0.03149998188018799,6.811263389040422e-11
2023-11-08,463310784.3,463310784.29370004,0.0062999725341796875,0.0062999725341796875,1.3597724783587965e-11
2023-11-09,468396120.9,468396120.93270004,-0.0327000617980957,0.0327000617980957,6.981283648392338e-11
2023-11-10,469452499.2,469452499.19589996,0.004100024700164795,0.004100024700164795,8.73363057423637e-12
2023-11-11,455845548.4,455845548.4176,-0.01759999990463257,0.01759999990463257,3.860956845231434e-11
2023-11-12,434736249.9,434736249.91929996,-0.019299983978271484,0.019299983978271484,4.439469674477561e-11
2023-11-13,449246779.3,449246779.3125,-0.012499988079071045,0.012499988079071045,2.7824324302442573e-11
2023-11-14,454624148.4,454624148.3769,0.023099958896636963,0.023099958896636963,5.0811112823493305e-11
2023-11-15,453522434.0,453522434.0601,-0.060100018978118896,0.060100018978118896,1.3251829341284338e-10
2023-11-16,449861341.6,449861341.6011,-0.001100003719329834,0.001100003719329834,2.445206150449612e-12
2023-11-17,453813025.5,453813025.4674,0.03259998559951782,0.03259998559951782,7.183572036875751e-11
2023-11-18,447102682.7,447102682.6773,0.022700011730194092,0.022700011730194092,5.0771361050914337e-11
2023-11-19,434287929.6,434287929.5644999,0.03550010919570923,0.03550010919570923,8.174325551347128e-11
2023-11-20,449804998.0,449804997.955,0.04500001668930054,0.04500001668930054,1.000433896674944e-10
2023-11-21,452591919.0,452591919.01080006,-0.010800063610076904,0.010800063610076904,2.386269651906203e-11
2023-11-22,457029704.8,457029704.82580006,-0.025800049304962158,0.025800049304962158,5.6451580792221094e-11
2023-11-23,457501397.1,457501397.0608001,0.03919994831085205,0.03919994831085205,8.56826854722889e-11
2023-11-24,452394333.1,452394333.0485,0.051500022411346436,0.051500022411346436,1.1383878763123797e-10
2023-11-25,442536584.0,442536584.0084999,-0.00849992036819458,0.00849992036819458,1.9207271614395117e-11
2023-11-26,426332236.2,426332236.171,0.02899998426437378,0.02899998426437378,6.802203024302712e-11
2023-11-27,445179615.3,445179615.30520004,-0.005200028419494629,0.005200028419494629,1.1680742425706995e-11
2023-11-28,447548964.0,447548964.03409994,-0.03409993648529053,0.03409993648529053,7.619263863448587e-11
2023-11-29,445250073.1,445250073.1416,-0.04159998893737793,0.04159998893737793,9.343061674924165e-11
2023-11-30,441499739.1,441499739.088,0.012000024318695068,0.012000024318695068,2.718013909398269e-11
2023-12-01,424731204.7,424731204.70629996,-0.0062999725341796875,0.0062999725341796875,1.483284596108153e-11
2023-12-02,428984246.4,428984246.32829994,0.07170003652572632,0.07170003652572632,1.671390899023147e-10
2023-12-03,421752870.7,421752870.6788,0.02120000123977661,0.02120000123977661,5.026640649674803e-11
2023-12-04,440121024.8,440121024.8053999,-0.005399882793426514,0.005399882793426514,1.2269086203914777e-11
2023-12-05,446268657.2,446268657.17840004,0.021599948406219482,0.021599948406219482,4.840122212871257e-11
2023-12-06,447274242.1,447274242.08730006,0.01269996166229248,0.01269996166229248,2.839412706321923e-11
2023-12-07,447410104.0,447410104.0187,-0.018700003623962402,0.018700003623962402,4.179611380426581e-11
2023-12-08,450167320.3,450167320.2784,0.021600008010864258,0.021600008010864258,4.798217693027918e-11
2023-12-09,443616804.2,443616804.1867,0.013300001621246338,0.013300001621246338,2.998083367295115e-11
2023-12-10,427507043.9,427507043.8825,0.017499983310699463,0.017499983310699463,4.093495899167678e-11
2023-12-11,444472563.3,444472563.34749997,-0.04749995470046997,0.04749995470046997,1.0686813680422728e-10
2023-12-12,449717755.5,449717755.4744,0.025600016117095947,0.025600016117095947,5.692462840083695e-11
2023-12-13,451416054.5,451416054.51049995,-0.010499954223632812,0.010499954223632812,2.3260037207278396e-11
2023-12-14,451541043.4,451541043.3748,0.025199949741363525,0.025199949741363525,5.5808768903074045e-11
2023-12-15,448018825.8,448018825.8529,-0.05290001630783081,0.05290001630783081,1.180754317932298e-10
2023-12-16,434981513.1,434981513.08169997,0.01830005645751953,0.01830005645751953,4.207088325915231e-11
2023-12-17,422273630.6,422273630.5756,0.024399995803833008,0.024399995803833008,5.778242834903887e-11
2023-12-18,440785260.7,440785260.6756,0.024399995803833008,0.024399995803833008,5.535574344088545e-11
2023-12-19,448046431.9,448046431.87899995,0.021000027656555176,0.021000027656555176,4.687020398198863e-11
2023-12-20,445801127.6,445801127.5796,0.020400047302246094,0.020400047302246094,4.576042104709583e-11
2023-12-21,451217269.4,451217269.39260006,0.007399916648864746,0.007399916648864746,1.6399896791859685e-11
2023-12-22,446844929.4,446844929.45690006,-0.056900084018707275,0.056900084018707275,1.273374279867285e-10
2023-12-23,448792981.4,448792981.4486,-0.04860001802444458,0.04860001802444458,1.0829050372587797e-10
2023-12-24,435149599.9,435149599.8653,0.034699976444244385,0.034699976444244385,7.974263667533797e-11
2023-12-25,450601117.2,450601117.2142,-0.014200031757354736,0.014200031757354736,3.1513529850064775e-11
2023-12-26,455629570.6,455629570.63,-0.029999971389770508,0.029999971389770508,6.584289810309012e-11
2023-12-27,453761192.2,453761192.2016999,-0.0016999244689941406,0.0016999244689941406,3.746297608114713e-12
2023-12-28,449375980.9,449375980.84560007,0.05439990758895874,0.05439990758895874,1.2105655375707407e-10
2023-12-29,445937730.9,445937730.94210005,-0.04210007190704346,0.04210007190704346,9.440796099956892e-11
2023-12-30,435604244.4,435604244.3879,0.012099981307983398,0.012099981307983398,2.777746420871054e-11
2023-12-31,406927480.9,406927480.90520006,-0.005200088024139404,0.005200088024139404,1.2778905992385644e-11
2024-01-01,352126640.2,352126640.17480004,0.025199949741363525,0.025199949741363525,7.156501912792091e-11
2024-01-02,416949133.5,416949133.52759993,-0.02759993076324463,0.02759993076324463,6.619495891875891e-11
2024-01-03,447122420.3,447122420.31680006,-0.01680004596710205,0.01680004596710205,3.757370510704862e-11
2024-01-04,453793224.7,453793224.69500005,0.004999935626983643,0.004999935626983643,1.1018092282644966e-11
2024-01-05,453407642.2,453407642.2464,-0.04640001058578491,0.04640001058578491,1.0233618992535127e-10
2024-01-06,448893265.5,448893265.5631,-0.06309998035430908,0.06309998035430908,1.4056789264598376e-10
2024-01-07,439110184.5,439110184.449,0.050999999046325684,0.050999999046325684,1.1614396761122192e-10
2024-01-08,451943026.0,451943026.0103,-0.010299980640411377,0.010299980640411377,2.279044049329213e-11
2024-01-09,451782945.5,451782945.52070004,-0.020700037479400635,0.020700037479400635,4.5818545577215986e-11
2024-01-10,447030446.0,447030446.006,-0.0059999823570251465,0.0059999823570251465,1.3421865134047595e-11
2024-01-11,449033864.0,449033864.02089995,-0.020899951457977295,0.020899951457977295,4.6544265663618844e-11
2024-01-12,447716854.6,447716854.60010004,-0.00010001659393310547,0.00010001659393310547,2.233925144999566e-13
2024-01-13,444293242.9,444293242.88449997,0.015500009059906006,0.015500009059906006,3.4886889025666984e-11
2024-01-14,432162137.2,432162137.2361001,-0.03610008955001831,0.03610008955001831,8.353367045042999e-11
2024-01-15,443742384.0,443742383.99499995,0.005000054836273193,0.005000054836273193,1.1267922597795376e-11
2024-01-16,440665275.5,440665275.47999996,0.020000040531158447,0.020000040531158447,4.538601438124536e-11
2024-01-17,439264760.5,439264760.49560004,0.0043999552726745605,0.0043999552726745605,1.001663613458599e-11
2024-01-18,442288974.6,442288974.6162999,-0.016299903392791748,0.016299903392791748,3.685351507469331e-11
2024-01-19,440666274.4,440666274.37329996,0.02670001983642578,0.02670001983642578,6.05901140784596e-11
2024-01-20,431544562.3,431544562.31180006,-0.011800050735473633,0.011800050735473633,2.7343759524121877e-11
2024-01-21,419629972.9,419629972.88150007,0.018499910831451416,0.018499910831451416,4.408624747084032e-11
2024-01-22,430662646.8,430662646.8512,-0.05119997262954712,0.05119997262954712,1.188864950558956e-10
2024-01-23,426791601.6,426791601.59400004,0.0059999823570251465,0.0059999823570251465,1.4058342138251546e-11
2024-01-24,421189480.5,421189480.5494001,-0.04940009117126465,0.04940009117126465,1.1728709632686243e-10
2024-01-25,409709026.1,409709026.12899995,-0.028999924659729004,0.028999924659729004,7.078175683796341e-11
2024-01-26,394967246.7,394967246.71549994,-0.01549994945526123,0.01549994945526123,3.9243632439816767e-11
2024-01-27,383098445.3,383098445.2949,0.0051000118255615234,0.0051000118255615234,1.3312535950303224e-11
2024-01-28,361880899.0,361880898.9616,0.03839999437332153,0.03839999437332153,1.0611224433075571e-10
2024-01-29,360663386.8,360663386.81100005,-0.01100003719329834,0.01100003719329834,3.049945626834096e-11
2024-01-30,346814414.2,346814414.22859997,-0.028599977493286133,0.028599977493286133,8.246478901189262e-11
2024-01-31,325572964.9,325572964.9137001,-0.013700127601623535,0.013700127601623535,4.208005294859646e-11
2024-02-01,303927336.9,303927336.929,-0.029000043869018555,0.029000043869018555,9.541768820407336e-11
2024-02-02,288690582.1,288690582.1021001,-0.002100050449371338,0.002100050449371338,7.2743988878857775e-12
2024-02-03,262656556.7,262656556.69119996,0.008800029754638672,0.008800029754638672,3.350394090747887e-11
2024-02-04,242403320.7,242403320.65240002,0.047599971294403076,0.047599971294403076,1.9636682846153384e-10
2024-02-05,225758254.3,225758254.3125,-0.012499988079071045,0.012499988079071045,5.5368908294535146e-11
2024-02-06,213050619.0,213050618.9568,0.04319998621940613,0.04319998621940613,2.0276864916973617e-10
2024-02-07,203227142.8,203227142.78390002,0.016099989414215088,0.016099989414215088,7.922164919702393e-11
2024-02-08,189217014.1,189217014.06400007,0.03599992394447327,0.03599992394447327,1.902573302707733e-10
2024-02-09,179502650.1,179502650.0656,0.034399986267089844,0.034399986267089844,1.9164054819205058e-10
2024-02-10,174916566.0,174916566.03140002,-0.03140002489089966,0.03140002489089966,1.7951429992571234e-10
2024-02-11,173937777.1,173937777.1468,-0.04680001735687256,0.04680001735687256,2.690618342786247e-10
2024-02-12,177755807.3,177755807.31529996,-0.015299946069717407,0.015299946069717407,8.607283386188085e-11
2024-02-13,180335693.9,180335693.9314,-0.03139999508857727,0.03139999508857727,1.7411968983793767e-10
2024-02-14,186255894.6,186255894.64170003,-0.04170003533363342,0.04170003533363342,2.2388572143280465e-10
2024-02-15,202130970.2,202130970.18109998,0.018900007009506226,0.018900007009506226,9.350376634914221e-11
2024-02-16,214647572.4,214647572.4213,-0.02129998803138733,0.02129998803138733,9.92323732955823e-11
2024-02-17,232312201.6,232312201.6168,-0.016800016164779663,0.016800016164779663,7.231654665176082e-11
2024-02-18,253810701.0,253810700.99299997,0.00700002908706665,0.00700002908706665,2.7579724020645807e-11
2024-02-19,283243386.6,283243386.54710007,0.052899956703186035,0.052899956703186035,1.8676501978805967e-10
2024-02-20,298572345.4,298572345.41020006,-0.010200083255767822,0.010200083255767822,3.416285336842795e-11
2024-02-21,314870928.9,314870928.9037,-0.0037000179290771484,0.0037000179290771484,1.1750903590887678e-11
2024-02-22,329731335.4,329731335.43289995,-0.03289997577667236,0.03289997577667236,9.977812917526056e-11
2024-02-23,336781430.8,336781430.8135,-0.013499975204467773,0.013499975204467773,4.008527184055117e-11
2024-02-24,325659836.8,325659836.75280005,0.04719996452331543,0.04719996452331543,1.4493640046961857e-10
2024-02-25,340629134.4,340629134.3648,0.03519999980926514,0.03519999980926514,1.0333819469455558e-10
2024-02-26,365637174.9,365637174.9203,-0.02030003070831299,0.02030003070831299,5.551960276978114e-11
2024-02-27,378670946.3,378670946.32860005,-0.028600037097930908,0.028600037097930908,7.552741338458188e-11
2024-02-28,388447529.1,388447529.1168,-0.016799986362457275,0.016799986362457275,4.324904936679973e-11
2024-02-29,394620503.5,394620503.5248999,-0.02489989995956421,0.02489989995956421,6.309834318977348e-11
2024-03-01,401135137.3,401135137.2748,0.0252000093460083,0.0252000093460083,6.282174509973624e-11
2024-03-02,410821495.9,410821495.86560005,0.03439992666244507,0.03439992666244507,8.373448567262537e-11
2024-03-03,398612726.9,398612726.89049995,0.00950002670288086,0.00950002670288086,2.3832722995982343e-11
2024-03-04,415659158.2,415659158.1831,0.01690000295639038,0.01690000295639038,4.065831973864201e-11
2024-03-05,426705387.6,426705387.60270005,-0.00270003080368042,0.00270003080368042,6.32762295050155e-12
2024-03-06,432608607.9,432608607.88449997,0.015500009059906006,0.015500009059906006,3.5829173938880396e-11
2024-03-07,436149816.0,436149815.99860007,0.0013999342918395996,0.0013999342918395996,3.2097555483999093e-12
2024-03-08,435921338.9,435921338.91710013,-0.017100155353546143,0.017100155353546143,3.922761706663987e-11
2024-03-09,436908487.4,436908487.436,-0.03600001335144043,0.03600001335144043,8.239714812058931e-11
2024-03-10,423733151.3,423733151.3321001,-0.03210008144378662,0.03210008144378662,7.575541669398435e-11
2024-03-11,438018132.0,438018132.01570004,-0.015700042247772217,0.015700042247772217,3.584336149758343e-11
2024-03-12,443221642.0,443221641.9724,0.027599990367889404,0.027599990367889404,6.227130571365331e-11
2024-03-13,447272426.2,447272426.22310007,-0.023100078105926514,0.023100078105926514,5.164655085533309e-11
2024-03-14,450761477.3,450761477.2657,0.034300029277801514,0.034300029277801514,7.609352397026921e-11
2024-03-15,446637971.4,446637971.4417,-0.041700005531311035,0.041700005531311035,9.336421934884114e-11
2024-03-16,437749700.2,437749700.2275999,-0.02759993076324463,0.02759993076324463,6.304957090920842e-11
2024-03-17,426482154.3,426482154.31750005,-0.01750004291534424,0.01750004291534424,4.1033470542437276e-11
2024-03-18,447214997.9,447214997.9361,-0.036100029945373535,0.036100029945373535,8.072186781500947e-11
2024-03-19,454346388.7,454346388.71169996,-0.011699974536895752,0.011699974536895752,2.5751221596307478e-11
2024-03-20,452926926.6,452926926.6245,-0.024499952793121338,0.024499952793121338,5.4092506658934716e-11
2024-03-21,453100094.2,453100094.2199,-0.019900023937225342,0.019900023937225342,4.391970823215367e-11
2024-03-22,455819786.0,455819785.9829999,0.01700007915496826,0.01700007915496826,3.729561479581815e-11
2024-03-23,454446301.2,454446301.2126999,-0.012699902057647705,0.012699902057647705,2.794588056743481e-11
2024-03-24,439235170.5,439235170.5093,-0.009299993515014648,0.009299993515014648,2.117315310708856e-11
2024-03-25,454753824.9,454753824.8743999,0.025600075721740723,0.025600075721740723,5.629436042098197e-11
2024-03-26,461119352.7,461119352.7301,-0.030099987983703613,0.030099987983703613,6.527591567662177e-11
2024-03-27,456667305.4,456667305.4631001,-0.06310009956359863,0.06310009956359863,1.3817520724048453e-10
2024-03-28,461309329.0,461309328.98759997,0.012400031089782715,0.012400031089782715,2.68800787459963e-11
2024-03-29,461683147.6,461683147.62430006,-0.024300038814544678,0.024300038814544678,5.2633584181846964e-11
2024-03-30,462276551.8,462276551.78650004,0.013499975204467773,0.013499975204467773,2.920324457708688e-11
2024-03-31,443042597.7,443042597.6618001,0.03819990158081055,0.03819990158081055,8.622173528938423e-11
2024-04-01,445767924.9,445767924.90810007,-0.00810009241104126,0.00810009241104126,1.8171097467047164e-11
2024-04-02,459604307.4,459604307.35310006,0.04689991474151611,0.04689991474151611,1.0204411487531702e-10
2024-04-03,459446209.4,459446209.40900004,-0.009000062942504883,0.009000062942504883,1.9588937199543436e-11
2024-04-04,380526607.5,380526607.5158001,-0.015800118446350098,0.015800118446350098,4.152171789025317e-11
2024-04-05,411353596.7,411353596.6649,0.03509998321533203,0.03509998321533203,8.532800854766911e-11
2024-04-06,441778526.6,441778526.58869994,0.011300086975097656,0.011300086975097656,2.5578624343887826e-11
2024-04-07,453794731.6,453794731.6209,-0.020899951457977295,0.020899951457977295,4.6055958790635935e-11
2024-04-08,459662299.0,459662299.0041999,-0.00419992208480835,0.00419992208480835,9.136973151692716e-12
2024-04-09,459012628.8,459012628.77049994,0.029500067234039307,0.029500067234039307,6.426853071812325e-11
2024-04-10,461098025.3,461098025.2643,0.03570002317428589,0.03570002317428589,7.74239342080433e-11
2024-04-11,467286267.1,467286267.14739996,-0.047399938106536865,0.047399938106536865,1.0143661700289858e-10
2024-04-12,475504271.8,475504271.78130007,0.018699944019317627,0.018699944019317627,3.932655315278206e-11
2024-04-13,470746533.6,470746533.6409,-0.04089999198913574,0.04089999198913574,8.688325684813017e-11
2024-04-14,458493755.6,458493755.5617001,0.03829991817474365,0.03829991817474365,8.353421983822467e-11
2024-04-15,475797984.0,475797983.9842,0.015799999237060547,0.015799999237060547,3.3207369027146925e-11
2024-04-16,474294372.6,474294372.63769996,-0.03769993782043457,0.03769993782043457,7.9486369643751e-11
2024-04-17,479642079.3,479642079.32820004,-0.02820003032684326,0.02820003032684326,5.879390392102168e-11
2024-04-18,481288571.8,481288571.8251,-0.025099992752075195,0.025099992752075195,5.215164918253144e-11
2024-04-19,475070993.9,475070993.8804999,0.01950007677078247,0.01950007677078247,4.104665833352717e-11
2024-04-20,471079514.4,471079514.37839997,0.021600008010864258,0.021600008010864258,4.5852148842378655e-11
2024-04-21,455000540.6,455000540.6183,-0.018299996852874756,0.018299996852874756,4.0219725516683824e-11
2024-04-22,474402346.4,474402346.4351,-0.03510004281997681,0.03510004281997681,7.398791992985136e-11
2024-04-23,477483018.6,477483018.6579999,-0.05799984931945801,0.05799984931945801,1.2146997287885958e-10
2024-04-24,475062059.6,475062059.5939001,0.0060999393463134766,0.0060999393463134766,1.2840299963018719e-11
2024-04-25,476965799.3,476965799.2938999,0.006100118160247803,0.006100118160247803,1.2789424669861864e-11
2024-04-26,473862268.5,473862268.4571,0.042900025844573975,0.042900025844573975,9.053268997418387e-11
2024-04-27,474867832.9,474867832.91310006,-0.013100087642669678,0.013100087642669678,2.7586807812750625e-11
2024-04-28,470789999.5,470789999.47060007,0.02939993143081665,0.02939993143081665,6.244807974264681e-11
2024-04-29,480234785.3,480234785.33519995,-0.03519994020462036,0.03519994020462036,7.329735638086099e-11
2024-04-30,451703105.4,451703105.3607001,0.03929990530014038,0.03929990530014038,8.700384130708787e-11
2024-05-01,347684190.8,347684190.82670003,-0.02670001983642578,0.02670001983642578,7.679388520654527e-11
2024-05-02,376391547.8,376391547.8208,-0.020799994468688965,0.020799994468688965,5.526158754165564e-11
2024-05-03,422075272.4,422075272.4560999,-0.05609995126724243,0.05609995126724243,1.3291456509225825e-10
2024-05-04,452071922.0,452071922.0015,-0.0015000104904174805,0.0015000104904174805,3.3180793086669084e-12
2024-05-05,461643777.4,461643777.4356,-0.03560000658035278,0.03560000658035278,7.711575098196653e-11
2024-05-06,477880001.9,477880001.8924999,0.007500052452087402,0.007500052452087402,1.5694426262383847e-11
2024-05-07,479391936.9,479391936.90059996,-0.000599980354309082,0.000599980354309082,1.2515445257358104e-12
2024-05-08,483290814.9,483290814.94250005,-0.042500078678131104,0.042500078678131104,8.793893318027366e-11
2024-05-09,481868855.6,481868855.6319,-0.031899988651275635,0.031899988651275635,6.620056117043568e-11
2024-05-10,482431482.3,482431482.33980006,-0.039800047874450684,0.039800047874450684,8.249886115371928e-11
2024-05-11,483455207.2,483455207.19439995,0.005600035190582275,0.005600035190582275,1.1583358927946356e-11
2024-05-12,472586633.3,472586633.2759,0.024100005626678467,0.024100005626678467,5.099595275979734e-11
2024-05-13,476941115.6,476941115.6004,-0.0003999471664428711,0.0003999471664428711,8.385671802267053e-13
2024-05-14,478908330.1,478908330.0502,0.04980003833770752,0.04980003833770752,1.0398657782233369e-10
2024-05-15,479859855.7,479859855.6627,0.0372999906539917,0.0372999906539917,7.773100877459315e-11
2024-05-16,474174264.4,474174264.3632,0.03679996728897095,0.03679996728897095,7.760852929362597e-11
2024-05-17,479049300.3,479049300.34989995,-0.049899935722351074,0.049899935722351074,1.0416451018945591e-10
2024-05-18,482356917.8,482356917.72770005,0.07229995727539062,0.07229995727539062,1.4988891960987364e-10
2024-05-19,464953667.9,464953667.90849996,-0.008499979972839355,0.008499979972839355,1.828134835720339e-11
2024-05-20,476844920.7,476844920.743,-0.042999982833862305,0.042999982833862305,9.017603201212479e-11
2024-05-21,476199476.7,476199476.7136,-0.013599991798400879,0.013599991798400879,2.855944297261106e-11
2024-05-22,472237699.4,472237699.4213,-0.021300017833709717,0.021300017833709717,4.510444181134285e-11
2024-05-23,474398249.7,474398249.6754,0.024599969387054443,0.024599969387054443,5.1855101494600736e-11
2024-05-24,479228869.6,479228869.63759995,-0.037599921226501465,0.037599921226501465,7.84592156517723e-11
2024-05-25,478923880.7,478923880.7256999,-0.025699913501739502,0.025699913501739502,5.366179164876107e-11
2024-05-26,463417750.7,463417750.74640006,-0.04640007019042969,0.04640007019042969,1.0012579388757041e-10
2024-05-27,477279200.6,477279200.5934999,0.006500124931335449,0.006500124931335449,1.3619124661548155e-11
2024-05-28,479358561.7,479358561.71879995,-0.018799960613250732,0.018799960613250732,3.921899412118236e-11
2024-05-29,470127733.8,470127733.75609994,0.04390007257461548,0.04390007257461548,9.337903173627975e-11
2024-05-30,471408486.8,471408486.76479995,0.03520005941390991,0.03520005941390991,7.466997391763951e-11
2024-05-31,469403203.1,469403203.0727,0.027300000190734863,0.027300000190734863,5.8158955904949304e-11
2024-06-01,444604768.6,444604768.59419996,0.005800068378448486,0.005800068378448486,1.3045447975540418e-11
2024-06-02,427074478.5,427074478.4981,0.001900017261505127,0.001900017261505127,4.448913145497471e-12
2024-06-03,460224251.1,460224251.0626,0.037400007247924805,0.037400007247924805,8.126474682403977e-11
2024-06-04,471343179.0,471343178.9652999,0.034700095653533936,0.034700095653533936,7.361959862695697e-11
2024-06-05,472930932.0,472930932.0327,-0.03270000219345093,0.03270000219345093,6.914329340896426e-11
2024-06-06,474748447.5,474748447.52709997,-0.027099967002868652,0.027099967002868652,5.708279225677437e-11
2024-06-07,477235904.6,477235904.6049,-0.0048999786376953125,0.0048999786376953125,1.0267414061819757e-11
2024-06-08,469183024.8,469183024.79459995,0.00540006160736084,0.00540006160736084,1.1509499112127383e-11
2024-06-09,442867301.7,442867301.7299,-0.029900014400482178,0.029900014400482178,6.751461280999373e-11
2024-06-10,376793145.1,376793145.1281,-0.02809995412826538,0.02809995412826538,7.457660653780662e-11
2024-06-11,452984461.5,452984461.52059996,-0.020599961280822754,0.020599961280822754,4.547608810379195e-11
2024-06-12,489407112.7,489407112.715,-0.014999985694885254,0.014999985694885254,3.0649300563149035e-11
2024-06-13,490549685.2,490549685.252,-0.05199998617172241,0.05199998617172241,1.0600350533406562e-10
2024-06-14,491378544.0,491378543.99000007,0.00999993085861206,0.00999993085861206,2.0350768222822647e-11
2024-06-15,484260397.6,484260397.56540006,0.03459995985031128,0.03459995985031128,7.144907992020217e-11
2024-06-16,457972936.6,457972936.60630006,-0.006300032138824463,0.006300032138824463,1.3756341555018565e-11
2024-06-17,480021438.2,480021438.17499995,0.025000035762786865,0.025000035762786865,5.2081081746125365e-11
2024-06-18,490702428.0,490702428.0299999,-0.029999911785125732,0.029999911785125732,6.113666872894653e-11
2024-06-19,493466288.8,493466288.77,0.030000030994415283,0.030000030994415283,6.079448925957773e-11
2024-06-20,497647139.2,497647139.1780001,0.021999895572662354,0.021999895572662354,4.420782084275338e-11
2024-06-21,502297827.5,502297827.494,0.0059999823570251465,0.0059999823570251465,1.1945069296611972e-11
2024-06-22,496782340.6,496782340.5897,0.010300040245056152,0.010300040245056152,2.073350721890808e-11
2024-06-23,476360976.9,476360976.8786,0.021399974822998047,0.021399974822998047,4.4923862072544274e-11
2024-06-24,498731014.8,498731014.7697,0.030300021171569824,0.030300021171569824,6.075423479271821e-11
2024-06-25,505023167.2,505023167.2200001,-0.020000100135803223,0.020000100135803223,3.9602341901837455e-11
2024-06-26,498331913.2,498331913.21440005,-0.014400064945220947,0.014400064945220947,2.8896533743448296e-11
2024-06-27,503805538.1,503805538.14400005,-0.04400002956390381,0.04400002956390381,8.733534317594236e-11
2024-06-28,501053970.3,501053970.25209993,0.04790008068084717,0.04790008068084717,9.559864509639066e-11
2024-06-29,489895743.6,489895743.5854,0.014600038528442383,0.014600038528442383,2.980233798553538e-11
2024-06-30,458207164.5,458207164.53239995,-0.03239995241165161,0.03239995241165161,7.071027020497759e-11
2024-07-01,458903355.3,458903355.2682,0.031800031661987305,0.031800031661987305,6.929570528243052e-11
2024-07-02,480038625.0,480038625.02979994,-0.029799938201904297,0.029799938201904297,6.207820923140153e-11
2024-07-03,486614793.0,486614792.9757,0.024299979209899902,0.024299979209899902,4.993678687836336e-11
2024-07-04,492801764.0,492801764.0177999,-0.01779991388320923,0.01779991388320923,3.611982582759024e-11
2024-07-05,492795139.2,492795139.2078999,-0.007899940013885498,0.007899940013885498,1.6030880553550512e-11
2024-07-06,486377107.9,486377107.83599997,0.06400001049041748,0.06400001049041748,1.3158516190604923e-10
2024-07-07,463889675.3,463889675.2892,0.010800004005432129,0.010800004005432129,2.3281406292234694e-11
2024-07-08,486342736.0,486342736.06020004,-0.060200035572052,0.060200035572052,1.2378109328243776e-10
2024-07-09,490178583.3,490178583.27580005,0.024199962615966797,0.024199962615966797,4.9369685744013604e-11
2024-07-10,490799491.8,490799491.8175001,-0.017500102519989014,0.017500102519989014,3.56563175234914e-11
2024-07-11,493375886.6,493375886.63850003,-0.03850001096725464,0.03850001096725464,7.803383183675568e-11
2024-07-12,494981935.1,494981935.10499996,-0.004999935626983643,0.004999935626983643,1.0101248697032786e-11
2024-07-13,490144154.2,490144154.16470003,0.03529995679855347,0.03529995679855347,7.201954056999639e-11
2024-07-14,467386686.2,467386686.2032,-0.0031999945640563965,0.0031999945640563965,6.846567646317343e-12
2024-07-15,487223603.7,487223603.6835,0.016499996185302734,0.016499996185302734,3.386534654725459e-11
2024-07-16,486983710.9,486983710.9192,-0.019200026988983154,0.019200026988983154,3.942642548248559e-11
2024-07-17,495846472.3,495846472.24240005,0.05759996175765991,0.05759996175765991,1.1616491187379153e-10
2024-07-18,497298723.1,497298723.0554,0.04460000991821289,0.04460000991821289,8.968454541807547e-11
2024-07-19,501927890.8,501927890.8472,-0.04719996452331543,0.04719996452331543,9.403734159519519e-11
2024-07-20,489048781.2,489048781.17039996,0.029600024223327637,0.029600024223327637,6.052570901147486e-11
2024-07-21,469849943.5,469849943.50960004,-0.009600043296813965,0.009600043296813965,2.0432147390082563e-11
2024-07-22,495434347.6,495434347.5507,0.04930001497268677,0.04930001497268677,9.95086739777078e-11
2024-07-23,497647692.4,497647692.4034999,-0.003499925136566162,0.003499925136566162,7.032937537974128e-12
2024-07-24,494239877.3,494239877.2561,0.0439000129699707,0.0439000129699707,8.882329206172839e-11
2024-07-25,456660008.1,456660008.10159993,-0.0015999078750610352,0.0015999078750610352,3.5034989854217434e-12
2024-07-26,445804606.1,445804606.0576001,0.04239994287490845,0.04239994287490845,9.510880393505303e-11
2024-07-27,463411823.6,463411823.5555,0.04450005292892456,0.04450005292892456,9.602701239521105e-11
2024-07-28,455638254.8,455638254.8215999,-0.021599888801574707,0.021599888801574707,4.740578424666266e-11
2024-07-29,478982680.9,478982680.9523,-0.05230003595352173,0.05230003595352173,1.0918982677046044e-10
2024-07-30,486852482.2,486852482.2164,-0.016400039196014404,0.016400039196014404,3.3685848990448885e-11
2024-07-31,482603351.9,482603351.87700003,0.022999942302703857,0.022999942302703857,4.7658065805290274e-11
2024-08-01,475868416.9,475868416.9242001,-0.024200141429901123,0.024200141429901123,5.085469127695145e-11
2024-08-02,492621956.4,492621956.3667,0.03329998254776001,0.03329998254776001,6.75974387969038e-11
2024-08-03,491675191.1,491675191.13409996,-0.03409993648529053,0.03409993648529053,6.935460056262034e-11
2024-08-04,467862704.9,467862704.8676001,0.032399892807006836,0.032399892807006836,6.925085600471601e-11
2024-08-05,491276652.4,491276652.4482,-0.048200011253356934,0.048200011253356934,9.81117482743964e-11
2024-08-06,498456298.9,498456298.88850003,0.011499941349029541,0.011499941349029541,2.3071112501552825e-11
2024-08-07,498750319.8,498750319.8040001,-0.004000067710876465,0.004000067710876465,8.020180743905089e-12
2024-08-08,500606048.0,500606047.95960003,0.04039996862411499,0.04039996862411499,8.07021185331644e-11
2024-08-09,499715717.0,499715716.98170006,0.01829993724822998,0.01829993724822998,3.662069577897623e-11
2024-08-10,486223813.3,486223813.3550001,-0.05500006675720215,0.05500006675720215,1.1311676897089185e-10
2024-08-11,469619559.8,469619559.81880003,-0.018800020217895508,0.018800020217895508,4.003244717043301e-11
2024-08-12,495350083.1,495350083.05990005,0.04009997844696045,0.04009997844696045,8.095280452161581e-11
2024-08-13,497563083.3,497563083.2689,0.031100034713745117,0.031100034713745117,6.250470695590915e-11
2024-08-14,496756936.1,496756936.0599,0.040100038051605225,0.040100038051605225,8.072366007896638e-11
2024-08-15,491950515.2,491950515.2132,-0.013199985027313232,0.013199985027313232,2.6831936586034157e-11
2024-08-16,477823149.1,477823149.033,0.06700003147125244,0.06700003147125244,1.4021930833081196e-10
2024-08-17,474297367.3,474297367.28449994,0.015500068664550781,0.015500068664550781,3.2680064729827525e-11
2024-08-18,451182650.9,451182650.93829995,-0.03829997777938843,0.03829997777938843,8.48879665540979e-11
2024-08-19,480146463.2,480146463.1897,0.010299980640411377,0.010299980640411377,2.1451747393421967e-11
2024-08-20,486643973.6,486643973.6284999,-0.028499901294708252,0.028499901294708252,5.856417183978922e-11
2024-08-21,485041121.2,485041121.20729995,-0.007299959659576416,0.007299959659576416,1.505018717076233e-11
2024-08-22,485484929.2,485484929.2117,-0.011700034141540527,0.011700034141540527,2.4099685567624676e-11
2024-08-23,494263738.4,494263738.34720004,0.05279994010925293,0.05279994010925293,1.068254375289064e-10
2024-08-24,486602493.1,486602493.1363,-0.03630000352859497,0.03630000352859497,7.459888521601775e-11
2024-08-25,469900610.0,469900609.9700001,0.029999911785125732,0.029999911785125732,6.384310032099284e-11
2024-08-26,493551995.1,493551995.0574,0.042600035667419434,0.042600035667419434,8.631316677949628e-11
2024-08-27,504037808.7,504037808.7036,-0.003600001335144043,0.003600001335144043,7.142323994362773e-12
2024-08-28,520698141.7,520698141.65760005,0.04239994287490845,0.04239994287490845,8.142902668421113e-11
2024-08-29,497989929.2,497989929.2038,-0.003800034523010254,0.003800034523010254,7.630745724345974e-12
2024-08-30,496376326.4,496376326.37259996,0.02740001678466797,0.02740001678466797,5.5200087770881995e-11
2024-08-31,479798796.4,479798796.3923,0.0076999664306640625,0.0076999664306640625,1.60483237732942e-11
2024-09-01,436572519.1,436572519.12609994,-0.02609992027282715,0.02609992027282715,5.97836994564671e-11
2024-09-02,473800933.4,473800933.385,0.014999985694885254,0.014999985694885254,3.165883525649731e-11
2024-09-03,491339939.1,491339939.0961001,0.0038999319076538086,0.0038999319076538086,7.937339502254618e-12
2024-09-04,487919033.4,487919033.36570007,0.03429991006851196,0.03429991006851196,7.029836452473994e-11
2024-09-05,490535326.3,490535326.3046,-0.0045999884605407715,0.0045999884605407715,9.37748662310923e-12
2024-09-06,489924341.6,489924341.59180003,0.008199989795684814,0.008199989795684814,1.6737257366933845e-11
2024-09-07,480501500.6,480501500.62659997,-0.0265999436378479,0.0265999436378479,5.5358710856537745e-11
2024-09-08,461772972.7,461772972.6592001,0.04079991579055786,0.04079991579055786,8.835492374531919e-11
2024-09-09,480160467.7,480160467.67020005,0.029799938201904297,0.029799938201904297,6.206245662965123e-11
2024-09-10,490356791.6,490356791.59319997,0.006800055503845215,0.006800055503845215,1.3867566678656796e-11
2024-09-11,493502196.2,493502196.21779996,-0.017799973487854004,0.017799973487854004,3.6068681405908615e-11
2024-09-12,499584508.6,499584508.6472,-0.04719996452331543,0.04719996452331543,9.447843900441437e-11
2024-09-13,498598404.6,498598404.6041,-0.0040999650955200195,0.0040999650955200195,8.22298077509737e-12
2024-09-14,488677606.6,488677606.5990001,0.0009999275207519531,0.0009999275207519531,2.0461905911936524e-12
2024-09-15,474732634.4,474732634.4606001,-0.060600101947784424,0.060600101947784424,1.2765101355287072e-10
2024-09-16,446701738.9,446701738.89269996,0.007300019264221191,0.007300019264221191,1.634204353490416e-11
2024-09-17,374127616.6,374127616.64640003,-0.04640001058578491,0.04640001058578491,1.2402188057502758e-10
2024-09-18,449256412.4,449256412.4286001,-0.028600096702575684,0.028600096702575684,6.36609649037381e-11
2024-09-19,488604456.3,488604456.2981,0.001900017261505127,0.001900017261505127,3.888661343560339e-12
2024-09-20,493829576.5,493829576.5609,-0.060899972915649414,0.060899972915649414,1.2332184181286965e-10
2024-09-21,493450429.0,493450429.0097,-0.009700000286102295,0.009700000286102295,1.9657496915667482e-11
2024-09-22,465102390.9,465102390.9223,-0.022300004959106445,0.022300004959106445,4.794644232198989e-11
2024-09-23,466095677.6,466095677.55590004,0.04409998655319214,0.04409998655319214,9.46157380825111e-11
2024-09-24,469935387.2,469935387.24340004,-0.04340004920959473,0.04340004920959473,9.235322640455694e-11
2024-09-25,477201855.7,477201855.7105,-0.010500013828277588,0.010500013828277588,2.2003296305030668e-11
2024-09-26,483179466.1,483179466.08769995,0.012300074100494385,0.012300074100494385,2.5456533158941673e-11
2024-09-27,486948829.4,486948829.3699,0.030099987983703613,0.030099987983703613,6.181345177642522e-11
2024-09-28,489250204.0,489250203.99959993,0.0004000663757324219,0.0004000663757324219,8.177132527724442e-13
2024-09-29,484363421.6,484363421.6366,-0.03659999370574951,0.03659999370574951,7.556308357234858e-11
2024-09-30,465948255.6,465948255.56439996,0.03560006618499756,0.03560006618499756,7.640347561588244e-11
2024-10-01,352796923.6,352796923.5547,0.04530000686645508,0.04530000686645508,1.2840249967093273e-10
2024-10-02,351365423.4,351365423.37639993,0.02360004186630249,0.02360004186630249,6.716665982080948e-11
2024-10-03,379260620.1,379260620.1283999,-0.028399884700775146,0.028399884700775146,7.488223979934147e-11
2024-10-04,416506297.5,416506297.4687,0.03130000829696655,0.03130000829696655,7.514894368906043e-11
2024-10-05,439516754.1,439516754.12279993,-0.022799909114837646,0.022799909114837646,5.187494879808416e-11
2024-10-06,455402272.7,455402272.74070007,-0.04070007801055908,0.04070007801055908,8.937170596285231e-11
2024-10-07,469924075.0,469924074.9815,0.01849997043609619,0.01849997043609619,3.936799883278206e-11
2024-10-08,474712617.0,474712617.0292,-0.02920001745223999,0.02920001745223999,6.151093610440101e-11
2024-10-09,473031575.2,473031575.2463,-0.04629999399185181,0.04629999399185181,9.787928844343203e-11
2024-10-10,469536914.0,469536913.9929,0.0070999860763549805,0.0070999860763549805,1.5121252162838427e-11
2024-10-11,469641109.4,469641109.3953999,0.004600048065185547,0.004600048065185547,9.794815600922237e-12
2024-10-12,468899118.1,468899118.1264,-0.026399970054626465,0.026399970054626465,5.630202539429017e-11
2024-10-13,459486216.6,459486216.5572,0.04280000925064087,0.04280000925064087,9.314753675821331e-11
2024-10-14,483521921.6,483521921.58970004,0.010299980640411377,0.010299980640411377,2.1301993105768994e-11
2024-10-15,486074901.0,486074900.95739996,0.042600035667419434,0.042600035667419434,8.764088740187684e-11
2024-10-16,473214963.4,473214963.4273001,-0.027300119400024414,0.027300119400024414,5.769073573641018e-11
2024-10-17,489756712.5,489756712.48679996,0.013200044631958008,0.013200044631958008,2.6952248524736672e-11
2024-10-18,492715521.4,492715521.4204999,-0.02049994468688965,0.02049994468688965,4.1606046078356096e-11
2024-10-19,490116077.8,490116077.819,-0.018999993801116943,0.018999993801116943,3.8766314066665255e-11
2024-10-20,459423326.3,459423326.2959,0.004100024700164795,0.004100024700164795,8.924285001339939e-12
2024-10-21,477258303.9,477258303.9220001,-0.022000133991241455,0.022000133991241455,4.609691190590818e-11
2024-10-22,483844156.9,483844156.92410004,-0.024100065231323242,0.024100065231323242,4.980956137970722e-11
2024-10-23,480756220.3,480756220.331,-0.030999958515167236,0.030999958515167236,6.448165869975169e-11
2024-10-24,468843075.9,468843075.88729995,0.012700021266937256,0.012700021266937256,2.7088000057499104e-11
2024-10-25,471049284.8,471049284.8518999,-0.05189990997314453,0.05189990997314453,1.1017936264393311e-10
2024-10-26,471562885.3,471562885.2765,0.023500025272369385,0.023500025272369385,4.983434024376003e-11
2024-10-27,458351445.2,458351445.22409993,-0.02409994602203369,0.02409994602203369,5.2579622633278196e-11
2024-10-28,470651379.4,470651379.43410003,-0.03410005569458008,0.03410005569458008,7.245289653257114e-11
2024-10-29,473079335.9,473079335.8858,0.014199972152709961,0.014199972152709961,3.001604820826832e-11
2024-10-30,470045060.6,470045060.56880003,0.031199991703033447,0.031199991703033447,6.637659730581466e-11
2024-10-31,461357851.2,461357851.14870006,0.05129992961883545,0.05129992961883545,1.1119335995996041e-10
2024-11-01,443601181.8,443601181.8478001,-0.04780006408691406,0.04780006408691406,1.0775459139435967e-10
2024-11-02,449269387.2,449269387.1537,0.04629999399185181,0.04629999399185181,1.0305619592825845e-10
2024-11-03,441609841.3,441609841.29190004,0.008099973201751709,0.008099973201751709,1.8341921860045534e-11
2024-11-04,467660159.1,467660159.09690005,0.003099977970123291,0.003099977970123291,6.628698018854373e-12
2024-11-05,474665245.0,474665245.0180001,-0.018000125885009766,0.018000125885009766,3.7921727100558555e-11
2024-11-06,471591185.4,471591185.42370003,-0.023700058460235596,0.023700058460235596,5.0255516205489273e-11
2024-11-07,469750548.4,469750548.3573,0.042699992656707764,0.042699992656707764,9.089929283136897e-11
2024-11-08,473310948.5,473310948.4533,0.04670000076293945,0.04670000076293945,9.866663957582095e-11
2024-11-09,473848285.9,473848285.8726999,0.02730005979537964,0.02730005979537964,5.761350332528372e-11
2024-11-10,455720318.0,455720318.00049996,-0.0004999637603759766,0.0004999637603759766,1.0970846386005913e-12
2024-11-11,470567987.8,470567987.78779995,0.01220005750656128,0.01220005750656128,2.5926237701801607e-11
2024-11-12,476612556.6,476612556.57339996,0.02660006284713745,0.02660006284713745,5.581066314512086e-11
2024-11-13,475846076.3,475846076.30569994,-0.00569993257522583,0.00569993257522583,1.1978521751290586e-11
2024-11-14,483669826.2,483669826.15260005,0.047399938106536865,0.047399938106536865,9.800061020746154e-11
2024-11-15,484874970.6,484874970.5964999,0.0035001039505004883,0.0035001039505004883,7.218570070072592e-12
2024-11-16,468395820.2,468395820.2458999,-0.045899927616119385,0.045899927616119385,9.799388815323033e-11
2024-11-17,454529548.6,454529548.5716,0.028400003910064697,0.028400003910064697,6.248219504659217e-11
2024-11-18,471581559.9,471581559.85980004,0.04019993543624878,0.04019993543624878,8.52449265505065e-11
2024-11-19,473941973.6,473941973.6478999,-0.04789990186691284,0.04789990186691284,1.0106701776817018e-10
2024-11-20,475933668.8,475933668.80499995,-0.004999935626983643,0.004999935626983643,1.0505530402146751e-11
2024-11-21,476554188.8,476554188.86920005,-0.06920003890991211,0.06920003890991211,1.4520917145679302e-10
2024-11-22,471929719.9,471929719.857,0.042999982833862305,0.042999982833862305,9.111522546826216e-11
2024-11-23,469312915.2,469312915.23399997,-0.0339999794960022,0.0339999794960022,7.244628987359733e-11
2024-11-24,454527112.1,454527112.1276,-0.027599990367889404,0.027599990367889404,6.072242916461529e-11
2024-11-25,469298600.0,469298600.0131,-0.013100028038024902,0.013100028038024902,2.7914057357138722e-11
2024-11-26,472287419.1,472287419.06969994,0.0303000807762146,0.0303000807762146,6.415601930272675e-11
2024-11-27,473913918.9,473913918.90910006,-0.009100079536437988,0.009100079536437988,1.9201967221304984e-11
2024-11-28,473177401.5,473177401.54560006,-0.045600056648254395,0.045600056648254395,9.63698953155826e-11
2024-11-29,469858269.6,469858269.5844,0.015600025653839111,0.015600025653839111,3.3201556007771736e-11
2024-11-30,458266328.8,458266328.8180001,-0.01800006628036499,0.01800006628036499,3.927861409215756e-11
2024-12-01,422814081.9,422814081.8523999,0.04760009050369263,0.04760009050369263,1.1257924591771415e-10
2024-12-02,448402033.9,448402033.90300006,-0.0030000805854797363,0.0030000805854797363,6.690604320828743e-12
2024-12-03,468980227.0,468980226.992,0.008000016212463379,0.008000016212463379,1.705832304197204e-11
2024-12-04,469619476.0,469619475.99130005,0.008699953556060791,0.008699953556060791,1.8525538229723655e-11
2024-12-05,472312371.0,472312371.0407001,-0.04070007801055908,0.04070007801055908,8.617194998383619e-11
2024-12-06,476839877.6,476839877.5988,0.0012000203132629395,0.0012000203132629395,2.516610647798177e-12
2024-12-07,475888308.1,475888308.1257999,-0.025799870491027832,0.025799870491027832,5.4214129769303804e-11
2024-12-08,460627302.4,460627302.36480016,0.03519982099533081,0.03519982099533081,7.641713986975952e-11
2024-12-09,473914136.9,473914136.9365,-0.03650003671646118,0.03650003671646118,7.701824840089759e-11
2024-12-10,479863202.3,479863202.3489001,-0.048900067806243896,0.048900067806243896,1.0190418346700534e-10
2024-12-11,476620348.3,476620348.3459,-0.04589998722076416,0.04589998722076416,9.630303738495287e-11
2024-12-12,480403569.9,480403569.9422,-0.04220002889633179,0.04220002889633179,8.78428711616695e-11
2024-12-13,481942960.0,481942959.9727001,0.027299880981445312,0.027299880981445312,5.664546066083279e-11
2024-12-14,474857979.7,474857979.70350003,-0.003500044345855713,0.003500044345855713,7.370718184133557e-12
2024-12-15,453728446.4,453728446.34639996,0.053600013256073,0.053600013256073,1.1813236238844954e-10
2024-12-16,463621603.0,463621602.98929995,0.010700047016143799,0.010700047016143799,2.3079267546865798e-11
2024-12-17,477007492.3,477007492.3196,-0.019599974155426025,0.019599974155426025,4.108944717182595e-11
2024-12-18,484285579.0,484285579.04749995,-0.04749995470046997,0.04749995470046997,9.808252973080986e-11
2024-12-19,488216390.4,488216390.43179995,-0.03179997205734253,0.03179997205734253,6.513499481508299e-11
2024-12-20,487164917.0,487164917.0093,-0.009299993515014648,0.009299993515014648,1.9090031302509922e-11
2024-12-21,472227488.4,472227488.42359996,-0.023599982261657715,0.023599982261657715,4.997587569842475e-11
2024-12-22,467000409.1,467000409.0506,0.04940003156661987,0.04940003156661987,1.0578155951045797e-10
2024-12-23,478924048.6,478924048.6226999,-0.02269989252090454,0.02269989252090454,4.73976877696188e-11
2024-12-24,483000717.5,483000717.5081,-0.008099973201751709,0.008099973201751709,1.6770105940374114e-11
2024-12-25,481415135.6,481415135.6079999,-0.007999897003173828,0.007999897003173828,1.6617460506727425e-11
2024-12-26,478696269.0,478696269.03489995,-0.03489995002746582,0.03489995002746582,7.290625034611628e-11
2024-12-27,480362928.1,480362928.14030004,-0.04030001163482666,0.04030001163482666,8.389492460258542e-11
2024-12-28,474845141.7,474845141.70960003,-0.009600043296813965,0.009600043296813965,2.0217208630259353e-11
2024-12-29,463368464.9,463368464.83669996,0.06330001354217529,0.06330001354217529,1.3660837613504003e-10
2024-12-30,469413869.9,469413869.8958,0.004199981689453125,0.004199981689453125,8.947289287271921e-12
2024-12-31,457418322.7,457418322.7105,-0.010500013828277588,0.010500013828277588,2.295494803596679e-11
2025-01-01,391422749.3,391422749.3252,-0.0252000093460083,0.0252000093460083,6.438054351995299e-11
2025-01-02,444538834.1,444538834.04750013,0.05249989032745361,0.05249989032745361,1.180996716152894e-10
2025-01-03,458667728.4,458667728.43200004,-0.032000064849853516,0.032000064849853516,6.976742174881453e-11
2025-01-04,466083425.9,466083425.89820004,0.001799941062927246,0.001799941062927246,3.8618431012679485e-12
2025-01-05,459963376.9,459963376.9352001,-0.03520011901855469,0.03520011901855469,7.65280906836361e-11
2025-01-06,463141174.0,463141173.9549999,0.04500007629394531,0.04500007629394531,9.716276336498925e-11
2025-01-07,468385216.3,468385216.2662999,0.03370010852813721,0.03370010852813721,7.194955638085798e-11
2025-01-08,464460441.6,464460441.5645001,0.0354999303817749,0.0354999303817749,7.643262418535086e-11
2025-01-09,464408873.5,464408873.48489994,0.015100061893463135,0.015100061893463135,3.2514585218111976e-11
2025-01-10,462461665.4,462461665.3957,0.0042999982833862305,0.0042999982833862305,9.298064261536153e-12
2025-01-11,452991702.4,452991702.38799995,0.012000024318695068,0.012000024318695068,2.6490605137174955e-11
2025-01-12,434788910.9,434788910.9138,-0.01380002498626709,0.01380002498626709,3.1739597400728215e-11
2025-01-13,440535343.5,440535343.48080003,0.01919996738433838,0.01919996738433838,4.358326220047854e-11
2025-01-14,433896566.8,433896566.79219997,0.007800042629241943,0.007800042629241943,1.7976732765524023e-11
2025-01-15,419311254.3,419311254.33159995,-0.03159993886947632,0.03159993886947632,7.536153285995004e-11
2025-01-16,408519319.5,408519319.4835,0.016499996185302734,0.016499996185302734,4.038975734488546e-11
2025-01-17,402761539.4,402761539.4158,-0.015799999237060547,0.015799999237060547,3.922916587467127e-11
2025-01-18,384510328.4,384510328.37009996,0.029900014400482178,0.029900014400482178,7.776127763563653e-11
2025-01-19,364600358.4,364600358.42359996,-0.023599982261657715,0.023599982261657715,6.472835727650705e-11
2025-01-20,350479783.0,350479783.04059994,-0.040599942207336426,0.040599942207336426,1.1584103898893485e-10
2025-01-21,327705016.5,327705016.52400005,-0.024000048637390137,0.024000048637390137,7.323674472157535e-11
2025-01-22,312675175.3,312675175.2858,0.014200031757354736,0.014200031757354736,4.541464394712609e-11
2025-01-23,287423462.4,287423462.36560005,0.03439992666244507,0.03439992666244507,1.1968378077142345e-10
2025-01-24,263694665.9,263694665.8418,0.05820000171661377,0.05820000171661377,2.2070981799337857e-10
2025-01-25,237027003.6,237027003.55810007,0.041899919509887695,0.041899919509887695,1.76772767969496e-10
2025-01-26,223305285.6,223305285.6001,-0.00010001659393310547,0.00010001659393310547,4.478917445432177e-13
2025-01-27,205965836.1,205965836.10350004,-0.003500044345855713,0.003500044345855713,1.6993324777204218e-11
2025-01-28,192957334.6,192957334.5708,0.029199987649917603,0.029199987649917603,1.5132872616865844e-10
2025-01-29,187390302.8,187390302.82629997,-0.02629995346069336,0.02629995346069336,1.4034852960754892e-10
2025-01-30,193549477.2,193549477.17759997,0.02240002155303955,0.02240002155303955,1.1573279286046841e-10
2025-01-31,196598624.7,196598624.654,0.04599997401237488,0.04599997401237488,2.339791241295234e-10
2025-02-01,198856101.4,198856101.38519996,0.014800041913986206,0.014800041913986206,7.442588791487897e-11
2025-02-02,202984616.5,202984616.48139998,0.018600016832351685,0.018600016832351685,9.163264267542011e-11
2025-02-03,222053155.2,222053155.20720005,-0.007200062274932861,0.007200062274932861,3.242494919042187e-11
2025-02-04,238020053.6,238020053.56210002,0.03789997100830078,0.03789997100830078,1.5923015911925155e-10
2025-02-05,262206068.8,262206068.84930006,-0.049300044775009155,0.049300044775009155,1.8802022775686858e-10
2025-02-06,287574410.7,287574410.7303999,-0.03039991855621338,0.03039991855621338,1.0571148692338564e-10
2025-02-07,305350763.5,305350763.4754,0.02460002899169922,0.02460002899169922,8.056318153499302e-11
2025-02-08,319522712.1,319522712.055,0.04500001668930054,0.04500001668930054,1.4083511119928472e-10
2025-02-09,325433783.3,325433783.3499,-0.04989999532699585,0.04989999532699585,1.5333378981430367e-10
2025-02-10,343386591.7,343386591.69060004,0.009399950504302979,0.009399950504302979,2.7374250280905708e-11
2025-02-11,355743432.8,355743432.82719994,-0.027199923992156982,0.027199923992156982,7.645938472587028e-11
2025-02-12,350210384.4,350210384.43389994,-0.03389996290206909,0.03389996290206909,9.679885123951537e-11
2025-02-13,372500990.7,372500990.67159986,0.028400123119354248,0.028400123119354248,7.62417384876884e-11
2025-02-14,386722330.2,386722330.21510005,-0.015100061893463135,0.015100061893463135,3.904626320816251e-11
2025-02-15,395093804.3,395093804.32430005,-0.024300038814544678,0.024300038814544678,6.150447956934635e-11
2025-02-16,393440931.5,393440931.5153,-0.015299975872039795,0.015299975872039795,3.888760585663618e-11
2025-02-17,409342601.5,409342601.4797,0.020299971103668213,0.020299971103668213,4.959164042364697e-11
2025-02-18,424060029.7,424060029.6681,0.031899988651275635,0.031899988651275635,7.522517194993167e-11
2025-02-19,433438740.9,433438740.85130006,0.048699915409088135,0.048699915409088135,1.123570895115807e-10
2025-02-20,441485658.8,441485658.81289995,-0.012899935245513916,0.012899935245513916,2.921937550718446e-11
2025-02-21,447665472.7,447665472.7088,-0.008800029754638672,0.008800029754638672,1.9657602141087956e-11
2025-02-22,442858259.3,442858259.32890004,-0.02890002727508545,0.02890002727508545,6.52579615897105e-11
2025-02-23,429744954.4,429744954.4115,-0.011500000953674316,0.011500000953674316,2.6760060440338043e-11
2025-02-24,448671212.3,448671212.339,-0.038999974727630615,0.038999974727630615,8.69232829262815e-11
2025-02-25,449790664.7,449790664.6612,0.03880000114440918,0.03880000114440918,8.626235311105864e-11
2025-02-26,453277276.6,453277276.62860006,-0.028600037097930908,0.028600037097930908,6.309611925057817e-11
2025-02-27,455688883.7,455688883.7008,-0.000800013542175293,0.000800013542175293,1.7556134696100619e-12
2025-02-28,453055651.5,453055651.46409994,0.0359000563621521,0.0359000563621521,7.92398378505871e-11
2025-03-01,439386389.3,439386389.28889996,0.011100053787231445,0.011100053787231445,2.5262625464833543e-11
2025-03-02,443181990.4,443181990.39040005,0.009599924087524414,0.009599924087524414,2.1661358754357032e-11
2025-03-03,471923534.7,471923534.72889996,-0.028899967670440674,0.028899967670440674,6.123866589703409e-11
2025-03-04,475219883.3,475219883.2956,0.004400014877319336,0.004400014877319336,9.258903156082097e-12
2025-03-05,476469218.5,476469218.46000004,0.039999961853027344,0.039999961853027344,8.395077856016283e-11
2025-03-06,482751884.7,482751884.6738001,0.02619987726211548,0.02619987726211548,5.4271931591519435e-11
2025-03-07,484868125.3,484868125.2598,0.040199995040893555,0.040199995040893555,8.29091312529996e-11
2025-03-08,480836875.0,480836874.97870004,0.02129995822906494,0.02129995822906494,4.429768043281818e-11
2025-03-09,465762552.4,465762552.3998999,0.00010007619857788086,0.00010007619857788086,2.148652742952481e-13
2025-03-10,483701867.8,483701867.84819996,-0.04819995164871216,0.04819995164871216,9.964805773427728e-11
2025-03-11,486776306.8,486776306.83879995,-0.038799941539764404,0.038799941539764404,7.970795003320898e-11
2025-03-12,494234608.2,494234608.13269997,0.06730002164840698,0.06730002164840698,1.3617019231719392e-10
2025-03-13,494536287.1,494536287.1177001,-0.01770007610321045,0.01770007610321045,3.5791258528277266e-11
2025-03-14,490069520.6,490069520.5686,0.03140002489089966,0.03140002489089966,6.407259290978982e-11
2025-03-15,478026458.1,478026458.0838999,0.01610010862350464,0.01610010862350464,3.368037134910344e-11
2025-03-16,452939276.0,452939276.01250005,-0.01250004768371582,0.01250004768371582,2.7597623668466807e-11
2025-03-17,477453399.3,477453399.33690006,-0.03690004348754883,0.03690004348754883,7.728512047803705e-11
2025-03-18,487740951.7,487740951.69350004,0.006499946117401123,0.006499946117401123,1.3326635983191164e-11
2025-03-19,490463680.4,490463680.4287001,-0.02870011329650879,0.02870011329650879,5.851628661494828e-11
2025-03-20,491404614.3,491404614.3775,-0.07749998569488525,0.07749998569488525,1.5771114767671252e-10
2025-03-21,492621970.8,492621970.82030004,-0.02030003070831299,0.02030003070831299,4.120813100427998e-11
2025-03-22,487846169.6,487846169.5738999,0.026100099086761475,0.026100099086761475,5.350067441989294e-11
2025-03-23,468905597.4,468905597.4346,-0.034600019454956055,0.034600019454956055,7.378888127334617e-11
2025-03-24,491181391.1,491181391.0404,0.059599995613098145,0.059599995613098145,1.213400928720529e-10
2025-03-25,496824585.0,496824584.9643,0.03570002317428589,0.03570002317428589,7.18563940918622e-11
2025-03-26,499330779.6,499330779.59009993,0.009900093078613281,0.009900093078613281,1.9826723052290047e-11
2025-03-27,502554925.9,502554925.90880007,-0.008800089359283447,0.008800089359283447,1.75107016283321e-11
2025-03-28,500377732.9,500377732.89339995,0.006600022315979004,0.006600022315979004,1.319007997763564e-11
2025-03-29,491748022.7,491748022.71699995,-0.01699995994567871,0.01699995994567871,3.457046934797713e-11
2025-03-30,475062060.4,475062060.4207001,-0.02070009708404541,0.02070009708404541,4.3573458732141286e-11
2025-03-31,481222727.2,481222727.1646,0.03539997339248657,0.03539997339248657,7.356255511551112e-11
2025-04-01,477093180.6,477093180.5737999,0.02620011568069458,0.02620011568069458,5.491613954268828e-11
2025-04-02,487078665.3,487078665.27980006,0.020199954509735107,0.020199954509735107,4.1471647084549705e-11
2025-04-03,478053402.5,478053402.4718,0.028199970722198486,0.028199970722198486,5.89891643375522e-11
2025-04-04,405241165.1,405241165.08120006,0.018799960613250732,0.018799960613250732,4.639203080124283e-11
2025-04-05,438609338.3,438609338.29179996,0.00820004940032959,0.00820004940032959,1.869556501489925e-11
2025-04-06,472063027.5,472063027.5325999,-0.03259992599487305,0.03259992599487305,6.905841825300128e-11
2025-04-07,491144073.3,491144073.3579,-0.05790001153945923,0.05790001153945923,1.1788803873867132e-10
2025-04-08,499618544.5,499618544.4986,0.001399993896484375,0.001399993896484375,2.8021255653859643e-12
2025-04-09,501294229.4,501294229.3510001,0.048999905586242676,0.048999905586242676,9.77467976140295e-11
2025-04-10,501229781.1,501229781.11939996,-0.019399940967559814,0.019399940967559814,3.8704685354059885e-11
2025-04-11,501620981.7,501620981.71110004,-0.011100053787231445,0.011100053787231445,2.2128368214609403e-11
2025-04-12,496556425.9,496556425.9083,-0.00830000638961792,0.00830000638961792,1.6715132373071803e-11
2025-04-13,473796893.9,473796893.8615999,0.03840005397796631,0.03840005397796631,8.104750046350254e-11
2025-04-14,491439016.2,491439016.24130005,-0.041300058364868164,0.041300058364868164,8.403903028338384e-11
2025-04-15,494883506.2,494883506.1737,0.026300013065338135,0.026300013065338135,5.3143846452440395e-11
2025-04-16,489007512.7,489007512.6878001,0.012199878692626953,0.012199878692626953,2.494824389356862e-11
2025-04-17,498854875.1,498854875.10269994,-0.002699911594390869,0.002699911594390869,5.412218521167398e-12
2025-04-18,505586613.8,505586613.82739997,-0.027399957180023193,0.027399957180023193,5.419438812686222e-11
2025-04-19,499712522.8,499712522.7409,0.05910003185272217,0.05910003185272217,1.1826806244832848e-10
2025-04-20,480708263.0,480708263.02290004,-0.022900044918060303,0.022900044918060303,4.7638134562418166e-11
2025-04-21,501343792.4,501343792.41150004,-0.011500060558319092,0.011500060558319092,2.2938472027880827e-11
2025-04-22,510950250.1,510950250.1212,-0.02120000123977661,0.02120000123977661,4.149132177864181e-11
2025-04-23,509599589.1,509599589.0701,0.029900014400482178,0.029900014400482178,5.867354495573351e-11
2025-04-24,498576131.6,498576131.6434,-0.04339998960494995,0.04339998960494995,8.704786862875557e-11
2025-04-25,494126823.6,494126823.6257,-0.025699973106384277,0.025699973106384277,5.201088441049424e-11
2025-04-26,484494399.7,484494399.7006,-0.0006000399589538574,0.0006000399589538574,1.2384868830793575e-12
2025-04-27,479838484.8,479838484.7723,0.02770000696182251,0.02770000696182251,5.772777265535103e-11
2025-04-28,492841657.0,492841656.97520006,0.02479994297027588,0.02479994297027588,5.0320305960410886e-11
2025-04-29,490602307.7,490602307.6636001,0.036399900913238525,0.036399900913238525,7.41943124643776e-11
2025-04-30,473850768.0,473850767.95210004,0.04789996147155762,0.04789996147155762,1.010865966804925e-10
2025-05-01,373347791.6,373347791.61950004,-0.019500017166137695,0.019500017166137695,5.2230166094111417e-11
2025-05-02,379670644.2,379670644.1874999,0.012500107288360596,0.012500107288360596,3.292355487398674e-11
2025-05-03,428942261.6,428942261.6237,-0.02369999885559082,0.02369999885559082,5.525218887779282e-11
2025-05-04,456106876.0,456106875.9649,0.03509998321533203,0.03509998321533203,7.695561076200927e-11
2025-05-05,478190248.9,478190248.9437001,-0.04370009899139404,0.04370009899139404,9.138642850187581e-11
2025-05-06,502589594.7,502589594.6686,0.03139996528625488,0.03139996528625488,6.247635370365713e-11
2025-05-07,498942966.5,498942966.47479993,0.025200068950653076,0.025200068950653076,5.05069128991381e-11
2025-05-08,500625917.7,500625917.70669997,-0.006699979305267334,0.006699979305267334,1.3383205040699262e-11
2025-05-09,507572014.4,507572014.3613,0.038699984550476074,0.038699984550476074,7.624530796132104e-11
2025-05-10,498151184.7,498151184.6531001,0.04689991474151611,0.04689991474151611,9.414795383807127e-11
2025-05-11,474236954.1,474236954.0705,0.02950000762939453,0.02950000762939453,6.220520643605097e-11
2025-05-12,492475733.3,492475733.33820003,-0.0382000207901001,0.0382000207901001,7.75673159246405e-11
2025-05-13,500369710.5,500369710.4671001,0.03289991617202759,0.03289991617202759,6.575121451526708e-11
2025-05-14,507081057.3,507081057.3108001,-0.010800063610076904,0.010800063610076904,2.1298495486269675e-11
2025-05-15,510031588.7,510031588.7457,-0.045700013637542725,0.045700013637542725,8.96023200328155e-11
2025-05-16,506970379.5,506970379.4529,0.0471000075340271,0.0471000075340271,9.290485093129015e-11
2025-05-17,508593616.9,508593616.8647,0.03529995679855347,0.03529995679855347,6.940699927324131e-11
2025-05-18,490637926.7,490637926.6753,0.02469998598098755,0.02469998598098755,5.0342594073634115e-11
2025-05-19,513448362.4,513448362.4272,-0.027200043201446533,0.027200043201446533,5.2975226319363434e-11
2025-05-20,515540620.4,515540620.46509993,-0.06509995460510254,0.06509995460510254,1.2627512174422354e-10
2025-05-21,520007432.4,520007432.42249995,-0.02249997854232788,0.02249997854232788,4.3268571063462135e-11
2025-05-22,524637133.8,524637133.83400005,-0.03400003910064697,0.03400003910064697,6.480677197662552e-11
2025-05-23,524073566.8,524073566.857,-0.05699998140335083,0.05699998140335083,1.087633206753652e-10
2025-05-24,508116460.3,508116460.28470004,0.015299975872039795,0.015299975872039795,3.01111596798231e-11
2025-05-25,485454777.8,485454777.8492999,-0.04929989576339722,0.04929989576339722,1.0155404379130043e-10
2025-05-26,494175811.6,494175811.6284001,-0.028400063514709473,0.028400063514709473,5.746955404951567e-11
2025-05-27,501372956.1,501372956.0997,0.0003000497817993164,0.0003000497817993164,5.984562552661312e-13
2025-05-28,500625393.9,500625393.8797,0.020299971103668213,0.020299971103668213,4.054922373299173e-11
2025-05-29,493318600.2,493318600.2566,-0.05660003423690796,0.05660003423690796,1.1473322557463132e-10
2025-05-30,476458997.6,476458997.62420005,-0.024200022220611572,0.024200022220611572,5.079140564562941e-11
2025-05-31,383879225.9,383879225.901,-0.001000046730041504,0.001000046730041504,2.605107707240232e-12
2025-06-01,409534391.2,409534391.1632001,0.03679990768432617,0.03679990768432617,8.985791785763503e-11
2025-06-02,472510241.5,472510241.46830004,0.031699955463409424,0.031699955463409424,6.708839868269697e-11
2025-06-03,492509800.9,492509800.8908,0.009199976921081543,0.009199976921081543,1.8679784451537283e-11
2025-06-04,493410753.6,493410753.5994001,0.0005999207496643066,0.0005999207496643066,1.2158647643716589e-12
2025-06-05,494165996.0,494165995.97900003,0.0209999680519104,0.0209999680519104,4.249577717182791e-11
2025-06-06,499500714.0,499500713.98939997,0.010600030422210693,0.010600030422210693,2.1221251792266095e-11
2025-06-07,502023979.5,502023979.4728,0.027199983596801758,0.027199983596801758,5.418064615935693e-11
2025-06-08,479895019.7,479895019.7389,-0.038900017738342285,0.038900017738342285,8.105943204549219e-11
2025-06-09,502686682.9,502686682.92599994,-0.02599996328353882,0.02599996328353882,5.172200531262337e-11
2025-06-10,509519987.3,509519987.3280001,-0.0280001163482666,0.0280001163482666,5.495391161520898e-11
2025-06-11,510157607.1,510157607.1239999,-0.02399986982345581,0.02399986982345581,4.704403009862677e-11
2025-06-12,516145006.9,516145006.9180001,-0.018000125885009766,0.018000125885009766,3.4874164516517706e-11
2025-06-13,515486302.9,515486302.94,-0.04000002145767212,0.04000002145767212,7.759667178864264e-11
2025-06-14,502332964.5,502332964.48290014,0.017099857330322266,0.017099857330322266,3.4040882320639076e-11
2025-06-15,471269767.1,471269767.1403,-0.040299952030181885,0.040299952030181885,8.551355262649498e-11
2025-06-16,490272497.1,490272497.13899994,-0.03899991512298584,0.03899991512298584,7.954742587779933e-11
2025-06-17,497534649.7,497534649.69860005,0.0013999342918395996,0.0013999342918395996,2.813742304548482e-12
2025-06-18,507986201.5,507986201.49209994,0.007900059223175049,0.007900059223175049,1.5551720105482135e-11
2025-06-19,509724842.1,509724842.077,0.023000001907348633,0.023000001907348633,4.512238762504024e-11
2025-06-20,510828245.8,510828245.8,0.0,0.0,0.0
2025-06-21,499813383.0,499813383.0520001,-0.05200010538101196,0.05200010538101196,1.0403904166970248e-10
2025-06-22,479364895.7,479364895.67389995,0.0261000394821167,0.0261000394821167,5.4447123091906245e-11
2025-06-23,503221940.2,503221940.233,-0.03299999237060547,0.03299999237060547,6.55774117429975e-11
2025-06-24,508061807.6,508061807.597,0.003000020980834961,0.003000020980834961,5.9048346794783965e-12
2025-06-25,511544347.3,511544347.2840001,0.015999913215637207,0.015999913215637207,3.1277665954255785e-11
2025-06-26,509193960.2,509193960.231,-0.03100001811981201,0.03100001811981201,6.088056917964207e-11
2025-06-27,512906004.2,512906004.247,-0.046999990940093994,0.046999990940093994,9.163470607719198e-11
2025-06-28,499339047.7,499339047.7000001,-1.1920928955078125e-07,1.1920928955078125e-07,2.387341628896635e-16
2025-06-29,476129902.6,476129902.62119997,-0.021199941635131836,0.021199941635131836,4.452554128477424e-11
2025-06-30,490157706.0,490157706.01799995,-0.01799994707107544,0.01799994707107544,3.67227666743557e-11
2025-07-01,481349166.2,481349166.17779994,0.022200047969818115,0.022200047969818115,4.612046624091174e-11
2025-07-02,493712200.5,493712200.524,-0.02399998903274536,0.02399998903274536,4.861129420832565e-11
2025-07-03,503574578.1,503574578.082,0.018000006675720215,0.018000006675720215,3.574447054820501e-11
2025-07-04,504530764.6,504530764.62399995,-0.023999929428100586,0.023999929428100586,4.756881267117201e-11
2025-07-05,497232425.8,497232425.77509993,0.024900078773498535,0.024900078773498535,5.0077343072380405e-11
2025-07-06,478927630.3,478927630.2568,0.043200016021728516,0.043200016021728516,9.02015529875945e-11
2025-07-07,506199897.3,506199897.334,-0.0339999794960022,0.0339999794960022,6.716710073896373e-11
2025-07-08,515576237.6,515576237.592,0.008000016212463379,0.008000016212463379,1.551665035941792e-11
2025-07-09,498378406.7,498378406.68700004,0.012999951839447021,0.012999951839447021,2.6084500581648138e-11
2025-07-10,491555024.9,491555024.86060005,0.039399921894073486,0.039399921894073486,8.015363468634839e-11
2025-07-11,489373459.4,489373459.36320007,0.03679990768432617,0.03679990768432617,7.519800466793801e-11
2025-07-12,485469703.0,485469702.9627999,0.037200093269348145,0.037200093269348145,7.662701305450599e-11
2025-07-13,471097521.1,471097521.0931999,0.00680011510848999,0.00680011510848999,1.4434622989762088e-11
2025-07-14,498566711.7,498566711.71650004,-0.01650005578994751,0.01650005578994751,3.309498087765636e-11
2025-07-15,502079829.1,502079829.1387999,-0.03879988193511963,0.03879988193511963,7.727831250395004e-11
2025-07-16,508466249.1,508466249.06139994,0.03860008716583252,0.03860008716583252,7.591474799783819e-11
2025-07-17,513054441.7,513054441.7388,-0.03880000114440918,0.03880000114440918,7.562550480187994e-11
2025-07-18,512971989.0,512971989.0147,-0.014699995517730713,0.014699995517730713,2.8656526736259497e-11
2025-07-19,506044428.5,506044428.46849996,0.031500041484832764,0.031500041484832764,6.224758086598075e-11
2025-07-20,479525320.2,479525320.1697,0.03029996156692505,0.03029996156692505,6.318740698465634e-11
2025-07-21,490274330.8,490274330.8378001,-0.03780007362365723,0.03780007362365723,7.709984237187648e-11
2025-07-22,493960550.0,493960549.9852,0.014800012111663818,0.014800012111663818,2.996193139647249e-11
2025-07-23,502045196.7,502045196.66199994,0.03800004720687866,0.03800004720687866,7.569049053084719e-11
2025-07-24,510036482.1,510036482.0869999,0.013000130653381348,0.013000130653381348,2.5488628969941967e-11
2025-07-25,508973569.6,508973569.57429993,0.025700092315673828,0.025700092315673828,5.0493962458348103e-11
2025-07-26,502475118.9,502475118.84360003,0.05639994144439697,0.05639994144439697,1.1224424717360264e-10
2025-07-27,480715629.4,480715629.3992001,0.0007998943328857422,0.0007998943328857422,1.6639657293525523e-12
2025-07-28,505287971.6,505287971.59980005,0.00019997358322143555,0.00019997358322143555,3.957616140914991e-13
2025-07-29,511183429.0,511183429.0223,-0.022300004959106445,0.022300004959106445,4.362427202057531e-11
2025-07-30,514312847.5,514312847.49820006,0.001799941062927246,0.001799941062927246,3.4997007593267366e-12
2025-07-31,505924999.4,505924999.3861,0.01389998197555542,0.01389998197555542,2.747439243374029e-11
2025-08-01,493023785.1,493023785.12729996,-0.027299940586090088,0.027299940586090088,5.5372461554877806e-11
2025-08-02,498251049.1,498251049.06710005,0.03289997577667236,0.03289997577667236,6.603092123157631e-11
2025-08-03,484557121.2,484557121.2144,-0.014400005340576172,0.014400005340576172,2.9717869597942815e-11
2025-08-04,507246564.2,507246564.1604,0.03960001468658447,0.03960001468658447,7.806857154180893e-11
2025-08-05,513439949.1,513439949.12450004,-0.024500012397766113,0.024500012397766113,4.7717386309171615e-11
2025-08-06,519989546.9,519989546.89890003,0.0010999441146850586,0.0010999441146850586,2.1153196660251147e-12
2025-08-07,523093413.8,523093413.8012999,-0.0012999176979064941,0.0012999176979064941,2.4850584305072245e-12
2025-08-08,528338276.7,528338276.7225999,-0.02259993553161621,0.02259993553161621,4.277550298413996e-11
2025-08-09,521761949.0,521761948.98999995,0.010000050067901611,0.010000050067901611,1.9165924397261117e-11
2025-08-10,494617192.2,494617192.1457,0.054300010204315186,0.054300010204315186,1.0978189003660595e-10
2025-08-11,524468413.9,524468413.8910001,0.008999884128570557,0.008999884128570557,1.716001171862098e-11
2025-08-12,527097158.1,527097158.1316001,-0.03160005807876587,0.03160005807876587,5.995110691295124e-11
2025-08-13,529465202.8,529465202.8185001,-0.018500089645385742,0.018500089645385742,3.4941086869449966e-11
2025-08-14,518992751.1,518992751.1154999,-0.015499889850616455,0.015499889850616455,2.986533013758784e-11
2025-08-15,523945392.5,523945392.449,0.050999999046325684,0.050999999046325684,9.733838635927252e-11
2025-08-16,510716972.5,510716972.4631,0.03689998388290405,0.03689998388290405,7.225133659113718e-11
2025-08-17,492795431.7,492795431.6687,0.03130000829696655,0.03130000829696655,6.351521601771081e-11
2025-08-18,515686620.8,515686620.8367999,-0.03679990768432617,0.03679990768432617,7.136098979499871e-11
2025-08-19,526337238.0,526337237.9761,0.023899972438812256,0.023899972438812256,4.540809715388645e-11
2025-08-20,522556073.9,522556073.8555,0.044499993324279785,0.044499993324279785,8.515831227864671e-11
2025-08-21,521153495.6,521153495.58110005,0.018899977207183838,0.018899977207183838,3.626566331561192e-11
2025-08-22,526509875.1,526509875.1048999,-0.004899859428405762,0.004899859428405762,9.30630109734434e-12
2025-08-23,523281680.7,523281680.7383,-0.0383000373840332,0.0383000373840332,7.319200881024307e-11
2025-08-24,500708493.7,500708493.75119996,-0.05119997262954712,0.05119997262954712,1.0225505114004245e-10
2025-08-25,527431534.8,527431534.843,-0.042999982833862305,0.042999982833862305,8.152713669304534e-11
2025-08-26,532058141.5,532058141.5411,-0.04110002517700195,0.04110002517700195,7.724724418487628e-11
2025-08-27,526533682.6,526533682.6133,-0.013300001621246338,0.013300001621246338,2.5259545705740076e-11
2025-08-28,530941884.7,530941884.7327999,-0.03279989957809448,0.03279989957809448,6.177681686692985e-11
2025-08-29,527771270.5,527771270.5017,-0.001699984073638916,0.001699984073638916,3.221062169656156e-12
2025-08-30,520454315.9,520454315.9023,-0.0023000240325927734,0.0023000240325927734,4.419262099143971e-12
2025-08-31,486635635.5,486635635.5407,-0.04070001840591431,0.04070001840591431,8.363550763004965e-11
2025-09-01,498321787.7,498321787.73440003,-0.03440004587173462,0.03440004587173462,6.903179174747253e-11
2025-09-02,514743382.7,514743382.66199994,0.03800004720687866,0.03800004720687866,7.382328454142682e-11
2025-09-03,519041154.8,519041154.82809997,-0.02809995412826538,0.02809995412826538,5.4138200542292296e-11
2025-09-04,528047738.3,528047738.30619997,-0.006199955940246582,0.006199955940246582,1.1741279226394865e-11
2025-09-05,528655464.6,528655464.5801,0.019900023937225342,0.019900023937225342,3.764270923082659e-11
2025-09-06,519153939.7,519153939.76049995,-0.06049996614456177,0.06049996614456177,1.1653569686771997e-10
2025-09-07,505545939.7,505545939.7542,-0.05419999361038208,0.05419999361038208,1.0721081775979712e-10
2025-09-08,530890666.2,530890666.17980003,0.020199954509735107,0.020199954509735107,3.80491799833702e-11
2025-09-09,537820483.6,537820483.6319,-0.03189992904663086,0.03189992904663086,5.931333970975378e-11
2025-09-10,539238660.8,539238660.8019,-0.0019000768661499023,0.0019000768661499023,3.5236287830902175e-12
2025-09-11,535193023.3,535193023.31740004,-0.017400026321411133,0.017400026321411133,3.251168375499848e-11
2025-09-12,538986041.7,538986041.6559999,0.04400014877319336,0.04400014877319336,8.163504315327682e-11
2025-09-13,532548791.1,532548791.0687,0.03130000829696655,0.03130000829696655,5.87739730519624e-11
2025-09-14,506871550.2,506871550.2075999,-0.007599890232086182,0.007599890232086182,1.4993720261252456e-11
2025-09-15,529627329.8,529627329.7394999,0.06050008535385132,0.06050008535385132,1.1423142641958753e-10
2025-09-16,529646082.8,529646082.778,0.022000014781951904,0.022000014781951904,4.1537199077632643e-11
2025-09-17,534735676.4,534735676.374,0.02599996328353882,0.02599996328353882,4.862208457565114e-11
2025-09-18,540574623.3,540574623.3569999,-0.056999921798706055,0.056999921798706055,1.0544320680601593e-10
2025-09-19,538379566.0,538379566.0243001,-0.024300098419189453,0.024300098419189453,4.5135625409656526e-11
2025-09-20,525460134.4,525460134.40150005,-0.0015000700950622559,0.0015000700950622559,2.8547743146587524e-12
2025-09-21,507773579.8,507773579.74060005,0.059399962425231934,0.059399962425231934,1.1698119947207212e-10
2025-09-22,527182623.5,527182623.4817,0.018299996852874756,0.018299996852874756,3.471282253458939e-11
2025-09-23,533811919.1,533811919.1215001,-0.021500051021575928,0.021500051021575928,4.0276453657731614e-11
2025-09-24,527639644.2,527639644.19619995,0.003800034523010254,0.003800034523010254,7.201950355288057e-12
2025-09-25,533780799.9,533780799.9147,-0.014699995517730713,0.014699995517730713,2.753938605600773e-11
2025-09-26,535710861.1,535710861.0964001,0.0035999417304992676,0.0035999417304992676,6.71993418820619e-12
2025-09-27,528840396.6,528840396.5904,0.009600043296813965,0.009600043296813965,1.8153006764487334e-11
2025-09-28,525398443.9,525398443.9159999,-0.015999913215637207,0.015999913215637207,3.045291321548432e-11
2025-09-29,534604959.4,534604959.36709994,0.03290003538131714,0.03290003538131714,6.15408345972728e-11
2025-09-30,508419141.1,508419141.07549995,0.02450007200241089,0.02450007200241089,4.81887285938985e-11
2025-10-01,404276559.4,404276559.39079994,0.009200036525726318,0.009200036525726318,2.275678941015129e-11
2025-10-02,407108978.7,407108978.7197,-0.01969999074935913,0.01969999074935913,4.838996873089385e-11
2025-10-03,437882666.4,437882666.42279994,-0.022799968719482422,0.022799968719482422,5.206867151634396e-11
2025-10-04,467262133.7,467262133.7316001,-0.031600117683410645,0.031600117683410645,6.762824420028676e-11
2025-10-05,473144397.1,473144397.07979995,0.020200073719024658,0.020200073719024658,4.2693253566638624e-11
2025-10-06,421846983.5,421846983.5054,-0.0054000020027160645,0.0054000020027160645,1.2800854845311616e-11
2025-10-07,482288399.4,482288399.3881,0.011899948120117188,0.011899948120117188,2.4673925673770182e-11
2025-10-08,513737499.1,513737499.0661,0.03390002250671387,0.03390002250671387,6.598705090849356e-11
2025-10-09,524784126.2,524784126.2053,-0.005299985408782959,0.005299985408782959,1.0099363041257628e-11
2025-10-10,528571479.7,528571479.7113,-0.01130002737045288,0.01130002737045288,2.137842809238669e-11
2025-10-11,531593140.4,531593140.38649994,0.013500034809112549,0.013500034809112549,2.5395427034582083e-11
2025-10-12,517166662.9,517166662.93399996,-0.0339999794960022,0.0339999794960022,6.574279035185313e-11
2025-10-13,533379793.7,533379793.6874,0.01260000467300415,0.01260000467300415,2.3622950891332484e-11
2025-10-14,537122281.0,537122281.0191,-0.019099950790405273,0.019099950790405273,3.5559781200745375e-11
2025-10-15,533906370.1,533906370.10090005,-0.0009000301361083984,0.0009000301361083984,1.685745266421571e-12
2025-10-16,530162391.9,530162391.876,0.02399998903274536,0.02399998903274536,4.526912772279833e-11
2025-10-17,535612972.0,535612972.029,-0.02899998426437378,0.02899998426437378,5.414354352936355e-11
2025-10-18,529514202.7,529514202.68439996,0.015600025653839111,0.015600025653839111,2.946101459468768e-11
2025-10-19,503249274.9,503249274.9449,-0.04490000009536743,0.04490000009536743,8.922019828898801e-11
2025-10-20,511183838.0,511183838.02919996,-0.029199957847595215,0.029199957847595215,5.7122224289875174e-11
2025-10-21,501111421.8,501111421.78720003,0.012799978256225586,0.012799978256225586,2.554317802265984e-11
2025-10-22,497081282.4,497081282.35969996,0.04030001163482666,0.04030001163482666,8.107328330741158e-11
2025-10-23,497074431.3,497074431.31650007,-0.01650005578994751,0.01650005578994751,3.319433620191421e-11
2025-10-24,500381169.2,500381169.19359994,0.006400048732757568,0.006400048732757568,1.2790346892929336e-11
2025-10-25,498209992.9,498209992.86770004,0.032299935817718506,0.032299935817718506,6.483197101227495e-11
2025-10-26,485965876.1,485965876.1331,-0.0330999493598938,0.0330999493598938,6.811167406553178e-11
2025-10-27,500368412.9,500368412.93680006,-0.0368000864982605,0.0368000864982605,7.35459824191882e-11
2025-10-28,505350909.5,505350909.4729,0.027100026607513428,0.027100026607513428,5.362615580196839e-11
2025-10-29,504315764.4,504315764.4139,-0.013900041580200195,0.013900041580200195,2.7562179414989147e-11
2025-10-30,503649592.1,503649592.09260005,0.0073999762535095215,0.0073999762535095215,1.4692707726923465e-11
2025-10-31,498047815.7,498047815.6675999,0.03240007162094116,0.03240007162094116,6.505413857784571e-11
2025-11-01,468813480.2,468813480.1774,0.022599995136260986,0.022599995136260986,4.820679457983936e-11
2025-11-02,457055497.8,457055497.853,-0.05299997329711914,0.05299997329711914,1.1595960130056472e-10
2025-11-03,485933526.7,485933526.74979997,-0.049799978733062744,0.049799978733062744,1.0248310930768042e-10
2025-11-04,493457268.3,493457268.3423,-0.04229998588562012,0.04229998588562012,8.572167967319029e-11
2025-11-05,498777775.1,498777775.0788999,0.021100103855133057,0.021100103855133057,4.2303616777837976e-11
2025-11-06,504734423.9,504734423.8629,0.03709995746612549,0.03709995746612549,7.350391752450766e-11
2025-11-07,510174000.3,510174000.3100999,-0.01009988784790039,0.01009988784790039,1.979694739826276e-11
2025-11-08,508664985.7,508664985.64129996,0.05870002508163452,0.05870002508163452,1.15400168542866e-10
2025-11-09,493332979.5,493332979.52040005,-0.020400047302246094,0.020400047302246094,4.135147689279122e-11
2025-11-10,504034537.1,504034537.1274001,-0.027400076389312744,0.027400076389312744,5.436150575506415e-11
2025-11-11,509080524.4,509080524.42560005,-0.025600075721740723,0.025600075721740723,5.028688880194908e-11
2025-11-12,507739322.2,507739322.17819995,0.02180004119873047,0.02180004119873047,4.2935499075140313e-11
2025-11-13,507911253.5,507911253.4289,0.07109999656677246,0.07109999656677246,1.3998507825299142e-10
2025-11-14,508862686.3,508862686.2667999,0.033200085163116455,0.033200085163116455,6.524370140895602e-11
2025-11-15,493030882.5,493030882.48560005,0.014399945735931396,0.014399945735931396,2.92069852965679e-11
2025-11-16,466767130.6,466767130.56639993,0.0336000919342041,0.0336000919342041,7.198470014590205e-11
2025-11-17,494445286.2,494445286.1539999,0.04600006341934204,0.04600006341934204,9.30336777459646e-11
2025-11-18,499662536.7,499662536.7397999,-0.03979992866516113,0.03979992866516113,7.965361767567781e-11
2025-11-19,497442982.0,497442982.0397001,-0.039700090885162354,0.039700090885162354,7.980832441448004e-11
2025-11-20,500587431.1,500587431.1194,-0.01940000057220459,0.01940000057220459,3.875446998254565e-11
2025-11-21,496710716.9,496710716.93340003,-0.03340005874633789,0.03340005874633789,6.724247657628483e-11
2025-11-22,492054335.4,492054335.34389997,0.05610001087188721,0.05610001087188721,1.1401182112597887e-10
2025-11-23,476897931.0,476897930.93840003,0.0615999698638916,0.0615999698638916,1.2916803756041373e-10
2025-11-24,497623712.5,497623712.52680004,-0.026800036430358887,0.026800036430358887,5.385602767142831e-11
2025-11-25,497949117.1,497949117.065,0.0350000262260437,0.0350000262260437,7.028835883850932e-11
2025-11-26,498440702.5,498440702.5463,-0.04629999399185181,0.04629999399185181,9.2889673254266e-11
2025-11-27,498429585.5,498429585.50049996,-0.0004999637603759766,0.0004999637603759766,1.003078017277882e-12
2025-11-28,495925776.9,495925776.8497001,0.050299882888793945,0.050299882888793945,1.0142623197208112e-10
2025-11-29,486865611.0,486865610.9992,0.000800013542175293,0.000800013542175293,1.6431917229317166e-12
2025-11-30,458522606.9,458522606.9086,-0.008599996566772461,0.008599996566772461,1.8755883433786832e-11
2025-12-01,462686924.4,462686924.41429996,-0.014299988746643066,0.014299988746643066,3.0906403428596795e-11
2025-12-02,484732154.2,484732154.22679996,-0.02679997682571411,0.02679997682571411,5.528821761359051e-11
2025-12-03,488329520.5,488329520.4625999,0.037400126457214355,0.037400126457214355,7.658788766020209e-11
2025-12-04,493634137.8,493634137.82720006,-0.027200043201446533,0.027200043201446533,5.510162510775715e-11
2025-12-05,495091842.3,495091842.3107999,-0.010799884796142578,0.010799884796142578,2.1813901731789004e-11
2025-12-06,489921656.5,489921656.4544,0.04559999704360962,0.04559999704360962,9.3076099900086e-11
2025-12-07,471809490.1,471809490.09,0.010000050067901611,0.010000050067901611,2.1195101577507694e-11
2025-12-08,486696310.1,486696310.0503999,0.04960012435913086,0.04960012435913086,1.0191185618181422e-10
2025-12-09,492591739.2,492591739.2198,-0.019800007343292236,0.019800007343292236,4.019557326610612e-11
2025-12-10,492774966.6,492774966.5674,0.0326000452041626,0.0326000452041626,6.615604974638458e-11
2025-12-11,493667983.4,493667983.3824,0.01759999990463257,0.01759999990463257,3.565149148101017e-11
2025-12-12,495877637.4,495877637.4041,-0.004100024700164795,0.004100024700164795,8.268218590501808e-12
2025-12-13,490787377.2,490787377.1606,0.03939998149871826,0.03939998149871826,8.027912560322927e-11
2025-12-14,468320177.3,468320177.30550003,-0.00550001859664917,0.00550001859664917,1.1744141856877389e-11
2025-12-15,484006143.6,484006143.5783,0.021700024604797363,0.021700024604797363,4.483419248233973e-11
2025-12-16,484033089.9,484033089.90090007,-0.0009000897407531738,0.0009000897407531738,1.859562413262139e-12
2025-12-17,490648543.3,490648543.2904001,0.009599924087524414,0.009599924087524414,1.9565785364320705e-11
2025-12-18,493441795.1,493441795.07570004,0.024299979209899902,0.024299979209899902,4.924588766335716e-11
2025-12-19,495623277.9,495623277.96339995,-0.06339997053146362,0.06339997053146362,1.279196788336798e-10
2025-12-20,490219390.2,490219390.2354,-0.03540003299713135,0.03540003299713135,7.221263316958724e-11
2025-12-21,467357514.7,467357514.6955001,0.004499912261962891,0.004499912261962891,9.6284153360654e-12
2025-12-22,487650952.7,487650952.6567999,0.04320007562637329,0.04320007562637329,8.858810874291417e-11
2025-12-23,496098809.4,496098809.4645,-0.06450003385543823,0.06450003385543823,1.3001449032592304e-10
2025-12-24,496524178.8,496524178.8009999,-0.0009998679161071777,0.0009998679161071777,2.0137345950073555e-12
2025-12-25,494470648.6,494470648.56969994,0.0303000807762146,0.0303000807762146,6.12778146933565e-11
2025-12-26,493207435.2,493207435.22679996,-0.02679997682571411,0.02679997682571411,5.433814438512364e-11
2025-12-27,487729625.4,487729625.37490004,0.02509993314743042,0.02509993314743042,5.146280201217078e-11
2025-12-28,476053498.8,476053498.7887,0.01130002737045288,0.01130002737045288,2.3736885452868517e-11
2025-12-29,483208148.7,483208148.7112,-0.011200010776519775,0.011200010776519775,2.3178439367489448e-11
2025-12-30,484299565.2,484299565.1974001,0.0025998950004577637,0.0025998950004577637,5.368361211276519e-12
2025-12-31,463970544.1,463970544.06360006,0.0363999605178833,0.0363999605178833,7.845317117812113e-11
2026-01-01,389342100.2,389342100.18109995,0.018900036811828613,0.018900036811828613,4.854352201346813e-11
2026-01-02,434562787.4,434562787.3891,0.010899960994720459,0.010899960994720459,2.508259176984573e-11
2026-01-03,469493582.2,469493582.19970006,0.0002999305725097656,0.0002999305725097656,6.388384929658057e-13
2026-01-04,482902872.0,482902871.97040004,0.02959996461868286,0.02959996461868286,6.129589682515465e-11
2026-01-05,491538526.9,491538526.86850005,0.03149992227554321,0.03149992227554321,6.408434039586819e-11
2026-01-06,495759862.5,495759862.49749994,0.0025000572204589844,0.0025000572204589844,5.0428794454068665e-12
2026-01-07,496152022.4,496152022.4254999,-0.025499939918518066,0.025499939918518066,5.1395416661145645e-11
2026-01-08,499389373.3,499389373.3346,-0.03459995985031128,0.03459995985031128,6.928453367293805e-11
2026-01-09,495458377.0,495458377.03489995,-0.03489995002746582,0.03489995002746582,7.043972137232796e-11
2026-01-10,492884518.8,492884518.7814,0.018599987030029297,0.018599987030029297,3.773700800202389e-11
