date,total,parts_sum,closure_error,abs_error,relative_abs_error
2022-01-01,608171678.3,608171678.28,0.019999980926513672,0.019999980926513672,3.2885419759135916e-11
2022-01-02,641257538.6,641257538.61,-0.009999990463256836,0.009999990463256836,1.5594343709531923e-11
2022-01-03,667482254.4,667482254.48,-0.08000004291534424,0.08000004291534424,1.1985343788241427e-10
2022-01-04,679994298.7,679994298.64,0.060000061988830566,0.060000061988830566,8.823612507272124e-11
2022-01-05,674744917.9,674744917.95,-0.05000007152557373,0.05000007152557373,7.410218320900929e-11
2022-01-06,674466091.8,674466091.7800001,0.01999986171722412,0.01999986171722412,2.965287945588034e-11
2022-01-07,674547862.4,674547862.35,0.04999995231628418,0.04999995231628418,7.412365393670868e-11
2022-01-08,661330642.0,661330642.04,-0.039999961853027344,0.039999961853027344,6.04840594291219e-11
2022-01-09,656657986.9,656657986.9,0.0,0.0,0.0
2022-01-10,663436259.8,663436259.7800001,0.01999986171722412,0.01999986171722412,3.0145867702879697e-11
2022-01-11,661087814.9,661087814.87,0.029999971389770508,0.029999971389770508,4.53797070731193e-11
2022-01-12,658312152.6,658312152.48,0.12000000476837158,0.12000000476837158,1.8228435293869673e-10
2022-01-13,654959837.3,654959837.31,-0.009999990463256836,0.009999990463256836,1.5268097208037516e-11
2022-01-14,657838398.6,657838398.7,-0.10000002384185791,0.10000002384185791,1.5201305374492608e-10
2022-01-15,639691248.0,639691247.98,0.019999980926513672,0.019999980926513672,3.1265053240987394e-11
2022-01-16,619294107.8,619294107.78,0.019999980926513672,0.019999980926513672,3.2294802541497185e-11
2022-01-17,635335888.0,635335887.9300001,0.06999993324279785,0.06999993324279785,1.1017783595249675e-10
2022-01-18,622644568.1,622644568.19,-0.09000003337860107,0.09000003337860107,1.4454479809120666e-10
2022-01-19,610197154.4,610197154.3700001,0.029999852180480957,0.029999852180480957,4.916419548035991e-11
2022-01-20,602865473.8,602865473.74,0.059999942779541016,0.059999942779541016,9.952459609495889e-11
2022-01-21,597053844.0,597053843.95,0.04999995231628418,0.04999995231628418,8.37444609372353e-11
2022-01-22,581969512.6,581969512.77,-0.16999995708465576,0.16999995708465576,2.9211144811549664e-10
2022-01-23,560525941.3,560525941.28,0.019999980926513672,0.019999980926513672,3.568074098431325e-11
2022-01-24,555179122.4,555179122.44,-0.040000081062316895,0.040000081062316895,7.204896482670202e-11
2022-01-25,527708125.1,527708125.23,-0.12999999523162842,0.12999999523162842,2.4634829188387724e-10
2022-01-26,509160708.9,509160709.00999993,-0.10999995470046997,0.10999995470046997,2.1604171880842076e-10
2022-01-27,490730601.7,490730601.66999996,0.030000030994415283,0.030000030994415283,6.11334016881941e-11
2022-01-28,475200999.3,475200999.26,0.04000002145767212,0.04000002145767212,8.417495231827076e-11
2022-01-29,468300278.0,468300278.02000004,-0.020000040531158447,0.020000040531158447,4.2707727222742426e-11
2022-01-30,461990317.9,461990317.90999997,-0.009999990463256836,0.009999990463256836,2.1645454624920044e-11
2022-01-31,482881356.8,482881356.75,0.050000011920928955,0.050000011920928955,1.035451280460968e-10
2022-02-01,438537156.5,438537156.56,-0.06000000238418579,0.06000000238418579,1.3681851467969235e-10
2022-02-02,439860234.8,439860234.76,0.04000002145767212,0.04000002145767212,9.093802597513668e-11
2022-02-03,452269709.9,452269709.93000007,-0.03000009059906006,0.03000009059906006,6.633230115210079e-11
2022-02-04,469546640.5,469546640.5,0.0,0.0,0.0
2022-02-05,474983967.5,474983967.54,-0.04000002145767212,0.04000002145767212,8.42134139141699e-11
2022-02-06,486059303.8,486059303.83,-0.029999971389770508,0.029999971389770508,6.17208047561922e-11
2022-02-07,516130610.3,516130610.31000006,-0.010000050067901611,0.010000050067901611,1.9375037768229053e-11
2022-02-08,534194601.2,534194601.23,-0.030000030994415283,0.030000030994415283,5.6159367629369603e-11
2022-02-09,547864238.8,547864238.9399999,-0.13999998569488525,0.13999998569488525,2.555377332193292e-10
2022-02-10,557883460.5,557883460.54,-0.039999961853027344,0.039999961853027344,7.169949404339321e-11
2022-02-11,563562091.8,563562091.8299999,-0.029999971389770508,0.029999971389770508,5.3232770312764515e-11
2022-02-12,563257171.9,563257171.89,0.009999990463256836,0.009999990463256836,1.775386264417104e-11
2022-02-13,572336118.7,572336118.74,-0.039999961853027344,0.039999961853027344,6.988893509618606e-11
2022-02-14,585729269.5,585729269.53,-0.029999971389770508,0.029999971389770508,5.121815308184886e-11
2022-02-15,581204546.0,581204545.9499999,0.05000007152557373,0.05000007152557373,8.602835588552629e-11
2022-02-16,602824931.0,602824931.11,-0.11000001430511475,0.11000001430511475,1.8247422866642313e-10
2022-02-17,631467390.2,631467390.21,-0.009999990463256836,0.009999990463256836,1.5836115401128808e-11
2022-02-18,650087494.5,650087494.44,0.059999942779541016,0.059999942779541016,9.22951807059273e-11
2022-02-19,657181219.6,657181219.49,0.11000001430511475,0.11000001430511475,1.6738155477429402e-10
2022-02-20,674639943.8,674639943.7,0.09999990463256836,0.09999990463256836,1.482270736436172e-10
2022-02-21,704144691.5,704144691.55,-0.04999995231628418,0.04999995231628418,7.10080654158907e-11
2022-02-22,716931837.8,716931837.79,0.009999990463256836,0.009999990463256836,1.3948314101858173e-11
2022-02-23,722465094.6,722465094.61,-0.009999990463256836,0.009999990463256836,1.3841485959668999e-11
2022-02-24,708454520.0,708454520.07,-0.0700000524520874,0.0700000524520874,9.880669891426115e-11
2022-02-25,701642614.0,701642613.9200001,0.07999992370605469,0.07999992370605469,1.140180515119834e-10
2022-02-26,686792518.5,686792518.43,0.0700000524520874,0.0700000524520874,1.0192314354992118e-10
2022-02-27,666501294.7,666501294.7,0.0,0.0,0.0
2022-02-28,672661375.9,672661375.9699999,-0.06999993324279785,0.06999993324279785,1.0406414839731227e-10
2022-03-01,659914102.6,659914102.64,-0.039999961853027344,0.039999961853027344,6.061389155866078e-11
2022-03-02,669671003.8,669671003.73,0.06999993324279785,0.06999993324279785,1.0452884005069395e-10
2022-03-03,675302904.8,675302904.87,-0.0700000524520874,0.0700000524520874,1.0365726543530694e-10
2022-03-04,678740798.5,678740798.5,0.0,0.0,0.0
2022-03-05,677180974.3,677180974.26,0.039999961853027344,0.039999961853027344,5.906834859673249e-11
2022-03-06,662354162.3,662354162.4100001,-0.1100001335144043,0.1100001335144043,1.660744957538018e-10
2022-03-07,680375275.8,680375275.86,-0.060000061988830566,0.060000061988830566,8.818671712942713e-11
2022-03-08,695031360.4,695031360.39,0.009999990463256836,0.009999990463256836,1.4387826266575519e-11
2022-03-09,695266269.9,695266269.9399999,-0.039999961853027344,0.039999961853027344,5.7531860216346364e-11
2022-03-10,695347868.9,695347868.88,0.019999980926513672,0.019999980926513672,2.8762554429270753e-11
2022-03-11,698497104.5,698497104.5500001,-0.05000007152557373,0.05000007152557373,7.158236047573154e-11
2022-03-12,687996027.5,687996027.48,0.019999980926513672,0.019999980926513672,2.9069907567909135e-11
2022-03-13,675175030.5,675175030.5899999,-0.08999991416931152,0.08999991416931152,1.3329864124664414e-10
2022-03-14,698165677.7,698165677.7,0.0,0.0,0.0
2022-03-15,681216879.6,681216879.6,0.0,0.0,0.0
2022-03-16,679662668.5,679662668.4300001,0.06999993324279785,0.06999993324279785,1.0299217021480098e-10
2022-03-17,698956998.1,698956998.06,0.040000081062316895,0.040000081062316895,5.722824318384472e-11
2022-03-18,697130607.5,697130607.51,-0.009999990463256836,0.009999990463256836,1.4344500665546859e-11
2022-03-19,679333099.8,679333099.77,0.029999971389770508,0.029999971389770508,4.4160915166069036e-11
2022-03-20,651043951.7,651043951.7099999,-0.009999871253967285,0.009999871253967285,1.535974833627701e-11
2022-03-21,656501208.1,656501208.0899999,0.010000109672546387,0.010000109672546387,1.523243148552309e-11
2022-03-22,653587271.4,653587271.37,0.029999971389770508,0.029999971389770508,4.5900482923282506e-11
2022-03-23,656148999.4,656148999.49,-0.09000003337860107,0.09000003337860107,1.371640183264769e-10
2022-03-24,682841202.3,682841202.36,-0.060000061988830566,0.060000061988830566,8.786825075395802e-11
2022-03-25,676896597.8,676896597.84,-0.040000081062316895,0.040000081062316895,5.909334038953992e-11
2022-03-26,642211029.7,642211029.66,0.040000081062316895,0.040000081062316895,6.228494873562414e-11
2022-03-27,620192130.4,620192130.36,0.039999961853027344,0.039999961853027344,6.449608095999044e-11
2022-03-28,641491625.4,641491625.39,0.009999990463256836,0.009999990463256836,1.5588653175357316e-11
2022-03-29,645097898.8,645097898.93,-0.12999999523162842,0.12999999523162842,2.0151979331114267e-10
2022-03-30,649185150.1,649185150.07,0.029999971389770508,0.029999971389770508,4.6211733871530076e-11
2022-03-31,631333665.1,631333665.11,-0.009999990463256836,0.009999990463256836,1.583946970683543e-11
2022-04-01,652333788.3,652333788.28,0.019999980926513672,0.019999980926513672,3.0659121580432284e-11
2022-04-02,673823017.7,673823017.71,-0.009999990463256836,0.009999990463256836,1.4840678042418905e-11
2022-04-03,636701074.7,636701074.67,0.03000009059906006,0.03000009059906006,4.711801470288936e-11
2022-04-04,622671921.3,622671921.35,-0.05000007152557373,0.05000007152557373,8.029922309839304e-11
2022-04-05,576348337.1,576348337.13,-0.029999971389770508,0.029999971389770508,5.205180523417616e-11
2022-04-06,625735757.0,625735757.0,0.0,0.0,0.0
2022-04-07,655288034.6,655288034.5799999,0.020000100135803223,0.020000100135803223,3.052108245500264e-11
2022-04-08,661142948.8,661142948.75,0.04999995231628418,0.04999995231628418,7.562653796283547e-11
2022-04-09,655180370.8,655180370.83,-0.03000009059906006,0.03000009059906006,4.578905586324086e-11
2022-04-10,647206438.3,647206438.28,0.019999980926513672,0.019999980926513672,3.090201169668073e-11
2022-04-11,665277097.8,665277097.8100001,-0.010000109672546387,0.010000109672546387,1.5031495455977182e-11
2022-04-12,666507849.9,666507849.9,0.0,0.0,0.0
2022-04-13,673123234.6,673123234.47,0.12999999523162842,0.12999999523162842,1.9312956164539504e-10
2022-04-14,674108206.2,674108206.22,-0.019999980926513672,0.019999980926513672,2.9668799077903396e-11
2022-04-15,660166673.8,660166673.8,0.0,0.0,0.0
2022-04-16,655029367.2,655029367.15,0.05000007152557373,0.05000007152557373,7.633256465936009e-11
2022-04-17,643686388.8,643686388.69,0.1099998950958252,0.1099998950958252,1.7089050974169862e-10
2022-04-18,664224849.6,664224849.56,0.040000081062316895,0.040000081062316895,6.022069346909434e-11
2022-04-19,672122031.2,672122031.21,-0.009999990463256836,0.009999990463256836,1.487823639020276e-11
2022-04-20,672249480.0,672249479.9000001,0.09999990463256836,0.09999990463256836,1.4875415691294898e-10
2022-04-21,684077582.7,684077582.61,0.09000003337860107,0.09000003337860107,1.3156407351250725e-10
2022-04-22,688663782.5,688663782.47,0.029999971389770508,0.029999971389770508,4.3562580394258655e-11
2022-04-23,692455497.0,692455496.93,0.0700000524520874,0.0700000524520874,1.0108960468269256e-10
2022-04-24,695822037.7,695822037.81,-0.1099998950958252,0.1099998950958252,1.5808624782771118e-10
2022-04-25,717677958.8,717677958.79,0.009999990463256836,0.009999990463256836,1.3933812987621095e-11
2022-04-26,732204414.4,732204414.4000001,-1.1920928955078125e-07,1.1920928955078125e-07,1.6280875559657274e-16
2022-04-27,732546433.7,732546433.72,-0.019999980926513672,0.019999980926513672,2.7301997534130743e-11
2022-04-28,707675844.1,707675844.15,-0.04999995231628418,0.04999995231628418,7.065375020659714e-11
2022-04-29,718671478.6,718671478.66,-0.059999942779541016,0.059999942779541016,8.348730200956804e-11
2022-04-30,659622443.1,659622443.2099999,-0.1099998950958252,0.1099998950958252,1.6676190485403026e-10
2022-05-01,584701214.3,584701214.2399999,0.060000061988830566,0.060000061988830566,1.0261661943128031e-10
2022-05-02,604678202.3,604678202.33,-0.03000009059906006,0.03000009059906006,4.9613315785072846e-11
2022-05-03,635455057.2,635455057.1999999,1.1920928955078125e-07,1.1920928955078125e-07,1.8759672804564982e-16
2022-05-04,662365182.3,662365182.2,0.09999990463256836,0.09999990463256836,1.5097397524025678e-10
2022-05-05,684629800.3,684629800.34,-0.040000081062316895,0.040000081062316895,5.842585444686916e-11
2022-05-06,695386205.0,695386205.07,-0.0700000524520874,0.0700000524520874,1.0066356213104257e-10
2022-05-07,695112678.6,695112678.68,-0.07999992370605469,0.07999992370605469,1.1508914478035344e-10
2022-05-08,675948255.1,675948255.18,-0.07999992370605469,0.07999992370605469,1.1835214175413392e-10
2022-05-09,688993590.7,688993590.75,-0.04999995231628418,0.04999995231628418,7.256954635163658e-11
2022-05-10,694714112.2,694714112.22,-0.019999980926513672,0.019999980926513672,2.8788793224853782e-11
2022-05-11,691570335.1,691570335.12,-0.019999980926513672,0.019999980926513672,2.8919662847628802e-11
2022-05-12,685913543.7,685913543.72,-0.019999980926513672,0.019999980926513672,2.9158165938273295e-11
2022-05-13,687132874.4,687132874.4499999,-0.04999995231628418,0.04999995231628418,7.276606050895734e-11
2022-05-14,668489280.4,668489280.31,0.09000003337860107,0.09000003337860107,1.3463197693274644e-10
2022-05-15,646851942.9,646851942.84,0.059999942779541016,0.059999942779541016,9.275684094036447e-11
2022-05-16,655926352.4,655926352.39,0.009999990463256836,0.009999990463256836,1.524559948943566e-11
2022-05-17,671777831.6,671777831.65,-0.04999995231628418,0.04999995231628418,7.442929784866122e-11
2022-05-18,678111312.0,678111312.03,-0.029999971389770508,0.029999971389770508,4.424048214339552e-11
2022-05-19,693448970.9,693448970.96,-0.060000061988830566,0.060000061988830566,8.652412002423028e-11
2022-05-20,692765925.3,692765925.28,0.019999980926513672,0.019999980926513672,2.8869752677071622e-11
2022-05-21,681284947.6,681284947.65,-0.04999995231628418,0.04999995231628418,7.339066053407133e-11
2022-05-22,662810351.6,662810351.6,0.0,0.0,0.0
2022-05-23,681246500.9,681246500.82,0.07999992370605469,0.07999992370605469,1.174316838330416e-10
2022-05-24,686884379.3,686884379.35,-0.05000007152557373,0.05000007152557373,7.279255873678264e-11
2022-05-25,693739781.2,693739781.16,0.040000081062316895,0.040000081062316895,5.7658623804341365e-11
2022-05-26,692247079.2,692247079.24,-0.039999961853027344,0.039999961853027344,5.7782781690106325e-11
2022-05-27,689140104.2,689140104.1600001,0.039999961853027344,0.039999961853027344,5.8043294257938996e-11
2022-05-28,692376789.2,692376789.1399999,0.06000018119812012,0.06000018119812012,8.665827932713738e-11
2022-05-29,706006333.4,706006333.4399999,-0.039999961853027344,0.039999961853027344,5.665666150669598e-11
2022-05-30,750237228.7,750237228.62,0.08000004291534424,0.08000004291534424,1.0663299534464202e-10
2022-05-31,750361264.8,750361264.78,0.019999980926513672,0.019999980926513672,2.6653802461197718e-11
2022-06-01,749089976.6,749089976.5699999,0.03000009059906006,0.03000009059906006,4.0048714488512695e-11
2022-06-02,744198450.5,744198450.4,0.10000002384185791,0.10000002384185791,1.3437279233069017e-10
2022-06-03,644619108.2,644619108.14,0.060000061988830566,0.060000061988830566,9.307831745225725e-11
2022-06-04,688740282.8,688740282.78,0.019999980926513672,0.019999980926513672,2.9038494518145342e-11
2022-06-05,742906900.0,742906900.0900002,-0.09000015258789062,0.09000015258789062,1.21145937112565e-10
2022-06-06,744366211.3,744366211.31,-0.009999990463256836,0.009999990463256836,1.3434234804656611e-11
2022-06-07,704365091.9,704365091.9200001,-0.020000100135803223,0.020000100135803223,2.8394507856506145e-11
2022-06-08,684904899.3,684904899.3499999,-0.04999995231628418,0.04999995231628418,7.300276632184427e-11
2022-06-09,674312559.2,674312559.24,-0.039999961853027344,0.039999961853027344,5.931961566974674e-11
2022-06-10,687483229.1,687483229.16,-0.059999942779541016,0.059999942779541016,8.727477302695559e-11
2022-06-11,681847816.3,681847816.3700001,-0.07000017166137695,0.07000017166137695,1.0266245632526632e-10
2022-06-12,658002081.8,658002081.9100001,-0.1100001335144043,0.1100001335144043,1.671729262823805e-10
2022-06-13,688644652.9,688644652.9499999,-0.04999995231628418,0.04999995231628418,7.260631750457346e-11
2022-06-14,703150004.7,703150004.77,-0.06999993324279785,0.06999993324279785,9.955192032269619e-11
2022-06-15,695229463.5,695229463.46,0.039999961853027344,0.039999961853027344,5.753490603182318e-11
2022-06-16,684755704.8,684755704.76,0.039999961853027344,0.039999961853027344,5.841493772543353e-11
2022-06-17,700980305.9,700980306.0,-0.10000002384185791,0.10000002384185791,1.4265739422374536e-10
2022-06-18,713435932.0,713435931.91,0.09000003337860107,0.09000003337860107,1.2615012693053014e-10
2022-06-19,713424656.1,713424656.0999999,1.1920928955078125e-07,1.1920928955078125e-07,1.6709443461409022e-16
2022-06-20,759007320.9,759007321.0,-0.10000002384185791,0.10000002384185791,1.3175106627862555e-10
2022-06-21,771847997.7,771847997.73,-0.029999971389770508,0.029999971389770508,3.886771939444847e-11
2022-06-22,795746530.2,795746530.09,0.11000001430511475,0.11000001430511475,1.382349908298912e-10
2022-06-23,825849969.0,825849969.03,-0.029999971389770508,0.029999971389770508,3.632617608025909e-11
2022-06-24,839267827.2,839267827.24,-0.039999961853027344,0.039999961853027344,4.766054477088305e-11
2022-06-25,823306748.2,823306748.18,0.020000100135803223,0.020000100135803223,2.429240399101495e-11
2022-06-26,792897249.4,792897249.42,-0.019999980926513672,0.019999980926513672,2.5223925220636126e-11
2022-06-27,839437813.6,839437813.64,-0.039999961853027344,0.039999961853027344,4.765089349678462e-11
2022-06-28,858375692.6,858375692.6099999,-0.009999871253967285,0.009999871253967285,1.1649760518821203e-11
2022-06-29,864309560.1,864309559.9899999,0.1100001335144043,0.1100001335144043,1.2726937036503142e-10
2022-06-30,847048582.2,847048582.14,0.060000061988830566,0.060000061988830566,7.083426293329621e-11
2022-07-01,817479099.6,817479099.6,0.0,0.0,0.0
2022-07-02,780083785.0,780083785.0,0.0,0.0,0.0
2022-07-03,743236384.0,743236384.0,0.0,0.0,0.0
2022-07-04,789321689.0,789321689.0,0.0,0.0,0.0
2022-07-05,786183433.0,786183433.0,0.0,0.0,0.0
2022-07-06,778113447.0,778113447.0,0.0,0.0,0.0
2022-07-07,803065911.0,803065911.0,0.0,0.0,0.0
2022-07-08,838898414.0,838898414.0,0.0,0.0,0.0
2022-07-09,849964972.0,849964972.0,0.0,0.0,0.0
2022-07-10,848235005.0,848235005.0,0.0,0.0,0.0
2022-07-11,892982393.0,892982393.0,0.0,0.0,0.0
2022-07-12,896918340.0,896918340.0,0.0,0.0,0.0
2022-07-13,896235484.0,896235484.0,0.0,0.0,0.0
2022-07-14,902620650.0,902620650.0,0.0,0.0,0.0
2022-07-15,889130287.0,889130287.0,0.0,0.0,0.0
2022-07-16,874528132.0,874528132.0,0.0,0.0,0.0
2022-07-17,864924191.0,864924191.0,0.0,0.0,0.0
2022-07-18,884665351.0,884665351.0,0.0,0.0,0.0
2022-07-19,872956350.0,872956350.0,0.0,0.0,0.0
2022-07-20,883903930.0,883903930.0,0.0,0.0,0.0
2022-07-21,910244095.0,910244095.0,0.0,0.0,0.0
2022-07-22,935133667.0,935133667.0,0.0,0.0,0.0
2022-07-23,926266498.0,926266498.0,0.0,0.0,0.0
2022-07-24,906446002.0,906446002.0,0.0,0.0,0.0
2022-07-25,935337760.0,935337760.0,0.0,0.0,0.0
2022-07-26,924003588.0,924003588.0,0.0,0.0,0.0
2022-07-27,918402219.0,918402219.0,0.0,0.0,0.0
2022-07-28,904094005.0,904094005.0,0.0,0.0,0.0
2022-07-29,893019848.0,893019848.0,0.0,0.0,0.0
2022-07-30,856602440.0,856602440.0,0.0,0.0,0.0
2022-07-31,864476523.0,864476523.0,0.0,0.0,0.0
2022-08-01,860446161.7,860446161.7,0.0,0.0,0.0
2022-08-02,854575739.7,854575739.7,0.0,0.0,0.0
2022-08-03,827427136.7,827427136.7,0.0,0.0,0.0
2022-08-04,828276277.7,828276277.7,0.0,0.0,0.0
2022-08-05,845004109.7,845004109.7,0.0,0.0,0.0
2022-08-06,860275863.7,860275863.7,0.0,0.0,0.0
2022-08-07,826363206.7,826363206.7,0.0,0.0,0.0
2022-08-08,858739467.7,858739467.7,0.0,0.0,0.0
2022-08-09,879506681.7,879506681.7,0.0,0.0,0.0
2022-08-10,884509629.7,884509629.7,0.0,0.0,0.0
2022-08-11,900234209.7,900234209.7,0.0,0.0,0.0
2022-08-12,908235130.7,908235130.7,0.0,0.0,0.0
2022-08-13,894317503.7,894317503.7,0.0,0.0,0.0
2022-08-14,880857385.7,880857385.7,0.0,0.0,0.0
2022-08-15,912631866.7,912631866.7,0.0,0.0,0.0
2022-08-16,919067964.7,919067964.7,0.0,0.0,0.0
2022-08-17,924303627.7,924303627.7,0.0,0.0,0.0
2022-08-18,918618951.7,918618951.7,0.0,0.0,0.0
2022-08-19,905234304.7,905234304.7,0.0,0.0,0.0
2022-08-20,879243159.7,879243159.7,0.0,0.0,0.0
2022-08-21,878721687.7,878721687.7,0.0,0.0,0.0
2022-08-22,941258478.0,941258478.0,0.0,0.0,0.0
2022-08-23,958370480.0,958370480.0,0.0,0.0,0.0
2022-08-24,929717297.0,929717297.0,0.0,0.0,0.0
2022-08-25,925557837.0,925557837.0,0.0,0.0,0.0
2022-08-26,930018992.0,930018992.0,0.0,0.0,0.0
2022-08-27,925506454.0,925506454.0,0.0,0.0,0.0
2022-08-28,861180167.0,861180167.0,0.0,0.0,0.0
2022-08-29,891259304.0,891259304.0,0.0,0.0,0.0
2022-08-30,915008939.0,915008939.0,0.0,0.0,0.0
2022-08-31,906042765.0,906042765.0,0.0,0.0,0.0
2022-09-01,835724241.0,835724241.0,0.0,0.0,0.0
2022-09-02,822802412.0,822802412.0,0.0,0.0,0.0
2022-09-03,841948221.0,841948221.0,0.0,0.0,0.0
2022-09-04,848066151.0,848066151.0,0.0,0.0,0.0
2022-09-05,875208704.0,875208704.0,0.0,0.0,0.0
2022-09-06,850647799.0,850647799.0,0.0,0.0,0.0
2022-09-07,803677725.0,803677725.0,0.0,0.0,0.0
2022-09-08,790035036.0,790035036.0,0.0,0.0,0.0
2022-09-09,788934216.0,788934216.0,0.0,0.0,0.0
2022-09-10,690582934.0,690582934.0,0.0,0.0,0.0
2022-09-11,717911498.0,717911498.0,0.0,0.0,0.0
2022-09-12,786337823.0,786337823.0,0.0,0.0,0.0
2022-09-13,821144013.0,821144013.0,0.0,0.0,0.0
2022-09-14,840509048.0,840509048.0,0.0,0.0,0.0
2022-09-15,839284292.0,839284292.0,0.0,0.0,0.0
2022-09-16,832842029.0,832842029.0,0.0,0.0,0.0
2022-09-17,820702373.0,820702373.0,0.0,0.0,0.0
2022-09-18,813452705.0,813452705.0,0.0,0.0,0.0
2022-09-19,842324891.0,842324891.0,0.0,0.0,0.0
2022-09-20,811981458.0,811981458.0,0.0,0.0,0.0
2022-09-21,770728725.0,770728725.0,0.0,0.0,0.0
2022-09-22,771250133.0,771250133.0,0.0,0.0,0.0
2022-09-23,768179176.0,768179176.0,0.0,0.0,0.0
2022-09-24,741569566.0,741569566.0,0.0,0.0,0.0
2022-09-25,721310032.0,721310032.0,0.0,0.0,0.0
2022-09-26,753006705.0,753006705.0,0.0,0.0,0.0
2022-09-27,774389806.0,774389806.0,0.0,0.0,0.0
2022-09-28,794442251.0,794442251.0,0.0,0.0,0.0
2022-09-29,801646601.0,801646601.0,0.0,0.0,0.0
2022-09-30,809906998.0,809906998.0,0.0,0.0,0.0
2022-10-01,696950460.0,696950460.0,0.0,0.0,0.0
2022-10-02,712174802.0,712174802.0,0.0,0.0,0.0
2022-10-03,759238178.0,759238178.0,0.0,0.0,0.0
2022-10-04,792931947.0,792931947.0,0.0,0.0,0.0
2022-10-05,756753461.0,756753461.0,0.0,0.0,0.0
2022-10-06,738689306.0,738689306.0,0.0,0.0,0.0
2022-10-07,730782556.0,730782556.0,0.0,0.0,0.0
2022-10-08,720598389.0,720598389.0,0.0,0.0,0.0
2022-10-09,713212413.0,713212413.0,0.0,0.0,0.0
2022-10-10,699848036.0,699848036.0,0.0,0.0,0.0
2022-10-11,690832394.0,690832394.0,0.0,0.0,0.0
2022-10-12,690817811.0,690817811.0,0.0,0.0,0.0
2022-10-13,691692716.0,691692716.0,0.0,0.0,0.0
2022-10-14,703307811.0,703307811.0,0.0,0.0,0.0
2022-10-15,697703631.0,697703631.0,0.0,0.0,0.0
2022-10-16,680955957.0,680955957.0,0.0,0.0,0.0
2022-10-17,695463674.0,695463674.0,0.0,0.0,0.0
2022-10-18,682972798.0,682972798.0,0.0,0.0,0.0
2022-10-19,679932088.0,679932088.0,0.0,0.0,0.0
2022-10-20,685592781.0,685592781.0,0.0,0.0,0.0
2022-10-21,687509301.0,687509301.0,0.0,0.0,0.0
2022-10-22,690312347.0,690312347.0,0.0,0.0,0.0
2022-10-23,670518293.0,670518293.0,0.0,0.0,0.0
2022-10-24,678821125.0,678821125.0,0.0,0.0,0.0
2022-10-25,677785935.0,677785935.0,0.0,0.0,0.0
2022-10-26,676498143.0,676498143.0,0.0,0.0,0.0
2022-10-27,681137353.0,681137353.0,0.0,0.0,0.0
2022-10-28,674779964.0,674779964.0,0.0,0.0,0.0
2022-10-29,670262043.0,670262043.0,0.0,0.0,0.0
2022-10-30,646111082.0,646111082.0,0.0,0.0,0.0
2022-10-31,652059037.0,652059037.0,0.0,0.0,0.0
2022-11-01,650246653.3,650246653.3199999,-0.019999980926513672,0.019999980926513672,3.075752996961049e-11
2022-11-02,659721222.0,659721221.95,0.04999995231628418,0.04999995231628418,7.578951631221616e-11
2022-11-03,669758057.3,669758057.36,-0.060000061988830566,0.060000061988830566,8.958468111710251e-11
2022-11-04,668639318.9,668639318.8899999,0.010000109672546387,0.010000109672546387,1.495591029405493e-11
2022-11-05,664231479.4,664231479.42,-0.019999980926513672,0.019999980926513672,3.0109956463640724e-11
2022-11-06,651141092.0,651141091.86,0.13999998569488525,0.13999998569488525,2.150071427144476e-10
2022-11-07,664050800.1,664050800.12,-0.019999980926513672,0.019999980926513672,3.01181489782135e-11
2022-11-08,669178499.8,669178499.87,-0.0700000524520874,0.0700000524520874,1.0460594964274643e-10
2022-11-09,674921042.5,674921042.5000001,-1.1920928955078125e-07,1.1920928955078125e-07,1.7662701567166097e-16
2022-11-10,681701744.7,681701744.8199999,-0.11999988555908203,0.11999988555908203,1.7602989355981624e-10
2022-11-11,691099369.4,691099369.33,0.06999993324279785,0.06999993324279785,1.0128779788002199e-10
2022-11-12,689224735.9,689224735.9399999,-0.039999961853027344,0.039999961853027344,5.8036166970697584e-11
2022-11-13,669022654.3,669022654.3,0.0,0.0,0.0
2022-11-14,683211945.4,683211945.41,-0.009999990463256836,0.009999990463256836,1.4636732467261156e-11
2022-11-15,682782929.9,682782929.88,0.019999980926513672,0.019999980926513672,2.9291858437999995e-11
2022-11-16,674857846.4,674857846.5,-0.10000002384185791,0.10000002384185791,1.4817938974156367e-10
2022-11-17,679355397.7,679355397.67,0.03000009059906006,0.03000009059906006,4.4159641184315646e-11
2022-11-18,682503582.0,682503581.91,0.09000003337860107,0.09000003337860107,1.3186748868755545e-10
2022-11-19,673528522.7,673528522.74,-0.039999961853027344,0.039999961853027344,5.938866804434345e-11
2022-11-20,652523389.6,652523389.5,0.10000002384185791,0.10000002384185791,1.5325124805588718e-10
2022-11-21,676998638.9,676998638.88,0.019999980926513672,0.019999980926513672,2.954212870946094e-11
2022-11-22,674199951.5,674199951.46,0.039999961853027344,0.039999961853027344,5.932952348043493e-11
2022-11-23,674546486.0,674546486.01,-0.009999990463256836,0.009999990463256836,1.4824761036938877e-11
2022-11-24,663375061.0,663375061.0,0.0,0.0,0.0
2022-11-25,656510572.5,656510572.46,0.039999961853027344,0.039999961853027344,6.092813052607366e-11
2022-11-26,653511537.6,653511537.58,0.019999980926513672,0.019999980926513672,3.0603868142807324e-11
2022-11-27,637215045.9,637215045.86,0.039999961853027344,0.039999961853027344,6.277309694803511e-11
2022-11-28,658599623.7,658599623.77,-0.06999993324279785,0.06999993324279785,1.0628602070790683e-10
2022-11-29,674399028.0,674399027.97,0.029999971389770508,0.029999971389770508,4.448400745585076e-11
2022-11-30,654411047.7,654411047.69,0.009999990463256836,0.009999990463256836,1.528090104591435e-11
2022-12-01,641138692.5,641138692.5,0.0,0.0,0.0
2022-12-02,653423618.7,653423618.72,-0.019999980926513672,0.019999980926513672,3.060798592849162e-11
2022-12-03,650732537.5,650732537.48,0.019999980926513672,0.019999980926513672,3.073456416264366e-11
2022-12-04,646771912.8,646771912.8,0.0,0.0,0.0
2022-12-05,671741855.4,671741855.38,0.019999980926513672,0.019999980926513672,2.977331361108107e-11
2022-12-06,680981634.2,680981634.29,-0.08999991416931152,0.08999991416931152,1.32162028532592e-10
2022-12-07,681263897.7,681263897.63,0.0700000524520874,0.0700000524520874,1.027502744361077e-10
2022-12-08,675439567.4,675439567.33,0.06999993324279785,0.06999993324279785,1.0363611582935799e-10
2022-12-09,671382438.8,671382438.9100001,-0.1100001335144043,0.1100001335144043,1.6384124331731672e-10
2022-12-10,669048163.0,669048162.9399999,0.060000061988830566,0.060000061988830566,8.967973504297712e-11
2022-12-11,659768820.8,659768820.89,-0.09000003337860107,0.09000003337860107,1.3641146798885086e-10
2022-12-12,681267048.0,681267048.0,0.0,0.0,0.0
2022-12-13,698081701.7,698081701.72,-0.019999980926513672,0.019999980926513672,2.8649914297723054e-11
2022-12-14,709636204.5,709636204.51,-0.009999990463256836,0.009999990463256836,1.4091714035789215e-11
2022-12-15,710473881.7,710473881.56,0.1400001049041748,0.1400001049041748,1.9705172633396017e-10
2022-12-16,697150187.7,697150187.6600001,0.039999961853027344,0.039999961853027344,5.737639114032665e-11
2022-12-17,695557561.3,695557561.3000001,-1.1920928955078125e-07,1.1920928955078125e-07,1.7138666328057537e-16
2022-12-18,696653102.7,696653102.6999999,1.1920928955078125e-07,1.1920928955078125e-07,1.7111714437036877e-16
2022-12-19,713260332.4,713260332.3900001,0.009999871253967285,0.009999871253967285,1.4019945873506544e-11
2022-12-20,706084053.8,706084053.8,0.0,0.0,0.0
2022-12-21,690620293.9,690620293.9399999,-0.039999961853027344,0.039999961853027344,5.791889147529052e-11
2022-12-22,679363380.9,679363380.9599999,-0.059999942779541016,0.059999942779541016,8.831789358451277e-11
2022-12-23,683286988.9,683286988.74,0.15999996662139893,0.15999996662139893,2.3416217375802415e-10
2022-12-24,671480733.2,671480733.26,-0.059999942779541016,0.059999942779541016,8.935467514251086e-11
2022-12-25,656472081.1,656472081.1500001,-0.05000007152557373,0.05000007152557373,7.616481030205037e-11
2022-12-26,660714957.9,660714957.84,0.059999942779541016,0.059999942779541016,9.081063181957216e-11
2022-12-27,648320728.5,648320728.49,0.009999990463256836,0.009999990463256836,1.5424449695436254e-11
2022-12-28,634549930.4,634549930.4100001,-0.010000109672546387,0.010000109672546387,1.575937399637352e-11
2022-12-29,633264075.7,633264075.65,0.05000007152557373,0.05000007152557373,7.895611553569409e-11
2022-12-30,634547403.8,634547403.74,0.059999942779541016,0.059999942779541016,9.455549328581308e-11
2022-12-31,616799188.1,616799188.13,-0.029999971389770508,0.029999971389770508,4.8638149933664785e-11
2023-01-01,582750632.5,582750632.5799999,-0.07999992370605469,0.07999992370605469,1.3727985736000842e-10
2023-01-02,599934287.0,599934287.1099999,-0.1099998950958252,0.1099998950958252,1.8335323964543668e-10
2023-01-03,615057913.3,615057913.36,-0.060000061988830566,0.060000061988830566,9.755189014138413e-11
2023-01-04,624709513.1,624709513.08,0.019999980926513672,0.019999980926513672,3.2014849313351476e-11
2023-01-05,615985752.0,615985751.98,0.019999980926513672,0.019999980926513672,3.2468252490544086e-11
2023-01-06,604966619.3,604966619.38,-0.08000004291534424,0.08000004291534424,1.3223877212913232e-10
2023-01-07,601864981.8,601864981.76,0.039999961853027344,0.039999961853027344,6.646002519269239e-11
2023-01-08,582902763.8,582902763.8299999,-0.029999971389770508,0.029999971389770508,5.1466510802243876e-11
2023-01-09,582058737.4,582058737.4,0.0,0.0,0.0
2023-01-10,577908818.9,577908818.8,0.10000002384185791,0.10000002384185791,1.7303771905090393e-10
2023-01-11,565098180.7,565098180.65,0.05000007152557373,0.05000007152557373,8.848032648704956e-11
2023-01-12,550276307.9,550276307.84,0.059999942779541016,0.059999942779541016,1.0903602775216087e-10
2023-01-13,537677037.3,537677037.3199999,-0.019999980926513672,0.019999980926513672,3.7197015195117153e-11
2023-01-14,527171188.9,527171188.78999996,0.11000001430511475,0.11000001430511475,2.0866089919413416e-10
2023-01-15,516381786.4,516381786.41,-0.010000050067901611,0.010000050067901611,1.936561344972645e-11
2023-01-16,514153385.9,514153385.83000004,0.06999993324279785,0.06999993324279785,1.3614601238162897e-10
2023-01-17,510696585.8,510696585.78,0.020000040531158447,0.020000040531158447,3.9162275776386144e-11
2023-01-18,491966449.2,491966449.25,-0.050000011920928955,0.050000011920928955,1.0163297111466713e-10
2023-01-19,472038702.7,472038702.79,-0.09000003337860107,0.09000003337860107,1.9066240302715134e-10
2023-01-20,469735907.7,469735907.69000006,0.00999993085861206,0.00999993085861206,2.1288410561533192e-11
2023-01-21,484889184.7,484889184.62,0.07999998331069946,0.07999998331069946,1.6498611607556333e-10
2023-01-22,426354310.3,426354310.29999995,5.960464477539063e-08,5.960464477539063e-08,1.3980073224415253e-16
2023-01-23,421427167.3,421427167.15999997,0.14000004529953003,0.14000004529953003,3.322046041703539e-10
2023-01-24,442401274.7,442401274.72,-0.020000040531158447,0.020000040531158447,4.5207917958014075e-11
2023-01-25,470792332.2,470792332.27,-0.06999999284744263,0.06999999284744263,1.4868549901892948e-10
2023-01-26,471330758.7,471330758.70000005,-5.960464477539063e-08,5.960464477539063e-08,1.2646033316346479e-16
2023-01-27,491013977.3,491013977.32,-0.019999980926513672,0.019999980926513672,4.073199919173395e-11
2023-01-28,509758618.9,509758618.9,0.0,0.0,0.0
2023-01-29,528619702.7,528619702.6999999,5.960464477539063e-08,5.960464477539063e-08,1.1275524629700985e-16
2023-01-30,536930903.5,536930903.5799999,-0.07999992370605469,0.07999992370605469,1.48994820720083e-10
2023-01-31,556256263.8,556256263.86,-0.060000061988830566,0.060000061988830566,1.0786406534813132e-10
2023-02-01,552556585.4,552556585.46,-0.060000061988830566,0.060000061988830566,1.0858627618272988e-10
2023-02-02,574317973.7,574317973.6099999,0.09000015258789062,0.09000015258789062,1.5670788084181218e-10
2023-02-03,584635953.1,584635953.12,-0.019999980926513672,0.019999980926513672,3.4209290106885953e-11
2023-02-04,595017716.3,595017716.3100001,-0.010000109672546387,0.010000109672546387,1.680640659698352e-11
2023-02-05,587138584.8,587138584.79,0.009999990463256836,0.009999990463256836,1.7031737859066415e-11
2023-02-06,605316509.6,605316509.6,0.0,0.0,0.0
2023-02-07,619934286.8,619934286.79,0.009999990463256836,0.009999990463256836,1.613072655631803e-11
2023-02-08,635162695.8,635162695.82,-0.020000100135803223,0.020000100135803223,3.1488152985138246e-11
2023-02-09,644490471.6,644490471.55,0.05000007152557373,0.05000007152557373,7.75807769530626e-11
2023-02-10,648896051.7,648896051.8299999,-0.12999987602233887,0.12999987602233887,2.0034006322239246e-10
2023-02-11,654139574.5,654139574.4300001,0.06999993324279785,0.06999993324279785,1.0701069920177693e-10
2023-02-12,643734481.5,643734481.56,-0.059999942779541016,0.059999942779541016,9.320604147183782e-11
2023-02-13,662060644.9,662060644.97,-0.0700000524520874,0.0700000524520874,1.0573057467063377e-10
2023-02-14,670247327.6,670247327.6600001,-0.060000061988830566,0.060000061988830566,8.951928566977932e-11
2023-02-15,691031900.3,691031900.29,0.009999990463256836,0.009999990463256836,1.4471098163363381e-11
2023-02-16,696992833.7,696992833.73,-0.029999971389770508,0.029999971389770508,4.3042008381226926e-11
2023-02-17,688378711.3,688378711.3,0.0,0.0,0.0
2023-02-18,685306353.2,685306353.12,0.08000004291534424,0.08000004291534424,1.1673617578735184e-10
2023-02-19,670867095.0,670867094.98,0.019999980926513672,0.019999980926513672,2.9812135780058895e-11
2023-02-20,689073583.8,689073583.8,0.0,0.0,0.0
2023-02-21,708035624.4,708035624.44,-0.040000081062316895,0.040000081062316895,5.649444700782332e-11
2023-02-22,716253174.8,716253174.74,0.059999942779541016,0.059999942779541016,8.376918230944645e-11
2023-02-23,713607260.7,713607260.73,-0.029999971389770508,0.029999971389770508,4.203989090629849e-11
2023-02-24,710815690.2,710815690.27,-0.06999993324279785,0.06999993324279785,9.847831752715277e-11
2023-02-25,711237507.7,711237507.6100001,0.08999991416931152,0.08999991416931152,1.2653988744259741e-10
2023-02-26,711601532.0,711601531.97,0.029999971389770508,0.029999971389770508,4.2158385052170615e-11
2023-02-27,722926467.7,722926467.7,0.0,0.0,0.0
2023-02-28,719367451.7,719367451.75,-0.04999995231628418,0.04999995231628418,6.950544147935096e-11
2023-03-01,693903623.1,693903623.1800001,-0.08000004291534424,0.08000004291534424,1.152898475409967e-10
2023-03-02,714314583.8,714314583.81,-0.009999990463256836,0.009999990463256836,1.399942082948809e-11
2023-03-03,717654581.3,717654581.39,-0.09000003337860107,0.09000003337860107,1.254085680266542e-10
2023-03-04,705472461.0,705472461.02,-0.019999980926513672,0.019999980926513672,2.8349768463199688e-11
2023-03-05,690722431.9,690722431.99,-0.09000003337860107,0.09000003337860107,1.3029840819131081e-10
2023-03-06,704638328.8,704638328.82,-0.020000100135803223,0.020000100135803223,2.838349734659399e-11
2023-03-07,711554776.8,711554776.74,0.059999942779541016,0.059999942779541016,8.432231043317903e-11
2023-03-08,710695857.5,710695857.5500001,-0.05000007152557373,0.05000007152557373,7.035368364388381e-11
2023-03-09,714236486.0,714236485.92,0.08000004291534424,0.08000004291534424,1.1200777961284974e-10
2023-03-10,709572099.8,709572099.86,-0.060000061988830566,0.060000061988830566,8.45580907222003e-11
2023-03-11,694244857.6,694244857.57,0.029999971389770508,0.029999971389770508,4.321237825726245e-11
2023-03-12,679533804.9,679533804.88,0.019999980926513672,0.019999980926513672,2.9431914618959777e-11
2023-03-13,706219988.6,706219988.5899999,0.010000109672546387,0.010000109672546387,1.4160049041334068e-11
2023-03-14,703314447.6,703314447.61,-0.009999990463256836,0.009999990463256836,1.4218377707696668e-11
2023-03-15,702928206.2,702928206.28,-0.07999992370605469,0.07999992370605469,1.1380952279398613e-10
2023-03-16,706757400.3,706757400.3599999,-0.059999942779541016,0.059999942779541016,8.489467921251708e-11
2023-03-17,701456901.0,701456900.9300001,0.06999993324279785,0.06999993324279785,9.979220839228418e-11
2023-03-18,710396894.3,710396894.27,0.029999971389770508,0.029999971389770508,4.2229874075296207e-11
2023-03-19,694232240.5,694232240.4499999,0.05000007152557373,0.05000007152557373,7.202211105834364e-11
2023-03-20,705171276.5,705171276.51,-0.009999990463256836,0.009999990463256836,1.4180938442203886e-11
2023-03-21,702520775.0,702520775.02,-0.019999980926513672,0.019999980926513672,2.8468881829884207e-11
2023-03-22,709417988.1,709417988.13,-0.029999971389770508,0.029999971389770508,4.228814590692574e-11
2023-03-23,708176745.2,708176745.15,0.05000007152557373,0.05000007152557373,7.060394437472377e-11
2023-03-24,707150856.3,707150856.27,0.029999971389770508,0.029999971389770508,4.24237220707591e-11
2023-03-25,702719932.0,702719932.02,-0.019999980926513672,0.019999980926513672,2.8460813498760517e-11
2023-03-26,687456315.1,687456315.14,-0.039999961853027344,0.039999961853027344,5.8185459896762746e-11
2023-03-27,715875542.1,715875542.1399999,-0.03999984264373779,0.03999984264373779,5.587541449788803e-11
2023-03-28,720285640.5,720285640.4200001,0.07999992370605469,0.07999992370605469,1.1106694234598543e-10
2023-03-29,722668874.8,722668874.84,-0.040000081062316895,0.040000081062316895,5.535049655125523e-11
2023-03-30,722492738.3,722492738.2700001,0.029999852180480957,0.029999852180480957,4.152270409121281e-11
2023-03-31,707532670.0,707532669.96,0.039999961853027344,0.039999961853027344,5.653443798295186e-11
2023-04-01,679830905.7,679830905.63,0.0700000524520874,0.0700000524520874,1.0296685817778554e-10
2023-04-02,678187346.9,678187346.93,-0.029999971389770508,0.029999971389770508,4.4235522126593234e-11
2023-04-03,697709594.7,697709594.65,0.05000007152557373,0.05000007152557373,7.166315599697704e-11
2023-04-04,692172549.3,692172549.3,0.0,0.0,0.0
2023-04-05,637008558.3,637008558.28,0.019999980926513672,0.019999980926513672,3.1396722486567686e-11
2023-04-06,686217102.2,686217102.1999999,1.1920928955078125e-07,1.1920928955078125e-07,1.7371949659750295e-16
2023-04-07,705447832.4,705447832.35,0.04999995231628418,0.04999995231628418,7.087689552632068e-11
2023-04-08,701668430.4,701668430.29,0.11000001430511475,0.11000001430511475,1.5676922252638196e-10
2023-04-09,698215106.7,698215106.6899999,0.010000109672546387,0.010000109672546387,1.432239087436861e-11
2023-04-10,704946896.1,704946896.1,0.0,0.0,0.0
2023-04-11,718923135.8,718923135.8100001,-0.010000109672546387,0.010000109672546387,1.3909845398727517e-11
2023-04-12,705186929.5,705186929.51,-0.009999990463256836,0.009999990463256836,1.418062366860252e-11
2023-04-13,716131769.0,716131769.02,-0.019999980926513672,0.019999980926513672,2.7927794565574805e-11
2023-04-14,724681369.8,724681369.87,-0.0700000524520874,0.0700000524520874,9.659424868533084e-11
2023-04-15,722394680.6,722394680.64,-0.039999961853027344,0.039999961853027344,5.5371340525105384e-11
2023-04-16,694136358.9,694136358.82,0.07999992370605469,0.07999992370605469,1.1525102046639772e-10
2023-04-17,736016447.3,736016447.38,-0.08000004291534424,0.08000004291534424,1.0869328152762905e-10
2023-04-18,741556374.2,741556374.3000001,-0.10000002384185791,0.10000002384185791,1.348515464515279e-10
2023-04-19,723701288.3,723701288.39,-0.09000003337860107,0.09000003337860107,1.2436074777483727e-10
2023-04-20,726902491.7,726902491.68,0.020000100135803223,0.020000100135803223,2.7514144419878348e-11
2023-04-21,718250744.4,718250744.4499999,-0.04999995231628418,0.04999995231628418,6.961350573754335e-11
2023-04-22,711365972.9,711365972.84,0.059999942779541016,0.059999942779541016,8.434469044807051e-11
2023-04-23,704189714.3,704189714.3,0.0,0.0,0.0
2023-04-24,710031693.5,710031693.45,0.04999995231628418,0.04999995231628418,7.04193246217173e-11
2023-04-25,720387489.3,720387489.36,-0.060000061988830566,0.060000061988830566,8.328859520746618e-11
2023-04-26,707951640.5,707951640.5500001,-0.05000007152557373,0.05000007152557373,7.062639404332835e-11
2023-04-27,711808394.2,711808394.1700001,0.029999971389770508,0.029999971389770508,4.2146133192890216e-11
2023-04-28,719366558.8,719366558.6999999,0.10000002384185791,0.10000002384185791,1.3901122121755478e-10
2023-04-29,702654351.1,702654351.14,-0.039999961853027344,0.039999961853027344,5.6926939668711523e-11
2023-04-30,672523786.3,672523786.3000001,-1.1920928955078125e-07,1.1920928955078125e-07,1.7725661453051457e-16
2023-05-01,585761450.0,585761450.03,-0.029999971389770508,0.029999971389770508,5.121533926442327e-11
2023-05-02,619806681.0,619806680.97,0.029999971389770508,0.029999971389770508,4.840214265094459e-11
2023-05-03,688488005.9,688488005.92,-0.019999980926513672,0.019999980926513672,2.9049134850750888e-11
2023-05-04,740975546.1,740975546.12,-0.019999980926513672,0.019999980926513672,2.6991418315732823e-11
2023-05-05,765669690.6,765669690.72,-0.12000000476837158,0.12000000476837158,1.5672555181639258e-10
2023-05-06,758101569.7,758101569.6899999,0.010000109672546387,0.010000109672546387,1.3190989271402884e-11
2023-05-07,715158771.1,715158771.05,0.05000007152557373,0.05000007152557373,6.991464489580071e-11
2023-05-08,703574938.8,703574938.87,-0.0700000524520874,0.0700000524520874,9.949196395692798e-11
2023-05-09,705329990.1,705329990.15,-0.04999995231628418,0.04999995231628418,7.08887372124859e-11
2023-05-10,705822298.8,705822298.84,-0.040000081062316895,0.040000081062316895,5.6671602937910606e-11
2023-05-11,713683915.6,713683915.7199999,-0.11999988555908203,0.11999988555908203,1.6814150205164303e-10
2023-05-12,718336740.6,718336740.62,-0.019999980926513672,0.019999980926513672,2.7842068762636907e-11
2023-05-13,717001432.3,717001432.36,-0.060000061988830566,0.060000061988830566,8.36819276585852e-11
2023-05-14,694917349.2,694917349.15,0.05000007152557373,0.05000007152557373,7.195110552806691e-11
2023-05-15,720309770.9,720309770.92,-0.019999980926513672,0.019999980926513672,2.7765805399980132e-11
2023-05-16,726518971.6,726518971.65,-0.04999995231628418,0.04999995231628418,6.882126175751496e-11
2023-05-17,744525543.2,744525543.21,-0.009999990463256836,0.009999990463256836,1.343135981644966e-11
2023-05-18,781145155.6,781145155.5,0.10000002384185791,0.10000002384185791,1.2801721053374206e-10
2023-05-19,780802414.6,780802414.61,-0.009999990463256836,0.009999990463256836,1.2807325228854172e-11
2023-05-20,745223100.4,745223100.42,-0.019999980926513672,0.019999980926513672,2.6837575104393092e-11
2023-05-21,748342568.8,748342568.82,-0.020000100135803223,0.020000100135803223,2.672586188418261e-11
2023-05-22,788804641.6,788804641.64,-0.039999961853027344,0.039999961853027344,5.0709592392727295e-11
2023-05-23,733651853.5,733651853.5400001,-0.040000081062316895,0.040000081062316895,5.452188374021043e-11
2023-05-24,722263922.3,722263922.33,-0.03000009059906006,0.03000009059906006,4.15361887432046e-11
2023-05-25,749281571.5,749281571.41,0.09000003337860107,0.09000003337860107,1.201151033228115e-10
2023-05-26,770536610.3,770536610.3299999,-0.029999971389770508,0.029999971389770508,3.893386892816209e-11
2023-05-27,774369707.8,774369707.8,0.0,0.0,0.0
2023-05-28,767827689.4,767827689.45,-0.05000007152557373,0.05000007152557373,6.51188700483634e-11
2023-05-29,827284852.0,827284851.96,0.039999961853027344,0.039999961853027344,4.835089359647473e-11
2023-05-30,854434356.8,854434356.84,-0.040000081062316895,0.040000081062316895,4.681469178290526e-11
2023-05-31,861680708.0,861680707.9899999,0.010000109672546387,0.010000109672546387,1.1605354024644576e-11
2023-06-01,862074614.2,862074614.2,0.0,0.0,0.0
2023-06-02,892915600.2,892915600.23,-0.029999971389770508,0.029999971389770508,3.3597768235935126e-11
2023-06-03,855632468.9,855632468.9699999,-0.06999993324279785,0.06999993324279785,8.181074910912354e-11
2023-06-04,814415976.2,814415976.24,-0.039999961853027344,0.039999961853027344,4.911490322140287e-11
2023-06-05,878393877.8,878393877.8799999,-0.07999992370605469,0.07999992370605469,9.107522915166508e-11
2023-06-06,899442533.6,899442533.58,0.019999980926513672,0.019999980926513672,2.223597414997061e-11
2023-06-07,892981998.6,892981998.5799999,0.020000100135803223,0.020000100135803223,2.2396980193507815e-11
2023-06-08,883909029.7,883909029.64,0.060000061988830566,0.060000061988830566,6.788035869391975e-11
2023-06-09,841823348.3,841823348.33,-0.03000009059906006,0.03000009059906006,3.5637037936335484e-11
2023-06-10,780243985.6,780243985.65,-0.04999995231628418,0.04999995231628418,6.408245784532989e-11
2023-06-11,779612685.4,779612685.4700001,-0.07000017166137695,0.07000017166137695,8.978839489439759e-11
2023-06-12,836050011.5,836050011.48,0.019999980926513672,0.019999980926513672,2.3921991090737127e-11
2023-06-13,847477728.4,847477728.3799999,0.020000100135803223,0.020000100135803223,2.359955839023937e-11
2023-06-14,808646158.9,808646158.92,-0.019999980926513672,0.019999980926513672,2.4732672883427297e-11
2023-06-15,777322935.2,777322935.23,-0.029999971389770508,0.029999971389770508,3.859396144287408e-11
2023-06-16,759186158.9,759186158.86,0.039999961853027344,0.039999961853027344,5.2687949304797773e-11
2023-06-17,778781988.1,778781988.11,-0.009999990463256836,0.009999990463256836,1.2840551805331148e-11
2023-06-18,811074219.2,811074219.22,-0.019999980926513672,0.019999980926513672,2.4658632284281672e-11
2023-06-19,858508280.5,858508280.3899999,0.1100001335144043,0.1100001335144043,1.2812937977760635e-10
2023-06-20,907558146.9,907558146.84,0.059999942779541016,0.059999942779541016,6.611140342300531e-11
2023-06-21,910191085.2,910191085.1,0.10000002384185791,0.10000002384185791,1.0986706579298619e-10
2023-06-22,769104079.9,769104079.99,-0.09000003337860107,0.09000003337860107,1.1701931602066524e-10
2023-06-23,781992739.4,781992739.34,0.059999942779541016,0.059999942779541016,7.672698192259075e-11
2023-06-24,824931195.1,824931195.1400001,-0.040000081062316895,0.040000081062316895,4.8488990718150735e-11
2023-06-25,874644301.6,874644301.6399999,-0.03999984264373779,0.03999984264373779,4.5732696789501145e-11
2023-06-26,899798524.2,899798524.1400001,0.059999942779541016,0.059999942779541016,6.66815305491707e-11
2023-06-27,911039821.2,911039821.2,0.0,0.0,0.0
2023-06-28,921340650.4,921340650.4000001,-1.1920928955078125e-07,1.1920928955078125e-07,1.293867686170436e-16
2023-06-29,929037698.0,929037697.96,0.039999961853027344,0.039999961853027344,4.305526238508714e-11
2023-06-30,909709886.6,909709886.58,0.019999980926513672,0.019999980926513672,2.198500996978576e-11
2023-07-01,884115379.0,884115379.05,-0.04999995231628418,0.04999995231628418,5.655365069301004e-11
2023-07-02,867323892.5,867323892.5799999,-0.07999992370605469,0.07999992370605469,9.22376570020002e-11
2023-07-03,909986234.1,909986234.06,0.040000081062316895,0.040000081062316895,4.395679798593658e-11
2023-07-04,914492348.0,914492348.01,-0.009999990463256836,0.009999990463256836,1.0935018193565942e-11
2023-07-05,921801854.0,921801854.0100001,-0.010000109672546387,0.010000109672546387,1.0848437361188456e-11
2023-07-06,951638071.5,951638071.3899999,0.1100001335144043,0.1100001335144043,1.1559030350794902e-10
2023-07-07,970451686.2,970451686.28,-0.07999992370605469,0.07999992370605469,8.243576145383453e-11
2023-07-08,965223819.5,965223819.47,0.029999971389770508,0.029999971389770508,3.108084444632845e-11
2023-07-09,947739500.5,947739500.61,-0.11000001430511475,0.11000001430511475,1.1606566387396739e-10
2023-07-10,988391940.1,988391940.09,0.009999990463256836,0.009999990463256836,1.0117434246018935e-11
2023-07-11,986647873.7,986647873.68,0.020000100135803223,0.020000100135803223,2.0270757854878273e-11
2023-07-12,973241642.4,973241642.4200001,-0.020000100135803223,0.020000100135803223,2.0549983955149372e-11
2023-07-13,980053577.2,980053577.2,0.0,0.0,0.0
2023-07-14,991606163.0,991606162.9499999,0.05000007152557373,0.05000007152557373,5.0423316626334575e-11
2023-07-15,962848153.2,962848153.25,-0.04999995231628418,0.04999995231628418,5.192921869363375e-11
2023-07-16,920759951.3,920759951.3100001,-0.010000109672546387,0.010000109672546387,1.0860713108153173e-11
2023-07-17,930683668.3,930683668.2900001,0.009999871253967285,0.009999871253967285,1.0744651050161e-11
2023-07-18,928472431.4,928472431.4399999,-0.039999961853027344,0.039999961853027344,4.308147501236335e-11
2023-07-19,927705922.8,927705922.74,0.059999942779541016,0.059999942779541016,6.467560603520707e-11
2023-07-20,926259684.2,926259684.13,0.0700000524520874,0.0700000524520874,7.557281575149808e-11
2023-07-21,936327209.0,936327208.98,0.019999980926513672,0.019999980926513672,2.1360033900834416e-11
2023-07-22,924014470.0,924014469.91,0.09000003337860107,0.09000003337860107,9.740110820840401e-11
2023-07-23,902090397.0,902090396.99,0.009999990463256836,0.009999990463256836,1.1085352971845055e-11
2023-07-24,941034452.4,941034452.4200001,-0.020000100135803223,0.020000100135803223,2.125331339867023e-11
2023-07-25,941946773.8,941946773.8500001,-0.05000019073486328,0.05000019073486328,5.3081758041542625e-11
2023-07-26,939415731.5,939415731.65,-0.1499999761581421,0.1499999761581421,1.5967368985681297e-10
2023-07-27,872370227.5,872370227.5,0.0,0.0,0.0
2023-07-28,674330198.3,674330198.3700001,-0.07000017166137695,0.07000017166137695,1.038069655457353e-10
2023-07-29,710532636.8,710532636.75,0.04999995231628418,0.04999995231628418,7.036967723462661e-11
2023-07-30,787462553.4,787462553.5,-0.10000002384185791,0.10000002384185791,1.2699019580053837e-10
2023-07-31,831404236.0,831404235.99,0.009999990463256836,0.009999990463256836,1.202783198624073e-11
2023-08-01,836974868.1,836974867.98,0.12000000476837158,0.12000000476837158,1.4337348628015703e-10
2023-08-02,890304031.4,890304031.44,-0.040000081062316895,0.040000081062316895,4.492856333517541e-11
2023-08-03,940514962.4,940514962.43,-0.029999971389770508,0.029999971389770508,3.189738875946936e-11
2023-08-04,990895827.1,990895827.0899999,0.010000109672546387,0.010000109672546387,1.0091988884253509e-11
2023-08-05,1004226823.0,1004226823.3199999,-0.31999993324279785,0.31999993324279785,3.1865304323065054e-10
2023-08-06,990307848.4,990307848.38,0.019999980926513672,0.019999980926513672,2.019572091529601e-11
2023-08-07,1009356732.0,1009356732.3999999,-0.39999985694885254,0.39999985694885254,3.9629186021900185e-10
2023-08-08,954350717.4,954350717.41,-0.009999990463256836,0.009999990463256836,1.0478318170599236e-11
2023-08-09,942184910.8,942184910.8100001,-0.010000109672546387,0.010000109672546387,1.0613744242683097e-11
2023-08-10,915966955.1,915966955.2,-0.10000002384185791,0.10000002384185791,1.0917427019071936e-10
2023-08-11,884130717.8,884130717.75,0.04999995231628418,0.04999995231628418,5.65526695426894e-11
2023-08-12,861794850.1,861794850.08,0.019999980926513672,0.019999980926513672,2.3207357208264745e-11
2023-08-13,851222921.0,851222921.02,-0.019999980926513672,0.019999980926513672,2.34955855077517e-11
2023-08-14,912955255.6,912955255.59,0.009999990463256836,0.009999990463256836,1.095342888046006e-11
2023-08-15,910415216.9,910415216.8899999,0.010000109672546387,0.010000109672546387,1.0984119648831396e-11
2023-08-16,902932206.1,902932206.1400001,-0.040000081062316895,0.040000081062316895,4.4300204148313296e-11
2023-08-17,892609135.7,892609135.69,0.009999990463256836,0.009999990463256836,1.1203101182036037e-11
2023-08-18,877087972.6,877087972.67,-0.06999993324279785,0.06999993324279785,7.980947798804401e-11
2023-08-19,849416733.3,849416733.31,-0.009999990463256836,0.009999990463256836,1.1772773093846038e-11
2023-08-20,790617518.0,790617517.96,0.039999961853027344,0.039999961853027344,5.0593315911104494e-11
2023-08-21,867193150.8,867193150.83,-0.03000009059906006,0.03000009059906006,3.4594473643368244e-11
2023-08-22,880252597.4,880252597.3199999,0.08000004291534424,0.08000004291534424,9.088305237796535e-11
2023-08-23,871251133.3,871251133.4,-0.10000002384185791,0.10000002384185791,1.1477749642986652e-10
2023-08-24,891043684.4,891043684.4200001,-0.020000100135803223,0.020000100135803223,2.244570102000178e-11
2023-08-25,898874671.1,898874671.1999999,-0.09999990463256836,0.09999990463256836,1.1125010843858047e-10
2023-08-26,887108436.9,887108436.87,0.029999971389770508,0.029999971389770508,3.381770496356161e-11
2023-08-27,869479680.7,869479680.66,0.040000081062316895,0.040000081062316895,4.60046185669499e-11
2023-08-28,907846916.3,907846916.22,0.07999992370605469,0.07999992370605469,8.812049946933844e-11
2023-08-29,923444884.6,923444884.5999999,1.1920928955078125e-07,1.1920928955078125e-07,1.2909193774181556e-16
2023-08-30,923561607.1,923561607.1700001,-0.0700000524520874,0.0700000524520874,7.579359288427852e-11
2023-08-31,878708905.0,878708904.95,0.04999995231628418,0.04999995231628418,5.6901611024738825e-11
2023-09-01,823940460.2,823940460.28,-0.07999992370605469,0.07999992370605469,9.709430179777289e-11
2023-09-02,823421405.1,823421405.1299999,-0.029999852180480957,0.029999852180480957,3.643317017832156e-11
2023-09-03,843560178.0,843560178.04,-0.039999961853027344,0.039999961853027344,4.7418030030606e-11
2023-09-04,838604076.6,838604076.5,0.10000002384185791,0.10000002384185791,1.1924581173906723e-10
2023-09-05,799861585.5,799861585.62,-0.12000000476837158,0.12000000476837158,1.500259631713137e-10
2023-09-06,771506145.8,771506145.84,-0.040000081062316895,0.040000081062316895,5.184674325677536e-11
2023-09-07,796953522.6,796953522.57,0.029999971389770508,0.029999971389770508,3.764331361745901e-11
2023-09-08,807590861.9,807590861.95,-0.05000007152557373,0.05000007152557373,6.191262665842918e-11
2023-09-09,801545820.7,801545820.71,-0.009999990463256836,0.009999990463256836,1.2475881234741787e-11
2023-09-10,790700787.0,790700787.0899999,-0.08999991416931152,0.08999991416931152,1.1382297279705569e-10
2023-09-11,827499688.3,827499688.41,-0.11000001430511475,0.11000001430511475,1.329305809541714e-10
2023-09-12,847147842.1,847147842.02,0.08000004291534424,0.08000004291534424,9.443457085015012e-11
2023-09-13,857351674.9,857351674.9000001,-1.1920928955078125e-07,1.1920928955078125e-07,1.390436305669848e-16
2023-09-14,868698263.3,868698263.3700001,-0.07000017166137695,0.07000017166137695,8.05805359797327e-11
2023-09-15,867587314.2,867587314.14,0.060000061988830566,0.060000061988830566,6.91573758707577e-11
2023-09-16,847932915.1,847932915.12,-0.019999980926513672,0.019999980926513672,2.3586749105210753e-11
2023-09-17,856659852.1,856659852.0899999,0.010000109672546387,0.010000109672546387,1.167337263212733e-11
2023-09-18,899331491.5,899331491.44,0.059999942779541016,0.059999942779541016,6.671615899879896e-11
2023-09-19,930250566.3,930250566.24,0.059999942779541016,0.059999942779541016,6.44986898725428e-11
2023-09-20,918544065.8,918544065.7900001,0.009999871253967285,0.009999871253967285,1.0886653810405887e-11
2023-09-21,936510746.6,936510746.72,-0.12000000476837158,0.12000000476837158,1.2813521382859866e-10
2023-09-22,940837823.8,940837823.8900001,-0.09000015258789062,0.09000015258789062,9.565958161033984e-11
2023-09-23,937781493.4,937781493.3800001,0.01999986171722412,0.01999986171722412,2.132678226002633e-11
2023-09-24,912899619.2,912899619.14,0.060000061988830566,0.060000061988830566,6.572470918698633e-11
2023-09-25,933098915.5,933098915.5500002,-0.05000019073486328,0.05000019073486328,5.358509146703995e-11
2023-09-26,935606066.7,935606066.6800001,0.019999980926513672,0.019999980926513672,2.137649769315425e-11
2023-09-27,929461200.7,929461200.7,0.0,0.0,0.0
2023-09-28,892974357.7,892974357.7199999,-0.01999986171722412,0.01999986171722412,2.2396904843647473e-11
2023-09-29,794992084.9,794992084.8499999,0.05000007152557373,0.05000007152557373,6.289379790726232e-11
2023-09-30,783125033.5,783125033.4699999,0.03000009059906006,0.03000009059906006,3.83081747048507e-11
2023-10-01,731575216.7,731575216.72,-0.019999980926513672,0.019999980926513672,2.7338242835411883e-11
2023-10-02,751919453.7,751919453.5500001,0.1499999761581421,0.1499999761581421,1.9948942060220843e-10
2023-10-03,788851538.5,788851538.5300001,-0.03000009059906006,0.03000009059906006,3.8030084413735425e-11
2023-10-04,834435830.1,834435830.0799999,0.020000100135803223,0.020000100135803223,2.3968410049465855e-11
2023-10-05,801776747.1,801776747.1,0.0,0.0,0.0
2023-10-06,756795117.6,756795117.6099999,-0.009999871253967285,0.009999871253967285,1.3213445781309419e-11
2023-10-07,762882772.9,762882772.88,0.019999980926513672,0.019999980926513672,2.6216322660539754e-11
2023-10-08,743755373.9,743755374.0300001,-0.13000011444091797,0.13000011444091797,1.7478880691542653e-10
2023-10-09,759061289.7,759061289.75,-0.04999995231628418,0.04999995231628418,6.587077090447519e-11
2023-10-10,743795745.2,743795745.23,-0.029999971389770508,0.029999971389770508,4.03336152208074e-11
2023-10-11,745727259.1,745727259.0500001,0.04999995231628418,0.04999995231628418,6.704857802385808e-11
2023-10-12,757308509.9,757308509.93,-0.029999971389770508,0.029999971389770508,3.961393672141873e-11
2023-10-13,766538211.5,766538211.41,0.09000003337860107,0.09000003337860107,1.1741102012707826e-10
2023-10-14,747653919.0,747653918.99,0.009999990463256836,0.009999990463256836,1.3375159561300763e-11
2023-10-15,726485407.7,726485407.6600001,0.039999961853027344,0.039999961853027344,5.505955306062418e-11
2023-10-16,731672314.6,731672314.6,0.0,0.0,0.0
2023-10-17,743531743.4,743531743.35,0.04999995231628418,0.04999995231628418,6.724656043284161e-11
2023-10-18,752332623.7,752332623.62,0.08000004291534424,0.08000004291534424,1.0633600138446878e-10
2023-10-19,760976405.8,760976405.81,-0.009999990463256836,0.009999990463256836,1.314099936218658e-11
2023-10-20,775272078.0,775272077.99,0.009999990463256836,0.009999990463256836,1.2898685180374619e-11
2023-10-21,742373544.8,742373544.86,-0.060000061988830566,0.060000061988830566,8.082192908018423e-11
2023-10-22,721177882.5,721177882.52,-0.019999980926513672,0.019999980926513672,2.7732382553362167e-11
2023-10-23,742980277.3,742980277.3,0.0,0.0,0.0
2023-10-24,772667817.6,772667817.63,-0.029999971389770508,0.029999971389770508,3.882647977102768e-11
2023-10-25,783047274.5,783047274.54,-0.039999961853027344,0.039999961853027344,5.10824354488285e-11
2023-10-26,789371099.7,789371099.8,-0.09999990463256836,0.09999990463256836,1.2668300710600281e-10
2023-10-27,771152802.5,771152802.39,0.11000001430511475,0.11000001430511475,1.426436031205563e-10
2023-10-28,745728139.2,745728139.22,-0.019999980926513672,0.019999980926513672,2.6819399557550813e-11
2023-10-29,730156734.9,730156734.91,-0.009999990463256836,0.009999990463256836,1.3695676538033172e-11
2023-10-30,752741877.3,752741877.28,0.019999980926513672,0.019999980926513672,2.6569507462838845e-11
2023-10-31,755145742.3,755145742.31,-0.009999990463256836,0.009999990463256836,1.3242464206709514e-11
2023-11-01,740701418.2,740701418.2399999,-0.03999984264373779,0.03999984264373779,5.4002654323171906e-11
2023-11-02,754536725.2,754536725.23,-0.029999971389770508,0.029999971389770508,3.9759458205057697e-11
2023-11-03,776944990.7,776944990.6800001,0.019999980926513672,0.019999980926513672,2.5741823637339362e-11
2023-11-04,780497710.8,780497710.8,0.0,0.0,0.0
2023-11-05,769597968.1,769597968.1299999,-0.029999852180480957,0.029999852180480957,3.8981199826378485e-11
2023-11-06,787101531.1,787101531.0699999,0.03000009059906006,0.03000009059906006,3.811463885368633e-11
2023-11-07,765747019.1,765747019.07,0.029999971389770508,0.029999971389770508,3.9177392326032373e-11
2023-11-08,764839605.1,764839605.05,0.05000007152557373,0.05000007152557373,6.537327721024123e-11
2023-11-09,780850067.8,780850067.7900001,0.009999871253967285,0.009999871253967285,1.2806390965862813e-11
2023-11-10,776178798.9,776178798.8199999,0.08000004291534424,0.08000004291534424,1.030690905609896e-10
2023-11-11,744845944.7,744845944.73,-0.029999971389770508,0.029999971389770508,4.0276746625577095e-11
2023-11-12,725877604.7,725877604.77,-0.06999993324279785,0.06999993324279785,9.64348986517201e-11
2023-11-13,739544733.6,739544733.67,-0.06999993324279785,0.06999993324279785,9.465273709955041e-11
2023-11-14,742922479.9,742922479.9000001,-1.1920928955078125e-07,1.1920928955078125e-07,1.60459930579604e-16
2023-11-15,745802493.3,745802493.34,-0.040000081062316895,0.040000081062316895,5.3633611340350956e-11
2023-11-16,741304501.6,741304501.5899999,0.010000109672546387,0.010000109672546387,1.3489881217451906e-11
2023-11-17,751348152.7,751348152.79,-0.08999991416931152,0.08999991416931152,1.1978456837338747e-10
2023-11-18,742722317.2,742722317.1899999,0.010000109672546387,0.010000109672546387,1.3464129784393647e-11
2023-11-19,727953435.1,727953435.2700001,-0.1700000762939453,0.1700000762939453,2.335315256402247e-10
2023-11-20,743617521.1,743617521.0799999,0.020000100135803223,0.020000100135803223,2.6895681675463982e-11
2023-11-21,746474304.4,746474304.44,-0.040000081062316895,0.040000081062316895,5.358534222349167e-11
2023-11-22,756831863.6,756831863.68,-0.07999992370605469,0.07999992370605469,1.0570369398233497e-10
2023-11-23,759763764.4,759763764.46,-0.060000061988830566,0.060000061988830566,7.897199735001019e-11
2023-11-24,750469200.1,750469200.12,-0.019999980926513672,0.019999980926513672,2.6649969011184834e-11
2023-11-25,739493757.7,739493757.72,-0.019999980926513672,0.019999980926513672,2.7045503384258887e-11
2023-11-26,717304255.1,717304255.17,-0.06999993324279785,0.06999993324279785,9.758750592248906e-11
2023-11-27,741815489.5,741815489.5,0.0,0.0,0.0
2023-11-28,741683266.5,741683266.51,-0.009999990463256836,0.009999990463256836,1.3482831438879222e-11
2023-11-29,740932318.0,740932318.01,-0.009999990463256836,0.009999990463256836,1.3496496535945184e-11
2023-11-30,736456617.2,736456617.18,0.020000100135803223,0.020000100135803223,2.7157200666949513e-11
2023-12-01,722109892.8,722109892.74,0.059999942779541016,0.059999942779541016,8.308976705316925e-11
2023-12-02,728401730.0,728401730.01,-0.009999990463256836,0.009999990463256836,1.3728674783977841e-11
2023-12-03,721521107.3,721521107.3399999,-0.039999961853027344,0.039999961853027344,5.5438380732493015e-11
2023-12-04,745620658.9,745620658.84,0.059999942779541016,0.059999942779541016,8.046979662293397e-11
2023-12-05,747519175.9,747519175.89,0.009999990463256836,0.009999990463256836,1.3377570483348502e-11
2023-12-06,753559801.6,753559801.69,-0.09000003337860107,0.09000003337860107,1.1943316666773891e-10
2023-12-07,757057695.9,757057695.95,-0.05000007152557373,0.05000007152557373,6.604525889685726e-11
2023-12-08,760757345.8,760757345.8299999,-0.029999971389770508,0.029999971389770508,3.9434349934831096e-11
2023-12-09,752433994.0,752433994.04,-0.039999961853027344,0.039999961853027344,5.3160758514357266e-11
2023-12-10,726362974.9,726362974.9000001,-1.1920928955078125e-07,1.1920928955078125e-07,1.641180699872444e-16
2023-12-11,749885581.1,749885581.22,-0.12000000476837158,0.12000000476837158,1.6002441944855736e-10
2023-12-12,744301466.0,744301465.96,0.039999961853027344,0.039999961853027344,5.3741613687789435e-11
2023-12-13,747844639.5,747844639.46,0.039999961853027344,0.039999961853027344,5.348699414329003e-11
2023-12-14,744786291.5,744786291.63,-0.12999999523162842,0.12999999523162842,1.7454670784797658e-10
2023-12-15,743023400.2,743023400.21,-0.009999990463256836,0.009999990463256836,1.3458513501142942e-11
2023-12-16,735736738.2,735736738.1899999,0.010000109672546387,0.010000109672546387,1.3591967280323567e-11
2023-12-17,747516520.6,747516520.6700001,-0.0700000524520874,0.0700000524520874,9.364348549233576e-11
2023-12-18,766326375.3,766326375.3599999,-0.059999942779541016,0.059999942779541016,7.829554705859153e-11
2023-12-19,775193954.9,775193954.98,-0.08000004291534424,0.08000004291534424,1.032000345328599e-10
2023-12-20,773046701.5,773046701.5699999,-0.06999993324279785,0.06999993324279785,9.055071719078779e-11
2023-12-21,796205719.3,796205719.3199999,-0.019999980926513672,0.019999980926513672,2.5119112362188318e-11
2023-12-22,810970304.2,810970304.15,0.05000007152557373,0.05000007152557373,6.165462689154497e-11
2023-12-23,814485814.4,814485814.5,-0.10000002384185791,0.10000002384185791,1.2277687600430958e-10
2023-12-24,784651296.9,784651296.9499999,-0.04999995231628418,0.04999995231628418,6.372251280769428e-11
2023-12-25,802431125.9,802431125.9100001,-0.010000109672546387,0.010000109672546387,1.246226542038776e-11
2023-12-26,812157621.2,812157621.2199999,-0.01999986171722412,0.01999986171722412,2.462559138172392e-11
2023-12-27,793391337.3,793391337.3399999,-0.039999961853027344,0.039999961853027344,5.041643382337866e-11
2023-12-28,779557542.4,779557542.4200001,-0.020000100135803223,0.020000100135803223,2.5655707305748752e-11
2023-12-29,767207516.6,767207516.58,0.019999980926513672,0.019999980926513672,2.606854142298646e-11
2023-12-30,748603373.3,748603373.24,0.059999942779541016,0.059999942779541016,8.014917500979022e-11
2023-12-31,709177783.2,709177783.1499999,0.05000019073486328,0.05000019073486328,7.050445166125908e-11
2024-01-01,672250192.2,672250192.31,-0.1099998950958252,0.1099998950958252,1.6362939925065773e-10
2024-01-02,738497589.5,738497589.52,-0.019999980926513672,0.019999980926513672,2.7081985386106223e-11
2024-01-03,757582977.2,757582977.15,0.05000007152557373,0.05000007152557373,6.599946544518757e-11
2024-01-04,777767898.5,777767898.47,0.029999971389770508,0.029999971389770508,3.857188172413432e-11
2024-01-05,788256267.1,788256267.17,-0.06999993324279785,0.06999993324279785,8.880352261622741e-11
2024-01-06,771206924.0,771206924.01,-0.009999990463256836,0.009999990463256836,1.2966676195527566e-11
2024-01-07,760782853.6,760782853.6400001,-0.040000081062316895,0.040000081062316895,5.257752704735365e-11
2024-01-08,780519569.4,780519569.3199999,0.08000004291534424,0.08000004291534424,1.024958835777068e-10
2024-01-09,782330765.3,782330765.27,0.029999971389770508,0.029999971389770508,3.834691503953118e-11
2024-01-10,760654570.9,760654570.9399999,-0.039999961853027344,0.039999961853027344,5.258623741089169e-11
2024-01-11,782970959.9,782970959.9300001,-0.03000009059906006,0.03000009059906006,3.831571301557804e-11
2024-01-12,785454791.2,785454791.2299999,-0.029999852180480957,0.029999852180480957,3.819424429845015e-11
2024-01-13,771475351.3,771475351.3299999,-0.029999971389770508,0.029999971389770508,3.888649370225253e-11
2024-01-14,762563675.2,762563675.1800001,0.019999980926513672,0.019999980926513672,2.6227292981491954e-11
2024-01-15,752019454.3,752019454.28,0.019999980926513672,0.019999980926513672,2.659503130159072e-11
2024-01-16,762297983.1,762297983.04,0.060000061988830566,0.060000061988830566,7.870945918659163e-11
2024-01-17,767185612.3,767185612.38,-0.08000004291534424,0.08000004291534424,1.0427729826098597e-10
2024-01-18,766583679.9,766583679.96,-0.060000061988830566,0.060000061988830566,7.826942258496491e-11
2024-01-19,756595233.3,756595233.1999999,0.10000002384185791,0.10000002384185791,1.3217109947374807e-10
2024-01-20,749775206.7,749775206.67,0.03000009059906006,0.03000009059906006,4.0012113405429915e-11
2024-01-21,738380435.4,738380435.45,-0.05000007152557373,0.05000007152557373,6.771586722566313e-11
2024-01-22,775785946.5,775785946.52,-0.019999980926513672,0.019999980926513672,2.5780282585350588e-11
2024-01-23,800892909.5,800892909.48,0.019999980926513672,0.019999980926513672,2.4972103872164036e-11
2024-01-24,811385746.2,811385746.22,-0.019999980926513672,0.019999980926513672,2.4649164740914537e-11
2024-01-25,801049917.2,801049917.12,0.08000004291534424,0.08000004291534424,9.986898593657857e-11
2024-01-26,772257210.0,772257210.0,0.0,0.0,0.0
2024-01-27,750159392.2,750159392.1700001,0.029999971389770508,0.029999971389770508,3.999146275005541e-11
2024-01-28,710328836.6,710328836.67,-0.06999993324279785,0.06999993324279785,9.854581376402177e-11
2024-01-29,719785589.4,719785589.3199999,0.08000004291534424,0.08000004291534424,1.1114426864537647e-10
2024-01-30,699584564.5,699584564.39,0.11000001430511475,0.11000001430511475,1.572361940028406e-10
2024-01-31,656040060.0,656040060.12,-0.12000000476837158,0.12000000476837158,1.829156664127669e-10
2024-02-01,631910681.9,631910682.04,-0.13999998569488525,0.13999998569488525,2.2155027554517632e-10
2024-02-02,613217285.2,613217285.25,-0.04999995231628418,0.04999995231628418,8.153708892921497e-11
2024-02-03,579629938.6,579629938.7,-0.10000002384185791,0.10000002384185791,1.7252391083074725e-10
2024-02-04,571138974.7,571138974.5899999,0.1100001335144043,0.1100001335144043,1.925978411334713e-10
2024-02-05,541611510.4,541611510.4200001,-0.020000100135803223,0.020000100135803223,3.6927021955335506e-11
2024-02-06,548456007.6,548456007.61,-0.009999990463256836,0.009999990463256836,1.8232985553419317e-11
2024-02-07,549025689.8,549025689.8499999,-0.04999995231628418,0.04999995231628418,9.107033285545937e-11
2024-02-08,547676486.0,547676486.03,-0.029999971389770508,0.029999971389770508,5.477681104930714e-11
2024-02-09,547985421.9,547985421.92,-0.019999980926513672,0.019999980926513672,3.649728647373288e-11
2024-02-10,494902907.0,494902906.89,0.11000001430511475,0.11000001430511475,2.2226584800625297e-10
2024-02-11,484941030.5,484941030.45000005,0.04999995231628418,0.04999995231628418,1.0310522140131464e-10
2024-02-12,491622277.9,491622277.96000004,-0.060000061988830566,0.060000061988830566,1.2204504288358363e-10
2024-02-13,485411482.7,485411482.64000005,0.059999942779541016,0.059999942779541016,1.2360635237923063e-10
2024-02-14,483746842.9,483746842.98,-0.08000004291534424,0.08000004291534424,1.653758450096631e-10
2024-02-15,494068980.7,494068980.65999997,0.04000002145767212,0.04000002145767212,8.096039828487075e-11
2024-02-16,516681729.3,516681729.21999997,0.08000004291534424,0.08000004291534424,1.5483427878072685e-10
2024-02-17,538978788.6,538978788.6099999,-0.009999871253967285,0.009999871253967285,1.8553366970047187e-11
2024-02-18,557272853.3,557272853.3799999,-0.07999992370605469,0.07999992370605469,1.435561112161117e-10
2024-02-19,583245492.5,583245492.6,-0.10000002384185791,0.10000002384185791,1.7145443064329883e-10
2024-02-20,598576448.7,598576448.72,-0.019999980926513672,0.019999980926513672,3.341257573690047e-11
2024-02-21,610366206.1,610366206.0899999,0.010000109672546387,0.010000109672546387,1.6383786606475403e-11
2024-02-22,626666568.8,626666568.7600001,0.03999984264373779,0.03999984264373779,6.382954610189793e-11
2024-02-23,650627909.4,650627909.49,-0.09000003337860107,0.09000003337860107,1.3832796300053875e-10
2024-02-24,643561032.3,643561032.34,-0.040000081062316895,0.040000081062316895,6.215429315128361e-11
2024-02-25,670305227.0,670305226.9300001,0.06999993324279785,0.06999993324279785,1.0442993791960666e-10
2024-02-26,702090002.3,702090002.3199999,-0.019999980926513672,0.019999980926513672,2.848634913044634e-11
2024-02-27,723816131.4,723816131.44,-0.040000081062316895,0.040000081062316895,5.526276540003194e-11
2024-02-28,723790886.2,723790886.2,0.0,0.0,0.0
2024-02-29,728356185.8,728356185.75,0.04999995231628418,0.04999995231628418,6.864766619832582e-11
2024-03-01,740451996.0,740451995.95,0.04999995231628418,0.04999995231628418,6.752625772688737e-11
2024-03-02,755281179.3,755281179.33,-0.03000009059906006,0.03000009059906006,3.9720426539509904e-11
2024-03-03,740114566.6,740114566.5699999,0.03000009059906006,0.03000009059906006,4.05343874487932e-11
2024-03-04,743380237.7,743380237.71,-0.009999990463256836,0.009999990463256836,1.3452053143350376e-11
2024-03-05,750072422.5,750072422.4399999,0.060000061988830566,0.060000061988830566,7.999235832301322e-11
2024-03-06,750864370.5,750864370.54,-0.039999961853027344,0.039999961853027344,5.3271886940635365e-11
2024-03-07,754832642.7,754832642.7,0.0,0.0,0.0
2024-03-08,755769534.3,755769534.31,-0.009999990463256836,0.009999990463256836,1.3231534230231853e-11
2024-03-09,765758126.3,765758126.37,-0.0700000524520874,0.0700000524520874,9.141274515794506e-11
2024-03-10,757736883.1,757736883.0699999,0.03000009059906006,0.03000009059906006,3.9591699002859396e-11
2024-03-11,776284538.7,776284538.6800001,0.019999980926513672,0.019999980926513672,2.5763724419922766e-11
2024-03-12,763702776.3,763702776.4000001,-0.10000014305114746,0.10000014305114746,1.3094118046241738e-10
2024-03-13,769460420.0,769460419.97,0.029999971389770508,0.029999971389770508,3.898832299882365e-11
2024-03-14,775469490.1,775469490.1300001,-0.03000009059906006,0.03000009059906006,3.868635837006485e-11
2024-03-15,773715278.9,773715278.96,-0.060000061988830566,0.060000061988830566,7.754798648171114e-11
2024-03-16,762818531.0,762818530.97,0.029999971389770508,0.029999971389770508,3.9327795760864265e-11
2024-03-17,746163298.1,746163298.21,-0.11000001430511475,0.11000001430511475,1.4742083212242457e-10
2024-03-18,760594382.8,760594382.76,0.039999961853027344,0.039999961853027344,5.259039871655932e-11
2024-03-19,768671232.2,768671232.2700001,-0.0700000524520874,0.0700000524520874,9.106630965197113e-11
2024-03-20,763850484.5,763850484.48,0.019999980926513672,0.019999980926513672,2.618310956443947e-11
2024-03-21,769404497.2,769404497.13,0.0700000524520874,0.0700000524520874,9.097952079410772e-11
2024-03-22,773529404.2,773529404.2,0.0,0.0,0.0
2024-03-23,762562562.4,762562562.41,-0.009999990463256836,0.009999990463256836,1.3113665627360513e-11
2024-03-24,747336473.1,747336473.12,-0.019999980926513672,0.019999980926513672,2.6761681848006772e-11
2024-03-25,773754815.1,773754815.13,-0.029999971389770508,0.029999971389770508,3.877193499066408e-11
2024-03-26,773722918.0,773722917.96,0.039999961853027344,0.039999961853027344,5.1698044509814225e-11
2024-03-27,766274746.3,766274746.3100001,-0.010000109672546387,0.010000109672546387,1.3050292627849827e-11
2024-03-28,771628833.9,771628833.88,0.019999980926513672,0.019999980926513672,2.5919172596789702e-11
2024-03-29,775688007.9,775688007.8399999,0.060000061988830566,0.060000061988830566,7.735076651664008e-11
2024-03-30,775405804.2,775405804.22,-0.019999980926513672,0.019999980926513672,2.579292135573838e-11
2024-03-31,753416778.1,753416778.01,0.09000003337860107,0.09000003337860107,1.194558390451128e-10
2024-04-01,751117244.7,751117244.79,-0.08999991416931152,0.08999991416931152,1.198213924715015e-10
2024-04-02,772570307.4,772570307.4100001,-0.010000109672546387,0.010000109672546387,1.2943947724577522e-11
2024-04-03,789539088.7,789539088.68,0.020000100135803223,0.020000100135803223,2.5331361577973284e-11
2024-04-04,690730895.8,690730895.8199999,-0.019999980926513672,0.019999980926513672,2.8954808664450758e-11
2024-04-05,709680099.5,709680099.44,0.059999942779541016,0.059999942779541016,8.454505462646274e-11
2024-04-06,742975997.3,742975997.28,0.019999980926513672,0.019999980926513672,2.6918744345973873e-11
2024-04-07,760804402.9,760804402.98,-0.08000004291534424,0.08000004291534424,1.051519189563095e-10
2024-04-08,760875661.8,760875661.84,-0.040000081062316895,0.040000081062316895,5.257111387646293e-11
2024-04-09,771620184.9,771620184.96,-0.060000061988830566,0.060000061988830566,7.775854385743735e-11
2024-04-10,769478417.5,769478417.47,0.029999971389770508,0.029999971389770508,3.8987411092359204e-11
2024-04-11,782853581.3,782853581.2700001,0.029999852180480957,0.029999852180480957,3.832115340222812e-11
2024-04-12,786910697.1,786910697.1,0.0,0.0,0.0
2024-04-13,777126505.4,777126505.44,-0.040000081062316895,0.040000081062316895,5.1471775553104044e-11
2024-04-14,770921925.4,770921925.39,0.009999990463256836,0.009999990463256836,1.2971469786733913e-11
2024-04-15,814530677.1,814530677.07,0.029999971389770508,0.029999971389770508,3.683099020478931e-11
2024-04-16,819704245.0,819704244.9200001,0.07999992370605469,0.07999992370605469,9.759608321420208e-11
2024-04-17,813675849.4,813675849.49,-0.09000003337860107,0.09000003337860107,1.1060919830048611e-10
2024-04-18,802374531.8,802374531.77,0.029999971389770508,0.029999971389770508,3.7388987562292555e-11
2024-04-19,788057076.1,788057076.19,-0.09000003337860107,0.09000003337860107,1.1420496827970945e-10
2024-04-20,785347947.1,785347947.03,0.0700000524520874,0.0700000524520874,8.913253381583507e-11
2024-04-21,780155580.9,780155580.8399999,0.060000061988830566,0.060000061988830566,7.690781615586667e-11
2024-04-22,800057072.6,800057072.5500001,0.04999995231628418,0.04999995231628418,6.249548192080338e-11
2024-04-23,805852238.2,805852238.27,-0.06999993324279785,0.06999993324279785,8.68644770400513e-11
2024-04-24,787487455.0,787487455.11,-0.11000001430511475,0.11000001430511475,1.396847830485309e-10
2024-04-25,779583488.9,779583488.99,-0.09000003337860107,0.09000003337860107,1.1544630518739181e-10
2024-04-26,779079834.5,779079834.41,0.09000003337860107,0.09000003337860107,1.1552093815438252e-10
2024-04-27,788667371.1,788667371.17,-0.06999993324279785,0.06999993324279785,8.875723252651481e-11
2024-04-28,793555015.7,793555015.65,0.05000007152557373,0.05000007152557373,6.300769390445897e-11
2024-04-29,810888734.0,810888733.99,0.009999990463256836,0.009999990463256836,1.233213638809395e-11
2024-04-30,781953668.5,781953668.47,0.029999971389770508,0.029999971389770508,3.83654078218197e-11
2024-05-01,651008808.0,651008808.04,-0.039999961853027344,0.039999961853027344,6.144304249264066e-11
2024-05-02,672801748.1,672801748.04,0.060000061988830566,0.060000061988830566,8.917940858250063e-11
2024-05-03,730116476.8,730116476.9100001,-0.1100001335144043,0.1100001335144043,1.506610753348832e-10
2024-05-04,762392080.5,762392080.41,0.09000003337860107,0.09000003337860107,1.1804953865677133e-10
2024-05-05,779980261.6,779980261.65,-0.04999995231628418,0.04999995231628418,6.41041251655748e-11
2024-05-06,821206060.7,821206060.68,0.020000100135803223,0.020000100135803223,2.4354545214577496e-11
2024-05-07,806918228.5,806918228.49,0.009999990463256836,0.009999990463256836,1.2392817648754896e-11
2024-05-08,812008129.5,812008129.52,-0.019999980926513672,0.019999980926513672,2.4630271791526037e-11
2024-05-09,800883257.5,800883257.55,-0.04999995231628418,0.04999995231628418,6.243101207080007e-11
2024-05-10,802001812.1,802001812.09,0.009999990463256836,0.009999990463256836,1.2468787866042822e-11
2024-05-11,816975418.6,816975418.62,-0.019999980926513672,0.019999980926513672,2.4480517370750758e-11
2024-05-12,812535663.3,812535663.31,-0.009999990463256836,0.009999990463256836,1.230714036925256e-11
2024-05-13,789760597.6,789760597.58,0.019999980926513672,0.019999980926513672,2.5324105795213795e-11
2024-05-14,784909748.3,784909748.34,-0.040000081062316895,0.040000081062316895,5.0961376322502344e-11
2024-05-15,792671325.7,792671325.63,0.0700000524520874,0.0700000524520874,8.830905090488932e-11
2024-05-16,786678915.8,786678915.72,0.07999992370605469,0.07999992370605469,1.016932348119437e-10
2024-05-17,796762480.7,796762480.74,-0.039999961853027344,0.039999961853027344,5.0203119275753494e-11
2024-05-18,808374608.7,808374608.76,-0.059999942779541016,0.059999942779541016,7.422294334062625e-11
2024-05-19,787968841.0,787968840.97,0.029999971389770508,0.029999971389770508,3.807253514199619e-11
2024-05-20,797025287.1,797025287.1,0.0,0.0,0.0
2024-05-21,790212104.6,790212104.6700001,-0.0700000524520874,0.0700000524520874,8.858387772675408e-11
2024-05-22,789211033.4,789211033.41,-0.009999990463256836,0.009999990463256836,1.2670870071564862e-11
2024-05-23,789390698.8,789390698.7900001,0.009999871253967285,0.009999871253967285,1.2667835165994086e-11
2024-05-24,807693209.8,807693209.8299999,-0.029999971389770508,0.029999971389770508,3.714278023607387e-11
2024-05-25,810683429.0,810683429.02,-0.019999980926513672,0.019999980926513672,2.4670518985671373e-11
2024-05-26,804405034.3,804405034.3599999,-0.059999942779541016,0.059999942779541016,7.458921839263906e-11
2024-05-27,824867265.3,824867265.3199999,-0.019999980926513672,0.019999980926513672,2.4246302123820832e-11
2024-05-28,807148658.1,807148658.13,-0.029999971389770508,0.029999971389770508,3.7167839020372533e-11
2024-05-29,786561982.3,786561982.25,0.04999995231628418,0.04999995231628418,6.356772058837426e-11
2024-05-30,790284829.1,790284829.0600001,0.039999961853027344,0.039999961853027344,5.061461435186665e-11
2024-05-31,823368937.1,823368937.15,-0.04999995231628418,0.04999995231628418,6.072606101997211e-11
2024-06-01,767981588.0,767981587.9599999,0.040000081062316895,0.040000081062316895,5.208468755935448e-11
2024-06-02,757392404.2,757392404.2099999,-0.009999871253967285,0.009999871253967285,1.3203025536715945e-11
2024-06-03,762866189.5,762866189.55,-0.04999995231628418,0.04999995231628418,6.554223139585632e-11
2024-06-04,774724376.3,774724376.1999999,0.10000002384185791,0.10000002384185791,1.2907819464703982e-10
2024-06-05,773216319.5,773216319.5600001,-0.060000061988830566,0.060000061988830566,7.759802848914206e-11
2024-06-06,776807859.8,776807859.8800001,-0.08000016212463379,0.08000016212463379,1.0298577842045902e-10
2024-06-07,799102302.0,799102301.9200001,0.07999992370605469,0.07999992370605469,1.0011224283277648e-10
2024-06-08,797242489.7,797242489.77,-0.06999993324279785,0.06999993324279785,8.780256214033276e-11
2024-06-09,781677253.6,781677253.5500001,0.04999995231628418,0.04999995231628418,6.39649575141279e-11
2024-06-10,729063265.3,729063265.3,0.0,0.0,0.0
2024-06-11,851960120.6,851960120.67,-0.06999993324279785,0.06999993324279785,8.216339186568945e-11
2024-06-12,897636905.9,897636905.87,0.029999971389770508,0.029999971389770508,3.3421053872213016e-11
2024-06-13,894917702.2,894917702.2,0.0,0.0,0.0
2024-06-14,889012732.2,889012732.21,-0.009999990463256836,0.009999990463256836,1.124842209909672e-11
2024-06-15,878165316.3,878165316.24,0.059999942779541016,0.059999942779541016,6.832420008608466e-11
2024-06-16,835806056.3,835806056.2,0.09999990463256836,0.09999990463256836,1.196448672258423e-10
2024-06-17,884846888.5,884846888.51,-0.009999990463256836,0.009999990463256836,1.1301379473921082e-11
2024-06-18,880481901.6,880481901.53,0.0700000524520874,0.0700000524520874,7.950197763847756e-11
2024-06-19,893294589.4,893294589.4100001,-0.010000109672546387,0.010000109672546387,1.1194638130813228e-11
2024-06-20,936870986.1,936870986.06,0.040000081062316895,0.040000081062316895,4.269539953289508e-11
2024-06-21,967726335.7,967726335.5799999,0.12000012397766113,0.12000012397766113,1.240021269968432e-10
2024-06-22,986645521.2,986645521.2299999,-0.029999852180480957,0.029999852180480957,3.040590722389726e-11
2024-06-23,982000131.5,982000131.51,-0.009999990463256836,0.009999990463256836,1.0183288313802874e-11
2024-06-24,1006971167.0,1006971167.4100001,-0.4100000858306885,0.4100000858306885,4.0716169366812514e-10
2024-06-25,1004447217.0,1004447216.59,0.4099999666213989,0.4099999666213989,4.081846807699393e-10
2024-06-26,984260707.4,984260707.3399999,0.060000061988830566,0.060000061988830566,6.095952173822454e-11
2024-06-27,991027823.9,991027823.9200001,-0.020000100135803223,0.020000100135803223,2.0181169139224227e-11
2024-06-28,991968669.1,991968669.1200001,-0.020000100135803223,0.020000100135803223,2.016202805472581e-11
2024-06-29,959721373.6,959721373.6299999,-0.029999852180480957,0.029999852180480957,3.125891847958835e-11
2024-06-30,919370050.2,919370050.21,-0.009999990463256836,0.009999990463256836,1.0877002640102791e-11
2024-07-01,943385208.7,943385208.8199999,-0.11999988555908203,0.11999988555908203,1.272013642491213e-10
2024-07-02,974860857.7,974860857.7199999,-0.01999986171722412,0.01999986171722412,2.0515606467583504e-11
2024-07-03,998150885.7,998150885.74,-0.039999961853027344,0.039999961853027344,4.007406337667626e-11
2024-07-04,1024749263.0,1024749263.04,-0.039999961853027344,0.039999961853027344,3.903390155746552e-11
2024-07-05,1040031093.0,1040031093.02,-0.019999980926513672,0.019999980926513672,1.9230175964088867e-11
2024-07-06,1026060702.0,1026060701.5899999,0.4100000858306885,0.4100000858306885,3.99586579070337e-10
2024-07-07,999052422.1,999052422.15,-0.04999995231628418,0.04999995231628418,5.004737610383316e-11
2024-07-08,1020649377.0,1020649376.66,0.3400000333786011,0.3400000333786011,3.3312128635003426e-10
2024-07-09,1017843119.0,1017843119.28,-0.2799999713897705,0.2799999713897705,2.750914813521184e-10
2024-07-10,1025985616.0,1025985615.8100001,0.18999993801116943,0.18999993801116943,1.8518772100521285e-10
2024-07-11,1024296538.0,1024296538.08,-0.08000004291534424,0.08000004291534424,7.810242439318314e-11
2024-07-12,1028281151.0,1028281150.98,0.019999980926513672,0.019999980926513672,1.9449914945016504e-11
2024-07-13,1024371058.0,1024371058.26,-0.25999999046325684,0.25999999046325684,2.538142682114481e-10
2024-07-14,1006908460.0,1006908459.78,0.2200000286102295,0.2200000286102295,2.1849059507378604e-10
2024-07-15,1039797279.0,1039797278.6499999,0.35000014305114746,0.35000014305114746,3.366042113398793e-10
2024-07-16,1041694393.0,1041694392.69,0.309999942779541,0.309999942779541,2.975920239781314e-10
2024-07-17,1052203495.0,1052203494.72,0.2799999713897705,0.2799999713897705,2.66108193633942e-10
2024-07-18,1055964933.0,1055964933.0999999,-0.09999990463256836,0.09999990463256836,9.470002412719169e-11
2024-07-19,1071789486.0,1071789485.9299998,0.07000017166137695,0.07000017166137695,6.531149313903324e-11
2024-07-20,1056028002.0,1056028002.4499999,-0.44999992847442627,0.44999992847442627,4.261249963279158e-10
2024-07-21,1034461122.0,1034461121.75,0.25,0.25,2.4167172132738693e-10
2024-07-22,1060597037.0,1060597037.26,-0.25999999046325684,0.25999999046325684,2.4514493383716367e-10
2024-07-23,1063239593.0,1063239592.63,0.3700000047683716,0.3700000047683716,3.4799306497267694e-10
2024-07-24,1022270005.0,1022270005.49,-0.49000000953674316,0.49000000953674316,4.793254298180677e-10
2024-07-25,896750955.1,896750955.0600001,0.039999961853027344,0.039999961853027344,4.460542988612351e-11
2024-07-26,838739272.8,838739272.7199999,0.08000004291534424,0.08000004291534424,9.538130085202353e-11
2024-07-27,864170503.3,864170503.28,0.019999980926513672,0.019999980926513672,2.3143558881192924e-11
2024-07-28,874290794.0,874290794.03,-0.029999971389770508,0.029999971389770508,3.43134934001953e-11
2024-07-29,924584045.3,924584045.21,0.08999991416931152,0.08999991416931152,9.734097687150683e-11
2024-07-30,949568880.2,949568880.0799999,0.12000012397766113,0.12000012397766113,1.2637326946981084e-10
2024-07-31,959109305.5,959109305.5899999,-0.08999991416931152,0.08999991416931152,9.383697317209641e-11
2024-08-01,981147037.4,981147037.42,-0.019999980926513672,0.019999980926513672,2.0384285090961304e-11
2024-08-02,1026696549.0,1026696549.18,-0.1799999475479126,0.1799999475479126,1.7531952135539184e-10
2024-08-03,1053826285.0,1053826284.49,0.5099999904632568,0.5099999904632568,4.839507210272866e-10
2024-08-04,1030613015.0,1030613014.93,0.0700000524520874,0.0700000524520874,6.792079222101363e-11
2024-08-05,1027475843.0,1027475842.44,0.559999942779541,0.559999942779541,5.450249235490212e-10
2024-08-06,1047261043.0,1047261042.8800001,0.11999988555908203,0.11999988555908203,1.1458450246113283e-10
2024-08-07,1038648733.0,1038648733.4,-0.3999999761581421,0.3999999761581421,3.8511574072092193e-10
2024-08-08,1025579732.0,1025579732.06,-0.059999942779541016,0.059999942779541016,5.850344045170835e-11
2024-08-09,1002862733.0,1002862733.48,-0.48000001907348633,0.48000001907348633,4.78629829665319e-10
2024-08-10,990497356.2,990497356.17,0.03000009059906006,0.03000009059906006,3.0287905779127066e-11
2024-08-11,967300327.7,967300327.69,0.009999990463256836,0.009999990463256836,1.0338041016727792e-11
2024-08-12,1006674959.0,1006674959.1999999,-0.19999992847442627,0.19999992847442627,1.9867378907795627e-10
2024-08-13,992014283.7,992014283.73,-0.029999971389770508,0.029999971389770508,3.024147119926244e-11
2024-08-14,951969003.6,951969003.55,0.05000007152557373,0.05000007152557373,5.252279363770424e-11
2024-08-15,936599835.0,936599835.04,-0.039999961853027344,0.039999961853027344,4.270763282061367e-11
2024-08-16,909150608.5,909150608.55,-0.04999995231628418,0.04999995231628418,5.4996335974276785e-11
2024-08-17,898430647.7,898430647.84,-0.13999998569488525,0.13999998569488525,1.5582725951445216e-10
2024-08-18,861405062.8,861405062.78,0.019999980926513672,0.019999980926513672,2.321785857805812e-11
2024-08-19,898182937.8,898182937.75,0.04999995231628418,0.04999995231628418,5.566789371300411e-11
2024-08-20,881773412.6,881773412.5,0.10000002384185791,0.10000002384185791,1.1340784652034077e-10
2024-08-21,889963421.3,889963421.29,0.009999990463256836,0.009999990463256836,1.1236406153243363e-11
2024-08-22,907874590.1,907874590.1199999,-0.01999986171722412,0.01999986171722412,2.2029322039976014e-11
2024-08-23,943805835.9,943805835.87,0.029999971389770508,0.029999971389770508,3.1786168562057e-11
2024-08-24,940670761.0,940670761.09,-0.09000003337860107,0.09000003337860107,9.567644399080144e-11
2024-08-25,927102735.9,927102735.93,-0.029999971389770508,0.029999971389770508,3.2358842475691274e-11
2024-08-26,977772153.3,977772153.33,-0.03000009059906006,0.03000009059906006,3.068208733272795e-11
2024-08-27,1010255753.0,1010255753.22,-0.2200000286102295,0.2200000286102295,2.1776666745715577e-10
2024-08-28,1008181773.0,1008181772.68,0.3200000524520874,0.3200000524520874,3.1740313207595295e-10
2024-08-29,977765906.4,977765906.46,-0.060000061988830566,0.060000061988830566,6.136444479818545e-11
2024-08-30,999898298.1,999898298.0500001,0.04999995231628418,0.04999995231628418,5.0005037923650585e-11
2024-08-31,994228359.3,994228359.3500001,-0.05000019073486328,0.05000019073486328,5.0290449137929035e-11
2024-09-01,946826996.7,946826996.5500001,0.1499999761581421,0.1499999761581421,1.5842384794787302e-10
2024-09-02,989369769.3,989369769.23,0.06999993324279785,0.06999993324279785,7.075204379079045e-11
2024-09-03,1006507145.0,1006507144.6300001,0.36999988555908203,0.36999988555908203,3.676078082476822e-10
2024-09-04,983069811.3,983069811.2900001,0.009999871253967285,0.009999871253967285,1.017208659957076e-11
2024-09-05,975300676.0,975300676.06,-0.059999942779541016,0.059999942779541016,6.151943114160316e-11
2024-09-06,987984331.8,987984331.8299999,-0.029999971389770508,0.029999971389770508,3.036482505255303e-11
2024-09-07,965162056.2,965162056.31,-0.1099998950958252,0.1099998950958252,1.139703891063773e-10
2024-09-08,944041318.7,944041318.58,0.12000000476837158,0.12000000476837158,1.2711308540352725e-10
2024-09-09,964015787.6,964015787.52,0.08000004291534424,0.08000004291534424,8.298623730479684e-11
2024-09-10,980927337.2,980927337.22,-0.019999980926513672,0.019999980926513672,2.0388850598865408e-11
2024-09-11,994743892.7,994743892.79,-0.08999991416931152,0.08999991416931152,9.047546291038567e-11
2024-09-12,1011221025.0,1011221025.4,-0.3999999761581421,0.3999999761581421,3.9556137211263193e-10
2024-09-13,1015133762.0,1015133762.5,-0.5,0.5,4.925459271642273e-10
2024-09-14,945138512.3,945138512.28,0.019999980926513672,0.019999980926513672,2.1160899345688077e-11
2024-09-15,902184766.3,902184766.22,0.07999992370605469,0.07999992370605469,8.867354747536563e-11
2024-09-16,893547747.9,893547747.89,0.009999990463256836,0.009999990463256836,1.1191333072864472e-11
2024-09-17,848124215.4,848124215.43,-0.029999971389770508,0.029999971389770508,3.537214342550242e-11
2024-09-18,948771455.8,948771455.8299999,-0.029999971389770508,0.029999971389770508,3.161980812805404e-11
2024-09-19,968279159.9,968279159.89,0.009999990463256836,0.009999990463256836,1.0327590303905328e-11
2024-09-20,985832679.4,985832679.4200001,-0.020000100135803223,0.020000100135803223,2.028751993489984e-11
2024-09-21,978358238.4,978358238.4799999,-0.07999992370605469,0.07999992370605469,8.17695610524893e-11
2024-09-22,879430546.7,879430546.71,-0.009999990463256836,0.009999990463256836,1.1370983758502683e-11
2024-09-23,816660395.2,816660395.1299999,0.07000017166137695,0.07000017166137695,8.571515414829676e-11
2024-09-24,827437577.9,827437577.96,-0.060000061988830566,0.060000061988830566,7.251309777482922e-11
2024-09-25,861834126.1,861834126.12,-0.019999980926513672,0.019999980926513672,2.3206299589247227e-11
2024-09-26,887149431.7,887149431.7,0.0,0.0,0.0
2024-09-27,879781589.4,879781589.35,0.04999995231628418,0.04999995231628418,5.68322330436393e-11
2024-09-28,878184042.5,878184042.55,-0.04999995231628418,0.04999995231628418,5.6935619296776484e-11
2024-09-29,882020043.9,882020043.8299999,0.0700000524520874,0.0700000524520874,7.936333526228088e-11
2024-09-30,891487875.7,891487875.64,0.060000061988830566,0.060000061988830566,6.730328434553107e-11
2024-10-01,753794640.5,753794640.52,-0.019999980926513672,0.019999980926513672,2.6532400009168906e-11
2024-10-02,683620186.0,683620186.04,-0.039999961853027344,0.039999961853027344,5.851196713057174e-11
2024-10-03,690191107.7,690191107.6800001,0.019999980926513672,0.019999980926513672,2.8977453785462136e-11
2024-10-04,729407398.1,729407398.1,0.0,0.0,0.0
2024-10-05,773234361.6,773234361.67,-0.06999993324279785,0.06999993324279785,9.052874098604705e-11
2024-10-06,813081523.6,813081523.6099999,-0.009999871253967285,0.009999871253967285,1.2298731386358223e-11
2024-10-07,844382145.7,844382145.76,-0.059999942779541016,0.059999942779541016,7.105780609536758e-11
2024-10-08,808747689.0,808747689.01,-0.009999990463256836,0.009999990463256836,1.2364783973134588e-11
2024-10-09,800108799.7,800108799.56,0.1400001049041748,0.1400001049041748,1.7497633441435428e-10
2024-10-10,780543465.6,780543465.63,-0.029999971389770508,0.029999971389770508,3.843472235938799e-11
2024-10-11,781455078.7,781455078.75,-0.04999995231628418,0.04999995231628418,6.398314334262472e-11
2024-10-12,784867152.9,784867152.9899999,-0.08999991416931152,0.08999991416931152,1.1466897784774339e-10
2024-10-13,795382963.0,795382963.0,0.0,0.0,0.0
2024-10-14,834978995.3,834978995.37,-0.0700000524520874,0.0700000524520874,8.383450703084699e-11
2024-10-15,852440857.5,852440857.47,0.029999971389770508,0.029999971389770508,3.519302380431772e-11
2024-10-16,831226795.9,831226795.97,-0.0700000524520874,0.0700000524520874,8.421294019557653e-11
2024-10-17,858882407.9,858882407.8299999,0.0700000524520874,0.0700000524520874,8.150132289150058e-11
2024-10-18,876915274.3,876915274.25,0.04999995231628418,0.04999995231628418,5.7017996814112723e-11
2024-10-19,875312178.4,875312178.3499999,0.05000007152557373,0.05000007152557373,5.7122558967441566e-11
2024-10-20,822689800.0,822689800.0600001,-0.060000061988830566,0.060000061988830566,7.293157395269829e-11
2024-10-21,819842880.4,819842880.55,-0.1499999761581421,0.1499999761581421,1.8296185738047435e-10
2024-10-22,840212884.4,840212884.38,0.019999980926513672,0.019999980926513672,2.3803468499290812e-11
2024-10-23,823314313.0,823314313.1,-0.10000002384185791,0.10000002384185791,1.2146032476646366e-10
2024-10-24,794911329.4,794911329.39,0.009999990463256836,0.009999990463256836,1.2580007471782848e-11
2024-10-25,797177228.8,797177228.85,-0.05000007152557373,0.05000007152557373,6.272139960751188e-11
2024-10-26,817386141.4,817386141.39,0.009999990463256836,0.009999990463256836,1.223410816108172e-11
2024-10-27,806143669.6,806143669.6299999,-0.029999852180480957,0.029999852180480957,3.7214026868643116e-11
2024-10-28,804054331.5,804054331.5799999,-0.07999992370605469,0.07999992370605469,9.949566910088175e-11
2024-10-29,788899224.3,788899224.29,0.009999990463256836,0.009999990463256836,1.267587817966224e-11
2024-10-30,782708870.4,782708870.37,0.029999971389770508,0.029999971389770508,3.832839070092454e-11
2024-10-31,784154743.9,784154743.96,-0.060000061988830566,0.060000061988830566,7.651558886249896e-11
2024-11-01,769887077.7,769887077.66,0.040000081062316895,0.040000081062316895,5.195577665989041e-11
2024-11-02,774424681.3,774424681.27,0.029999971389770508,0.029999971389770508,3.8738397825093325e-11
2024-11-03,766479436.7,766479436.78,-0.07999992370605469,0.07999992370605469,1.043732158692819e-10
2024-11-04,793808121.1,793808121.1400001,-0.040000081062316895,0.040000081062316895,5.039011317607556e-11
2024-11-05,795439740.3,795439740.28,0.019999980926513672,0.019999980926513672,2.5143301136765786e-11
2024-11-06,782503484.8,782503484.7299999,0.0700000524520874,0.0700000524520874,8.945653765360382e-11
2024-11-07,779718569.4,779718569.55,-0.1499999761581421,0.1499999761581421,1.9237707301695834e-10
2024-11-08,784256036.0,784256035.98,0.019999980926513672,0.019999980926513672,2.550185144703645e-11
2024-11-09,784939286.1,784939286.12,-0.019999980926513672,0.019999980926513672,2.547965337024258e-11
2024-11-10,768753820.4,768753820.46,-0.060000061988830566,0.060000061988830566,7.804847325195884e-11
2024-11-11,792097432.7,792097432.6899999,0.010000109672546387,0.010000109672546387,1.2624847979192783e-11
2024-11-12,797317947.1,797317947.0500001,0.04999995231628418,0.04999995231628418,6.271018042193043e-11
2024-11-13,792818357.0,792818356.96,0.039999961853027344,0.039999961853027344,5.045287044612079e-11
2024-11-14,811003769.3,811003769.26,0.039999961853027344,0.039999961853027344,4.9321548637871844e-11
2024-11-15,830697858.5,830697858.5300001,-0.03000009059906006,0.03000009059906006,3.611432278546082e-11
2024-11-16,807528431.6,807528431.65,-0.04999995231628418,0.04999995231628418,6.191726552242446e-11
2024-11-17,786205495.7,786205495.73,-0.029999971389770508,0.029999971389770508,3.815792633586205e-11
2024-11-18,787223588.4,787223588.48,-0.08000004291534424,0.08000004291534424,1.0162302564883895e-10
2024-11-19,783126079.3,783126079.3,0.0,0.0,0.0
2024-11-20,780966975.6,780966975.63,-0.029999971389770508,0.029999971389770508,3.8413879622402956e-11
2024-11-21,788303587.5,788303587.57,-0.0700000524520874,0.0700000524520874,8.879834312829053e-11
2024-11-22,795228437.1,795228437.24,-0.13999998569488525,0.13999998569488525,1.7605002432436938e-10
2024-11-23,787392392.3,787392392.26,0.039999961853027344,0.039999961853027344,5.080054397806168e-11
2024-11-24,769332208.6,769332208.61,-0.009999990463256836,0.009999990463256836,1.2998273504568876e-11
2024-11-25,783461269.3,783461269.2900001,0.009999871253967285,0.009999871253967285,1.2763708489255483e-11
2024-11-26,784659614.4,784659614.48,-0.08000004291534424,0.08000004291534424,1.0195509166929318e-10
2024-11-27,795265256.2,795265256.2199999,-0.01999986171722412,0.01999986171722412,2.514866777003318e-11
2024-11-28,802890066.7,802890066.79,-0.08999991416931152,0.08999991416931152,1.1209494039355203e-10
2024-11-29,803259194.2,803259194.27,-0.06999993324279785,0.06999993324279785,8.714488890788702e-11
2024-11-30,780904638.5,780904638.53,-0.029999971389770508,0.029999971389770508,3.841694607858384e-11
2024-12-01,755460389.4,755460389.4,0.0,0.0,0.0
2024-12-02,780845260.0,780845260.14,-0.13999998569488525,0.13999998569488525,1.7929286744326943e-10
2024-12-03,793982084.3,793982084.1899999,0.11000001430511475,0.11000001430511475,1.3854218688334041e-10
2024-12-04,791277070.7,791277070.75,-0.04999995231628418,0.04999995231628418,6.318893111871917e-11
2024-12-05,793195382.1,793195382.1700001,-0.0700000524520874,0.0700000524520874,8.825070598212627e-11
2024-12-06,803430680.4,803430680.35,0.04999995231628418,0.04999995231628418,6.223306320763224e-11
2024-12-07,794005838.6,794005838.68,-0.07999992370605469,0.07999992370605469,1.0075483052758333e-10
2024-12-08,789742728.7,789742728.77,-0.06999993324279785,0.06999993324279785,8.863637574482659e-11
2024-12-09,808353061.6,808353061.63,-0.029999971389770508,0.029999971389770508,3.711246089721064e-11
2024-12-10,810253241.7,810253241.6899999,0.010000109672546387,0.010000109672546387,1.234195577121674e-11
2024-12-11,805848064.8,805848064.8599999,-0.059999942779541016,0.059999942779541016,7.445565163010244e-11
2024-12-12,815262963.6,815262963.5300001,0.06999993324279785,0.06999993324279785,8.586178493095703e-11
2024-12-13,819497835.4,819497835.3199999,0.08000004291534424,0.08000004291534424,9.762081052513814e-11
2024-12-14,817206280.0,817206279.96,0.039999961853027344,0.039999961853027344,4.8947203211687685e-11
2024-12-15,806689081.9,806689081.8399999,0.060000061988830566,0.060000061988830566,7.437817535290304e-11
2024-12-16,817855846.2,817855846.28,-0.07999992370605469,0.07999992370605469,9.781665568297637e-11
2024-12-17,831339987.4,831339987.4099998,-0.009999871253967285,0.009999871253967285,1.2028618141227265e-11
2024-12-18,838307796.2,838307796.15,0.05000007152557373,0.05000007152557373,5.964404930053271e-11
2024-12-19,854989259.9,854989259.97,-0.0700000524520874,0.0700000524520874,8.187243481897615e-11
2024-12-20,851902391.5,851902391.6,-0.10000002384185791,0.10000002384185791,1.173843680210609e-10
2024-12-21,828965353.8,828965353.79,0.009999990463256836,0.009999990463256836,1.2063218827441466e-11
2024-12-22,828432470.7,828432470.66,0.040000081062316895,0.040000081062316895,4.828405751469163e-11
2024-12-23,838262990.5,838262990.5500001,-0.05000007152557373,0.05000007152557373,5.964723731361457e-11
2024-12-24,843748672.0,843748671.9100001,0.08999991416931152,0.08999991416931152,1.0666673282694248e-10
2024-12-25,829374939.1,829374939.13,-0.029999971389770508,0.029999971389770508,3.617178428651957e-11
2024-12-26,822375088.4,822375088.42,-0.019999980926513672,0.019999980926513672,2.4319779634163434e-11
2024-12-27,825109289.7,825109289.64,0.060000061988830566,0.060000061988830566,7.271771477769433e-11
2024-12-28,817379703.7,817379703.6500001,0.04999995231628418,0.04999995231628418,6.117102258589416e-11
2024-12-29,817698977.2,817698977.25,-0.04999995231628418,0.04999995231628418,6.114713814061033e-11
2024-12-30,815259576.8,815259576.8,0.0,0.0,0.0
2024-12-31,793335665.3,793335665.28,0.019999980926513672,0.019999980926513672,2.520998588781544e-11
2025-01-01,725571021.7,725571021.75,-0.04999995231628418,0.04999995231628418,6.891117591650115e-11
2025-01-02,799960797.3,799960797.35,-0.05000007152557373,0.05000007152557373,6.250315227237666e-11
2025-01-03,816181025.1,816181025.1600001,-0.060000061988830566,0.060000061988830566,7.351317923799962e-11
2025-01-04,812995382.1,812995382.1199999,-0.01999986171722412,0.01999986171722412,2.460021564398517e-11
2025-01-05,803789657.4,803789657.28,0.12000000476837158,0.12000000476837158,1.49292795277477e-10
2025-01-06,813294013.4,813294013.52,-0.12000000476837158,0.12000000476837158,1.4754812256235353e-10
2025-01-07,824381801.4,824381801.48,-0.08000004291534424,0.08000004291534424,9.70424659781242e-11
2025-01-08,821285965.9,821285965.99,-0.09000003337860107,0.09000003337860107,1.0958428259513143e-10
2025-01-09,826332030.3,826332030.37,-0.0700000524520874,0.0700000524520874,8.471177430538893e-11
2025-01-10,835720547.6,835720547.47,0.12999999523162842,0.12999999523162842,1.5555438430341212e-10
2025-01-11,833278304.4,833278304.4899999,-0.08999991416931152,0.08999991416931152,1.0800702921710621e-10
2025-01-12,809302533.1,809302533.1399999,-0.03999984264373779,0.03999984264373779,4.942508024844559e-11
2025-01-13,815975643.7,815975643.5899999,0.1100001335144043,0.1100001335144043,1.3480810899650667e-10
2025-01-14,799315030.7,799315030.65,0.05000007152557373,0.05000007152557373,6.25536485680573e-11
2025-01-15,783704108.6,783704108.5600001,0.039999961853027344,0.039999961853027344,5.103962249793843e-11
2025-01-16,780377903.6,780377903.59,0.009999990463256836,0.009999990463256836,1.2814292174503384e-11
2025-01-17,777854665.3,777854665.29,0.009999990463256836,0.009999990463256836,1.2855859724644164e-11
2025-01-18,754293050.5,754293050.48,0.019999980926513672,0.019999980926513672,2.6514868343618222e-11
2025-01-19,719034030.5,719034030.49,0.009999990463256836,0.009999990463256836,1.3907534329499077e-11
2025-01-20,713179754.2,713179754.28,-0.07999992370605469,0.07999992370605469,1.1217357648604809e-10
2025-01-21,688181579.1,688181579.1399999,-0.03999984264373779,0.03999984264373779,5.812396591034791e-11
2025-01-22,662345933.6,662345933.6,0.0,0.0,0.0
2025-01-23,630541148.7,630541148.64,0.060000061988830566,0.060000061988830566,9.51564574533065e-11
2025-01-24,602010351.0,602010350.97,0.029999971389770508,0.029999971389770508,4.983298267203799e-11
2025-01-25,573189598.9,573189599.02,-0.12000000476837158,0.12000000476837158,2.093548190662599e-10
2025-01-26,563063922.5,563063922.41,0.09000003337860107,0.09000003337860107,1.59839815307295e-10
2025-01-27,547444135.3,547444135.25,0.04999995231628418,0.04999995231628418,9.133343311621039e-11
2025-01-28,546333208.1,546333208.19,-0.09000003337860107,0.09000003337860107,1.647346931217983e-10
2025-01-29,493911946.3,493911946.23,0.06999999284744263,0.06999999284744263,1.4172565246058035e-10
2025-01-30,495219483.2,495219483.19,0.009999990463256836,0.009999990463256836,2.0193047330527235e-11
2025-01-31,527510201.0,527510201.0,0.0,0.0,0.0
2025-02-01,505678381.9,505678381.89,0.009999990463256836,0.009999990463256836,1.977539642031677e-11
2025-02-02,522431941.9,522431941.9,0.0,0.0,0.0
2025-02-03,557359614.6,557359614.51,0.09000003337860107,0.09000003337860107,1.6147569902995456e-10
2025-02-04,578595630.1,578595630.19,-0.09000003337860107,0.09000003337860107,1.5554910665855903e-10
2025-02-05,626102392.6,626102392.53,0.0700000524520874,0.0700000524520874,1.1180288285019947e-10
2025-02-06,649225710.4,649225710.43,-0.029999971389770508,0.029999971389770508,4.6208846798884425e-11
2025-02-07,663851117.2,663851117.2,0.0,0.0,0.0
2025-02-08,695528455.1,695528455.08,0.019999980926513672,0.019999980926513672,2.875508655305578e-11
2025-02-09,696180021.6,696180021.53,0.0700000524520874,0.0700000524520874,1.0054878089033545e-10
2025-02-10,721001679.9,721001679.86,0.039999961853027344,0.039999961853027344,5.5478319909844284e-11
2025-02-11,710850574.7,710850574.76,-0.059999942779541016,0.059999942779541016,8.440584409017712e-11
2025-02-12,689449510.2,689449510.21,-0.009999990463256836,0.009999990463256836,1.4504311505502372e-11
2025-02-13,720086792.7,720086792.5999999,0.10000014305114746,0.10000014305114746,1.3887234714608793e-10
2025-02-14,734834318.3,734834318.22,0.07999992370605469,0.07999992370605469,1.0886797433621534e-10
2025-02-15,729053341.5,729053341.4300001,0.06999993324279785,0.06999993324279785,9.601483081988981e-11
2025-02-16,717079313.3,717079313.2400001,0.059999823570251465,0.059999823570251465,8.367250659363216e-11
2025-02-17,741491261.0,741491260.9399999,0.060000061988830566,0.060000061988830566,8.091809727860106e-11
2025-02-18,770967980.9,770967980.83,0.06999993324279785,0.06999993324279785,9.07948643484292e-11
2025-02-19,784518034.1,784518034.09,0.009999990463256836,0.009999990463256836,1.2746667416930494e-11
2025-02-20,795429465.4,795429465.3199999,0.08000004291534424,0.08000004291534424,1.0057465356166354e-10
2025-02-21,806985285.9,806985285.8499999,0.05000007152557373,0.05000007152557373,6.195908698609115e-11
2025-02-22,804819734.8,804819734.7,0.09999990463256836,0.09999990463256836,1.2425130785022141e-10
2025-02-23,789285046.0,789285046.05,-0.04999995231628418,0.04999995231628418,6.334840951273284e-11
2025-02-24,815933014.4,815933014.45,-0.05000007152557373,0.05000007152557373,6.127962791448206e-11
2025-02-25,811590363.7,811590363.72,-0.019999980926513672,0.019999980926513672,2.4642950213621014e-11
2025-02-26,808954695.8,808954695.7600001,0.03999984264373779,0.03999984264373779,4.9446332225293196e-11
2025-02-27,807187131.6,807187131.46,0.13999998569488525,0.13999998569488525,1.734417958539284e-10
2025-02-28,793169507.0,793169507.01,-0.009999990463256836,0.009999990463256836,1.2607633519699637e-11
2025-03-01,767508794.0,767508793.98,0.019999980926513672,0.019999980926513672,2.605830849478667e-11
2025-03-02,774673820.9,774673820.9599999,-0.059999942779541016,0.059999942779541016,7.745187866273102e-11
2025-03-03,795264180.9,795264180.8900001,0.009999871253967285,0.009999871253967285,1.2574275937651859e-11
2025-03-04,796855536.3,796855536.24,0.059999942779541016,0.059999942779541016,7.529588494563995e-11
2025-03-05,807154443.6,807154443.71,-0.11000001430511475,0.11000001430511475,1.3628124725982086e-10
2025-03-06,828460345.1,828460345.2,-0.10000002384185791,0.10000002384185791,1.2070586653098928e-10
2025-03-07,846997807.3,846997807.28,0.019999980926513672,0.019999980926513672,2.3612789495014402e-11
2025-03-08,831316889.3,831316889.18,0.12000000476837158,0.12000000476837158,1.4434929244540683e-10
2025-03-09,809748330.7,809748330.79,-0.08999991416931152,0.08999991416931152,1.1114553838167179e-10
2025-03-10,822399353.6,822399353.63,-0.029999971389770508,0.029999971389770508,3.647859310497701e-11
2025-03-11,820730120.2,820730120.15,0.05000007152557373,0.05000007152557373,6.092145310006343e-11
2025-03-12,822183744.7,822183744.61,0.09000003337860107,0.09000003337860107,1.0946462266952316e-10
2025-03-13,811467319.5,811467319.4399999,0.060000061988830566,0.060000061988830566,7.3940207506817e-11
2025-03-14,816594275.2,816594275.21,-0.009999990463256836,0.009999990463256836,1.2245971796468499e-11
2025-03-15,800231165.1,800231165.0600001,0.039999961853027344,0.039999961853027344,4.998550868489206e-11
2025-03-16,783159066.6,783159066.5500001,0.04999995231628418,0.04999995231628418,6.38439296034119e-11
2025-03-17,822022043.1,822022043.0699999,0.03000009059906006,0.03000009059906006,3.649548190450473e-11
2025-03-18,824976308.8,824976308.8100001,-0.010000109672546387,0.010000109672546387,1.2121693151519005e-11
2025-03-19,824764289.0,824764288.96,0.039999961853027344,0.039999961853027344,4.849865881259966e-11
2025-03-20,828771368.8,828771368.7199999,0.08000004291534424,0.08000004291534424,9.652848291704191e-11
2025-03-21,829260619.6,829260619.54,0.060000061988830566,0.060000061988830566,7.235368540444142e-11
2025-03-22,818052372.2,818052372.22,-0.019999980926513672,0.019999980926513672,2.444828913915063e-11
2025-03-23,798913639.3,798913639.37,-0.0700000524520874,0.0700000524520874,8.761904792790963e-11
2025-03-24,819684204.5,819684204.54,-0.039999961853027344,0.039999961853027344,4.8799234672854236e-11
2025-03-25,821403522.7,821403522.6600001,0.039999961853027344,0.039999961853027344,4.8697090708285734e-11
2025-03-26,820830206.2,820830206.1500001,0.04999995231628418,0.04999995231628418,6.091387955586688e-11
2025-03-27,826923148.5,826923148.54,-0.039999961853027344,0.039999961853027344,4.8372042705039045e-11
2025-03-28,820379660.9,820379660.9400002,-0.040000200271606445,0.040000200271606445,4.875815695835768e-11
2025-03-29,821756218.1,821756218.1100001,-0.010000109672546387,0.010000109672546387,1.2169192580821418e-11
2025-03-30,817045256.1,817045256.22,-0.12000000476837158,0.12000000476837158,1.4687069519400588e-10
2025-03-31,835537550.5,835537550.4100001,0.08999991416931152,0.08999991416931152,1.0771498434206103e-10
2025-04-01,820294022.8,820294022.75,0.04999995231628418,0.04999995231628418,6.095369578046397e-11
2025-04-02,826779250.7,826779250.6700001,0.029999971389770508,0.029999971389770508,3.6285346257021767e-11
2025-04-03,819103225.2,819103225.21,-0.009999990463256836,0.009999990463256836,1.2208461834361772e-11
2025-04-04,732646821.2,732646821.11,0.09000003337860107,0.09000003337860107,1.2284231743637445e-10
2025-04-05,764055558.4,764055558.48,-0.08000004291534424,0.08000004291534424,1.047044839028086e-10
2025-04-06,800592395.7,800592395.71,-0.009999990463256836,0.009999990463256836,1.2490738754161308e-11
2025-04-07,813917552.2,813917552.26,-0.059999942779541016,0.059999942779541016,7.371747005254104e-11
2025-04-08,832877093.3,832877093.25,0.04999995231628418,0.04999995231628418,6.003281002503731e-11
2025-04-09,828749561.8,828749561.8100001,-0.010000109672546387,0.010000109672546387,1.2066503722580172e-11
2025-04-10,831917749.8,831917749.8599999,-0.059999942779541016,0.059999942779541016,7.212244575135644e-11
2025-04-11,836199837.9,836199837.85,0.04999995231628418,0.04999995231628418,5.979426214892858e-11
2025-04-12,822933245.4,822933245.3400002,0.059999823570251465,0.059999823570251465,7.290970914790006e-11
2025-04-13,793187939.3,793187939.35,-0.05000007152557373,0.05000007152557373,6.303685299312485e-11
2025-04-14,814726228.1,814726228.09,0.009999990463256836,0.009999990463256836,1.2274050003984198e-11
2025-04-15,824653996.2,824653996.17,0.03000009059906006,0.03000009059906006,3.637900348182422e-11
2025-04-16,819200516.2,819200516.2,0.0,0.0,0.0
2025-04-17,833009827.5,833009827.3800001,0.11999988555908203,0.11999988555908203,1.4405578613546672e-10
2025-04-18,851795674.7,851795674.7699999,-0.0699998140335083,0.0699998140335083,8.217911420853602e-11
2025-04-19,845613855.1,845613855.02,0.08000004291534424,0.08000004291534424,9.46058800158657e-11
2025-04-20,830092075.6,830092075.6400001,-0.040000081062316895,0.040000081062316895,4.818752309303083e-11
2025-04-21,854450087.5,854450087.5,0.0,0.0,0.0
2025-04-22,877467096.1,877467096.23,-0.12999999523162842,0.12999999523162842,1.481536980810196e-10
2025-04-23,863340085.1,863340085.0400001,0.059999942779541016,0.059999942779541016,6.949745970916115e-11
2025-04-24,832438770.2,832438770.2,0.0,0.0,0.0
2025-04-25,809899629.1,809899629.19,-0.09000003337860107,0.09000003337860107,1.1112492232971326e-10
2025-04-26,808467347.5,808467347.4900001,0.009999871253967285,0.009999871253967285,1.2368924094324396e-11
2025-04-27,798105999.5,798105999.51,-0.009999990463256836,0.009999990463256836,1.2529652038102285e-11
2025-04-28,819629953.5,819629953.48,0.019999980926513672,0.019999980926513672,2.440123233797076e-11
2025-04-29,820369282.6,820369282.55,0.05000007152557373,0.05000007152557373,6.09482492653897e-11
2025-04-30,801094665.7,801094665.67,0.03000009059906006,0.03000009059906006,3.7448870755924765e-11
2025-05-01,702491869.4,702491869.3900001,0.009999871253967285,0.009999871253967285,1.4234856927964448e-11
2025-05-02,712866146.4,712866146.46,-0.060000061988830566,0.060000061988830566,8.4167360579308e-11
2025-05-03,782890030.5,782890030.45,0.04999995231628418,0.04999995231628418,6.38658692388141e-11
2025-05-04,804645809.8,804645809.8000001,-1.1920928955078125e-07,1.1920928955078125e-07,1.4815125872638485e-16
2025-05-05,823446182.9,823446182.8,0.10000002384185791,0.10000002384185791,1.2144087363387779e-10
2025-05-06,873309508.5,873309508.49,0.009999990463256836,0.009999990463256836,1.1450683138023838e-11
2025-05-07,855494407.3,855494407.34,-0.040000081062316895,0.040000081062316895,4.675668329447055e-11
2025-05-08,838781572.1,838781571.97,0.12999999523162842,0.12999999523162842,1.549867087639471e-10
2025-05-09,868775822.4,868775822.4499999,-0.04999995231628418,0.04999995231628418,5.755219128699844e-11
2025-05-10,871583582.7,871583582.62,0.08000004291534424,0.08000004291534424,9.178700069994357e-11
2025-05-11,802916169.0,802916169.0200001,-0.020000100135803223,0.020000100135803223,2.4909325416515833e-11
2025-05-12,820079459.4,820079459.31,0.09000003337860107,0.09000003337860107,1.0974550373990391e-10
2025-05-13,837619011.4,837619011.4200001,-0.020000100135803223,0.020000100135803223,2.3877323536836836e-11
2025-05-14,861897868.0,861897867.9399999,0.060000061988830566,0.060000061988830566,6.961388839266808e-11
2025-05-15,886887509.9,886887509.8900001,0.009999871253967285,0.009999871253967285,1.1275241947081665e-11
2025-05-16,909764316.2,909764316.22,-0.019999980926513672,0.019999980926513672,2.1983694645281e-11
2025-05-17,922097429.6,922097429.63,-0.029999971389770508,0.029999971389770508,3.2534491938432473e-11
2025-05-18,904245280.9,904245280.7900001,0.1099998950958252,0.1099998950958252,1.2164829324444108e-10
2025-05-19,905394416.5,905394416.52,-0.019999980926513672,0.019999980926513672,2.208979927646116e-11
2025-05-20,916706180.7,916706180.67,0.03000009059906006,0.03000009059906006,3.272596087020149e-11
2025-05-21,946118422.7,946118422.6299999,0.07000017166137695,0.07000017166137695,7.3986691287136e-11
2025-05-22,962291323.7,962291323.6299999,0.07000017166137695,0.07000017166137695,7.274322228348379e-11
2025-05-23,963400708.7,963400708.79,-0.08999991416931152,0.08999991416931152,9.341898273124191e-11
2025-05-24,891358108.7,891358108.7,0.0,0.0,0.0
2025-05-25,819282902.2,819282902.1800001,0.019999980926513672,0.019999980926513672,2.4411568791205358e-11
2025-05-26,820007642.9,820007642.8799999,0.020000100135803223,0.020000100135803223,2.4390138688307613e-11
2025-05-27,832196766.6,832196766.63,-0.029999971389770508,0.029999971389770508,3.6049132361253404e-11
2025-05-28,831437758.2,831437758.2100002,-0.010000109672546387,0.010000109672546387,1.2027490421166185e-11
2025-05-29,819303680.3,819303680.2099999,0.09000003337860107,0.09000003337860107,1.0984941913802493e-10
2025-05-30,810531820.8,810531820.9399999,-0.13999998569488525,0.13999998569488525,1.7272608194050222e-10
2025-05-31,710889695.7,710889695.68,0.020000100135803223,0.020000100135803223,2.813390073984613e-11
2025-06-01,767304290.5,767304290.46,0.039999961853027344,0.039999961853027344,5.2130507216324946e-11
2025-06-02,898135458.3,898135458.3299999,-0.029999971389770508,0.029999971389770508,3.340250194169459e-11
2025-06-03,880430165.2,880430165.2299999,-0.029999852180480957,0.029999852180480957,3.4074084880617576e-11
2025-06-04,847054156.3,847054156.1800001,0.11999988555908203,0.11999988555908203,1.4166731213887327e-10
2025-06-05,864357927.9,864357928.03,-0.12999999523162842,0.12999999523162842,1.5040065120646233e-10
2025-06-06,890117319.9,890117320.01,-0.11000001430511475,0.11000001430511475,1.235792314629634e-10
2025-06-07,929627752.3,929627752.33,-0.03000009059906006,0.03000009059906006,3.227107896126872e-11
2025-06-08,941096237.1,941096237.0900002,0.009999871253967285,0.009999871253967285,1.0625769033762175e-11
2025-06-09,974545892.3,974545892.4100001,-0.1100001335144043,0.1100001335144043,1.1287322062873395e-10
2025-06-10,993342194.0,993342193.9700001,0.029999852180480957,0.029999852180480957,3.0200924073986285e-11
2025-06-11,987916386.8,987916386.73,0.06999993324279785,0.06999993324279785,7.085613132659686e-11
2025-06-12,1016273039.0,1016273039.33,-0.33000004291534424,0.33000004291534424,3.2471592795579833e-10
2025-06-13,1004429404.0,1004429403.51,0.49000000953674316,0.49000000953674316,4.878391727535917e-10
2025-06-14,955657590.5,955657590.5300001,-0.03000009059906006,0.03000009059906006,3.139209157891375e-11
2025-06-15,926458322.7,926458322.6800001,0.019999980926513672,0.019999980926513672,2.158756679763774e-11
2025-06-16,945585510.0,945585510.01,-0.009999990463256836,0.009999990463256836,1.0575448076881841e-11
2025-06-17,907792535.1,907792535.0699999,0.03000009059906006,0.03000009059906006,3.304729818664496e-11
2025-06-18,949794330.9,949794330.8499999,0.05000007152557373,0.05000007152557373,5.2643051131074855e-11
2025-06-19,952731223.0,952731223.0699999,-0.06999993324279785,0.06999993324279785,7.347290773401876e-11
2025-06-20,963900363.3,963900363.4,-0.10000002384185791,0.10000002384185791,1.0374518741698447e-10
2025-06-21,971629937.4,971629937.4200001,-0.020000100135803223,0.020000100135803223,2.0584071533779422e-11
2025-06-22,962718525.6,962718525.57,0.029999971389770508,0.029999971389770508,3.116172649848352e-11
2025-06-23,1015009061.0,1015009060.75,0.25,0.25,2.463032199473143e-10
2025-06-24,1025503774.0,1025503774.2000002,-0.20000016689300537,0.20000016689300537,1.9502626120321365e-10
2025-06-25,1038974117.0,1038974117.18,-0.1799999475479126,0.1799999475479126,1.732477687390865e-10
2025-06-26,1045803649.0,1045803648.8499999,0.15000009536743164,0.15000009536743164,1.4343045705650589e-10
2025-06-27,1067623879.0,1067623878.75,0.25,0.25,2.341648635979975e-10
2025-06-28,1031390220.0,1031390219.98,0.019999980926513672,0.019999980926513672,1.9391284247889875e-11
2025-06-29,998726018.5,998726018.4899999,0.010000109672546387,0.010000109672546387,1.0012865878437498e-11
2025-06-30,1022997297.0,1022997296.8,0.20000004768371582,0.20000004768371582,1.9550398448776723e-10
2025-07-01,1040058551.0,1040058550.59,0.4099999666213989,0.4099999666213989,3.9420854357400396e-10
2025-07-02,1048486841.0,1048486840.6199999,0.38000011444091797,0.38000011444091797,3.624271660658047e-10
2025-07-03,1059719309.0,1059719309.1899999,-0.18999993801116943,0.18999993801116943,1.7929270175369563e-10
2025-07-04,1034209315.0,1034209314.72,0.2799999713897705,0.2799999713897705,2.70738202923429e-10
2025-07-05,1012402959.0,1012402958.97,0.029999971389770508,0.029999971389770508,2.963244143359967e-11
2025-07-06,1001302926.0,1001302926.4200001,-0.4200000762939453,0.4200000762939453,4.194535593456813e-10
2025-07-07,1039948568.0,1039948568.5,-0.5,0.5,4.807930078326719e-10
2025-07-08,1077611462.0,1077611462.0900002,-0.09000015258789062,0.09000015258789062,8.351818420792801e-11
2025-07-09,983275392.3,983275392.2900001,0.009999871253967285,0.009999871253967285,1.0169959842660536e-11
2025-07-10,923246020.6,923246020.54,0.060000061988830566,0.060000061988830566,6.498816203923377e-11
2025-07-11,896675003.2,896675003.26,-0.059999942779541016,0.059999942779541016,6.691381221224726e-11
2025-07-12,892787353.8,892787353.74,0.059999942779541016,0.059999942779541016,6.720518892226833e-11
2025-07-13,916965298.8,916965298.79,0.009999990463256836,0.009999990463256836,1.0905527697006058e-11
2025-07-14,966222958.0,966222958.06,-0.059999942779541016,0.059999942779541016,6.209740959140097e-11
2025-07-15,1015782221.0,1015782220.84,0.15999996662139893,0.15999996662139893,1.5751404515023395e-10
2025-07-16,1045093242.0,1045093242.3,-0.2999999523162842,0.2999999523162842,2.8705568102437714e-10
2025-07-17,1047947454.0,1047947453.98,0.019999980926513672,0.019999980926513672,1.9084908169941193e-11
2025-07-18,1020807025.0,1020807025.28,-0.2799999713897705,0.2799999713897705,2.742927551755147e-10
2025-07-19,992560657.1,992560657.0799999,0.020000100135803223,0.020000100135803223,2.0150002916938327e-11
2025-07-20,954058840.7,954058840.74,-0.039999961853027344,0.039999961853027344,4.192609527487747e-11
2025-07-21,918811737.6,918811737.58,0.019999980926513672,0.019999980926513672,2.1767224022143e-11
2025-07-22,915694527.1,915694527.17,-0.06999993324279785,0.06999993324279785,7.644463428703379e-11
2025-07-23,964162152.2,964162152.2200001,-0.020000100135803223,0.020000100135803223,2.0743502625743518e-11
2025-07-24,985839117.6,985839117.51,0.09000003337860107,0.09000003337860107,9.129282027041475e-11
2025-07-25,1017711133.0,1017711133.26,-0.25999999046325684,0.25999999046325684,2.5547523460496217e-10
2025-07-26,990572145.9,990572145.99,-0.09000003337860107,0.09000003337860107,9.08566163011076e-11
2025-07-27,954894574.1,954894574.07,0.029999971389770508,0.029999971389770508,3.141705084882889e-11
2025-07-28,985391574.4,985391574.3599999,0.040000081062316895,0.040000081062316895,4.059308208178332e-11
2025-07-29,994185539.6,994185539.49,0.11000001430511475,0.11000001430511475,1.1064334565696065e-10
2025-07-30,1028483039.0,1028483039.1800001,-0.18000006675720215,0.18000006675720215,1.7501510470431991e-10
2025-07-31,1024310208.0,1024310208.37,-0.3700000047683716,0.3700000047683716,3.6121870296578316e-10
2025-08-01,1001572808.0,1001572808.26,-0.25999999046325684,0.25999999046325684,2.5959170255674197e-10
2025-08-02,989812277.7,989812277.73,-0.029999971389770508,0.029999971389770508,3.0308748502777344e-11
2025-08-03,954692319.5,954692319.52,-0.019999980926513672,0.019999980926513672,2.0949137767221423e-11
2025-08-04,979363849.5,979363849.5699999,-0.06999993324279785,0.06999993324279785,7.147490003693245e-11
2025-08-05,958848213.0,958848212.96,0.039999961853027344,0.039999961853027344,4.1716677687574045e-11
2025-08-06,991618839.8,991618839.73,0.06999993324279785,0.06999993324279785,7.059157252086514e-11
2025-08-07,1025397320.0,1025397319.95,0.04999995231628418,0.04999995231628418,4.876153988415357e-11
2025-08-08,1055204430.0,1055204430.4000001,-0.40000009536743164,0.40000009536743164,3.7907355579186836e-10
2025-08-09,1051490544.0,1051490544.3799999,-0.37999987602233887,0.37999987602233887,3.61391624670986e-10
2025-08-10,1024016061.0,1024016061.19,-0.19000005722045898,0.19000005722045898,1.8554402070111574e-10
2025-08-11,1062904968.0,1062904967.88,0.12000000476837158,0.12000000476837158,1.128981502402495e-10
2025-08-12,1065102442.0,1065102441.67,0.33000004291534424,0.33000004291534424,3.098293928382001e-10
2025-08-13,1058562574.0,1058562574.42,-0.41999995708465576,0.41999995708465576,3.967644118548402e-10
2025-08-14,1009507143.0,1009507142.6700001,0.3299999237060547,0.3299999237060547,3.2689211363614363e-10
2025-08-15,1027150483.0,1027150482.79,0.21000003814697266,0.21000003814697266,2.0444914510834403e-10
2025-08-16,1009155348.0,1009155347.68,0.3200000524520874,0.3200000524520874,3.1709691980157586e-10
2025-08-17,988239142.9,988239142.8699999,0.03000009059906006,0.03000009059906006,3.035711630590185e-11
2025-08-18,1026723110.0,1026723109.54,0.46000003814697266,0.46000003814697266,4.480273538860664e-10
2025-08-19,1042418347.0,1042418347.09,-0.09000003337860107,0.09000003337860107,8.633772960502303e-11
2025-08-20,1012614696.0,1012614696.48,-0.48000001907348633,0.48000001907348633,4.740203958816398e-10
2025-08-21,981803384.6,981803384.61,-0.009999990463256836,0.009999990463256836,1.0185328977380708e-11
2025-08-22,1010198850.0,1010198850.0699999,-0.06999993324279785,0.06999993324279785,6.929322206494082e-11
2025-08-23,1039717726.0,1039717725.48,0.5199999809265137,0.5199999809265137,5.001357271526538e-10
2025-08-24,1031456818.0,1031456817.82,0.1799999475479126,0.1799999475479126,1.7451040548351157e-10
2025-08-25,1065881428.0,1065881428.52,-0.5199999809265137,0.5199999809265137,4.878591251019656e-10
2025-08-26,1066087048.0,1066087047.9,0.10000002384185791,0.10000002384185791,9.380099310788917e-11
2025-08-27,1033313352.0,1033313351.9200001,0.07999992370605469,0.07999992370605469,7.742077807396288e-11
2025-08-28,1055475280.0,1055475279.94,0.059999942779541016,0.059999942779541016,5.6846374250982944e-11
2025-08-29,1063506794.0,1063506794.4599999,-0.4599999189376831,0.4599999189376831,4.3253124618749084e-10
2025-08-30,1046083791.0,1046083791.1000001,-0.10000014305114746,0.10000014305114746,9.559477348898857e-11
2025-08-31,1020479759.0,1020479758.5300001,0.46999990940093994,0.46999990940093994,4.6056759603101537e-10
2025-09-01,1009695147.0,1009695146.9300001,0.06999993324279785,0.06999993324279785,6.932779012633785e-11
2025-09-02,997393141.0,997393140.98,0.019999980926513672,0.019999980926513672,2.0052254326174147e-11
2025-09-03,1030028069.0,1030028069.43,-0.4299999475479126,0.4299999475479126,4.174643007208307e-10
2025-09-04,1049423419.0,1049423418.68,0.3200000524520874,0.3200000524520874,3.049293989998973e-10
2025-09-05,1072038009.0,1072038009.3199999,-0.31999993324279785,0.31999993324279785,2.9849681686313963e-10
2025-09-06,1063519262.0,1063519261.89,0.11000001430511475,0.11000001430511475,1.0343020407383533e-10
2025-09-07,1050822137.0,1050822136.6800001,0.31999993324279785,0.31999993324279785,3.0452340312925657e-10
2025-09-08,1061423473.0,1061423473.46,-0.46000003814697266,0.46000003814697266,4.333803141236661e-10
2025-09-09,1055267717.0,1055267717.26,-0.25999999046325684,0.25999999046325684,2.4638296640250283e-10
2025-09-10,1061519599.0,1061519598.4699999,0.5300000905990601,0.5300000905990601,4.992843194777981e-10
2025-09-11,1054115236.0,1054115236.44,-0.440000057220459,0.440000057220459,4.174117233046606e-10
2025-09-12,1080610156.0,1080610156.0400002,-0.040000200271606445,0.040000200271606445,3.701630976676333e-11
2025-09-13,1079400572.0,1079400571.78,0.2200000286102295,0.2200000286102295,2.0381685383267473e-10
2025-09-14,1046271595.0,1046271594.99,0.009999990463256836,0.009999990463256836,9.55773865126945e-12
2025-09-15,1069674035.0,1069674034.53,0.4700000286102295,0.4700000286102295,4.3938621788667563e-10
2025-09-16,1074468886.0,1074468885.7,0.2999999523162842,0.2999999523162842,2.7920766829564964e-10
2025-09-17,1085355502.0,1085355502.46,-0.46000003814697266,0.46000003814697266,4.238243020828881e-10
2025-09-18,1067306041.0,1067306041.3399999,-0.3399999141693115,0.3399999141693115,3.1855897100587246e-10
2025-09-19,1021930579.0,1021930578.84,0.15999996662139893,0.15999996662139893,1.5656637535786952e-10
2025-09-20,993730185.3,993730185.22,0.07999992370605469,0.07999992370605469,8.050467308880558e-11
2025-09-21,966572236.8,966572236.7,0.09999990463256836,0.09999990463256836,1.0345828363913583e-10
2025-09-22,982103646.8,982103646.7900001,0.009999871253967285,0.009999871253967285,1.0182093597300025e-11
2025-09-23,991638208.8,991638208.8199999,-0.019999980926513672,0.019999980926513672,2.0168626772375003e-11
2025-09-24,972489636.2,972489636.0999999,0.10000014305114746,0.10000014305114746,1.0282900642715091e-10
2025-09-25,1008687559.0,1008687558.76,0.24000000953674316,0.24000000953674316,2.37932952969774e-10
2025-09-26,1022341112.0,1022341112.01,-0.009999990463256836,0.009999990463256836,9.781461731196462e-12
2025-09-27,1025304975.0,1025304974.8100001,0.18999993801116943,0.18999993801116943,1.8531065648166727e-10
2025-09-28,1048060502.0,1048060501.81,0.19000005722045898,0.19000005722045898,1.8128729864152345e-10
2025-09-29,1073063797.0,1073063797.38,-0.3799999952316284,0.3799999952316284,3.541261910932109e-10
2025-09-30,1048371236.0,1048371236.13,-0.12999999523162842,0.12999999523162842,1.2400187144358893e-10
2025-10-01,935021106.4,935021106.38,0.019999980926513672,0.019999980926513672,2.138987108378463e-11
2025-10-02,921755764.3,921755764.3,0.0,0.0,0.0
2025-10-03,952475683.2,952475683.24,-0.039999961853027344,0.039999961853027344,4.199578273603882e-11
2025-10-04,995580806.1,995580806.2,-0.10000002384185791,0.10000002384185791,1.0044390493383368e-10
2025-10-05,1015779841.0,1015779841.37,-0.3700000047683716,0.3700000047683716,3.6425216354374526e-10
2025-10-06,953788191.9,953788191.94,-0.040000081062316895,0.040000081062316895,4.1938117290626623e-11
2025-10-07,1009513750.0,1009513749.52,0.48000001907348633,0.48000001907348633,4.754764549502039e-10
2025-10-08,1051933404.0,1051933403.6300001,0.36999988555908203,0.36999988555908203,3.5173318401350244e-10
2025-10-09,1056010921.0,1056010921.3,-0.2999999523162842,0.2999999523162842,2.8408792593943653e-10
2025-10-10,1037573446.0,1037573446.2500001,-0.25000011920928955,0.25000011920928955,2.4094691337088204e-10
2025-10-11,1043535523.0,1043535522.7199999,0.28000009059906006,0.28000009059906006,2.6831869584477964e-10
2025-10-12,1033167584.0,1033167584.02,-0.019999980926513672,0.019999980926513672,1.9357925312640928e-11
2025-10-13,1043316325.0,1043316325.12,-0.12000000476837158,0.12000000476837158,1.1501785402272085e-10
2025-10-14,1046388286.0,1046388285.9,0.10000002384185791,0.10000002384185791,9.556684185000319e-11
2025-10-15,1028037181.0,1028037181.32,-0.3200000524520874,0.3200000524520874,3.112728395103517e-10
2025-10-16,1022944454.0,1022944453.8199999,0.18000006675720215,0.18000006675720215,1.7596269871091373e-10
2025-10-17,1024876853.0,1024876853.45,-0.4500000476837158,0.4500000476837158,4.390771889973749e-10
2025-10-18,1025724183.0,1025724183.4600002,-0.4600001573562622,0.4600001573562622,4.4846379268437526e-10
2025-10-19,935665275.0,935665274.96,0.039999961853027344,0.039999961853027344,4.275029000411215e-11
2025-10-20,886762613.9,886762613.94,-0.040000081062316895,0.040000081062316895,4.510799219014853e-11
2025-10-21,826985670.4,826985670.45,-0.05000007152557373,0.05000007152557373,6.046062624203571e-11
2025-10-22,818498882.0,818498882.06,-0.059999942779541016,0.059999942779541016,7.330485612018346e-11
2025-10-23,820241167.7,820241167.63,0.0700000524520874,0.0700000524520874,8.534081829661303e-11
2025-10-24,828640663.4,828640663.48,-0.08000004291534424,0.08000004291534424,9.654370880991482e-11
2025-10-25,829896205.3,829896205.3,0.0,0.0,0.0
2025-10-26,832485004.1,832485004.04,0.060000061988830566,0.060000061988830566,7.207344479880051e-11
2025-10-27,829626806.7,829626806.77,-0.06999993324279785,0.06999993324279785,8.437520663204703e-11
2025-10-28,835821364.3,835821364.2700001,0.029999852180480957,0.029999852180480957,3.5892660156642226e-11
2025-10-29,836586432.2,836586432.3,-0.09999990463256836,0.09999990463256836,1.1953326133869418e-10
2025-10-30,839896344.7,839896344.69,0.009999990463256836,0.009999990463256836,1.1906219769093889e-11
2025-10-31,849534565.4,849534565.51,-0.11000001430511475,0.11000001430511475,1.2948268238305487e-10
2025-11-01,806721275.1,806721275.0100001,0.08999991416931152,0.08999991416931152,1.1156258914599129e-10
2025-11-02,786863050.1,786863050.1199999,-0.01999986171722412,0.01999986171722412,2.5417207879671563e-11
2025-11-03,814313741.4,814313741.4300001,-0.03000009059906006,0.03000009059906006,3.684094848686052e-11
2025-11-04,815460658.0,815460657.9300001,0.06999993324279785,0.06999993324279785,8.584096921914025e-11
2025-11-05,825357935.8,825357935.7700001,0.029999852180480957,0.029999852180480957,3.6347687323564426e-11
2025-11-06,834499664.4,834499664.3699999,0.03000009059906006,0.03000009059906006,3.594979348569293e-11
2025-11-07,853345091.6,853345091.74,-0.13999998569488525,0.13999998569488525,1.6406022261449807e-10
2025-11-08,863221923.6,863221923.64,-0.039999961853027344,0.039999961853027344,4.6337981878646694e-11
2025-11-09,837065745.6,837065745.6,0.0,0.0,0.0
2025-11-10,841440388.5,841440388.5299999,-0.029999852180480957,0.029999852180480957,3.565297386539814e-11
2025-11-11,843077029.5,843077029.49,0.009999990463256836,0.009999990463256836,1.1861301059509932e-11
2025-11-12,833766739.4,833766739.35,0.04999995231628418,0.04999995231628418,5.996875379349557e-11
2025-11-13,833609533.4,833609533.3100001,0.08999991416931152,0.08999991416931152,1.0796411336880174e-10
2025-11-14,833795583.0,833795582.96,0.039999961853027344,0.039999961853027344,4.797334342922196e-11
2025-11-15,820025322.9,820025322.88,0.019999980926513672,0.019999980926513672,2.4389467456668553e-11
2025-11-16,794877515.4,794877515.3699999,0.03000009059906006,0.03000009059906006,3.774177784355033e-11
2025-11-17,822102166.7,822102166.65,0.05000007152557373,0.05000007152557373,6.081977830842971e-11
2025-11-18,834773746.8,834773746.8399999,-0.039999961853027344,0.039999961853027344,4.7917129649036234e-11
2025-11-19,826847022.6,826847022.6,0.0,0.0,0.0
2025-11-20,834158913.3,834158913.26,0.039999961853027344,0.039999961853027344,4.795244792719923e-11
2025-11-21,829097083.1,829097083.12,-0.019999980926513672,0.019999980926513672,2.412260437792592e-11
2025-11-22,822996267.2,822996267.24,-0.039999961853027344,0.039999961853027344,4.86028472390468e-11
2025-11-23,807584348.6,807584348.5600001,0.039999961853027344,0.039999961853027344,4.953038270537298e-11
2025-11-24,833449023.2,833449023.17,0.03000009059906006,0.03000009059906006,3.599511159527874e-11
2025-11-25,826555835.9,826555835.95,-0.05000007152557373,0.05000007152557373,6.049206763041104e-11
2025-11-26,827086501.8,827086501.71,0.08999991416931152,0.08999991416931152,1.0881560027088273e-10
2025-11-27,830579148.8,830579148.8299999,-0.029999971389770508,0.029999971389770508,3.6119340863677735e-11
2025-11-28,842245624.3,842245624.26,0.039999961853027344,0.039999961853027344,4.7492038781764845e-11
2025-11-29,824900770.2,824900770.0799999,0.12000012397766113,0.12000012397766113,1.4547219291426615e-10
2025-11-30,796757354.4,796757354.34,0.059999942779541016,0.059999942779541016,7.530516342045454e-11
2025-12-01,796096469.4,796096469.41,-0.009999990463256836,0.009999990463256836,1.2561279753939374e-11
2025-12-02,817941228.9,817941228.9000001,-1.1920928955078125e-07,1.1920928955078125e-07,1.4574309906238454e-16
2025-12-03,816774547.6,816774547.6400001,-0.040000081062316895,0.040000081062316895,4.897322177809363e-11
2025-12-04,824159691.1,824159691.12,-0.019999980926513672,0.019999980926513672,2.4267118548129722e-11
2025-12-05,833675393.3,833675393.18,0.12000000476837158,0.12000000476837158,1.439409220096644e-10
2025-12-06,826910372.6,826910372.5899999,0.010000109672546387,0.010000109672546387,1.2093341677531143e-11
2025-12-07,810102781.3,810102781.27,0.029999971389770508,0.029999971389770508,3.7032302668592884e-11
2025-12-08,824108606.9,824108606.92,-0.019999980926513672,0.019999980926513672,2.4268622799301178e-11
2025-12-09,824838129.2,824838129.26,-0.059999942779541016,0.059999942779541016,7.274147575807897e-11
2025-12-10,833219252.5,833219252.44,0.059999942779541016,0.059999942779541016,7.200978925956949e-11
2025-12-11,833162310.7,833162310.6599998,0.040000200271606445,0.040000200271606445,4.801009330102724e-11
2025-12-12,840425673.8,840425673.7500001,0.04999983310699463,0.04999983310699463,5.949346226052267e-11
2025-12-13,836185250.6,836185250.6400001,-0.040000081062316895,0.040000081062316895,4.783638677388182e-11
2025-12-14,815410166.2,815410166.25,-0.04999995231628418,0.04999995231628418,6.131877475761128e-11
2025-12-15,843034217.6,843034217.63,-0.029999971389770508,0.029999971389770508,3.5585710239824205e-11
2025-12-16,833449579.4,833449579.37,0.029999971389770508,0.029999971389770508,3.599494454285702e-11
2025-12-17,838780287.5,838780287.3499999,0.15000009536743164,0.15000009536743164,1.788312119428911e-10
2025-12-18,845025568.5,845025568.52,-0.019999980926513672,0.019999980926513672,2.3667900324028683e-11
2025-12-19,844090090.5,844090090.5899999,-0.08999991416931152,0.08999991416931152,1.0662358814803729e-10
2025-12-20,840685112.1,840685112.05,0.05000007152557373,0.05000007152557373,5.947538597498821e-11
2025-12-21,811073677.9,811073677.8100001,0.08999991416931152,0.08999991416931152,1.1096391933509143e-10
2025-12-22,838947903.0,838947903.13,-0.12999999523162842,0.12999999523162842,1.5495598089793238e-10
2025-12-23,845027903.3,845027903.4099998,-0.1099998950958252,0.1099998950958252,1.3017309211477395e-10
2025-12-24,841703327.0,841703327.07,-0.0700000524520874,0.0700000524520874,8.316475675768287e-11
2025-12-25,851833184.9,851833184.8900001,0.009999871253967285,0.009999871253967285,1.1739236544466402e-11
2025-12-26,852775703.7,852775703.66,0.040000081062316895,0.040000081062316895,4.6905746597570296e-11
2025-12-27,853147393.1,853147393.01,0.09000003337860107,0.09000003337860107,1.0549177563747404e-10
2025-12-28,838122788.4,838122788.3799999,0.020000100135803223,0.020000100135803223,2.3862971407786175e-11
2025-12-29,843797249.8,843797249.7800001,0.01999986171722412,0.01999986171722412,2.3702212494724966e-11
2025-12-30,842005021.2,842005021.3100001,-0.11000001430511475,0.11000001430511475,1.3064056809108579e-10
2025-12-31,818772242.8,818772242.8299999,-0.029999971389770508,0.029999971389770508,3.6640191034295415e-11
2026-01-01,740299129.5,740299129.5,0.0,0.0,0.0
2026-01-02,782975104.8,782975104.7,0.09999990463256836,0.09999990463256836,1.277178597627468e-10
2026-01-03,845450030.1,845450030.04,0.060000061988830566,0.060000061988830566,7.096819427841732e-11
2026-01-04,862839016.1,862839016.2400001,-0.1400001049041748,0.1400001049041748,1.6225518583636844e-10
2026-01-05,857551839.2,857551839.29,-0.08999991416931152,0.08999991416931152,1.049498235036979e-10
2026-01-06,880426823.4,880426823.3699999,0.03000009059906006,0.03000009059906006,3.407448501308355e-11
2026-01-07,882377357.1,882377357.14,-0.039999961853027344,0.039999961853027344,4.5332035700111626e-11
2026-01-08,892649153.7,892649153.65,0.05000007152557373,0.05000007152557373,5.601312824677552e-11
2026-01-09,891285824.4,891285824.4200001,-0.020000100135803223,0.020000100135803223,2.2439603086099775e-11
2026-01-10,866670660.2,866670660.28,-0.07999992370605469,0.07999992370605469,9.230717893183698e-11
